serial_no,booth_no,booth_no_str,booth_no_2024,booth_no_2022,is_renumbered,renumbered_tag,renumbered_desc_en,renumbered_desc_pa,village_english,village_punjabi,exact_name_punjabi,village_en,village_pa,village_2022_en,village_2022_pa,winner_22,winner_24,margin_22,margin_24,status_label,status,aap_status,aap_status_pa,inc_status,categories,is_flipped,comparison,turnout_22,turnout_24,turnout_diff,turnout_pct,sad_22,sad_24,sad_diff,sad_share_22,sad_share_24,sad_swing,aap_22,aap_24,aap_diff,aap_share_22,aap_share_24,aap_swing,inc_22,inc_24,inc_diff,inc_share_22,inc_share_24,inc_swing,bjp_22,bjp_24,bjp_diff,bjp_share_22,bjp_share_24,bjp_swing,sada_24,sada_share_24,data_2022,data_2024,swings,zone_en,zone_pa,action_en,action_pa,masterplan
1,1,1,1,1,False,#1,Booth #1 (Unchanged),ਬੂਥ #1 (ਅਣਬਦਲਿਆ),Mahadipura,ਮਹਾਦੀਪੁਰਾ,ਮਹਾਦੀਪੁਰਾ,Mahadipura,ਮਹਾਦੀਪੁਰਾ,Mahadipura,ਮਹਾਦੀਪੁਰਾ,SAD,SAD,168,281,SAD Retained,SAD Retained,AAP Deficit,ਆਪ ਘਾਟ,INC Deficit,"{'AAP': 'WEAK', 'SAD': 'WON_BOTH', 'INC': 'WEAK', 'BJP': 'WEAK'}",False,"{'is_flip': False, 'status_label': 'SAD Retained', 'turnout_diff': 296, 'turnout_pct': 58.27, 'sad_swing': -8.73, 'aap_swing': -5.49, 'inc_swing': -16.58, 'bjp_swing': -1.92}",508,804,296,58.27,280,373,93,55.12,46.39,-8.73,86,92,6,16.93,11.44,-5.49,112,44,-68,22.05,5.47,-16.58,11,2,-9,2.17,0.25,-1.92,10,1.24,"{'total': 508, 'sad': 280, 'aap': 86, 'inc': 112, 'bjp': 11, 'sad_votes': 280, 'sad_pct': 55.12, 'aap_votes': 86, 'aap_pct': 16.93, 'inc_votes': 112, 'inc_pct': 22.05, 'bjp_votes': 11, 'bjp_pct': 2.17, 'winner_party': 'SAD', 'margin': 168, 'winner_candidate': 'Ganieve Kaur Majithia'}","{'total': 804, 'sad': 373, 'aap': 92, 'inc': 44, 'bjp': 2, 'sada': 10, 'bsp': 1, 'others': 280, 'sad_votes': 373, 'sad_pct': 46.39, 'aap_votes': 92, 'aap_pct': 11.44, 'inc_votes': 44, 'inc_pct': 5.47, 'bjp_votes': 2, 'bjp_pct': 0.25, 'sada_votes': 10, 'sada_pct': 1.24, 'winner_party': 'SAD', 'margin': 281, 'winner_candidate': 'Anil Joshi'}","{'turnout_diff': 296, 'turnout_pct': 58.27, 'sad_shift': 93, 'sad_swing': -8.73, 'aap_shift': 6, 'aap_swing': -5.49, 'inc_shift': -68, 'inc_swing': -16.58, 'bjp_shift': -9, 'bjp_swing': -1.92}",Akali Bastion: Strategic Penetration & Demolition Zone,ਅਕਾਲੀ ਦਲ ਦਾ ਪ੍ਰਭਾਵਿਤ ਖੇਤਰ: ਵਿਸ਼ੇਸ਼ ਘੇਰਾਬੰਦੀ ਜ਼ੋਨ,SAD retained lead here by +281 votes (46.4% share). Target moderate Panthic and farming families in Mahadipura disillusioned with traditional leadership. Appoint dedicated block coordinators and highlight direct government procurement and village development works.,ਅਕਾਲੀ ਦਲ ਨੇ ਇੱਥੇ +281 ਵੋਟਾਂ (46.4%) ਨਾਲ ਲੀਡ ਬਣਾਈ ਹੈ। ਮਹਾਦੀਪੁਰਾ ਵਿੱਚ ਰਵਾਇਤੀ ਲੀਡਰਸ਼ਿਪ ਤੋਂ ਨਿਰਾਸ਼ ਕਿਸਾਨ ਅਤੇ ਪੰਥਕ ਪਰਿਵਾਰਾਂ ਨਾਲ ਸੰਵਾਦ ਕਰੋ। ਪਿੰਡਾਂ ਵਿੱਚ ਪੰਜਾਬ ਸਰਕਾਰ ਦੇ ਵਿਕਾਸ ਕਾਰਜਾਂ ਅਤੇ ਨਿਰਪੱਖ ਭਰਤੀਆਂ ਦੇ ਸੁਨੇਹੇ ਨਾਲ ਸੰਨ੍ਹ ਲਗਾਓ।,"{'booth_no': '1', 'village_en': 'Mahadipura', 'village_pa': 'ਮਹਾਦੀਪੁਰਾ', 'zone_en': 'Akali Bastion: Strategic Penetration & Demolition Zone', 'zone_pa': 'ਅਕਾਲੀ ਦਲ ਦਾ ਪ੍ਰਭਾਵਿਤ ਖੇਤਰ: ਵਿਸ਼ੇਸ਼ ਘੇਰਾਬੰਦੀ ਜ਼ੋਨ', 'action_en': 'SAD retained lead here by +281 votes (46.4% share). Target moderate Panthic and farming families in Mahadipura disillusioned with traditional leadership. Appoint dedicated block coordinators and highlight direct government procurement and village development works.', 'action_pa': 'ਅਕਾਲੀ ਦਲ ਨੇ ਇੱਥੇ +281 ਵੋਟਾਂ (46.4%) ਨਾਲ ਲੀਡ ਬਣਾਈ ਹੈ। ਮਹਾਦੀਪੁਰਾ ਵਿੱਚ ਰਵਾਇਤੀ ਲੀਡਰਸ਼ਿਪ ਤੋਂ ਨਿਰਾਸ਼ ਕਿਸਾਨ ਅਤੇ ਪੰਥਕ ਪਰਿਵਾਰਾਂ ਨਾਲ ਸੰਵਾਦ ਕਰੋ। ਪਿੰਡਾਂ ਵਿੱਚ ਪੰਜਾਬ ਸਰਕਾਰ ਦੇ ਵਿਕਾਸ ਕਾਰਜਾਂ ਅਤੇ ਨਿਰਪੱਖ ਭਰਤੀਆਂ ਦੇ ਸੁਨੇਹੇ ਨਾਲ ਸੰਨ੍ਹ ਲਗਾਓ।', 'action_steps_en': ['Days 1-30: Map the top 30 influential non-committed Panthic families in Mahadipura.', 'Days 31-60: Deploy senior constituency leaders for direct home visits to address local disgruntlement.', ""Days 61-90: Neutralize SAD's +281 vote cushion by winning over agricultural youth.""], 'action_steps_pa': ['ਦਿਨ 1-30: ਮਹਾਦੀਪੁਰਾ ਦੇ 30 ਨਿਰਪੱਖ ਅਤੇ ਪ੍ਰਭਾਵਸ਼ਾਲੀ ਪਰਿਵਾਰਾਂ ਦੀ ਸ਼ਨਾਖਤ ਕਰੋ।', 'ਦਿਨ 31-60: ਸੀਨੀਅਰ ਲੀਡਰਸ਼ਿਪ ਰਾਹੀਂ ਘਰ-ਘਰ ਜਾ ਕੇ ਸਰਕਾਰ ਦੀਆਂ ਨਿਰਪੱਖ ਨੀਤੀਆਂ ਸਾਂਝੀਆਂ ਕਰੋ।', 'ਦਿਨ 61-90: ਨੌਜਵਾਨ ਵਰਗ ਨੂੰ ਸਰਕਾਰੀ ਨੌਕਰੀਆਂ ਅਤੇ ਖੇਡ ਕਿੱਟਾਂ ਰਾਹੀਂ ਪਾਰਟੀ ਨਾਲ ਜੋੜ ਕੇ ਲੀਡ ਘਟਾਓ।'], 'action_steps': ['ਦਿਨ 1-30: ਮਹਾਦੀਪੁਰਾ ਦੇ 30 ਨਿਰਪੱਖ ਅਤੇ ਪ੍ਰਭਾਵਸ਼ਾਲੀ ਪਰਿਵਾਰਾਂ ਦੀ ਸ਼ਨਾਖਤ ਕਰੋ।', 'ਦਿਨ 31-60: ਸੀਨੀਅਰ ਲੀਡਰਸ਼ਿਪ ਰਾਹੀਂ ਘਰ-ਘਰ ਜਾ ਕੇ ਸਰਕਾਰ ਦੀਆਂ ਨਿਰਪੱਖ ਨੀਤੀਆਂ ਸਾਂਝੀਆਂ ਕਰੋ।', 'ਦਿਨ 61-90: ਨੌਜਵਾਨ ਵਰਗ ਨੂੰ ਸਰਕਾਰੀ ਨੌਕਰੀਆਂ ਅਤੇ ਖੇਡ ਕਿੱਟਾਂ ਰਾਹੀਂ ਪਾਰਟੀ ਨਾਲ ਜੋੜ ਕੇ ਲੀਡ ਘਟਾਓ।']}"
2,2,2,2,3,True,2024: #2 | 2022: #3,2024 Booth #2 (Pandher) • 2022 Booth #3 (Mahadipura was at #2),2024 ਬੂਥ #2 (ਪੰਧੇਰ) • 2022 ਬੂਥ #3 (ਬੂਥ #2 'ਤੇ ਮਹਾਦੀਪੁਰਾ ਸੀ),Pandher,ਪੰਧੇਰ,ਪੰਧੇਰ,Pandher,ਪੰਧੇਰ,Mahadipura,ਮਹਾਦੀਪੁਰਾ,SAD,SAD,150,147,SAD Retained,SAD Retained,AAP Deficit,ਆਪ ਘਾਟ,INC Deficit,"{'AAP': 'WEAK', 'SAD': 'WON_BOTH', 'INC': 'LOST_BOTH', 'BJP': 'WEAK'}",False,"{'is_flip': False, 'status_label': 'SAD Retained', 'turnout_diff': -105, 'turnout_pct': -17.74, 'sad_swing': 3.38, 'aap_swing': -4.15, 'inc_swing': -1.46, 'bjp_swing': -1.64}",592,487,-105,-17.74,279,246,-33,47.13,50.51,3.38,123,81,-42,20.78,16.63,-4.15,129,99,-30,21.79,20.33,-1.46,17,6,-11,2.87,1.23,-1.64,26,5.34,"{'total': 592, 'sad': 279, 'aap': 123, 'inc': 129, 'bjp': 17, 'sad_votes': 279, 'sad_pct': 47.13, 'aap_votes': 123, 'aap_pct': 20.78, 'inc_votes': 129, 'inc_pct': 21.79, 'bjp_votes': 17, 'bjp_pct': 2.87, 'winner_party': 'SAD', 'margin': 150, 'winner_candidate': 'Ganieve Kaur Majithia'}","{'total': 487, 'sad': 246, 'aap': 81, 'inc': 99, 'bjp': 6, 'sada': 26, 'bsp': 1, 'others': 27, 'sad_votes': 246, 'sad_pct': 50.51, 'aap_votes': 81, 'aap_pct': 16.63, 'inc_votes': 99, 'inc_pct': 20.33, 'bjp_votes': 6, 'bjp_pct': 1.23, 'sada_votes': 26, 'sada_pct': 5.34, 'winner_party': 'SAD', 'margin': 147, 'winner_candidate': 'Anil Joshi'}","{'turnout_diff': -105, 'turnout_pct': -17.74, 'sad_shift': -33, 'sad_swing': 3.38, 'aap_shift': -42, 'aap_swing': -4.15, 'inc_shift': -30, 'inc_swing': -1.46, 'bjp_shift': -11, 'bjp_swing': -1.64}",Akali Bastion: Strategic Penetration & Demolition Zone,ਅਕਾਲੀ ਦਲ ਦਾ ਪ੍ਰਭਾਵਿਤ ਖੇਤਰ: ਵਿਸ਼ੇਸ਼ ਘੇਰਾਬੰਦੀ ਜ਼ੋਨ,SAD retained lead here by +147 votes (50.5% share). Target moderate Panthic and farming families in Pandher disillusioned with traditional leadership. Appoint dedicated block coordinators and highlight direct government procurement and village development works.,ਅਕਾਲੀ ਦਲ ਨੇ ਇੱਥੇ +147 ਵੋਟਾਂ (50.5%) ਨਾਲ ਲੀਡ ਬਣਾਈ ਹੈ। ਪੰਧੇਰ ਵਿੱਚ ਰਵਾਇਤੀ ਲੀਡਰਸ਼ਿਪ ਤੋਂ ਨਿਰਾਸ਼ ਕਿਸਾਨ ਅਤੇ ਪੰਥਕ ਪਰਿਵਾਰਾਂ ਨਾਲ ਸੰਵਾਦ ਕਰੋ। ਪਿੰਡਾਂ ਵਿੱਚ ਪੰਜਾਬ ਸਰਕਾਰ ਦੇ ਵਿਕਾਸ ਕਾਰਜਾਂ ਅਤੇ ਨਿਰਪੱਖ ਭਰਤੀਆਂ ਦੇ ਸੁਨੇਹੇ ਨਾਲ ਸੰਨ੍ਹ ਲਗਾਓ।,"{'booth_no': '2', 'village_en': 'Pandher', 'village_pa': 'ਪੰਧੇਰ', 'zone_en': 'Akali Bastion: Strategic Penetration & Demolition Zone', 'zone_pa': 'ਅਕਾਲੀ ਦਲ ਦਾ ਪ੍ਰਭਾਵਿਤ ਖੇਤਰ: ਵਿਸ਼ੇਸ਼ ਘੇਰਾਬੰਦੀ ਜ਼ੋਨ', 'action_en': 'SAD retained lead here by +147 votes (50.5% share). Target moderate Panthic and farming families in Pandher disillusioned with traditional leadership. Appoint dedicated block coordinators and highlight direct government procurement and village development works.', 'action_pa': 'ਅਕਾਲੀ ਦਲ ਨੇ ਇੱਥੇ +147 ਵੋਟਾਂ (50.5%) ਨਾਲ ਲੀਡ ਬਣਾਈ ਹੈ। ਪੰਧੇਰ ਵਿੱਚ ਰਵਾਇਤੀ ਲੀਡਰਸ਼ਿਪ ਤੋਂ ਨਿਰਾਸ਼ ਕਿਸਾਨ ਅਤੇ ਪੰਥਕ ਪਰਿਵਾਰਾਂ ਨਾਲ ਸੰਵਾਦ ਕਰੋ। ਪਿੰਡਾਂ ਵਿੱਚ ਪੰਜਾਬ ਸਰਕਾਰ ਦੇ ਵਿਕਾਸ ਕਾਰਜਾਂ ਅਤੇ ਨਿਰਪੱਖ ਭਰਤੀਆਂ ਦੇ ਸੁਨੇਹੇ ਨਾਲ ਸੰਨ੍ਹ ਲਗਾਓ।', 'action_steps_en': ['Days 1-30: Map the top 30 influential non-committed Panthic families in Pandher.', 'Days 31-60: Deploy senior constituency leaders for direct home visits to address local disgruntlement.', ""Days 61-90: Neutralize SAD's +147 vote cushion by winning over agricultural youth.""], 'action_steps_pa': ['ਦਿਨ 1-30: ਪੰਧੇਰ ਦੇ 30 ਨਿਰਪੱਖ ਅਤੇ ਪ੍ਰਭਾਵਸ਼ਾਲੀ ਪਰਿਵਾਰਾਂ ਦੀ ਸ਼ਨਾਖਤ ਕਰੋ।', 'ਦਿਨ 31-60: ਸੀਨੀਅਰ ਲੀਡਰਸ਼ਿਪ ਰਾਹੀਂ ਘਰ-ਘਰ ਜਾ ਕੇ ਸਰਕਾਰ ਦੀਆਂ ਨਿਰਪੱਖ ਨੀਤੀਆਂ ਸਾਂਝੀਆਂ ਕਰੋ।', 'ਦਿਨ 61-90: ਨੌਜਵਾਨ ਵਰਗ ਨੂੰ ਸਰਕਾਰੀ ਨੌਕਰੀਆਂ ਅਤੇ ਖੇਡ ਕਿੱਟਾਂ ਰਾਹੀਂ ਪਾਰਟੀ ਨਾਲ ਜੋੜ ਕੇ ਲੀਡ ਘਟਾਓ।'], 'action_steps': ['ਦਿਨ 1-30: ਪੰਧੇਰ ਦੇ 30 ਨਿਰਪੱਖ ਅਤੇ ਪ੍ਰਭਾਵਸ਼ਾਲੀ ਪਰਿਵਾਰਾਂ ਦੀ ਸ਼ਨਾਖਤ ਕਰੋ।', 'ਦਿਨ 31-60: ਸੀਨੀਅਰ ਲੀਡਰਸ਼ਿਪ ਰਾਹੀਂ ਘਰ-ਘਰ ਜਾ ਕੇ ਸਰਕਾਰ ਦੀਆਂ ਨਿਰਪੱਖ ਨੀਤੀਆਂ ਸਾਂਝੀਆਂ ਕਰੋ।', 'ਦਿਨ 61-90: ਨੌਜਵਾਨ ਵਰਗ ਨੂੰ ਸਰਕਾਰੀ ਨੌਕਰੀਆਂ ਅਤੇ ਖੇਡ ਕਿੱਟਾਂ ਰਾਹੀਂ ਪਾਰਟੀ ਨਾਲ ਜੋੜ ਕੇ ਲੀਡ ਘਟਾਓ।']}"
3,3,3,3,4,False,#3,Booth #3 (Unchanged),ਬੂਥ #3 (ਅਣਬਦਲਿਆ),Pandher,ਪੰਧੇਰ,ਪੰਧੇਰ,Pandher,ਪੰਧੇਰ,Pandher,ਪੰਧੇਰ,SAD,SAD,70,167,SAD Retained,SAD Retained,AAP Deficit,ਆਪ ਘਾਟ,INC Deficit,"{'AAP': 'LOST_BOTH', 'SAD': 'WON_BOTH', 'INC': 'WEAK', 'BJP': 'WEAK'}",False,"{'is_flip': False, 'status_label': 'SAD Retained', 'turnout_diff': -95, 'turnout_pct': -16.61, 'sad_swing': 14.61, 'aap_swing': -8.16, 'inc_swing': -7.84, 'bjp_swing': -1.85}",572,477,-95,-16.61,245,274,29,42.83,57.44,14.61,175,107,-68,30.59,22.43,-8.16,100,46,-54,17.48,9.64,-7.84,13,2,-11,2.27,0.42,-1.85,29,6.08,"{'total': 572, 'sad': 245, 'aap': 175, 'inc': 100, 'bjp': 13, 'sad_votes': 245, 'sad_pct': 42.83, 'aap_votes': 175, 'aap_pct': 30.59, 'inc_votes': 100, 'inc_pct': 17.48, 'bjp_votes': 13, 'bjp_pct': 2.27, 'winner_party': 'SAD', 'margin': 70, 'winner_candidate': 'Ganieve Kaur Majithia'}","{'total': 477, 'sad': 274, 'aap': 107, 'inc': 46, 'bjp': 2, 'sada': 29, 'bsp': 0, 'others': 19, 'sad_votes': 274, 'sad_pct': 57.44, 'aap_votes': 107, 'aap_pct': 22.43, 'inc_votes': 46, 'inc_pct': 9.64, 'bjp_votes': 2, 'bjp_pct': 0.42, 'sada_votes': 29, 'sada_pct': 6.08, 'winner_party': 'SAD', 'margin': 167, 'winner_candidate': 'Anil Joshi'}","{'turnout_diff': -95, 'turnout_pct': -16.61, 'sad_shift': 29, 'sad_swing': 14.61, 'aap_shift': -68, 'aap_swing': -8.16, 'inc_shift': -54, 'inc_swing': -7.84, 'bjp_shift': -11, 'bjp_swing': -1.85}",Akali Bastion: Strategic Penetration & Demolition Zone,ਅਕਾਲੀ ਦਲ ਦਾ ਪ੍ਰਭਾਵਿਤ ਖੇਤਰ: ਵਿਸ਼ੇਸ਼ ਘੇਰਾਬੰਦੀ ਜ਼ੋਨ,SAD retained lead here by +167 votes (57.4% share). Target moderate Panthic and farming families in Pandher disillusioned with traditional leadership. Appoint dedicated block coordinators and highlight direct government procurement and village development works.,ਅਕਾਲੀ ਦਲ ਨੇ ਇੱਥੇ +167 ਵੋਟਾਂ (57.4%) ਨਾਲ ਲੀਡ ਬਣਾਈ ਹੈ। ਪੰਧੇਰ ਵਿੱਚ ਰਵਾਇਤੀ ਲੀਡਰਸ਼ਿਪ ਤੋਂ ਨਿਰਾਸ਼ ਕਿਸਾਨ ਅਤੇ ਪੰਥਕ ਪਰਿਵਾਰਾਂ ਨਾਲ ਸੰਵਾਦ ਕਰੋ। ਪਿੰਡਾਂ ਵਿੱਚ ਪੰਜਾਬ ਸਰਕਾਰ ਦੇ ਵਿਕਾਸ ਕਾਰਜਾਂ ਅਤੇ ਨਿਰਪੱਖ ਭਰਤੀਆਂ ਦੇ ਸੁਨੇਹੇ ਨਾਲ ਸੰਨ੍ਹ ਲਗਾਓ।,"{'booth_no': '3', 'village_en': 'Pandher', 'village_pa': 'ਪੰਧੇਰ', 'zone_en': 'Akali Bastion: Strategic Penetration & Demolition Zone', 'zone_pa': 'ਅਕਾਲੀ ਦਲ ਦਾ ਪ੍ਰਭਾਵਿਤ ਖੇਤਰ: ਵਿਸ਼ੇਸ਼ ਘੇਰਾਬੰਦੀ ਜ਼ੋਨ', 'action_en': 'SAD retained lead here by +167 votes (57.4% share). Target moderate Panthic and farming families in Pandher disillusioned with traditional leadership. Appoint dedicated block coordinators and highlight direct government procurement and village development works.', 'action_pa': 'ਅਕਾਲੀ ਦਲ ਨੇ ਇੱਥੇ +167 ਵੋਟਾਂ (57.4%) ਨਾਲ ਲੀਡ ਬਣਾਈ ਹੈ। ਪੰਧੇਰ ਵਿੱਚ ਰਵਾਇਤੀ ਲੀਡਰਸ਼ਿਪ ਤੋਂ ਨਿਰਾਸ਼ ਕਿਸਾਨ ਅਤੇ ਪੰਥਕ ਪਰਿਵਾਰਾਂ ਨਾਲ ਸੰਵਾਦ ਕਰੋ। ਪਿੰਡਾਂ ਵਿੱਚ ਪੰਜਾਬ ਸਰਕਾਰ ਦੇ ਵਿਕਾਸ ਕਾਰਜਾਂ ਅਤੇ ਨਿਰਪੱਖ ਭਰਤੀਆਂ ਦੇ ਸੁਨੇਹੇ ਨਾਲ ਸੰਨ੍ਹ ਲਗਾਓ।', 'action_steps_en': ['Days 1-30: Map the top 30 influential non-committed Panthic families in Pandher.', 'Days 31-60: Deploy senior constituency leaders for direct home visits to address local disgruntlement.', ""Days 61-90: Neutralize SAD's +167 vote cushion by winning over agricultural youth.""], 'action_steps_pa': ['ਦਿਨ 1-30: ਪੰਧੇਰ ਦੇ 30 ਨਿਰਪੱਖ ਅਤੇ ਪ੍ਰਭਾਵਸ਼ਾਲੀ ਪਰਿਵਾਰਾਂ ਦੀ ਸ਼ਨਾਖਤ ਕਰੋ।', 'ਦਿਨ 31-60: ਸੀਨੀਅਰ ਲੀਡਰਸ਼ਿਪ ਰਾਹੀਂ ਘਰ-ਘਰ ਜਾ ਕੇ ਸਰਕਾਰ ਦੀਆਂ ਨਿਰਪੱਖ ਨੀਤੀਆਂ ਸਾਂਝੀਆਂ ਕਰੋ।', 'ਦਿਨ 61-90: ਨੌਜਵਾਨ ਵਰਗ ਨੂੰ ਸਰਕਾਰੀ ਨੌਕਰੀਆਂ ਅਤੇ ਖੇਡ ਕਿੱਟਾਂ ਰਾਹੀਂ ਪਾਰਟੀ ਨਾਲ ਜੋੜ ਕੇ ਲੀਡ ਘਟਾਓ।'], 'action_steps': ['ਦਿਨ 1-30: ਪੰਧੇਰ ਦੇ 30 ਨਿਰਪੱਖ ਅਤੇ ਪ੍ਰਭਾਵਸ਼ਾਲੀ ਪਰਿਵਾਰਾਂ ਦੀ ਸ਼ਨਾਖਤ ਕਰੋ।', 'ਦਿਨ 31-60: ਸੀਨੀਅਰ ਲੀਡਰਸ਼ਿਪ ਰਾਹੀਂ ਘਰ-ਘਰ ਜਾ ਕੇ ਸਰਕਾਰ ਦੀਆਂ ਨਿਰਪੱਖ ਨੀਤੀਆਂ ਸਾਂਝੀਆਂ ਕਰੋ।', 'ਦਿਨ 61-90: ਨੌਜਵਾਨ ਵਰਗ ਨੂੰ ਸਰਕਾਰੀ ਨੌਕਰੀਆਂ ਅਤੇ ਖੇਡ ਕਿੱਟਾਂ ਰਾਹੀਂ ਪਾਰਟੀ ਨਾਲ ਜੋੜ ਕੇ ਲੀਡ ਘਟਾਓ।']}"
4,4,4,4,5,True,2024: #4 | 2022: #5,2024 Booth #4 (Johal) • 2022 Booth #5 (Pandher was at #4),2024 ਬੂਥ #4 (ਜੋਹਲ) • 2022 ਬੂਥ #5 (ਬੂਥ #4 'ਤੇ ਪੰਧੇਰ ਸੀ),Johal,ਜੋਹਲ,ਜੋਹਲ,Johal,ਜੋਹਲ,Pandher,ਪੰਧੇਰ,SAD,SAD,44,74,SAD Retained,SAD Retained,AAP Deficit,ਆਪ ਘਾਟ,INC Deficit,"{'AAP': 'WEAK', 'SAD': 'WON_BOTH', 'INC': 'LOST_BOTH', 'BJP': 'WEAK'}",False,"{'is_flip': False, 'status_label': 'SAD Retained', 'turnout_diff': -34, 'turnout_pct': -10.33, 'sad_swing': 7.59, 'aap_swing': -9.59, 'inc_swing': -4.11, 'bjp_swing': 0.68}",329,295,-34,-10.33,149,156,7,45.29,52.88,7.59,65,30,-35,19.76,10.17,-9.59,105,82,-23,31.91,27.8,-4.11,0,2,2,0.0,0.68,0.68,13,4.41,"{'total': 329, 'sad': 149, 'aap': 65, 'inc': 105, 'bjp': 0, 'sad_votes': 149, 'sad_pct': 45.29, 'aap_votes': 65, 'aap_pct': 19.76, 'inc_votes': 105, 'inc_pct': 31.91, 'bjp_votes': 0, 'bjp_pct': 0.0, 'winner_party': 'SAD', 'margin': 44, 'winner_candidate': 'Ganieve Kaur Majithia'}","{'total': 295, 'sad': 156, 'aap': 30, 'inc': 82, 'bjp': 2, 'sada': 13, 'bsp': 1, 'others': 10, 'sad_votes': 156, 'sad_pct': 52.88, 'aap_votes': 30, 'aap_pct': 10.17, 'inc_votes': 82, 'inc_pct': 27.8, 'bjp_votes': 2, 'bjp_pct': 0.68, 'sada_votes': 13, 'sada_pct': 4.41, 'winner_party': 'SAD', 'margin': 74, 'winner_candidate': 'Anil Joshi'}","{'turnout_diff': -34, 'turnout_pct': -10.33, 'sad_shift': 7, 'sad_swing': 7.59, 'aap_shift': -35, 'aap_swing': -9.59, 'inc_shift': -23, 'inc_swing': -4.11, 'bjp_shift': 2, 'bjp_swing': 0.68}",Akali Bastion: Strategic Penetration & Demolition Zone,ਅਕਾਲੀ ਦਲ ਦਾ ਪ੍ਰਭਾਵਿਤ ਖੇਤਰ: ਵਿਸ਼ੇਸ਼ ਘੇਰਾਬੰਦੀ ਜ਼ੋਨ,SAD retained lead here by +74 votes (52.9% share). Target moderate Panthic and farming families in Johal disillusioned with traditional leadership. Appoint dedicated block coordinators and highlight direct government procurement and village development works.,ਅਕਾਲੀ ਦਲ ਨੇ ਇੱਥੇ +74 ਵੋਟਾਂ (52.9%) ਨਾਲ ਲੀਡ ਬਣਾਈ ਹੈ। ਜੋਹਲ ਵਿੱਚ ਰਵਾਇਤੀ ਲੀਡਰਸ਼ਿਪ ਤੋਂ ਨਿਰਾਸ਼ ਕਿਸਾਨ ਅਤੇ ਪੰਥਕ ਪਰਿਵਾਰਾਂ ਨਾਲ ਸੰਵਾਦ ਕਰੋ। ਪਿੰਡਾਂ ਵਿੱਚ ਪੰਜਾਬ ਸਰਕਾਰ ਦੇ ਵਿਕਾਸ ਕਾਰਜਾਂ ਅਤੇ ਨਿਰਪੱਖ ਭਰਤੀਆਂ ਦੇ ਸੁਨੇਹੇ ਨਾਲ ਸੰਨ੍ਹ ਲਗਾਓ।,"{'booth_no': '4', 'village_en': 'Johal', 'village_pa': 'ਜੋਹਲ', 'zone_en': 'Akali Bastion: Strategic Penetration & Demolition Zone', 'zone_pa': 'ਅਕਾਲੀ ਦਲ ਦਾ ਪ੍ਰਭਾਵਿਤ ਖੇਤਰ: ਵਿਸ਼ੇਸ਼ ਘੇਰਾਬੰਦੀ ਜ਼ੋਨ', 'action_en': 'SAD retained lead here by +74 votes (52.9% share). Target moderate Panthic and farming families in Johal disillusioned with traditional leadership. Appoint dedicated block coordinators and highlight direct government procurement and village development works.', 'action_pa': 'ਅਕਾਲੀ ਦਲ ਨੇ ਇੱਥੇ +74 ਵੋਟਾਂ (52.9%) ਨਾਲ ਲੀਡ ਬਣਾਈ ਹੈ। ਜੋਹਲ ਵਿੱਚ ਰਵਾਇਤੀ ਲੀਡਰਸ਼ਿਪ ਤੋਂ ਨਿਰਾਸ਼ ਕਿਸਾਨ ਅਤੇ ਪੰਥਕ ਪਰਿਵਾਰਾਂ ਨਾਲ ਸੰਵਾਦ ਕਰੋ। ਪਿੰਡਾਂ ਵਿੱਚ ਪੰਜਾਬ ਸਰਕਾਰ ਦੇ ਵਿਕਾਸ ਕਾਰਜਾਂ ਅਤੇ ਨਿਰਪੱਖ ਭਰਤੀਆਂ ਦੇ ਸੁਨੇਹੇ ਨਾਲ ਸੰਨ੍ਹ ਲਗਾਓ।', 'action_steps_en': ['Days 1-30: Map the top 30 influential non-committed Panthic families in Johal.', 'Days 31-60: Deploy senior constituency leaders for direct home visits to address local disgruntlement.', ""Days 61-90: Neutralize SAD's +74 vote cushion by winning over agricultural youth.""], 'action_steps_pa': ['ਦਿਨ 1-30: ਜੋਹਲ ਦੇ 30 ਨਿਰਪੱਖ ਅਤੇ ਪ੍ਰਭਾਵਸ਼ਾਲੀ ਪਰਿਵਾਰਾਂ ਦੀ ਸ਼ਨਾਖਤ ਕਰੋ।', 'ਦਿਨ 31-60: ਸੀਨੀਅਰ ਲੀਡਰਸ਼ਿਪ ਰਾਹੀਂ ਘਰ-ਘਰ ਜਾ ਕੇ ਸਰਕਾਰ ਦੀਆਂ ਨਿਰਪੱਖ ਨੀਤੀਆਂ ਸਾਂਝੀਆਂ ਕਰੋ।', 'ਦਿਨ 61-90: ਨੌਜਵਾਨ ਵਰਗ ਨੂੰ ਸਰਕਾਰੀ ਨੌਕਰੀਆਂ ਅਤੇ ਖੇਡ ਕਿੱਟਾਂ ਰਾਹੀਂ ਪਾਰਟੀ ਨਾਲ ਜੋੜ ਕੇ ਲੀਡ ਘਟਾਓ।'], 'action_steps': ['ਦਿਨ 1-30: ਜੋਹਲ ਦੇ 30 ਨਿਰਪੱਖ ਅਤੇ ਪ੍ਰਭਾਵਸ਼ਾਲੀ ਪਰਿਵਾਰਾਂ ਦੀ ਸ਼ਨਾਖਤ ਕਰੋ।', 'ਦਿਨ 31-60: ਸੀਨੀਅਰ ਲੀਡਰਸ਼ਿਪ ਰਾਹੀਂ ਘਰ-ਘਰ ਜਾ ਕੇ ਸਰਕਾਰ ਦੀਆਂ ਨਿਰਪੱਖ ਨੀਤੀਆਂ ਸਾਂਝੀਆਂ ਕਰੋ।', 'ਦਿਨ 61-90: ਨੌਜਵਾਨ ਵਰਗ ਨੂੰ ਸਰਕਾਰੀ ਨੌਕਰੀਆਂ ਅਤੇ ਖੇਡ ਕਿੱਟਾਂ ਰਾਹੀਂ ਪਾਰਟੀ ਨਾਲ ਜੋੜ ਕੇ ਲੀਡ ਘਟਾਓ।']}"
5,5,5,5,6,True,2024: #5 | 2022: #6,2024 Booth #5 (Veeram) • 2022 Booth #6 (Johal was at #5),2024 ਬੂਥ #5 (ਵੀਰਮ) • 2022 ਬੂਥ #6 (ਬੂਥ #5 'ਤੇ ਜੋਹਲ ਸੀ),Veeram,ਵੀਰਮ,ਵੀਰਮ,Veeram,ਵੀਰਮ,Johal,ਜੋਹਲ,SAD,SAD,186,105,SAD Retained,SAD Retained,AAP Deficit,ਆਪ ਘਾਟ,INC Deficit,"{'AAP': 'LOST_BOTH', 'SAD': 'WON_BOTH', 'INC': 'WEAK', 'BJP': 'WEAK'}",False,"{'is_flip': False, 'status_label': 'SAD Retained', 'turnout_diff': -88, 'turnout_pct': -13.33, 'sad_swing': -6.48, 'aap_swing': 3.34, 'inc_swing': -7.11, 'bjp_swing': 6.38}",660,572,-88,-13.33,337,255,-82,51.06,44.58,-6.48,151,150,-1,22.88,26.22,3.34,100,46,-54,15.15,8.04,-7.11,4,40,36,0.61,6.99,6.38,49,8.57,"{'total': 660, 'sad': 337, 'aap': 151, 'inc': 100, 'bjp': 4, 'sad_votes': 337, 'sad_pct': 51.06, 'aap_votes': 151, 'aap_pct': 22.88, 'inc_votes': 100, 'inc_pct': 15.15, 'bjp_votes': 4, 'bjp_pct': 0.61, 'winner_party': 'SAD', 'margin': 186, 'winner_candidate': 'Ganieve Kaur Majithia'}","{'total': 572, 'sad': 255, 'aap': 150, 'inc': 46, 'bjp': 40, 'sada': 49, 'bsp': 1, 'others': 29, 'sad_votes': 255, 'sad_pct': 44.58, 'aap_votes': 150, 'aap_pct': 26.22, 'inc_votes': 46, 'inc_pct': 8.04, 'bjp_votes': 40, 'bjp_pct': 6.99, 'sada_votes': 49, 'sada_pct': 8.57, 'winner_party': 'SAD', 'margin': 105, 'winner_candidate': 'Anil Joshi'}","{'turnout_diff': -88, 'turnout_pct': -13.33, 'sad_shift': -82, 'sad_swing': -6.48, 'aap_shift': -1, 'aap_swing': 3.34, 'inc_shift': -54, 'inc_swing': -7.11, 'bjp_shift': 36, 'bjp_swing': 6.38}",Akali Bastion: Strategic Penetration & Demolition Zone,ਅਕਾਲੀ ਦਲ ਦਾ ਪ੍ਰਭਾਵਿਤ ਖੇਤਰ: ਵਿਸ਼ੇਸ਼ ਘੇਰਾਬੰਦੀ ਜ਼ੋਨ,SAD retained lead here by +105 votes (44.6% share). Target moderate Panthic and farming families in Veeram disillusioned with traditional leadership. Appoint dedicated block coordinators and highlight direct government procurement and village development works.,ਅਕਾਲੀ ਦਲ ਨੇ ਇੱਥੇ +105 ਵੋਟਾਂ (44.6%) ਨਾਲ ਲੀਡ ਬਣਾਈ ਹੈ। ਵੀਰਮ ਵਿੱਚ ਰਵਾਇਤੀ ਲੀਡਰਸ਼ਿਪ ਤੋਂ ਨਿਰਾਸ਼ ਕਿਸਾਨ ਅਤੇ ਪੰਥਕ ਪਰਿਵਾਰਾਂ ਨਾਲ ਸੰਵਾਦ ਕਰੋ। ਪਿੰਡਾਂ ਵਿੱਚ ਪੰਜਾਬ ਸਰਕਾਰ ਦੇ ਵਿਕਾਸ ਕਾਰਜਾਂ ਅਤੇ ਨਿਰਪੱਖ ਭਰਤੀਆਂ ਦੇ ਸੁਨੇਹੇ ਨਾਲ ਸੰਨ੍ਹ ਲਗਾਓ।,"{'booth_no': '5', 'village_en': 'Veeram', 'village_pa': 'ਵੀਰਮ', 'zone_en': 'Akali Bastion: Strategic Penetration & Demolition Zone', 'zone_pa': 'ਅਕਾਲੀ ਦਲ ਦਾ ਪ੍ਰਭਾਵਿਤ ਖੇਤਰ: ਵਿਸ਼ੇਸ਼ ਘੇਰਾਬੰਦੀ ਜ਼ੋਨ', 'action_en': 'SAD retained lead here by +105 votes (44.6% share). Target moderate Panthic and farming families in Veeram disillusioned with traditional leadership. Appoint dedicated block coordinators and highlight direct government procurement and village development works.', 'action_pa': 'ਅਕਾਲੀ ਦਲ ਨੇ ਇੱਥੇ +105 ਵੋਟਾਂ (44.6%) ਨਾਲ ਲੀਡ ਬਣਾਈ ਹੈ। ਵੀਰਮ ਵਿੱਚ ਰਵਾਇਤੀ ਲੀਡਰਸ਼ਿਪ ਤੋਂ ਨਿਰਾਸ਼ ਕਿਸਾਨ ਅਤੇ ਪੰਥਕ ਪਰਿਵਾਰਾਂ ਨਾਲ ਸੰਵਾਦ ਕਰੋ। ਪਿੰਡਾਂ ਵਿੱਚ ਪੰਜਾਬ ਸਰਕਾਰ ਦੇ ਵਿਕਾਸ ਕਾਰਜਾਂ ਅਤੇ ਨਿਰਪੱਖ ਭਰਤੀਆਂ ਦੇ ਸੁਨੇਹੇ ਨਾਲ ਸੰਨ੍ਹ ਲਗਾਓ।', 'action_steps_en': ['Days 1-30: Map the top 30 influential non-committed Panthic families in Veeram.', 'Days 31-60: Deploy senior constituency leaders for direct home visits to address local disgruntlement.', ""Days 61-90: Neutralize SAD's +105 vote cushion by winning over agricultural youth.""], 'action_steps_pa': ['ਦਿਨ 1-30: ਵੀਰਮ ਦੇ 30 ਨਿਰਪੱਖ ਅਤੇ ਪ੍ਰਭਾਵਸ਼ਾਲੀ ਪਰਿਵਾਰਾਂ ਦੀ ਸ਼ਨਾਖਤ ਕਰੋ।', 'ਦਿਨ 31-60: ਸੀਨੀਅਰ ਲੀਡਰਸ਼ਿਪ ਰਾਹੀਂ ਘਰ-ਘਰ ਜਾ ਕੇ ਸਰਕਾਰ ਦੀਆਂ ਨਿਰਪੱਖ ਨੀਤੀਆਂ ਸਾਂਝੀਆਂ ਕਰੋ।', 'ਦਿਨ 61-90: ਨੌਜਵਾਨ ਵਰਗ ਨੂੰ ਸਰਕਾਰੀ ਨੌਕਰੀਆਂ ਅਤੇ ਖੇਡ ਕਿੱਟਾਂ ਰਾਹੀਂ ਪਾਰਟੀ ਨਾਲ ਜੋੜ ਕੇ ਲੀਡ ਘਟਾਓ।'], 'action_steps': ['ਦਿਨ 1-30: ਵੀਰਮ ਦੇ 30 ਨਿਰਪੱਖ ਅਤੇ ਪ੍ਰਭਾਵਸ਼ਾਲੀ ਪਰਿਵਾਰਾਂ ਦੀ ਸ਼ਨਾਖਤ ਕਰੋ।', 'ਦਿਨ 31-60: ਸੀਨੀਅਰ ਲੀਡਰਸ਼ਿਪ ਰਾਹੀਂ ਘਰ-ਘਰ ਜਾ ਕੇ ਸਰਕਾਰ ਦੀਆਂ ਨਿਰਪੱਖ ਨੀਤੀਆਂ ਸਾਂਝੀਆਂ ਕਰੋ।', 'ਦਿਨ 61-90: ਨੌਜਵਾਨ ਵਰਗ ਨੂੰ ਸਰਕਾਰੀ ਨੌਕਰੀਆਂ ਅਤੇ ਖੇਡ ਕਿੱਟਾਂ ਰਾਹੀਂ ਪਾਰਟੀ ਨਾਲ ਜੋੜ ਕੇ ਲੀਡ ਘਟਾਓ।']}"
6,6,6,6,7,True,2024: #6 | 2022: #7,2024 Booth #6 (Wadala) • 2022 Booth #7 (Veeram was at #6),2024 ਬੂਥ #6 (ਵਡਾਲਾ) • 2022 ਬੂਥ #7 (ਬੂਥ #6 'ਤੇ ਵੀਰਮ ਸੀ),Wadala,ਵਡਾਲਾ,ਵਡਾਲਾ,Wadala,ਵਡਾਲਾ,Veeram,ਵੀਰਮ,SAD,AAP,41,49,SAD → AAP,SAD → AAP,AAP Gain,ਆਪ ਲਾਭ,INC Deficit,"{'AAP': 'GAINED', 'SAD': 'LOST_24', 'INC': 'LOST_BOTH', 'BJP': 'WEAK'}",True,"{'is_flip': True, 'status_label': 'SAD → AAP', 'turnout_diff': -84, 'turnout_pct': -12.0, 'sad_swing': -8.88, 'aap_swing': 4.93, 'inc_swing': 1.91, 'bjp_swing': 0.91}",700,616,-84,-12.0,294,204,-90,42.0,33.12,-8.88,253,253,0,36.14,41.07,4.93,123,120,-3,17.57,19.48,1.91,5,10,5,0.71,1.62,0.91,4,0.65,"{'total': 700, 'sad': 294, 'aap': 253, 'inc': 123, 'bjp': 5, 'sad_votes': 294, 'sad_pct': 42.0, 'aap_votes': 253, 'aap_pct': 36.14, 'inc_votes': 123, 'inc_pct': 17.57, 'bjp_votes': 5, 'bjp_pct': 0.71, 'winner_party': 'SAD', 'margin': 41, 'winner_candidate': 'Ganieve Kaur Majithia'}","{'total': 616, 'sad': 204, 'aap': 253, 'inc': 120, 'bjp': 10, 'sada': 4, 'bsp': 0, 'others': 23, 'sad_votes': 204, 'sad_pct': 33.12, 'aap_votes': 253, 'aap_pct': 41.07, 'inc_votes': 120, 'inc_pct': 19.48, 'bjp_votes': 10, 'bjp_pct': 1.62, 'sada_votes': 4, 'sada_pct': 0.65, 'winner_party': 'AAP', 'margin': 49, 'winner_candidate': 'Kuldeep Singh Dhaliwal'}","{'turnout_diff': -84, 'turnout_pct': -12.0, 'sad_shift': -90, 'sad_swing': -8.88, 'aap_shift': 0, 'aap_swing': 4.93, 'inc_shift': -3, 'inc_swing': 1.91, 'bjp_shift': 5, 'bjp_swing': 0.91}",Historic Breakthrough: AAP Flipped Stronghold,ਇਤਿਹਾਸਕ ਪ੍ਰਾਪਤੀ: ਅਕਾਲੀ ਗੜ੍ਹ ਵਿੱਚ ਆਪ ਦੀ ਜਿੱਤ ਜ਼ੋਨ,"Major breakthrough in Wadala previously held by SAD. Formally induct local village swing leaders and youth volunteers who backed AAP in 2024. Resolve local village infrastructure, canal tail issues, and cement +49 lead.","ਵਡਾਲਾ ਵਿੱਚ ਵੱਡੀ ਇਤਿਹਾਸਕ ਸਫ਼ਲਤਾ, ਜਿੱਥੇ SAD ਦਾ ਪੁਰਾਣਾ ਦਬਦਬਾ ਟੁੱਟਿਆ। 2024 ਵਿੱਚ ਆਪ ਨਾਲ ਜੁੜੇ ਨੌਜਵਾਨਾਂ ਅਤੇ ਪੰਚਾਇਤੀ ਆਗੂਆਂ ਨੂੰ ਜਥੇਬੰਦਕ ਜ਼ਿੰਮੇਵਾਰੀਆਂ ਦਿਓ ਅਤੇ +49 ਵੋਟਾਂ ਦੀ ਲੀਡ ਨੂੰ ਸਥਾਈ ਵੋਟ ਬੈਂਕ ਵਿੱਚ ਬਦਲੋ।","{'booth_no': '6', 'village_en': 'Wadala', 'village_pa': 'ਵਡਾਲਾ', 'zone_en': 'Historic Breakthrough: AAP Flipped Stronghold', 'zone_pa': 'ਇਤਿਹਾਸਕ ਪ੍ਰਾਪਤੀ: ਅਕਾਲੀ ਗੜ੍ਹ ਵਿੱਚ ਆਪ ਦੀ ਜਿੱਤ ਜ਼ੋਨ', 'action_en': 'Major breakthrough in Wadala previously held by SAD. Formally induct local village swing leaders and youth volunteers who backed AAP in 2024. Resolve local village infrastructure, canal tail issues, and cement +49 lead.', 'action_pa': 'ਵਡਾਲਾ ਵਿੱਚ ਵੱਡੀ ਇਤਿਹਾਸਕ ਸਫ਼ਲਤਾ, ਜਿੱਥੇ SAD ਦਾ ਪੁਰਾਣਾ ਦਬਦਬਾ ਟੁੱਟਿਆ। 2024 ਵਿੱਚ ਆਪ ਨਾਲ ਜੁੜੇ ਨੌਜਵਾਨਾਂ ਅਤੇ ਪੰਚਾਇਤੀ ਆਗੂਆਂ ਨੂੰ ਜਥੇਬੰਦਕ ਜ਼ਿੰਮੇਵਾਰੀਆਂ ਦਿਓ ਅਤੇ +49 ਵੋਟਾਂ ਦੀ ਲੀਡ ਨੂੰ ਸਥਾਈ ਵੋਟ ਬੈਂਕ ਵਿੱਚ ਬਦਲੋ।', 'action_steps_en': ['Days 1-30: Onboard dynamic swing workers who crossed over from SAD into the formal AAP booth structure.', 'Days 31-60: Prioritize village link road and street light repairs in Wadala through rural development grants.', 'Days 61-90: Convert current +49 vote lead into permanent party loyalty before 2027.'], 'action_steps_pa': ['ਦਿਨ 1-30: SAD ਛੱਡ ਕੇ ਆਪ ਵਿੱਚ ਸ਼ਾਮਲ ਹੋਏ ਆਗੂਆਂ ਨੂੰ ਬੂਥ ਕਮੇਟੀ ਵਿੱਚ ਅਹਿਮ ਜ਼ਿੰਮੇਵਾਰੀਆਂ ਦਿਓ।', ""ਦਿਨ 31-60: ਵਡਾਲਾ ਵਿੱਚ ਪਿੰਡ ਦੀਆਂ ਫਿਰਨੀਆਂ, ਗਲੀਆਂ ਅਤੇ ਲਿੰਕ ਸੜਕਾਂ ਦੇ ਕੰਮ ਤਰਜੀਹ 'ਤੇ ਕਰਵਾਓ।"", 'ਦਿਨ 61-90: +49 ਵੋਟਾਂ ਦੀ ਲੀਡ ਨੂੰ ਪੱਕੇ ਵੋਟ ਬੈਂਕ ਵਿੱਚ ਤਬਦੀਲ ਕਰੋ।'], 'action_steps': ['ਦਿਨ 1-30: SAD ਛੱਡ ਕੇ ਆਪ ਵਿੱਚ ਸ਼ਾਮਲ ਹੋਏ ਆਗੂਆਂ ਨੂੰ ਬੂਥ ਕਮੇਟੀ ਵਿੱਚ ਅਹਿਮ ਜ਼ਿੰਮੇਵਾਰੀਆਂ ਦਿਓ।', ""ਦਿਨ 31-60: ਵਡਾਲਾ ਵਿੱਚ ਪਿੰਡ ਦੀਆਂ ਫਿਰਨੀਆਂ, ਗਲੀਆਂ ਅਤੇ ਲਿੰਕ ਸੜਕਾਂ ਦੇ ਕੰਮ ਤਰਜੀਹ 'ਤੇ ਕਰਵਾਓ।"", 'ਦਿਨ 61-90: +49 ਵੋਟਾਂ ਦੀ ਲੀਡ ਨੂੰ ਪੱਕੇ ਵੋਟ ਬੈਂਕ ਵਿੱਚ ਤਬਦੀਲ ਕਰੋ।']}"
7,7,7,7,8,False,#7,Booth #7 (Unchanged),ਬੂਥ #7 (ਅਣਬਦਲਿਆ),Wadala,ਵਡਾਲਾ,ਵਡਾਲਾ,Wadala,ਵਡਾਲਾ,Wadala,ਵਡਾਲਾ,SAD,AAP,23,56,SAD → AAP,SAD → AAP,AAP Gain,ਆਪ ਲਾਭ,INC Deficit,"{'AAP': 'GAINED', 'SAD': 'LOST_24', 'INC': 'WEAK', 'BJP': 'WEAK'}",True,"{'is_flip': True, 'status_label': 'SAD → AAP', 'turnout_diff': -165, 'turnout_pct': -26.61, 'sad_swing': -11.34, 'aap_swing': 4.68, 'inc_swing': -0.37, 'bjp_swing': 2.65}",620,455,-165,-26.61,257,137,-120,41.45,30.11,-11.34,234,193,-41,37.74,42.42,4.68,80,57,-23,12.9,12.53,-0.37,4,15,11,0.65,3.3,2.65,14,3.08,"{'total': 620, 'sad': 257, 'aap': 234, 'inc': 80, 'bjp': 4, 'sad_votes': 257, 'sad_pct': 41.45, 'aap_votes': 234, 'aap_pct': 37.74, 'inc_votes': 80, 'inc_pct': 12.9, 'bjp_votes': 4, 'bjp_pct': 0.65, 'winner_party': 'SAD', 'margin': 23, 'winner_candidate': 'Ganieve Kaur Majithia'}","{'total': 455, 'sad': 137, 'aap': 193, 'inc': 57, 'bjp': 15, 'sada': 14, 'bsp': 2, 'others': 36, 'sad_votes': 137, 'sad_pct': 30.11, 'aap_votes': 193, 'aap_pct': 42.42, 'inc_votes': 57, 'inc_pct': 12.53, 'bjp_votes': 15, 'bjp_pct': 3.3, 'sada_votes': 14, 'sada_pct': 3.08, 'winner_party': 'AAP', 'margin': 56, 'winner_candidate': 'Kuldeep Singh Dhaliwal'}","{'turnout_diff': -165, 'turnout_pct': -26.61, 'sad_shift': -120, 'sad_swing': -11.34, 'aap_shift': -41, 'aap_swing': 4.68, 'inc_shift': -23, 'inc_swing': -0.37, 'bjp_shift': 11, 'bjp_swing': 2.65}",Historic Breakthrough: AAP Flipped Stronghold,ਇਤਿਹਾਸਕ ਪ੍ਰਾਪਤੀ: ਅਕਾਲੀ ਗੜ੍ਹ ਵਿੱਚ ਆਪ ਦੀ ਜਿੱਤ ਜ਼ੋਨ,"Major breakthrough in Wadala previously held by SAD. Formally induct local village swing leaders and youth volunteers who backed AAP in 2024. Resolve local village infrastructure, canal tail issues, and cement +56 lead.","ਵਡਾਲਾ ਵਿੱਚ ਵੱਡੀ ਇਤਿਹਾਸਕ ਸਫ਼ਲਤਾ, ਜਿੱਥੇ SAD ਦਾ ਪੁਰਾਣਾ ਦਬਦਬਾ ਟੁੱਟਿਆ। 2024 ਵਿੱਚ ਆਪ ਨਾਲ ਜੁੜੇ ਨੌਜਵਾਨਾਂ ਅਤੇ ਪੰਚਾਇਤੀ ਆਗੂਆਂ ਨੂੰ ਜਥੇਬੰਦਕ ਜ਼ਿੰਮੇਵਾਰੀਆਂ ਦਿਓ ਅਤੇ +56 ਵੋਟਾਂ ਦੀ ਲੀਡ ਨੂੰ ਸਥਾਈ ਵੋਟ ਬੈਂਕ ਵਿੱਚ ਬਦਲੋ।","{'booth_no': '7', 'village_en': 'Wadala', 'village_pa': 'ਵਡਾਲਾ', 'zone_en': 'Historic Breakthrough: AAP Flipped Stronghold', 'zone_pa': 'ਇਤਿਹਾਸਕ ਪ੍ਰਾਪਤੀ: ਅਕਾਲੀ ਗੜ੍ਹ ਵਿੱਚ ਆਪ ਦੀ ਜਿੱਤ ਜ਼ੋਨ', 'action_en': 'Major breakthrough in Wadala previously held by SAD. Formally induct local village swing leaders and youth volunteers who backed AAP in 2024. Resolve local village infrastructure, canal tail issues, and cement +56 lead.', 'action_pa': 'ਵਡਾਲਾ ਵਿੱਚ ਵੱਡੀ ਇਤਿਹਾਸਕ ਸਫ਼ਲਤਾ, ਜਿੱਥੇ SAD ਦਾ ਪੁਰਾਣਾ ਦਬਦਬਾ ਟੁੱਟਿਆ। 2024 ਵਿੱਚ ਆਪ ਨਾਲ ਜੁੜੇ ਨੌਜਵਾਨਾਂ ਅਤੇ ਪੰਚਾਇਤੀ ਆਗੂਆਂ ਨੂੰ ਜਥੇਬੰਦਕ ਜ਼ਿੰਮੇਵਾਰੀਆਂ ਦਿਓ ਅਤੇ +56 ਵੋਟਾਂ ਦੀ ਲੀਡ ਨੂੰ ਸਥਾਈ ਵੋਟ ਬੈਂਕ ਵਿੱਚ ਬਦਲੋ।', 'action_steps_en': ['Days 1-30: Onboard dynamic swing workers who crossed over from SAD into the formal AAP booth structure.', 'Days 31-60: Prioritize village link road and street light repairs in Wadala through rural development grants.', 'Days 61-90: Convert current +56 vote lead into permanent party loyalty before 2027.'], 'action_steps_pa': ['ਦਿਨ 1-30: SAD ਛੱਡ ਕੇ ਆਪ ਵਿੱਚ ਸ਼ਾਮਲ ਹੋਏ ਆਗੂਆਂ ਨੂੰ ਬੂਥ ਕਮੇਟੀ ਵਿੱਚ ਅਹਿਮ ਜ਼ਿੰਮੇਵਾਰੀਆਂ ਦਿਓ।', ""ਦਿਨ 31-60: ਵਡਾਲਾ ਵਿੱਚ ਪਿੰਡ ਦੀਆਂ ਫਿਰਨੀਆਂ, ਗਲੀਆਂ ਅਤੇ ਲਿੰਕ ਸੜਕਾਂ ਦੇ ਕੰਮ ਤਰਜੀਹ 'ਤੇ ਕਰਵਾਓ।"", 'ਦਿਨ 61-90: +56 ਵੋਟਾਂ ਦੀ ਲੀਡ ਨੂੰ ਪੱਕੇ ਵੋਟ ਬੈਂਕ ਵਿੱਚ ਤਬਦੀਲ ਕਰੋ।'], 'action_steps': ['ਦਿਨ 1-30: SAD ਛੱਡ ਕੇ ਆਪ ਵਿੱਚ ਸ਼ਾਮਲ ਹੋਏ ਆਗੂਆਂ ਨੂੰ ਬੂਥ ਕਮੇਟੀ ਵਿੱਚ ਅਹਿਮ ਜ਼ਿੰਮੇਵਾਰੀਆਂ ਦਿਓ।', ""ਦਿਨ 31-60: ਵਡਾਲਾ ਵਿੱਚ ਪਿੰਡ ਦੀਆਂ ਫਿਰਨੀਆਂ, ਗਲੀਆਂ ਅਤੇ ਲਿੰਕ ਸੜਕਾਂ ਦੇ ਕੰਮ ਤਰਜੀਹ 'ਤੇ ਕਰਵਾਓ।"", 'ਦਿਨ 61-90: +56 ਵੋਟਾਂ ਦੀ ਲੀਡ ਨੂੰ ਪੱਕੇ ਵੋਟ ਬੈਂਕ ਵਿੱਚ ਤਬਦੀਲ ਕਰੋ।']}"
8,8,8,8,9,False,#8,Booth #8 (Unchanged),ਬੂਥ #8 (ਅਣਬਦਲਿਆ),Wadala,ਵਡਾਲਾ,ਵਡਾਲਾ,Wadala,ਵਡਾਲਾ,Wadala,ਵਡਾਲਾ,AAP,AAP,22,56,AAP Retained,AAP Retained,AAP Win,ਆਪ ਜਿੱਤ,INC Deficit,"{'AAP': 'WON_BOTH', 'SAD': 'LOST_BOTH', 'INC': 'WEAK', 'BJP': 'WEAK'}",False,"{'is_flip': False, 'status_label': 'AAP Retained', 'turnout_diff': -178, 'turnout_pct': -27.3, 'sad_swing': -1.43, 'aap_swing': 7.02, 'inc_swing': -8.95, 'bjp_swing': -0.48}",652,474,-178,-27.3,239,167,-72,36.66,35.23,-1.43,261,223,-38,40.03,47.05,7.02,112,39,-73,17.18,8.23,-8.95,10,5,-5,1.53,1.05,-0.48,9,1.9,"{'total': 652, 'sad': 239, 'aap': 261, 'inc': 112, 'bjp': 10, 'sad_votes': 239, 'sad_pct': 36.66, 'aap_votes': 261, 'aap_pct': 40.03, 'inc_votes': 112, 'inc_pct': 17.18, 'bjp_votes': 10, 'bjp_pct': 1.53, 'winner_party': 'AAP', 'margin': 22, 'winner_candidate': 'Sukhjinder Raj Singh (Lalli)'}","{'total': 474, 'sad': 167, 'aap': 223, 'inc': 39, 'bjp': 5, 'sada': 9, 'bsp': 0, 'others': 30, 'sad_votes': 167, 'sad_pct': 35.23, 'aap_votes': 223, 'aap_pct': 47.05, 'inc_votes': 39, 'inc_pct': 8.23, 'bjp_votes': 5, 'bjp_pct': 1.05, 'sada_votes': 9, 'sada_pct': 1.9, 'winner_party': 'AAP', 'margin': 56, 'winner_candidate': 'Kuldeep Singh Dhaliwal'}","{'turnout_diff': -178, 'turnout_pct': -27.3, 'sad_shift': -72, 'sad_swing': -1.43, 'aap_shift': -38, 'aap_swing': 7.02, 'inc_shift': -73, 'inc_swing': -8.95, 'bjp_shift': -5, 'bjp_swing': -0.48}",Core AAP Citadel (Retention & Reinforcement Zone),ਆਪ ਦਾ ਪੱਕਾ ਗੜ੍ਹ (ਸਾਂਭ-ਸੰਭਾਲ ਅਤੇ ਮਜ਼ਬੂਤੀ ਜ਼ੋਨ),"Deploy 12-member active booth cadre in Wadala. Consolidate agricultural and youth voter base. Protect and expand the current +56 vote lead through welfare scheme outreach (free electricity, canal water access, health clinics).","ਵਡਾਲਾ ਵਿੱਚ 12 ਮੈਂਬਰੀ ਸਰਗਰਮ ਬੂਥ ਟੀਮ ਤਾਇਨਾਤ ਕਰੋ। ਕਿਸਾਨੀ ਅਤੇ ਨੌਜਵਾਨ ਵਰਗ ਨਾਲ ਨਿੱਜੀ ਰਾਬਤਾ ਵਧਾਓ। ਪੰਜਾਬ ਸਰਕਾਰ ਦੀਆਂ ਭਲਾਈ ਸਕੀਮਾਂ (ਮੁਫ਼ਤ ਬਿਜਲੀ, ਨਹਿਰੀ ਪਾਣੀ, ਆਮ ਆਦਮੀ ਕਲੀਨਿਕ) ਰਾਹੀਂ +56 ਵੋਟਾਂ ਦੀ ਲੀਡ ਨੂੰ ਹੋਰ ਪੱਕਾ ਕਰੋ।","{'booth_no': '8', 'village_en': 'Wadala', 'village_pa': 'ਵਡਾਲਾ', 'zone_en': 'Core AAP Citadel (Retention & Reinforcement Zone)', 'zone_pa': 'ਆਪ ਦਾ ਪੱਕਾ ਗੜ੍ਹ (ਸਾਂਭ-ਸੰਭਾਲ ਅਤੇ ਮਜ਼ਬੂਤੀ ਜ਼ੋਨ)', 'action_en': 'Deploy 12-member active booth cadre in Wadala. Consolidate agricultural and youth voter base. Protect and expand the current +56 vote lead through welfare scheme outreach (free electricity, canal water access, health clinics).', 'action_pa': 'ਵਡਾਲਾ ਵਿੱਚ 12 ਮੈਂਬਰੀ ਸਰਗਰਮ ਬੂਥ ਟੀਮ ਤਾਇਨਾਤ ਕਰੋ। ਕਿਸਾਨੀ ਅਤੇ ਨੌਜਵਾਨ ਵਰਗ ਨਾਲ ਨਿੱਜੀ ਰਾਬਤਾ ਵਧਾਓ। ਪੰਜਾਬ ਸਰਕਾਰ ਦੀਆਂ ਭਲਾਈ ਸਕੀਮਾਂ (ਮੁਫ਼ਤ ਬਿਜਲੀ, ਨਹਿਰੀ ਪਾਣੀ, ਆਮ ਆਦਮੀ ਕਲੀਨਿਕ) ਰਾਹੀਂ +56 ਵੋਟਾਂ ਦੀ ਲੀਡ ਨੂੰ ਹੋਰ ਪੱਕਾ ਕਰੋ।', 'action_steps_en': ['Days 1-30: Verify all beneficiaries of 300 units free power and state health schemes in Wadala.', 'Days 31-60: Conduct small farmer dialogues addressing canal water tail-end irrigation concerns.', 'Days 61-90: Fortify booth committee with 12 youth mobilizers to protect +56 vote lead.'], 'action_steps_pa': ['ਦਿਨ 1-30: ਵਡਾਲਾ ਵਿੱਚ 300 ਯੂਨਿਟ ਮੁਫ਼ਤ ਬਿਜਲੀ ਅਤੇ ਸਿਹਤ ਸਕੀਮਾਂ ਦੇ ਲਾਭਪਾਤਰੀਆਂ ਨਾਲ ਸੰਪਰਕ ਕਰੋ।', ""ਦਿਨ 31-60: ਨਹਿਰੀ ਪਾਣੀ ਅਤੇ ਖੇਤੀਬਾੜੀ ਮਸਲਿਆਂ 'ਤੇ ਕਿਸਾਨਾਂ ਨਾਲ ਸਿੱਧਾ ਸੰਵਾਦ ਰਚਾਓ।"", 'ਦਿਨ 61-90: +56 ਵੋਟਾਂ ਦੀ ਲੀਡ ਬਰਕਰਾਰ ਰੱਖਣ ਲਈ 12 ਮੈਂਬਰੀ ਯੂਥ ਕਮੇਟੀ ਬਣਾਓ।'], 'action_steps': ['ਦਿਨ 1-30: ਵਡਾਲਾ ਵਿੱਚ 300 ਯੂਨਿਟ ਮੁਫ਼ਤ ਬਿਜਲੀ ਅਤੇ ਸਿਹਤ ਸਕੀਮਾਂ ਦੇ ਲਾਭਪਾਤਰੀਆਂ ਨਾਲ ਸੰਪਰਕ ਕਰੋ।', ""ਦਿਨ 31-60: ਨਹਿਰੀ ਪਾਣੀ ਅਤੇ ਖੇਤੀਬਾੜੀ ਮਸਲਿਆਂ 'ਤੇ ਕਿਸਾਨਾਂ ਨਾਲ ਸਿੱਧਾ ਸੰਵਾਦ ਰਚਾਓ।"", 'ਦਿਨ 61-90: +56 ਵੋਟਾਂ ਦੀ ਲੀਡ ਬਰਕਰਾਰ ਰੱਖਣ ਲਈ 12 ਮੈਂਬਰੀ ਯੂਥ ਕਮੇਟੀ ਬਣਾਓ।']}"
9,9,9,9,10,True,2024: #9 | 2022: #10,2024 Booth #9 (Buddha Theh) • 2022 Booth #10 (Wadala was at #9),2024 ਬੂਥ #9 (ਬੁੱਢਾ ਥੇਹ) • 2022 ਬੂਥ #10 (ਬੂਥ #9 'ਤੇ ਵਡਾਲਾ ਸੀ),Buddha Theh,ਬੁੱਢਾ ਥੇਹ,ਬੁੱਢਾ ਥੇਹ,Buddha Theh,ਬੁੱਢਾ ਥੇਹ,Wadala,ਵਡਾਲਾ,SAD,SAD,62,42,SAD Retained,SAD Retained,AAP Deficit,ਆਪ ਘਾਟ,INC Deficit,"{'AAP': 'LOST_BOTH', 'SAD': 'WON_BOTH', 'INC': 'WEAK', 'BJP': 'WEAK'}",False,"{'is_flip': False, 'status_label': 'SAD Retained', 'turnout_diff': 83, 'turnout_pct': 12.31, 'sad_swing': -2.88, 'aap_swing': 0.77, 'inc_swing': -7.21, 'bjp_swing': 1.14}",674,757,83,12.31,299,314,15,44.36,41.48,-2.88,237,272,35,35.16,35.93,0.77,110,69,-41,16.32,9.11,-7.21,3,12,9,0.45,1.59,1.14,36,4.76,"{'total': 674, 'sad': 299, 'aap': 237, 'inc': 110, 'bjp': 3, 'sad_votes': 299, 'sad_pct': 44.36, 'aap_votes': 237, 'aap_pct': 35.16, 'inc_votes': 110, 'inc_pct': 16.32, 'bjp_votes': 3, 'bjp_pct': 0.45, 'winner_party': 'SAD', 'margin': 62, 'winner_candidate': 'Ganieve Kaur Majithia'}","{'total': 757, 'sad': 314, 'aap': 272, 'inc': 69, 'bjp': 12, 'sada': 36, 'bsp': 4, 'others': 49, 'sad_votes': 314, 'sad_pct': 41.48, 'aap_votes': 272, 'aap_pct': 35.93, 'inc_votes': 69, 'inc_pct': 9.11, 'bjp_votes': 12, 'bjp_pct': 1.59, 'sada_votes': 36, 'sada_pct': 4.76, 'winner_party': 'SAD', 'margin': 42, 'winner_candidate': 'Anil Joshi'}","{'turnout_diff': 83, 'turnout_pct': 12.31, 'sad_shift': 15, 'sad_swing': -2.88, 'aap_shift': 35, 'aap_swing': 0.77, 'inc_shift': -41, 'inc_swing': -7.21, 'bjp_shift': 9, 'bjp_swing': 1.14}",Akali Bastion: Strategic Penetration & Demolition Zone,ਅਕਾਲੀ ਦਲ ਦਾ ਪ੍ਰਭਾਵਿਤ ਖੇਤਰ: ਵਿਸ਼ੇਸ਼ ਘੇਰਾਬੰਦੀ ਜ਼ੋਨ,SAD retained lead here by +42 votes (41.5% share). Target moderate Panthic and farming families in Buddha Theh disillusioned with traditional leadership. Appoint dedicated block coordinators and highlight direct government procurement and village development works.,ਅਕਾਲੀ ਦਲ ਨੇ ਇੱਥੇ +42 ਵੋਟਾਂ (41.5%) ਨਾਲ ਲੀਡ ਬਣਾਈ ਹੈ। ਬੁੱਢਾ ਥੇਹ ਵਿੱਚ ਰਵਾਇਤੀ ਲੀਡਰਸ਼ਿਪ ਤੋਂ ਨਿਰਾਸ਼ ਕਿਸਾਨ ਅਤੇ ਪੰਥਕ ਪਰਿਵਾਰਾਂ ਨਾਲ ਸੰਵਾਦ ਕਰੋ। ਪਿੰਡਾਂ ਵਿੱਚ ਪੰਜਾਬ ਸਰਕਾਰ ਦੇ ਵਿਕਾਸ ਕਾਰਜਾਂ ਅਤੇ ਨਿਰਪੱਖ ਭਰਤੀਆਂ ਦੇ ਸੁਨੇਹੇ ਨਾਲ ਸੰਨ੍ਹ ਲਗਾਓ।,"{'booth_no': '9', 'village_en': 'Buddha Theh', 'village_pa': 'ਬੁੱਢਾ ਥੇਹ', 'zone_en': 'Akali Bastion: Strategic Penetration & Demolition Zone', 'zone_pa': 'ਅਕਾਲੀ ਦਲ ਦਾ ਪ੍ਰਭਾਵਿਤ ਖੇਤਰ: ਵਿਸ਼ੇਸ਼ ਘੇਰਾਬੰਦੀ ਜ਼ੋਨ', 'action_en': 'SAD retained lead here by +42 votes (41.5% share). Target moderate Panthic and farming families in Buddha Theh disillusioned with traditional leadership. Appoint dedicated block coordinators and highlight direct government procurement and village development works.', 'action_pa': 'ਅਕਾਲੀ ਦਲ ਨੇ ਇੱਥੇ +42 ਵੋਟਾਂ (41.5%) ਨਾਲ ਲੀਡ ਬਣਾਈ ਹੈ। ਬੁੱਢਾ ਥੇਹ ਵਿੱਚ ਰਵਾਇਤੀ ਲੀਡਰਸ਼ਿਪ ਤੋਂ ਨਿਰਾਸ਼ ਕਿਸਾਨ ਅਤੇ ਪੰਥਕ ਪਰਿਵਾਰਾਂ ਨਾਲ ਸੰਵਾਦ ਕਰੋ। ਪਿੰਡਾਂ ਵਿੱਚ ਪੰਜਾਬ ਸਰਕਾਰ ਦੇ ਵਿਕਾਸ ਕਾਰਜਾਂ ਅਤੇ ਨਿਰਪੱਖ ਭਰਤੀਆਂ ਦੇ ਸੁਨੇਹੇ ਨਾਲ ਸੰਨ੍ਹ ਲਗਾਓ।', 'action_steps_en': ['Days 1-30: Map the top 30 influential non-committed Panthic families in Buddha Theh.', 'Days 31-60: Deploy senior constituency leaders for direct home visits to address local disgruntlement.', ""Days 61-90: Neutralize SAD's +42 vote cushion by winning over agricultural youth.""], 'action_steps_pa': ['ਦਿਨ 1-30: ਬੁੱਢਾ ਥੇਹ ਦੇ 30 ਨਿਰਪੱਖ ਅਤੇ ਪ੍ਰਭਾਵਸ਼ਾਲੀ ਪਰਿਵਾਰਾਂ ਦੀ ਸ਼ਨਾਖਤ ਕਰੋ।', 'ਦਿਨ 31-60: ਸੀਨੀਅਰ ਲੀਡਰਸ਼ਿਪ ਰਾਹੀਂ ਘਰ-ਘਰ ਜਾ ਕੇ ਸਰਕਾਰ ਦੀਆਂ ਨਿਰਪੱਖ ਨੀਤੀਆਂ ਸਾਂਝੀਆਂ ਕਰੋ।', 'ਦਿਨ 61-90: ਨੌਜਵਾਨ ਵਰਗ ਨੂੰ ਸਰਕਾਰੀ ਨੌਕਰੀਆਂ ਅਤੇ ਖੇਡ ਕਿੱਟਾਂ ਰਾਹੀਂ ਪਾਰਟੀ ਨਾਲ ਜੋੜ ਕੇ ਲੀਡ ਘਟਾਓ।'], 'action_steps': ['ਦਿਨ 1-30: ਬੁੱਢਾ ਥੇਹ ਦੇ 30 ਨਿਰਪੱਖ ਅਤੇ ਪ੍ਰਭਾਵਸ਼ਾਲੀ ਪਰਿਵਾਰਾਂ ਦੀ ਸ਼ਨਾਖਤ ਕਰੋ।', 'ਦਿਨ 31-60: ਸੀਨੀਅਰ ਲੀਡਰਸ਼ਿਪ ਰਾਹੀਂ ਘਰ-ਘਰ ਜਾ ਕੇ ਸਰਕਾਰ ਦੀਆਂ ਨਿਰਪੱਖ ਨੀਤੀਆਂ ਸਾਂਝੀਆਂ ਕਰੋ।', 'ਦਿਨ 61-90: ਨੌਜਵਾਨ ਵਰਗ ਨੂੰ ਸਰਕਾਰੀ ਨੌਕਰੀਆਂ ਅਤੇ ਖੇਡ ਕਿੱਟਾਂ ਰਾਹੀਂ ਪਾਰਟੀ ਨਾਲ ਜੋੜ ਕੇ ਲੀਡ ਘਟਾਓ।']}"
10,10,10,10,11,True,2024: #10 | 2022: #11,2024 Booth #10 (Tarpai) • 2022 Booth #11 (Buddha Theh was at #10),2024 ਬੂਥ #10 (ਤਰਪਈ) • 2022 ਬੂਥ #11 (ਬੂਥ #10 'ਤੇ ਬੁੱਢਾ ਥੇਹ ਸੀ),Tarpai,ਤਰਪਈ,ਤਰਪਈ,Tarpai,ਤਰਪਈ,Buddha Theh,ਬੁੱਢਾ ਥੇਹ,SAD,SAD,36,16,SAD Retained,SAD Retained,AAP Deficit,ਆਪ ਘਾਟ,INC Deficit,"{'AAP': 'LOST_BOTH', 'SAD': 'WON_BOTH', 'INC': 'LOST_BOTH', 'BJP': 'WEAK'}",False,"{'is_flip': False, 'status_label': 'SAD Retained', 'turnout_diff': 320, 'turnout_pct': 155.34, 'sad_swing': -14.81, 'aap_swing': 18.07, 'inc_swing': -12.92, 'bjp_swing': 5.87}",206,526,320,155.34,101,180,79,49.03,34.22,-14.81,27,164,137,13.11,31.18,18.07,65,98,33,31.55,18.63,-12.92,2,36,34,0.97,6.84,5.87,4,0.76,"{'total': 206, 'sad': 101, 'aap': 27, 'inc': 65, 'bjp': 2, 'sad_votes': 101, 'sad_pct': 49.03, 'aap_votes': 27, 'aap_pct': 13.11, 'inc_votes': 65, 'inc_pct': 31.55, 'bjp_votes': 2, 'bjp_pct': 0.97, 'winner_party': 'SAD', 'margin': 36, 'winner_candidate': 'Ganieve Kaur Majithia'}","{'total': 526, 'sad': 180, 'aap': 164, 'inc': 98, 'bjp': 36, 'sada': 4, 'bsp': 0, 'others': 41, 'sad_votes': 180, 'sad_pct': 34.22, 'aap_votes': 164, 'aap_pct': 31.18, 'inc_votes': 98, 'inc_pct': 18.63, 'bjp_votes': 36, 'bjp_pct': 6.84, 'sada_votes': 4, 'sada_pct': 0.76, 'winner_party': 'SAD', 'margin': 16, 'winner_candidate': 'Anil Joshi'}","{'turnout_diff': 320, 'turnout_pct': 155.34, 'sad_shift': 79, 'sad_swing': -14.81, 'aap_shift': 137, 'aap_swing': 18.07, 'inc_shift': 33, 'inc_swing': -12.92, 'bjp_shift': 34, 'bjp_swing': 5.87}",Akali Bastion: Strategic Penetration & Demolition Zone,ਅਕਾਲੀ ਦਲ ਦਾ ਪ੍ਰਭਾਵਿਤ ਖੇਤਰ: ਵਿਸ਼ੇਸ਼ ਘੇਰਾਬੰਦੀ ਜ਼ੋਨ,SAD retained lead here by +16 votes (34.2% share). Target moderate Panthic and farming families in Tarpai disillusioned with traditional leadership. Appoint dedicated block coordinators and highlight direct government procurement and village development works.,ਅਕਾਲੀ ਦਲ ਨੇ ਇੱਥੇ +16 ਵੋਟਾਂ (34.2%) ਨਾਲ ਲੀਡ ਬਣਾਈ ਹੈ। ਤਰਪਈ ਵਿੱਚ ਰਵਾਇਤੀ ਲੀਡਰਸ਼ਿਪ ਤੋਂ ਨਿਰਾਸ਼ ਕਿਸਾਨ ਅਤੇ ਪੰਥਕ ਪਰਿਵਾਰਾਂ ਨਾਲ ਸੰਵਾਦ ਕਰੋ। ਪਿੰਡਾਂ ਵਿੱਚ ਪੰਜਾਬ ਸਰਕਾਰ ਦੇ ਵਿਕਾਸ ਕਾਰਜਾਂ ਅਤੇ ਨਿਰਪੱਖ ਭਰਤੀਆਂ ਦੇ ਸੁਨੇਹੇ ਨਾਲ ਸੰਨ੍ਹ ਲਗਾਓ।,"{'booth_no': '10', 'village_en': 'Tarpai', 'village_pa': 'ਤਰਪਈ', 'zone_en': 'Akali Bastion: Strategic Penetration & Demolition Zone', 'zone_pa': 'ਅਕਾਲੀ ਦਲ ਦਾ ਪ੍ਰਭਾਵਿਤ ਖੇਤਰ: ਵਿਸ਼ੇਸ਼ ਘੇਰਾਬੰਦੀ ਜ਼ੋਨ', 'action_en': 'SAD retained lead here by +16 votes (34.2% share). Target moderate Panthic and farming families in Tarpai disillusioned with traditional leadership. Appoint dedicated block coordinators and highlight direct government procurement and village development works.', 'action_pa': 'ਅਕਾਲੀ ਦਲ ਨੇ ਇੱਥੇ +16 ਵੋਟਾਂ (34.2%) ਨਾਲ ਲੀਡ ਬਣਾਈ ਹੈ। ਤਰਪਈ ਵਿੱਚ ਰਵਾਇਤੀ ਲੀਡਰਸ਼ਿਪ ਤੋਂ ਨਿਰਾਸ਼ ਕਿਸਾਨ ਅਤੇ ਪੰਥਕ ਪਰਿਵਾਰਾਂ ਨਾਲ ਸੰਵਾਦ ਕਰੋ। ਪਿੰਡਾਂ ਵਿੱਚ ਪੰਜਾਬ ਸਰਕਾਰ ਦੇ ਵਿਕਾਸ ਕਾਰਜਾਂ ਅਤੇ ਨਿਰਪੱਖ ਭਰਤੀਆਂ ਦੇ ਸੁਨੇਹੇ ਨਾਲ ਸੰਨ੍ਹ ਲਗਾਓ।', 'action_steps_en': ['Days 1-30: Map the top 30 influential non-committed Panthic families in Tarpai.', 'Days 31-60: Deploy senior constituency leaders for direct home visits to address local disgruntlement.', ""Days 61-90: Neutralize SAD's +16 vote cushion by winning over agricultural youth.""], 'action_steps_pa': ['ਦਿਨ 1-30: ਤਰਪਈ ਦੇ 30 ਨਿਰਪੱਖ ਅਤੇ ਪ੍ਰਭਾਵਸ਼ਾਲੀ ਪਰਿਵਾਰਾਂ ਦੀ ਸ਼ਨਾਖਤ ਕਰੋ।', 'ਦਿਨ 31-60: ਸੀਨੀਅਰ ਲੀਡਰਸ਼ਿਪ ਰਾਹੀਂ ਘਰ-ਘਰ ਜਾ ਕੇ ਸਰਕਾਰ ਦੀਆਂ ਨਿਰਪੱਖ ਨੀਤੀਆਂ ਸਾਂਝੀਆਂ ਕਰੋ।', 'ਦਿਨ 61-90: ਨੌਜਵਾਨ ਵਰਗ ਨੂੰ ਸਰਕਾਰੀ ਨੌਕਰੀਆਂ ਅਤੇ ਖੇਡ ਕਿੱਟਾਂ ਰਾਹੀਂ ਪਾਰਟੀ ਨਾਲ ਜੋੜ ਕੇ ਲੀਡ ਘਟਾਓ।'], 'action_steps': ['ਦਿਨ 1-30: ਤਰਪਈ ਦੇ 30 ਨਿਰਪੱਖ ਅਤੇ ਪ੍ਰਭਾਵਸ਼ਾਲੀ ਪਰਿਵਾਰਾਂ ਦੀ ਸ਼ਨਾਖਤ ਕਰੋ।', 'ਦਿਨ 31-60: ਸੀਨੀਅਰ ਲੀਡਰਸ਼ਿਪ ਰਾਹੀਂ ਘਰ-ਘਰ ਜਾ ਕੇ ਸਰਕਾਰ ਦੀਆਂ ਨਿਰਪੱਖ ਨੀਤੀਆਂ ਸਾਂਝੀਆਂ ਕਰੋ।', 'ਦਿਨ 61-90: ਨੌਜਵਾਨ ਵਰਗ ਨੂੰ ਸਰਕਾਰੀ ਨੌਕਰੀਆਂ ਅਤੇ ਖੇਡ ਕਿੱਟਾਂ ਰਾਹੀਂ ਪਾਰਟੀ ਨਾਲ ਜੋੜ ਕੇ ਲੀਡ ਘਟਾਓ।']}"
11,11,11,11,12,False,#11,Booth #11 (Unchanged),ਬੂਥ #11 (ਅਣਬਦਲਿਆ),Tarpai,ਤਰਪਈ,ਤਰਪਈ,Tarpai,ਤਰਪਈ,Tarpai,ਤਰਪਈ,SAD,SAD,86,99,SAD Retained,SAD Retained,AAP Deficit,ਆਪ ਘਾਟ,INC Deficit,"{'AAP': 'LOST_BOTH', 'SAD': 'WON_BOTH', 'INC': 'LOST_BOTH', 'BJP': 'WEAK'}",False,"{'is_flip': False, 'status_label': 'SAD Retained', 'turnout_diff': -276, 'turnout_pct': -38.39, 'sad_swing': 1.06, 'aap_swing': 1.8, 'inc_swing': -16.78, 'bjp_swing': 1.39}",719,443,-276,-38.39,317,200,-117,44.09,45.15,1.06,151,101,-50,21.0,22.8,1.8,231,68,-163,32.13,15.35,-16.78,3,8,5,0.42,1.81,1.39,52,11.74,"{'total': 719, 'sad': 317, 'aap': 151, 'inc': 231, 'bjp': 3, 'sad_votes': 317, 'sad_pct': 44.09, 'aap_votes': 151, 'aap_pct': 21.0, 'inc_votes': 231, 'inc_pct': 32.13, 'bjp_votes': 3, 'bjp_pct': 0.42, 'winner_party': 'SAD', 'margin': 86, 'winner_candidate': 'Ganieve Kaur Majithia'}","{'total': 443, 'sad': 200, 'aap': 101, 'inc': 68, 'bjp': 8, 'sada': 52, 'bsp': 1, 'others': 11, 'sad_votes': 200, 'sad_pct': 45.15, 'aap_votes': 101, 'aap_pct': 22.8, 'inc_votes': 68, 'inc_pct': 15.35, 'bjp_votes': 8, 'bjp_pct': 1.81, 'sada_votes': 52, 'sada_pct': 11.74, 'winner_party': 'SAD', 'margin': 99, 'winner_candidate': 'Anil Joshi'}","{'turnout_diff': -276, 'turnout_pct': -38.39, 'sad_shift': -117, 'sad_swing': 1.06, 'aap_shift': -50, 'aap_swing': 1.8, 'inc_shift': -163, 'inc_swing': -16.78, 'bjp_shift': 5, 'bjp_swing': 1.39}",Akali Bastion: Strategic Penetration & Demolition Zone,ਅਕਾਲੀ ਦਲ ਦਾ ਪ੍ਰਭਾਵਿਤ ਖੇਤਰ: ਵਿਸ਼ੇਸ਼ ਘੇਰਾਬੰਦੀ ਜ਼ੋਨ,SAD retained lead here by +99 votes (45.1% share). Target moderate Panthic and farming families in Tarpai disillusioned with traditional leadership. Appoint dedicated block coordinators and highlight direct government procurement and village development works.,ਅਕਾਲੀ ਦਲ ਨੇ ਇੱਥੇ +99 ਵੋਟਾਂ (45.1%) ਨਾਲ ਲੀਡ ਬਣਾਈ ਹੈ। ਤਰਪਈ ਵਿੱਚ ਰਵਾਇਤੀ ਲੀਡਰਸ਼ਿਪ ਤੋਂ ਨਿਰਾਸ਼ ਕਿਸਾਨ ਅਤੇ ਪੰਥਕ ਪਰਿਵਾਰਾਂ ਨਾਲ ਸੰਵਾਦ ਕਰੋ। ਪਿੰਡਾਂ ਵਿੱਚ ਪੰਜਾਬ ਸਰਕਾਰ ਦੇ ਵਿਕਾਸ ਕਾਰਜਾਂ ਅਤੇ ਨਿਰਪੱਖ ਭਰਤੀਆਂ ਦੇ ਸੁਨੇਹੇ ਨਾਲ ਸੰਨ੍ਹ ਲਗਾਓ।,"{'booth_no': '11', 'village_en': 'Tarpai', 'village_pa': 'ਤਰਪਈ', 'zone_en': 'Akali Bastion: Strategic Penetration & Demolition Zone', 'zone_pa': 'ਅਕਾਲੀ ਦਲ ਦਾ ਪ੍ਰਭਾਵਿਤ ਖੇਤਰ: ਵਿਸ਼ੇਸ਼ ਘੇਰਾਬੰਦੀ ਜ਼ੋਨ', 'action_en': 'SAD retained lead here by +99 votes (45.1% share). Target moderate Panthic and farming families in Tarpai disillusioned with traditional leadership. Appoint dedicated block coordinators and highlight direct government procurement and village development works.', 'action_pa': 'ਅਕਾਲੀ ਦਲ ਨੇ ਇੱਥੇ +99 ਵੋਟਾਂ (45.1%) ਨਾਲ ਲੀਡ ਬਣਾਈ ਹੈ। ਤਰਪਈ ਵਿੱਚ ਰਵਾਇਤੀ ਲੀਡਰਸ਼ਿਪ ਤੋਂ ਨਿਰਾਸ਼ ਕਿਸਾਨ ਅਤੇ ਪੰਥਕ ਪਰਿਵਾਰਾਂ ਨਾਲ ਸੰਵਾਦ ਕਰੋ। ਪਿੰਡਾਂ ਵਿੱਚ ਪੰਜਾਬ ਸਰਕਾਰ ਦੇ ਵਿਕਾਸ ਕਾਰਜਾਂ ਅਤੇ ਨਿਰਪੱਖ ਭਰਤੀਆਂ ਦੇ ਸੁਨੇਹੇ ਨਾਲ ਸੰਨ੍ਹ ਲਗਾਓ।', 'action_steps_en': ['Days 1-30: Map the top 30 influential non-committed Panthic families in Tarpai.', 'Days 31-60: Deploy senior constituency leaders for direct home visits to address local disgruntlement.', ""Days 61-90: Neutralize SAD's +99 vote cushion by winning over agricultural youth.""], 'action_steps_pa': ['ਦਿਨ 1-30: ਤਰਪਈ ਦੇ 30 ਨਿਰਪੱਖ ਅਤੇ ਪ੍ਰਭਾਵਸ਼ਾਲੀ ਪਰਿਵਾਰਾਂ ਦੀ ਸ਼ਨਾਖਤ ਕਰੋ।', 'ਦਿਨ 31-60: ਸੀਨੀਅਰ ਲੀਡਰਸ਼ਿਪ ਰਾਹੀਂ ਘਰ-ਘਰ ਜਾ ਕੇ ਸਰਕਾਰ ਦੀਆਂ ਨਿਰਪੱਖ ਨੀਤੀਆਂ ਸਾਂਝੀਆਂ ਕਰੋ।', 'ਦਿਨ 61-90: ਨੌਜਵਾਨ ਵਰਗ ਨੂੰ ਸਰਕਾਰੀ ਨੌਕਰੀਆਂ ਅਤੇ ਖੇਡ ਕਿੱਟਾਂ ਰਾਹੀਂ ਪਾਰਟੀ ਨਾਲ ਜੋੜ ਕੇ ਲੀਡ ਘਟਾਓ।'], 'action_steps': ['ਦਿਨ 1-30: ਤਰਪਈ ਦੇ 30 ਨਿਰਪੱਖ ਅਤੇ ਪ੍ਰਭਾਵਸ਼ਾਲੀ ਪਰਿਵਾਰਾਂ ਦੀ ਸ਼ਨਾਖਤ ਕਰੋ।', 'ਦਿਨ 31-60: ਸੀਨੀਅਰ ਲੀਡਰਸ਼ਿਪ ਰਾਹੀਂ ਘਰ-ਘਰ ਜਾ ਕੇ ਸਰਕਾਰ ਦੀਆਂ ਨਿਰਪੱਖ ਨੀਤੀਆਂ ਸਾਂਝੀਆਂ ਕਰੋ।', 'ਦਿਨ 61-90: ਨੌਜਵਾਨ ਵਰਗ ਨੂੰ ਸਰਕਾਰੀ ਨੌਕਰੀਆਂ ਅਤੇ ਖੇਡ ਕਿੱਟਾਂ ਰਾਹੀਂ ਪਾਰਟੀ ਨਾਲ ਜੋੜ ਕੇ ਲੀਡ ਘਟਾਓ।']}"
12,12,12,12,13,True,2024: #12 | 2022: #13,2024 Booth #12 (Ramana Chakk) • 2022 Booth #13 (Tarpai was at #12),2024 ਬੂਥ #12 (ਰਮਾਣਾ ਚੱਕ) • 2022 ਬੂਥ #13 (ਬੂਥ #12 'ਤੇ ਤਰਪਈ ਸੀ),Ramana Chakk,ਰਮਾਣਾ ਚੱਕ,ਰਮਾਣਾ ਚੱਕ,Ramana Chakk,ਰਮਾਣਾ ਚੱਕ,Tarpai,ਤਰਪਈ,AAP,AAP,48,19,AAP Retained,AAP Retained,AAP Win,ਆਪ ਜਿੱਤ,INC Deficit,"{'AAP': 'WON_BOTH', 'SAD': 'LOST_BOTH', 'INC': 'WEAK', 'BJP': 'WEAK'}",False,"{'is_flip': False, 'status_label': 'AAP Retained', 'turnout_diff': -105, 'turnout_pct': -17.47, 'sad_swing': 5.19, 'aap_swing': 1.03, 'inc_swing': -7.54, 'bjp_swing': -0.27}",601,496,-105,-17.47,216,204,-12,35.94,41.13,5.19,264,223,-41,43.93,44.96,1.03,72,22,-50,11.98,4.44,-7.54,4,2,-2,0.67,0.4,-0.27,21,4.23,"{'total': 601, 'sad': 216, 'aap': 264, 'inc': 72, 'bjp': 4, 'sad_votes': 216, 'sad_pct': 35.94, 'aap_votes': 264, 'aap_pct': 43.93, 'inc_votes': 72, 'inc_pct': 11.98, 'bjp_votes': 4, 'bjp_pct': 0.67, 'winner_party': 'AAP', 'margin': 48, 'winner_candidate': 'Sukhjinder Raj Singh (Lalli)'}","{'total': 496, 'sad': 204, 'aap': 223, 'inc': 22, 'bjp': 2, 'sada': 21, 'bsp': 1, 'others': 22, 'sad_votes': 204, 'sad_pct': 41.13, 'aap_votes': 223, 'aap_pct': 44.96, 'inc_votes': 22, 'inc_pct': 4.44, 'bjp_votes': 2, 'bjp_pct': 0.4, 'sada_votes': 21, 'sada_pct': 4.23, 'winner_party': 'AAP', 'margin': 19, 'winner_candidate': 'Kuldeep Singh Dhaliwal'}","{'turnout_diff': -105, 'turnout_pct': -17.47, 'sad_shift': -12, 'sad_swing': 5.19, 'aap_shift': -41, 'aap_swing': 1.03, 'inc_shift': -50, 'inc_swing': -7.54, 'bjp_shift': -2, 'bjp_swing': -0.27}",Core AAP Citadel (Retention & Reinforcement Zone),ਆਪ ਦਾ ਪੱਕਾ ਗੜ੍ਹ (ਸਾਂਭ-ਸੰਭਾਲ ਅਤੇ ਮਜ਼ਬੂਤੀ ਜ਼ੋਨ),"Deploy 12-member active booth cadre in Ramana Chakk. Consolidate agricultural and youth voter base. Protect and expand the current +19 vote lead through welfare scheme outreach (free electricity, canal water access, health clinics).","ਰਮਾਣਾ ਚੱਕ ਵਿੱਚ 12 ਮੈਂਬਰੀ ਸਰਗਰਮ ਬੂਥ ਟੀਮ ਤਾਇਨਾਤ ਕਰੋ। ਕਿਸਾਨੀ ਅਤੇ ਨੌਜਵਾਨ ਵਰਗ ਨਾਲ ਨਿੱਜੀ ਰਾਬਤਾ ਵਧਾਓ। ਪੰਜਾਬ ਸਰਕਾਰ ਦੀਆਂ ਭਲਾਈ ਸਕੀਮਾਂ (ਮੁਫ਼ਤ ਬਿਜਲੀ, ਨਹਿਰੀ ਪਾਣੀ, ਆਮ ਆਦਮੀ ਕਲੀਨਿਕ) ਰਾਹੀਂ +19 ਵੋਟਾਂ ਦੀ ਲੀਡ ਨੂੰ ਹੋਰ ਪੱਕਾ ਕਰੋ।","{'booth_no': '12', 'village_en': 'Ramana Chakk', 'village_pa': 'ਰਮਾਣਾ ਚੱਕ', 'zone_en': 'Core AAP Citadel (Retention & Reinforcement Zone)', 'zone_pa': 'ਆਪ ਦਾ ਪੱਕਾ ਗੜ੍ਹ (ਸਾਂਭ-ਸੰਭਾਲ ਅਤੇ ਮਜ਼ਬੂਤੀ ਜ਼ੋਨ)', 'action_en': 'Deploy 12-member active booth cadre in Ramana Chakk. Consolidate agricultural and youth voter base. Protect and expand the current +19 vote lead through welfare scheme outreach (free electricity, canal water access, health clinics).', 'action_pa': 'ਰਮਾਣਾ ਚੱਕ ਵਿੱਚ 12 ਮੈਂਬਰੀ ਸਰਗਰਮ ਬੂਥ ਟੀਮ ਤਾਇਨਾਤ ਕਰੋ। ਕਿਸਾਨੀ ਅਤੇ ਨੌਜਵਾਨ ਵਰਗ ਨਾਲ ਨਿੱਜੀ ਰਾਬਤਾ ਵਧਾਓ। ਪੰਜਾਬ ਸਰਕਾਰ ਦੀਆਂ ਭਲਾਈ ਸਕੀਮਾਂ (ਮੁਫ਼ਤ ਬਿਜਲੀ, ਨਹਿਰੀ ਪਾਣੀ, ਆਮ ਆਦਮੀ ਕਲੀਨਿਕ) ਰਾਹੀਂ +19 ਵੋਟਾਂ ਦੀ ਲੀਡ ਨੂੰ ਹੋਰ ਪੱਕਾ ਕਰੋ।', 'action_steps_en': ['Days 1-30: Verify all beneficiaries of 300 units free power and state health schemes in Ramana Chakk.', 'Days 31-60: Conduct small farmer dialogues addressing canal water tail-end irrigation concerns.', 'Days 61-90: Fortify booth committee with 12 youth mobilizers to protect +19 vote lead.'], 'action_steps_pa': ['ਦਿਨ 1-30: ਰਮਾਣਾ ਚੱਕ ਵਿੱਚ 300 ਯੂਨਿਟ ਮੁਫ਼ਤ ਬਿਜਲੀ ਅਤੇ ਸਿਹਤ ਸਕੀਮਾਂ ਦੇ ਲਾਭਪਾਤਰੀਆਂ ਨਾਲ ਸੰਪਰਕ ਕਰੋ।', ""ਦਿਨ 31-60: ਨਹਿਰੀ ਪਾਣੀ ਅਤੇ ਖੇਤੀਬਾੜੀ ਮਸਲਿਆਂ 'ਤੇ ਕਿਸਾਨਾਂ ਨਾਲ ਸਿੱਧਾ ਸੰਵਾਦ ਰਚਾਓ।"", 'ਦਿਨ 61-90: +19 ਵੋਟਾਂ ਦੀ ਲੀਡ ਬਰਕਰਾਰ ਰੱਖਣ ਲਈ 12 ਮੈਂਬਰੀ ਯੂਥ ਕਮੇਟੀ ਬਣਾਓ।'], 'action_steps': ['ਦਿਨ 1-30: ਰਮਾਣਾ ਚੱਕ ਵਿੱਚ 300 ਯੂਨਿਟ ਮੁਫ਼ਤ ਬਿਜਲੀ ਅਤੇ ਸਿਹਤ ਸਕੀਮਾਂ ਦੇ ਲਾਭਪਾਤਰੀਆਂ ਨਾਲ ਸੰਪਰਕ ਕਰੋ।', ""ਦਿਨ 31-60: ਨਹਿਰੀ ਪਾਣੀ ਅਤੇ ਖੇਤੀਬਾੜੀ ਮਸਲਿਆਂ 'ਤੇ ਕਿਸਾਨਾਂ ਨਾਲ ਸਿੱਧਾ ਸੰਵਾਦ ਰਚਾਓ।"", 'ਦਿਨ 61-90: +19 ਵੋਟਾਂ ਦੀ ਲੀਡ ਬਰਕਰਾਰ ਰੱਖਣ ਲਈ 12 ਮੈਂਬਰੀ ਯੂਥ ਕਮੇਟੀ ਬਣਾਓ।']}"
13,13,13,13,14,True,2024: #13 | 2022: #14,2024 Booth #13 (Gosal Zimindaraan) • 2022 Booth #14 (Ramana Chakk was at #13),2024 ਬੂਥ #13 (ਗੋਸਲ ਜ਼ਿਮੀਂਦਾਰਾਂ) • 2022 ਬੂਥ #14 (ਬੂਥ #13 'ਤੇ ਰਮਾਣਾ ਚੱਕ ਸੀ),Gosal Zimindaraan,ਗੋਸਲ ਜ਼ਿਮੀਂਦਾਰਾਂ,ਗੋਸਲ ਜ਼ਿਮੀਂਦਾਰਾਂ,Gosal Zimindaraan,ਗੋਸਲ ਜ਼ਿਮੀਂਦਾਰਾਂ,Ramana Chakk,ਰਮਾਣਾ ਚੱਕ,SAD,SAD,25,39,SAD Retained,SAD Retained,AAP Deficit,ਆਪ ਘਾਟ,INC Deficit,"{'AAP': 'LOST_BOTH', 'SAD': 'WON_BOTH', 'INC': 'WEAK', 'BJP': 'WEAK'}",False,"{'is_flip': False, 'status_label': 'SAD Retained', 'turnout_diff': -138, 'turnout_pct': -24.17, 'sad_swing': -11.97, 'aap_swing': 24.21, 'inc_swing': -29.53, 'bjp_swing': 4.04}",571,433,-138,-24.17,278,159,-119,48.69,36.72,-11.97,20,120,100,3.5,27.71,24.21,253,64,-189,44.31,14.78,-29.53,2,19,17,0.35,4.39,4.04,35,8.08,"{'total': 571, 'sad': 278, 'aap': 20, 'inc': 253, 'bjp': 2, 'sad_votes': 278, 'sad_pct': 48.69, 'aap_votes': 20, 'aap_pct': 3.5, 'inc_votes': 253, 'inc_pct': 44.31, 'bjp_votes': 2, 'bjp_pct': 0.35, 'winner_party': 'SAD', 'margin': 25, 'winner_candidate': 'Ganieve Kaur Majithia'}","{'total': 433, 'sad': 159, 'aap': 120, 'inc': 64, 'bjp': 19, 'sada': 35, 'bsp': 0, 'others': 36, 'sad_votes': 159, 'sad_pct': 36.72, 'aap_votes': 120, 'aap_pct': 27.71, 'inc_votes': 64, 'inc_pct': 14.78, 'bjp_votes': 19, 'bjp_pct': 4.39, 'sada_votes': 35, 'sada_pct': 8.08, 'winner_party': 'SAD', 'margin': 39, 'winner_candidate': 'Anil Joshi'}","{'turnout_diff': -138, 'turnout_pct': -24.17, 'sad_shift': -119, 'sad_swing': -11.97, 'aap_shift': 100, 'aap_swing': 24.21, 'inc_shift': -189, 'inc_swing': -29.53, 'bjp_shift': 17, 'bjp_swing': 4.04}",Akali Bastion: Strategic Penetration & Demolition Zone,ਅਕਾਲੀ ਦਲ ਦਾ ਪ੍ਰਭਾਵਿਤ ਖੇਤਰ: ਵਿਸ਼ੇਸ਼ ਘੇਰਾਬੰਦੀ ਜ਼ੋਨ,SAD retained lead here by +39 votes (36.7% share). Target moderate Panthic and farming families in Gosal Zimindaraan disillusioned with traditional leadership. Appoint dedicated block coordinators and highlight direct government procurement and village development works.,ਅਕਾਲੀ ਦਲ ਨੇ ਇੱਥੇ +39 ਵੋਟਾਂ (36.7%) ਨਾਲ ਲੀਡ ਬਣਾਈ ਹੈ। ਗੋਸਲ ਜ਼ਿਮੀਂਦਾਰਾਂ ਵਿੱਚ ਰਵਾਇਤੀ ਲੀਡਰਸ਼ਿਪ ਤੋਂ ਨਿਰਾਸ਼ ਕਿਸਾਨ ਅਤੇ ਪੰਥਕ ਪਰਿਵਾਰਾਂ ਨਾਲ ਸੰਵਾਦ ਕਰੋ। ਪਿੰਡਾਂ ਵਿੱਚ ਪੰਜਾਬ ਸਰਕਾਰ ਦੇ ਵਿਕਾਸ ਕਾਰਜਾਂ ਅਤੇ ਨਿਰਪੱਖ ਭਰਤੀਆਂ ਦੇ ਸੁਨੇਹੇ ਨਾਲ ਸੰਨ੍ਹ ਲਗਾਓ।,"{'booth_no': '13', 'village_en': 'Gosal Zimindaraan', 'village_pa': 'ਗੋਸਲ ਜ਼ਿਮੀਂਦਾਰਾਂ', 'zone_en': 'Akali Bastion: Strategic Penetration & Demolition Zone', 'zone_pa': 'ਅਕਾਲੀ ਦਲ ਦਾ ਪ੍ਰਭਾਵਿਤ ਖੇਤਰ: ਵਿਸ਼ੇਸ਼ ਘੇਰਾਬੰਦੀ ਜ਼ੋਨ', 'action_en': 'SAD retained lead here by +39 votes (36.7% share). Target moderate Panthic and farming families in Gosal Zimindaraan disillusioned with traditional leadership. Appoint dedicated block coordinators and highlight direct government procurement and village development works.', 'action_pa': 'ਅਕਾਲੀ ਦਲ ਨੇ ਇੱਥੇ +39 ਵੋਟਾਂ (36.7%) ਨਾਲ ਲੀਡ ਬਣਾਈ ਹੈ। ਗੋਸਲ ਜ਼ਿਮੀਂਦਾਰਾਂ ਵਿੱਚ ਰਵਾਇਤੀ ਲੀਡਰਸ਼ਿਪ ਤੋਂ ਨਿਰਾਸ਼ ਕਿਸਾਨ ਅਤੇ ਪੰਥਕ ਪਰਿਵਾਰਾਂ ਨਾਲ ਸੰਵਾਦ ਕਰੋ। ਪਿੰਡਾਂ ਵਿੱਚ ਪੰਜਾਬ ਸਰਕਾਰ ਦੇ ਵਿਕਾਸ ਕਾਰਜਾਂ ਅਤੇ ਨਿਰਪੱਖ ਭਰਤੀਆਂ ਦੇ ਸੁਨੇਹੇ ਨਾਲ ਸੰਨ੍ਹ ਲਗਾਓ।', 'action_steps_en': ['Days 1-30: Map the top 30 influential non-committed Panthic families in Gosal Zimindaraan.', 'Days 31-60: Deploy senior constituency leaders for direct home visits to address local disgruntlement.', ""Days 61-90: Neutralize SAD's +39 vote cushion by winning over agricultural youth.""], 'action_steps_pa': ['ਦਿਨ 1-30: ਗੋਸਲ ਜ਼ਿਮੀਂਦਾਰਾਂ ਦੇ 30 ਨਿਰਪੱਖ ਅਤੇ ਪ੍ਰਭਾਵਸ਼ਾਲੀ ਪਰਿਵਾਰਾਂ ਦੀ ਸ਼ਨਾਖਤ ਕਰੋ।', 'ਦਿਨ 31-60: ਸੀਨੀਅਰ ਲੀਡਰਸ਼ਿਪ ਰਾਹੀਂ ਘਰ-ਘਰ ਜਾ ਕੇ ਸਰਕਾਰ ਦੀਆਂ ਨਿਰਪੱਖ ਨੀਤੀਆਂ ਸਾਂਝੀਆਂ ਕਰੋ।', 'ਦਿਨ 61-90: ਨੌਜਵਾਨ ਵਰਗ ਨੂੰ ਸਰਕਾਰੀ ਨੌਕਰੀਆਂ ਅਤੇ ਖੇਡ ਕਿੱਟਾਂ ਰਾਹੀਂ ਪਾਰਟੀ ਨਾਲ ਜੋੜ ਕੇ ਲੀਡ ਘਟਾਓ।'], 'action_steps': ['ਦਿਨ 1-30: ਗੋਸਲ ਜ਼ਿਮੀਂਦਾਰਾਂ ਦੇ 30 ਨਿਰਪੱਖ ਅਤੇ ਪ੍ਰਭਾਵਸ਼ਾਲੀ ਪਰਿਵਾਰਾਂ ਦੀ ਸ਼ਨਾਖਤ ਕਰੋ।', 'ਦਿਨ 31-60: ਸੀਨੀਅਰ ਲੀਡਰਸ਼ਿਪ ਰਾਹੀਂ ਘਰ-ਘਰ ਜਾ ਕੇ ਸਰਕਾਰ ਦੀਆਂ ਨਿਰਪੱਖ ਨੀਤੀਆਂ ਸਾਂਝੀਆਂ ਕਰੋ।', 'ਦਿਨ 61-90: ਨੌਜਵਾਨ ਵਰਗ ਨੂੰ ਸਰਕਾਰੀ ਨੌਕਰੀਆਂ ਅਤੇ ਖੇਡ ਕਿੱਟਾਂ ਰਾਹੀਂ ਪਾਰਟੀ ਨਾਲ ਜੋੜ ਕੇ ਲੀਡ ਘਟਾਓ।']}"
14,14,14,14,15,True,2024: #14 | 2022: #15,2024 Booth #14 (Buraj Nau Bad) • 2022 Booth #15 (Gosal Zimindaraan was at #14),2024 ਬੂਥ #14 (ਬੁਰਜ ਨੌਂ ਬਾਦ) • 2022 ਬੂਥ #15 (ਬੂਥ #14 'ਤੇ ਗੋਸਲ ਜ਼ਿਮੀਂਦਾਰਾਂ ਸੀ),Buraj Nau Bad,ਬੁਰਜ ਨੌਂ ਬਾਦ,ਬੁਰਜ ਨੌਂ ਬਾਦ,Buraj Nau Bad,ਬੁਰਜ ਨੌਂ ਬਾਦ,Gosal Zimindaraan,ਗੋਸਲ ਜ਼ਿਮੀਂਦਾਰਾਂ,SAD,AAP,36,32,SAD → AAP,SAD → AAP,AAP Gain,ਆਪ ਲਾਭ,INC Deficit,"{'AAP': 'GAINED', 'SAD': 'LOST_24', 'INC': 'WEAK', 'BJP': 'WEAK'}",True,"{'is_flip': True, 'status_label': 'SAD → AAP', 'turnout_diff': -170, 'turnout_pct': -28.81, 'sad_swing': -4.61, 'aap_swing': 9.1, 'inc_swing': -6.32, 'bjp_swing': 1.02}",590,420,-170,-28.81,259,165,-94,43.9,39.29,-4.61,223,197,-26,37.8,46.9,9.1,71,24,-47,12.03,5.71,-6.32,1,5,4,0.17,1.19,1.02,11,2.62,"{'total': 590, 'sad': 259, 'aap': 223, 'inc': 71, 'bjp': 1, 'sad_votes': 259, 'sad_pct': 43.9, 'aap_votes': 223, 'aap_pct': 37.8, 'inc_votes': 71, 'inc_pct': 12.03, 'bjp_votes': 1, 'bjp_pct': 0.17, 'winner_party': 'SAD', 'margin': 36, 'winner_candidate': 'Ganieve Kaur Majithia'}","{'total': 420, 'sad': 165, 'aap': 197, 'inc': 24, 'bjp': 5, 'sada': 11, 'bsp': 0, 'others': 15, 'sad_votes': 165, 'sad_pct': 39.29, 'aap_votes': 197, 'aap_pct': 46.9, 'inc_votes': 24, 'inc_pct': 5.71, 'bjp_votes': 5, 'bjp_pct': 1.19, 'sada_votes': 11, 'sada_pct': 2.62, 'winner_party': 'AAP', 'margin': 32, 'winner_candidate': 'Kuldeep Singh Dhaliwal'}","{'turnout_diff': -170, 'turnout_pct': -28.81, 'sad_shift': -94, 'sad_swing': -4.61, 'aap_shift': -26, 'aap_swing': 9.1, 'inc_shift': -47, 'inc_swing': -6.32, 'bjp_shift': 4, 'bjp_swing': 1.02}",Historic Breakthrough: AAP Flipped Stronghold,ਇਤਿਹਾਸਕ ਪ੍ਰਾਪਤੀ: ਅਕਾਲੀ ਗੜ੍ਹ ਵਿੱਚ ਆਪ ਦੀ ਜਿੱਤ ਜ਼ੋਨ,"Major breakthrough in Buraj Nau Bad previously held by SAD. Formally induct local village swing leaders and youth volunteers who backed AAP in 2024. Resolve local village infrastructure, canal tail issues, and cement +32 lead.","ਬੁਰਜ ਨੌਂ ਬਾਦ ਵਿੱਚ ਵੱਡੀ ਇਤਿਹਾਸਕ ਸਫ਼ਲਤਾ, ਜਿੱਥੇ SAD ਦਾ ਪੁਰਾਣਾ ਦਬਦਬਾ ਟੁੱਟਿਆ। 2024 ਵਿੱਚ ਆਪ ਨਾਲ ਜੁੜੇ ਨੌਜਵਾਨਾਂ ਅਤੇ ਪੰਚਾਇਤੀ ਆਗੂਆਂ ਨੂੰ ਜਥੇਬੰਦਕ ਜ਼ਿੰਮੇਵਾਰੀਆਂ ਦਿਓ ਅਤੇ +32 ਵੋਟਾਂ ਦੀ ਲੀਡ ਨੂੰ ਸਥਾਈ ਵੋਟ ਬੈਂਕ ਵਿੱਚ ਬਦਲੋ।","{'booth_no': '14', 'village_en': 'Buraj Nau Bad', 'village_pa': 'ਬੁਰਜ ਨੌਂ ਬਾਦ', 'zone_en': 'Historic Breakthrough: AAP Flipped Stronghold', 'zone_pa': 'ਇਤਿਹਾਸਕ ਪ੍ਰਾਪਤੀ: ਅਕਾਲੀ ਗੜ੍ਹ ਵਿੱਚ ਆਪ ਦੀ ਜਿੱਤ ਜ਼ੋਨ', 'action_en': 'Major breakthrough in Buraj Nau Bad previously held by SAD. Formally induct local village swing leaders and youth volunteers who backed AAP in 2024. Resolve local village infrastructure, canal tail issues, and cement +32 lead.', 'action_pa': 'ਬੁਰਜ ਨੌਂ ਬਾਦ ਵਿੱਚ ਵੱਡੀ ਇਤਿਹਾਸਕ ਸਫ਼ਲਤਾ, ਜਿੱਥੇ SAD ਦਾ ਪੁਰਾਣਾ ਦਬਦਬਾ ਟੁੱਟਿਆ। 2024 ਵਿੱਚ ਆਪ ਨਾਲ ਜੁੜੇ ਨੌਜਵਾਨਾਂ ਅਤੇ ਪੰਚਾਇਤੀ ਆਗੂਆਂ ਨੂੰ ਜਥੇਬੰਦਕ ਜ਼ਿੰਮੇਵਾਰੀਆਂ ਦਿਓ ਅਤੇ +32 ਵੋਟਾਂ ਦੀ ਲੀਡ ਨੂੰ ਸਥਾਈ ਵੋਟ ਬੈਂਕ ਵਿੱਚ ਬਦਲੋ।', 'action_steps_en': ['Days 1-30: Onboard dynamic swing workers who crossed over from SAD into the formal AAP booth structure.', 'Days 31-60: Prioritize village link road and street light repairs in Buraj Nau Bad through rural development grants.', 'Days 61-90: Convert current +32 vote lead into permanent party loyalty before 2027.'], 'action_steps_pa': ['ਦਿਨ 1-30: SAD ਛੱਡ ਕੇ ਆਪ ਵਿੱਚ ਸ਼ਾਮਲ ਹੋਏ ਆਗੂਆਂ ਨੂੰ ਬੂਥ ਕਮੇਟੀ ਵਿੱਚ ਅਹਿਮ ਜ਼ਿੰਮੇਵਾਰੀਆਂ ਦਿਓ।', ""ਦਿਨ 31-60: ਬੁਰਜ ਨੌਂ ਬਾਦ ਵਿੱਚ ਪਿੰਡ ਦੀਆਂ ਫਿਰਨੀਆਂ, ਗਲੀਆਂ ਅਤੇ ਲਿੰਕ ਸੜਕਾਂ ਦੇ ਕੰਮ ਤਰਜੀਹ 'ਤੇ ਕਰਵਾਓ।"", 'ਦਿਨ 61-90: +32 ਵੋਟਾਂ ਦੀ ਲੀਡ ਨੂੰ ਪੱਕੇ ਵੋਟ ਬੈਂਕ ਵਿੱਚ ਤਬਦੀਲ ਕਰੋ।'], 'action_steps': ['ਦਿਨ 1-30: SAD ਛੱਡ ਕੇ ਆਪ ਵਿੱਚ ਸ਼ਾਮਲ ਹੋਏ ਆਗੂਆਂ ਨੂੰ ਬੂਥ ਕਮੇਟੀ ਵਿੱਚ ਅਹਿਮ ਜ਼ਿੰਮੇਵਾਰੀਆਂ ਦਿਓ।', ""ਦਿਨ 31-60: ਬੁਰਜ ਨੌਂ ਬਾਦ ਵਿੱਚ ਪਿੰਡ ਦੀਆਂ ਫਿਰਨੀਆਂ, ਗਲੀਆਂ ਅਤੇ ਲਿੰਕ ਸੜਕਾਂ ਦੇ ਕੰਮ ਤਰਜੀਹ 'ਤੇ ਕਰਵਾਓ।"", 'ਦਿਨ 61-90: +32 ਵੋਟਾਂ ਦੀ ਲੀਡ ਨੂੰ ਪੱਕੇ ਵੋਟ ਬੈਂਕ ਵਿੱਚ ਤਬਦੀਲ ਕਰੋ।']}"
15,15,15,15,16,True,2024: #15 | 2022: #16,2024 Booth #15 (Bhoma) • 2022 Booth #16 (Buraj Nau Bad was at #15),2024 ਬੂਥ #15 (ਭੋਮਾ) • 2022 ਬੂਥ #16 (ਬੂਥ #15 'ਤੇ ਬੁਰਜ ਨੌਂ ਬਾਦ ਸੀ),Bhoma,ਭੋਮਾ,ਭੋਮਾ,Bhoma,ਭੋਮਾ,Buraj Nau Bad,ਬੁਰਜ ਨੌਂ ਬਾਦ,SAD,SAD,132,47,SAD Retained,SAD Retained,AAP Deficit,ਆਪ ਘਾਟ,INC Deficit,"{'AAP': 'LOST_BOTH', 'SAD': 'WON_BOTH', 'INC': 'WEAK', 'BJP': 'WEAK'}",False,"{'is_flip': False, 'status_label': 'SAD Retained', 'turnout_diff': 177, 'turnout_pct': 39.42, 'sad_swing': -11.63, 'aap_swing': 17.39, 'inc_swing': -17.69, 'bjp_swing': -0.15}",449,626,177,39.42,243,266,23,54.12,42.49,-11.63,79,219,140,17.59,34.98,17.39,111,44,-67,24.72,7.03,-17.69,5,6,1,1.11,0.96,-0.15,28,4.47,"{'total': 449, 'sad': 243, 'aap': 79, 'inc': 111, 'bjp': 5, 'sad_votes': 243, 'sad_pct': 54.12, 'aap_votes': 79, 'aap_pct': 17.59, 'inc_votes': 111, 'inc_pct': 24.72, 'bjp_votes': 5, 'bjp_pct': 1.11, 'winner_party': 'SAD', 'margin': 132, 'winner_candidate': 'Ganieve Kaur Majithia'}","{'total': 626, 'sad': 266, 'aap': 219, 'inc': 44, 'bjp': 6, 'sada': 28, 'bsp': 0, 'others': 60, 'sad_votes': 266, 'sad_pct': 42.49, 'aap_votes': 219, 'aap_pct': 34.98, 'inc_votes': 44, 'inc_pct': 7.03, 'bjp_votes': 6, 'bjp_pct': 0.96, 'sada_votes': 28, 'sada_pct': 4.47, 'winner_party': 'SAD', 'margin': 47, 'winner_candidate': 'Anil Joshi'}","{'turnout_diff': 177, 'turnout_pct': 39.42, 'sad_shift': 23, 'sad_swing': -11.63, 'aap_shift': 140, 'aap_swing': 17.39, 'inc_shift': -67, 'inc_swing': -17.69, 'bjp_shift': 1, 'bjp_swing': -0.15}",Akali Bastion: Strategic Penetration & Demolition Zone,ਅਕਾਲੀ ਦਲ ਦਾ ਪ੍ਰਭਾਵਿਤ ਖੇਤਰ: ਵਿਸ਼ੇਸ਼ ਘੇਰਾਬੰਦੀ ਜ਼ੋਨ,SAD retained lead here by +47 votes (42.5% share). Target moderate Panthic and farming families in Bhoma disillusioned with traditional leadership. Appoint dedicated block coordinators and highlight direct government procurement and village development works.,ਅਕਾਲੀ ਦਲ ਨੇ ਇੱਥੇ +47 ਵੋਟਾਂ (42.5%) ਨਾਲ ਲੀਡ ਬਣਾਈ ਹੈ। ਭੋਮਾ ਵਿੱਚ ਰਵਾਇਤੀ ਲੀਡਰਸ਼ਿਪ ਤੋਂ ਨਿਰਾਸ਼ ਕਿਸਾਨ ਅਤੇ ਪੰਥਕ ਪਰਿਵਾਰਾਂ ਨਾਲ ਸੰਵਾਦ ਕਰੋ। ਪਿੰਡਾਂ ਵਿੱਚ ਪੰਜਾਬ ਸਰਕਾਰ ਦੇ ਵਿਕਾਸ ਕਾਰਜਾਂ ਅਤੇ ਨਿਰਪੱਖ ਭਰਤੀਆਂ ਦੇ ਸੁਨੇਹੇ ਨਾਲ ਸੰਨ੍ਹ ਲਗਾਓ।,"{'booth_no': '15', 'village_en': 'Bhoma', 'village_pa': 'ਭੋਮਾ', 'zone_en': 'Akali Bastion: Strategic Penetration & Demolition Zone', 'zone_pa': 'ਅਕਾਲੀ ਦਲ ਦਾ ਪ੍ਰਭਾਵਿਤ ਖੇਤਰ: ਵਿਸ਼ੇਸ਼ ਘੇਰਾਬੰਦੀ ਜ਼ੋਨ', 'action_en': 'SAD retained lead here by +47 votes (42.5% share). Target moderate Panthic and farming families in Bhoma disillusioned with traditional leadership. Appoint dedicated block coordinators and highlight direct government procurement and village development works.', 'action_pa': 'ਅਕਾਲੀ ਦਲ ਨੇ ਇੱਥੇ +47 ਵੋਟਾਂ (42.5%) ਨਾਲ ਲੀਡ ਬਣਾਈ ਹੈ। ਭੋਮਾ ਵਿੱਚ ਰਵਾਇਤੀ ਲੀਡਰਸ਼ਿਪ ਤੋਂ ਨਿਰਾਸ਼ ਕਿਸਾਨ ਅਤੇ ਪੰਥਕ ਪਰਿਵਾਰਾਂ ਨਾਲ ਸੰਵਾਦ ਕਰੋ। ਪਿੰਡਾਂ ਵਿੱਚ ਪੰਜਾਬ ਸਰਕਾਰ ਦੇ ਵਿਕਾਸ ਕਾਰਜਾਂ ਅਤੇ ਨਿਰਪੱਖ ਭਰਤੀਆਂ ਦੇ ਸੁਨੇਹੇ ਨਾਲ ਸੰਨ੍ਹ ਲਗਾਓ।', 'action_steps_en': ['Days 1-30: Map the top 30 influential non-committed Panthic families in Bhoma.', 'Days 31-60: Deploy senior constituency leaders for direct home visits to address local disgruntlement.', ""Days 61-90: Neutralize SAD's +47 vote cushion by winning over agricultural youth.""], 'action_steps_pa': ['ਦਿਨ 1-30: ਭੋਮਾ ਦੇ 30 ਨਿਰਪੱਖ ਅਤੇ ਪ੍ਰਭਾਵਸ਼ਾਲੀ ਪਰਿਵਾਰਾਂ ਦੀ ਸ਼ਨਾਖਤ ਕਰੋ।', 'ਦਿਨ 31-60: ਸੀਨੀਅਰ ਲੀਡਰਸ਼ਿਪ ਰਾਹੀਂ ਘਰ-ਘਰ ਜਾ ਕੇ ਸਰਕਾਰ ਦੀਆਂ ਨਿਰਪੱਖ ਨੀਤੀਆਂ ਸਾਂਝੀਆਂ ਕਰੋ।', 'ਦਿਨ 61-90: ਨੌਜਵਾਨ ਵਰਗ ਨੂੰ ਸਰਕਾਰੀ ਨੌਕਰੀਆਂ ਅਤੇ ਖੇਡ ਕਿੱਟਾਂ ਰਾਹੀਂ ਪਾਰਟੀ ਨਾਲ ਜੋੜ ਕੇ ਲੀਡ ਘਟਾਓ।'], 'action_steps': ['ਦਿਨ 1-30: ਭੋਮਾ ਦੇ 30 ਨਿਰਪੱਖ ਅਤੇ ਪ੍ਰਭਾਵਸ਼ਾਲੀ ਪਰਿਵਾਰਾਂ ਦੀ ਸ਼ਨਾਖਤ ਕਰੋ।', 'ਦਿਨ 31-60: ਸੀਨੀਅਰ ਲੀਡਰਸ਼ਿਪ ਰਾਹੀਂ ਘਰ-ਘਰ ਜਾ ਕੇ ਸਰਕਾਰ ਦੀਆਂ ਨਿਰਪੱਖ ਨੀਤੀਆਂ ਸਾਂਝੀਆਂ ਕਰੋ।', 'ਦਿਨ 61-90: ਨੌਜਵਾਨ ਵਰਗ ਨੂੰ ਸਰਕਾਰੀ ਨੌਕਰੀਆਂ ਅਤੇ ਖੇਡ ਕਿੱਟਾਂ ਰਾਹੀਂ ਪਾਰਟੀ ਨਾਲ ਜੋੜ ਕੇ ਲੀਡ ਘਟਾਓ।']}"
16,16,16,16,17,False,#16,Booth #16 (Unchanged),ਬੂਥ #16 (ਅਣਬਦਲਿਆ),Bhoma,ਭੋਮਾ,ਭੋਮਾ,Bhoma,ਭੋਮਾ,Bhoma,ਭੋਮਾ,SAD,AAP,47,59,SAD → AAP,SAD → AAP,AAP Gain,ਆਪ ਲਾਭ,INC Deficit,"{'AAP': 'GAINED', 'SAD': 'LOST_24', 'INC': 'WEAK', 'BJP': 'WEAK'}",True,"{'is_flip': True, 'status_label': 'SAD → AAP', 'turnout_diff': -9, 'turnout_pct': -1.51, 'sad_swing': -12.16, 'aap_swing': 5.81, 'inc_swing': 3.04, 'bjp_swing': 8.03}",595,586,-9,-1.51,249,174,-75,41.85,29.69,-12.16,202,233,31,33.95,39.76,5.81,54,71,17,9.08,12.12,3.04,4,51,47,0.67,8.7,8.03,7,1.19,"{'total': 595, 'sad': 249, 'aap': 202, 'inc': 54, 'bjp': 4, 'sad_votes': 249, 'sad_pct': 41.85, 'aap_votes': 202, 'aap_pct': 33.95, 'inc_votes': 54, 'inc_pct': 9.08, 'bjp_votes': 4, 'bjp_pct': 0.67, 'winner_party': 'SAD', 'margin': 47, 'winner_candidate': 'Ganieve Kaur Majithia'}","{'total': 586, 'sad': 174, 'aap': 233, 'inc': 71, 'bjp': 51, 'sada': 7, 'bsp': 2, 'others': 47, 'sad_votes': 174, 'sad_pct': 29.69, 'aap_votes': 233, 'aap_pct': 39.76, 'inc_votes': 71, 'inc_pct': 12.12, 'bjp_votes': 51, 'bjp_pct': 8.7, 'sada_votes': 7, 'sada_pct': 1.19, 'winner_party': 'AAP', 'margin': 59, 'winner_candidate': 'Kuldeep Singh Dhaliwal'}","{'turnout_diff': -9, 'turnout_pct': -1.51, 'sad_shift': -75, 'sad_swing': -12.16, 'aap_shift': 31, 'aap_swing': 5.81, 'inc_shift': 17, 'inc_swing': 3.04, 'bjp_shift': 47, 'bjp_swing': 8.03}",Historic Breakthrough: AAP Flipped Stronghold,ਇਤਿਹਾਸਕ ਪ੍ਰਾਪਤੀ: ਅਕਾਲੀ ਗੜ੍ਹ ਵਿੱਚ ਆਪ ਦੀ ਜਿੱਤ ਜ਼ੋਨ,"Major breakthrough in Bhoma previously held by SAD. Formally induct local village swing leaders and youth volunteers who backed AAP in 2024. Resolve local village infrastructure, canal tail issues, and cement +59 lead.","ਭੋਮਾ ਵਿੱਚ ਵੱਡੀ ਇਤਿਹਾਸਕ ਸਫ਼ਲਤਾ, ਜਿੱਥੇ SAD ਦਾ ਪੁਰਾਣਾ ਦਬਦਬਾ ਟੁੱਟਿਆ। 2024 ਵਿੱਚ ਆਪ ਨਾਲ ਜੁੜੇ ਨੌਜਵਾਨਾਂ ਅਤੇ ਪੰਚਾਇਤੀ ਆਗੂਆਂ ਨੂੰ ਜਥੇਬੰਦਕ ਜ਼ਿੰਮੇਵਾਰੀਆਂ ਦਿਓ ਅਤੇ +59 ਵੋਟਾਂ ਦੀ ਲੀਡ ਨੂੰ ਸਥਾਈ ਵੋਟ ਬੈਂਕ ਵਿੱਚ ਬਦਲੋ।","{'booth_no': '16', 'village_en': 'Bhoma', 'village_pa': 'ਭੋਮਾ', 'zone_en': 'Historic Breakthrough: AAP Flipped Stronghold', 'zone_pa': 'ਇਤਿਹਾਸਕ ਪ੍ਰਾਪਤੀ: ਅਕਾਲੀ ਗੜ੍ਹ ਵਿੱਚ ਆਪ ਦੀ ਜਿੱਤ ਜ਼ੋਨ', 'action_en': 'Major breakthrough in Bhoma previously held by SAD. Formally induct local village swing leaders and youth volunteers who backed AAP in 2024. Resolve local village infrastructure, canal tail issues, and cement +59 lead.', 'action_pa': 'ਭੋਮਾ ਵਿੱਚ ਵੱਡੀ ਇਤਿਹਾਸਕ ਸਫ਼ਲਤਾ, ਜਿੱਥੇ SAD ਦਾ ਪੁਰਾਣਾ ਦਬਦਬਾ ਟੁੱਟਿਆ। 2024 ਵਿੱਚ ਆਪ ਨਾਲ ਜੁੜੇ ਨੌਜਵਾਨਾਂ ਅਤੇ ਪੰਚਾਇਤੀ ਆਗੂਆਂ ਨੂੰ ਜਥੇਬੰਦਕ ਜ਼ਿੰਮੇਵਾਰੀਆਂ ਦਿਓ ਅਤੇ +59 ਵੋਟਾਂ ਦੀ ਲੀਡ ਨੂੰ ਸਥਾਈ ਵੋਟ ਬੈਂਕ ਵਿੱਚ ਬਦਲੋ।', 'action_steps_en': ['Days 1-30: Onboard dynamic swing workers who crossed over from SAD into the formal AAP booth structure.', 'Days 31-60: Prioritize village link road and street light repairs in Bhoma through rural development grants.', 'Days 61-90: Convert current +59 vote lead into permanent party loyalty before 2027.'], 'action_steps_pa': ['ਦਿਨ 1-30: SAD ਛੱਡ ਕੇ ਆਪ ਵਿੱਚ ਸ਼ਾਮਲ ਹੋਏ ਆਗੂਆਂ ਨੂੰ ਬੂਥ ਕਮੇਟੀ ਵਿੱਚ ਅਹਿਮ ਜ਼ਿੰਮੇਵਾਰੀਆਂ ਦਿਓ।', ""ਦਿਨ 31-60: ਭੋਮਾ ਵਿੱਚ ਪਿੰਡ ਦੀਆਂ ਫਿਰਨੀਆਂ, ਗਲੀਆਂ ਅਤੇ ਲਿੰਕ ਸੜਕਾਂ ਦੇ ਕੰਮ ਤਰਜੀਹ 'ਤੇ ਕਰਵਾਓ।"", 'ਦਿਨ 61-90: +59 ਵੋਟਾਂ ਦੀ ਲੀਡ ਨੂੰ ਪੱਕੇ ਵੋਟ ਬੈਂਕ ਵਿੱਚ ਤਬਦੀਲ ਕਰੋ।'], 'action_steps': ['ਦਿਨ 1-30: SAD ਛੱਡ ਕੇ ਆਪ ਵਿੱਚ ਸ਼ਾਮਲ ਹੋਏ ਆਗੂਆਂ ਨੂੰ ਬੂਥ ਕਮੇਟੀ ਵਿੱਚ ਅਹਿਮ ਜ਼ਿੰਮੇਵਾਰੀਆਂ ਦਿਓ।', ""ਦਿਨ 31-60: ਭੋਮਾ ਵਿੱਚ ਪਿੰਡ ਦੀਆਂ ਫਿਰਨੀਆਂ, ਗਲੀਆਂ ਅਤੇ ਲਿੰਕ ਸੜਕਾਂ ਦੇ ਕੰਮ ਤਰਜੀਹ 'ਤੇ ਕਰਵਾਓ।"", 'ਦਿਨ 61-90: +59 ਵੋਟਾਂ ਦੀ ਲੀਡ ਨੂੰ ਪੱਕੇ ਵੋਟ ਬੈਂਕ ਵਿੱਚ ਤਬਦੀਲ ਕਰੋ।']}"
17,17,17,17,18,True,2024: #17 | 2022: #18,2024 Booth #17 (Bhangwan) • 2022 Booth #18 (Bhoma was at #17),2024 ਬੂਥ #17 (ਭੰਗਵਾਂ) • 2022 ਬੂਥ #18 (ਬੂਥ #17 'ਤੇ ਭੋਮਾ ਸੀ),Bhangwan,ਭੰਗਵਾਂ,ਭੰਗਵਾਂ,Bhangwan,ਭੰਗਵਾਂ,Bhoma,ਭੋਮਾ,SAD,SAD,9,113,SAD Retained,SAD Retained,AAP Deficit,ਆਪ ਘਾਟ,INC Deficit,"{'AAP': 'LOST_BOTH', 'SAD': 'WON_BOTH', 'INC': 'WEAK', 'BJP': 'WEAK'}",False,"{'is_flip': False, 'status_label': 'SAD Retained', 'turnout_diff': 63, 'turnout_pct': 14.06, 'sad_swing': 14.67, 'aap_swing': -5.45, 'inc_swing': -8.93, 'bjp_swing': 1.9}",448,511,63,14.06,157,254,97,35.04,49.71,14.67,148,141,-7,33.04,27.59,-5.45,97,65,-32,21.65,12.72,-8.93,2,12,10,0.45,2.35,1.9,22,4.31,"{'total': 448, 'sad': 157, 'aap': 148, 'inc': 97, 'bjp': 2, 'sad_votes': 157, 'sad_pct': 35.04, 'aap_votes': 148, 'aap_pct': 33.04, 'inc_votes': 97, 'inc_pct': 21.65, 'bjp_votes': 2, 'bjp_pct': 0.45, 'winner_party': 'SAD', 'margin': 9, 'winner_candidate': 'Ganieve Kaur Majithia'}","{'total': 511, 'sad': 254, 'aap': 141, 'inc': 65, 'bjp': 12, 'sada': 22, 'bsp': 0, 'others': 17, 'sad_votes': 254, 'sad_pct': 49.71, 'aap_votes': 141, 'aap_pct': 27.59, 'inc_votes': 65, 'inc_pct': 12.72, 'bjp_votes': 12, 'bjp_pct': 2.35, 'sada_votes': 22, 'sada_pct': 4.31, 'winner_party': 'SAD', 'margin': 113, 'winner_candidate': 'Anil Joshi'}","{'turnout_diff': 63, 'turnout_pct': 14.06, 'sad_shift': 97, 'sad_swing': 14.67, 'aap_shift': -7, 'aap_swing': -5.45, 'inc_shift': -32, 'inc_swing': -8.93, 'bjp_shift': 10, 'bjp_swing': 1.9}",Akali Bastion: Strategic Penetration & Demolition Zone,ਅਕਾਲੀ ਦਲ ਦਾ ਪ੍ਰਭਾਵਿਤ ਖੇਤਰ: ਵਿਸ਼ੇਸ਼ ਘੇਰਾਬੰਦੀ ਜ਼ੋਨ,SAD retained lead here by +113 votes (49.7% share). Target moderate Panthic and farming families in Bhangwan disillusioned with traditional leadership. Appoint dedicated block coordinators and highlight direct government procurement and village development works.,ਅਕਾਲੀ ਦਲ ਨੇ ਇੱਥੇ +113 ਵੋਟਾਂ (49.7%) ਨਾਲ ਲੀਡ ਬਣਾਈ ਹੈ। ਭੰਗਵਾਂ ਵਿੱਚ ਰਵਾਇਤੀ ਲੀਡਰਸ਼ਿਪ ਤੋਂ ਨਿਰਾਸ਼ ਕਿਸਾਨ ਅਤੇ ਪੰਥਕ ਪਰਿਵਾਰਾਂ ਨਾਲ ਸੰਵਾਦ ਕਰੋ। ਪਿੰਡਾਂ ਵਿੱਚ ਪੰਜਾਬ ਸਰਕਾਰ ਦੇ ਵਿਕਾਸ ਕਾਰਜਾਂ ਅਤੇ ਨਿਰਪੱਖ ਭਰਤੀਆਂ ਦੇ ਸੁਨੇਹੇ ਨਾਲ ਸੰਨ੍ਹ ਲਗਾਓ।,"{'booth_no': '17', 'village_en': 'Bhangwan', 'village_pa': 'ਭੰਗਵਾਂ', 'zone_en': 'Akali Bastion: Strategic Penetration & Demolition Zone', 'zone_pa': 'ਅਕਾਲੀ ਦਲ ਦਾ ਪ੍ਰਭਾਵਿਤ ਖੇਤਰ: ਵਿਸ਼ੇਸ਼ ਘੇਰਾਬੰਦੀ ਜ਼ੋਨ', 'action_en': 'SAD retained lead here by +113 votes (49.7% share). Target moderate Panthic and farming families in Bhangwan disillusioned with traditional leadership. Appoint dedicated block coordinators and highlight direct government procurement and village development works.', 'action_pa': 'ਅਕਾਲੀ ਦਲ ਨੇ ਇੱਥੇ +113 ਵੋਟਾਂ (49.7%) ਨਾਲ ਲੀਡ ਬਣਾਈ ਹੈ। ਭੰਗਵਾਂ ਵਿੱਚ ਰਵਾਇਤੀ ਲੀਡਰਸ਼ਿਪ ਤੋਂ ਨਿਰਾਸ਼ ਕਿਸਾਨ ਅਤੇ ਪੰਥਕ ਪਰਿਵਾਰਾਂ ਨਾਲ ਸੰਵਾਦ ਕਰੋ। ਪਿੰਡਾਂ ਵਿੱਚ ਪੰਜਾਬ ਸਰਕਾਰ ਦੇ ਵਿਕਾਸ ਕਾਰਜਾਂ ਅਤੇ ਨਿਰਪੱਖ ਭਰਤੀਆਂ ਦੇ ਸੁਨੇਹੇ ਨਾਲ ਸੰਨ੍ਹ ਲਗਾਓ।', 'action_steps_en': ['Days 1-30: Map the top 30 influential non-committed Panthic families in Bhangwan.', 'Days 31-60: Deploy senior constituency leaders for direct home visits to address local disgruntlement.', ""Days 61-90: Neutralize SAD's +113 vote cushion by winning over agricultural youth.""], 'action_steps_pa': ['ਦਿਨ 1-30: ਭੰਗਵਾਂ ਦੇ 30 ਨਿਰਪੱਖ ਅਤੇ ਪ੍ਰਭਾਵਸ਼ਾਲੀ ਪਰਿਵਾਰਾਂ ਦੀ ਸ਼ਨਾਖਤ ਕਰੋ।', 'ਦਿਨ 31-60: ਸੀਨੀਅਰ ਲੀਡਰਸ਼ਿਪ ਰਾਹੀਂ ਘਰ-ਘਰ ਜਾ ਕੇ ਸਰਕਾਰ ਦੀਆਂ ਨਿਰਪੱਖ ਨੀਤੀਆਂ ਸਾਂਝੀਆਂ ਕਰੋ।', 'ਦਿਨ 61-90: ਨੌਜਵਾਨ ਵਰਗ ਨੂੰ ਸਰਕਾਰੀ ਨੌਕਰੀਆਂ ਅਤੇ ਖੇਡ ਕਿੱਟਾਂ ਰਾਹੀਂ ਪਾਰਟੀ ਨਾਲ ਜੋੜ ਕੇ ਲੀਡ ਘਟਾਓ।'], 'action_steps': ['ਦਿਨ 1-30: ਭੰਗਵਾਂ ਦੇ 30 ਨਿਰਪੱਖ ਅਤੇ ਪ੍ਰਭਾਵਸ਼ਾਲੀ ਪਰਿਵਾਰਾਂ ਦੀ ਸ਼ਨਾਖਤ ਕਰੋ।', 'ਦਿਨ 31-60: ਸੀਨੀਅਰ ਲੀਡਰਸ਼ਿਪ ਰਾਹੀਂ ਘਰ-ਘਰ ਜਾ ਕੇ ਸਰਕਾਰ ਦੀਆਂ ਨਿਰਪੱਖ ਨੀਤੀਆਂ ਸਾਂਝੀਆਂ ਕਰੋ।', 'ਦਿਨ 61-90: ਨੌਜਵਾਨ ਵਰਗ ਨੂੰ ਸਰਕਾਰੀ ਨੌਕਰੀਆਂ ਅਤੇ ਖੇਡ ਕਿੱਟਾਂ ਰਾਹੀਂ ਪਾਰਟੀ ਨਾਲ ਜੋੜ ਕੇ ਲੀਡ ਘਟਾਓ।']}"
18,18,18,18,19,False,#18,Booth #18 (Unchanged),ਬੂਥ #18 (ਅਣਬਦਲਿਆ),Bhangwan,ਭੰਗਵਾਂ,ਭੰਗਵਾਂ,Bhangwan,ਭੰਗਵਾਂ,Bhangwan,ਭੰਗਵਾਂ,AAP,SAD,18,143,AAP → SAD,AAP → SAD,AAP Loss,ਆਪ ਨੁਕਸਾਨ,INC Deficit,"{'AAP': 'LOST_24', 'SAD': 'GAINED', 'INC': 'LOST_BOTH', 'BJP': 'WEAK'}",True,"{'is_flip': True, 'status_label': 'AAP → SAD', 'turnout_diff': 333, 'turnout_pct': 84.73, 'sad_swing': 8.5, 'aap_swing': -15.77, 'inc_swing': 2.72, 'bjp_swing': 1.95}",393,726,333,84.73,136,313,177,34.61,43.11,8.5,154,170,16,39.19,23.42,-15.77,77,162,85,19.59,22.31,2.72,8,29,21,2.04,3.99,1.95,15,2.07,"{'total': 393, 'sad': 136, 'aap': 154, 'inc': 77, 'bjp': 8, 'sad_votes': 136, 'sad_pct': 34.61, 'aap_votes': 154, 'aap_pct': 39.19, 'inc_votes': 77, 'inc_pct': 19.59, 'bjp_votes': 8, 'bjp_pct': 2.04, 'winner_party': 'AAP', 'margin': 18, 'winner_candidate': 'Sukhjinder Raj Singh (Lalli)'}","{'total': 726, 'sad': 313, 'aap': 170, 'inc': 162, 'bjp': 29, 'sada': 15, 'bsp': 0, 'others': 32, 'sad_votes': 313, 'sad_pct': 43.11, 'aap_votes': 170, 'aap_pct': 23.42, 'inc_votes': 162, 'inc_pct': 22.31, 'bjp_votes': 29, 'bjp_pct': 3.99, 'sada_votes': 15, 'sada_pct': 2.07, 'winner_party': 'SAD', 'margin': 143, 'winner_candidate': 'Anil Joshi'}","{'turnout_diff': 333, 'turnout_pct': 84.73, 'sad_shift': 177, 'sad_swing': 8.5, 'aap_shift': 16, 'aap_swing': -15.77, 'inc_shift': 85, 'inc_swing': 2.72, 'bjp_shift': 21, 'bjp_swing': 1.95}",Akali Bastion: Strategic Penetration & Demolition Zone,ਅਕਾਲੀ ਦਲ ਦਾ ਪ੍ਰਭਾਵਿਤ ਖੇਤਰ: ਵਿਸ਼ੇਸ਼ ਘੇਰਾਬੰਦੀ ਜ਼ੋਨ,SAD retained lead here by +143 votes (43.1% share). Target moderate Panthic and farming families in Bhangwan disillusioned with traditional leadership. Appoint dedicated block coordinators and highlight direct government procurement and village development works.,ਅਕਾਲੀ ਦਲ ਨੇ ਇੱਥੇ +143 ਵੋਟਾਂ (43.1%) ਨਾਲ ਲੀਡ ਬਣਾਈ ਹੈ। ਭੰਗਵਾਂ ਵਿੱਚ ਰਵਾਇਤੀ ਲੀਡਰਸ਼ਿਪ ਤੋਂ ਨਿਰਾਸ਼ ਕਿਸਾਨ ਅਤੇ ਪੰਥਕ ਪਰਿਵਾਰਾਂ ਨਾਲ ਸੰਵਾਦ ਕਰੋ। ਪਿੰਡਾਂ ਵਿੱਚ ਪੰਜਾਬ ਸਰਕਾਰ ਦੇ ਵਿਕਾਸ ਕਾਰਜਾਂ ਅਤੇ ਨਿਰਪੱਖ ਭਰਤੀਆਂ ਦੇ ਸੁਨੇਹੇ ਨਾਲ ਸੰਨ੍ਹ ਲਗਾਓ।,"{'booth_no': '18', 'village_en': 'Bhangwan', 'village_pa': 'ਭੰਗਵਾਂ', 'zone_en': 'Akali Bastion: Strategic Penetration & Demolition Zone', 'zone_pa': 'ਅਕਾਲੀ ਦਲ ਦਾ ਪ੍ਰਭਾਵਿਤ ਖੇਤਰ: ਵਿਸ਼ੇਸ਼ ਘੇਰਾਬੰਦੀ ਜ਼ੋਨ', 'action_en': 'SAD retained lead here by +143 votes (43.1% share). Target moderate Panthic and farming families in Bhangwan disillusioned with traditional leadership. Appoint dedicated block coordinators and highlight direct government procurement and village development works.', 'action_pa': 'ਅਕਾਲੀ ਦਲ ਨੇ ਇੱਥੇ +143 ਵੋਟਾਂ (43.1%) ਨਾਲ ਲੀਡ ਬਣਾਈ ਹੈ। ਭੰਗਵਾਂ ਵਿੱਚ ਰਵਾਇਤੀ ਲੀਡਰਸ਼ਿਪ ਤੋਂ ਨਿਰਾਸ਼ ਕਿਸਾਨ ਅਤੇ ਪੰਥਕ ਪਰਿਵਾਰਾਂ ਨਾਲ ਸੰਵਾਦ ਕਰੋ। ਪਿੰਡਾਂ ਵਿੱਚ ਪੰਜਾਬ ਸਰਕਾਰ ਦੇ ਵਿਕਾਸ ਕਾਰਜਾਂ ਅਤੇ ਨਿਰਪੱਖ ਭਰਤੀਆਂ ਦੇ ਸੁਨੇਹੇ ਨਾਲ ਸੰਨ੍ਹ ਲਗਾਓ।', 'action_steps_en': ['Days 1-30: Map the top 30 influential non-committed Panthic families in Bhangwan.', 'Days 31-60: Deploy senior constituency leaders for direct home visits to address local disgruntlement.', ""Days 61-90: Neutralize SAD's +143 vote cushion by winning over agricultural youth.""], 'action_steps_pa': ['ਦਿਨ 1-30: ਭੰਗਵਾਂ ਦੇ 30 ਨਿਰਪੱਖ ਅਤੇ ਪ੍ਰਭਾਵਸ਼ਾਲੀ ਪਰਿਵਾਰਾਂ ਦੀ ਸ਼ਨਾਖਤ ਕਰੋ।', 'ਦਿਨ 31-60: ਸੀਨੀਅਰ ਲੀਡਰਸ਼ਿਪ ਰਾਹੀਂ ਘਰ-ਘਰ ਜਾ ਕੇ ਸਰਕਾਰ ਦੀਆਂ ਨਿਰਪੱਖ ਨੀਤੀਆਂ ਸਾਂਝੀਆਂ ਕਰੋ।', 'ਦਿਨ 61-90: ਨੌਜਵਾਨ ਵਰਗ ਨੂੰ ਸਰਕਾਰੀ ਨੌਕਰੀਆਂ ਅਤੇ ਖੇਡ ਕਿੱਟਾਂ ਰਾਹੀਂ ਪਾਰਟੀ ਨਾਲ ਜੋੜ ਕੇ ਲੀਡ ਘਟਾਓ।'], 'action_steps': ['ਦਿਨ 1-30: ਭੰਗਵਾਂ ਦੇ 30 ਨਿਰਪੱਖ ਅਤੇ ਪ੍ਰਭਾਵਸ਼ਾਲੀ ਪਰਿਵਾਰਾਂ ਦੀ ਸ਼ਨਾਖਤ ਕਰੋ।', 'ਦਿਨ 31-60: ਸੀਨੀਅਰ ਲੀਡਰਸ਼ਿਪ ਰਾਹੀਂ ਘਰ-ਘਰ ਜਾ ਕੇ ਸਰਕਾਰ ਦੀਆਂ ਨਿਰਪੱਖ ਨੀਤੀਆਂ ਸਾਂਝੀਆਂ ਕਰੋ।', 'ਦਿਨ 61-90: ਨੌਜਵਾਨ ਵਰਗ ਨੂੰ ਸਰਕਾਰੀ ਨੌਕਰੀਆਂ ਅਤੇ ਖੇਡ ਕਿੱਟਾਂ ਰਾਹੀਂ ਪਾਰਟੀ ਨਾਲ ਜੋੜ ਕੇ ਲੀਡ ਘਟਾਓ।']}"
19,19,19,19,20,True,2024: #19 | 2022: #20,2024 Booth #19 (Kotla Gujran) • 2022 Booth #20 (Bhangwan was at #19),2024 ਬੂਥ #19 (ਕੋਟਲਾ ਗੁੱਜਰਾਂ) • 2022 ਬੂਥ #20 (ਬੂਥ #19 'ਤੇ ਭੰਗਵਾਂ ਸੀ),Kotla Gujran,ਕੋਟਲਾ ਗੁੱਜਰਾਂ,ਕੋਟਲਾ ਗੁੱਜਰਾਂ,Kotla Gujran,ਕੋਟਲਾ ਗੁੱਜਰਾਂ,Bhangwan,ਭੰਗਵਾਂ,SAD,SAD,138,37,SAD Retained,SAD Retained,AAP Deficit,ਆਪ ਘਾਟ,INC Deficit,"{'AAP': 'LOST_BOTH', 'SAD': 'WON_BOTH', 'INC': 'WEAK', 'BJP': 'WEAK'}",False,"{'is_flip': False, 'status_label': 'SAD Retained', 'turnout_diff': -148, 'turnout_pct': -24.96, 'sad_swing': -13.07, 'aap_swing': 1.9, 'inc_swing': -6.92, 'bjp_swing': 2.08}",593,445,-148,-24.96,296,164,-132,49.92,36.85,-13.07,158,127,-31,26.64,28.54,1.9,101,45,-56,17.03,10.11,-6.92,9,16,7,1.52,3.6,2.08,69,15.51,"{'total': 593, 'sad': 296, 'aap': 158, 'inc': 101, 'bjp': 9, 'sad_votes': 296, 'sad_pct': 49.92, 'aap_votes': 158, 'aap_pct': 26.64, 'inc_votes': 101, 'inc_pct': 17.03, 'bjp_votes': 9, 'bjp_pct': 1.52, 'winner_party': 'SAD', 'margin': 138, 'winner_candidate': 'Ganieve Kaur Majithia'}","{'total': 445, 'sad': 164, 'aap': 127, 'inc': 45, 'bjp': 16, 'sada': 69, 'bsp': 0, 'others': 22, 'sad_votes': 164, 'sad_pct': 36.85, 'aap_votes': 127, 'aap_pct': 28.54, 'inc_votes': 45, 'inc_pct': 10.11, 'bjp_votes': 16, 'bjp_pct': 3.6, 'sada_votes': 69, 'sada_pct': 15.51, 'winner_party': 'SAD', 'margin': 37, 'winner_candidate': 'Anil Joshi'}","{'turnout_diff': -148, 'turnout_pct': -24.96, 'sad_shift': -132, 'sad_swing': -13.07, 'aap_shift': -31, 'aap_swing': 1.9, 'inc_shift': -56, 'inc_swing': -6.92, 'bjp_shift': 7, 'bjp_swing': 2.08}",Akali Bastion: Strategic Penetration & Demolition Zone,ਅਕਾਲੀ ਦਲ ਦਾ ਪ੍ਰਭਾਵਿਤ ਖੇਤਰ: ਵਿਸ਼ੇਸ਼ ਘੇਰਾਬੰਦੀ ਜ਼ੋਨ,SAD retained lead here by +37 votes (36.9% share). Target moderate Panthic and farming families in Kotla Gujran disillusioned with traditional leadership. Appoint dedicated block coordinators and highlight direct government procurement and village development works.,ਅਕਾਲੀ ਦਲ ਨੇ ਇੱਥੇ +37 ਵੋਟਾਂ (36.9%) ਨਾਲ ਲੀਡ ਬਣਾਈ ਹੈ। ਕੋਟਲਾ ਗੁੱਜਰਾਂ ਵਿੱਚ ਰਵਾਇਤੀ ਲੀਡਰਸ਼ਿਪ ਤੋਂ ਨਿਰਾਸ਼ ਕਿਸਾਨ ਅਤੇ ਪੰਥਕ ਪਰਿਵਾਰਾਂ ਨਾਲ ਸੰਵਾਦ ਕਰੋ। ਪਿੰਡਾਂ ਵਿੱਚ ਪੰਜਾਬ ਸਰਕਾਰ ਦੇ ਵਿਕਾਸ ਕਾਰਜਾਂ ਅਤੇ ਨਿਰਪੱਖ ਭਰਤੀਆਂ ਦੇ ਸੁਨੇਹੇ ਨਾਲ ਸੰਨ੍ਹ ਲਗਾਓ।,"{'booth_no': '19', 'village_en': 'Kotla Gujran', 'village_pa': 'ਕੋਟਲਾ ਗੁੱਜਰਾਂ', 'zone_en': 'Akali Bastion: Strategic Penetration & Demolition Zone', 'zone_pa': 'ਅਕਾਲੀ ਦਲ ਦਾ ਪ੍ਰਭਾਵਿਤ ਖੇਤਰ: ਵਿਸ਼ੇਸ਼ ਘੇਰਾਬੰਦੀ ਜ਼ੋਨ', 'action_en': 'SAD retained lead here by +37 votes (36.9% share). Target moderate Panthic and farming families in Kotla Gujran disillusioned with traditional leadership. Appoint dedicated block coordinators and highlight direct government procurement and village development works.', 'action_pa': 'ਅਕਾਲੀ ਦਲ ਨੇ ਇੱਥੇ +37 ਵੋਟਾਂ (36.9%) ਨਾਲ ਲੀਡ ਬਣਾਈ ਹੈ। ਕੋਟਲਾ ਗੁੱਜਰਾਂ ਵਿੱਚ ਰਵਾਇਤੀ ਲੀਡਰਸ਼ਿਪ ਤੋਂ ਨਿਰਾਸ਼ ਕਿਸਾਨ ਅਤੇ ਪੰਥਕ ਪਰਿਵਾਰਾਂ ਨਾਲ ਸੰਵਾਦ ਕਰੋ। ਪਿੰਡਾਂ ਵਿੱਚ ਪੰਜਾਬ ਸਰਕਾਰ ਦੇ ਵਿਕਾਸ ਕਾਰਜਾਂ ਅਤੇ ਨਿਰਪੱਖ ਭਰਤੀਆਂ ਦੇ ਸੁਨੇਹੇ ਨਾਲ ਸੰਨ੍ਹ ਲਗਾਓ।', 'action_steps_en': ['Days 1-30: Map the top 30 influential non-committed Panthic families in Kotla Gujran.', 'Days 31-60: Deploy senior constituency leaders for direct home visits to address local disgruntlement.', ""Days 61-90: Neutralize SAD's +37 vote cushion by winning over agricultural youth.""], 'action_steps_pa': ['ਦਿਨ 1-30: ਕੋਟਲਾ ਗੁੱਜਰਾਂ ਦੇ 30 ਨਿਰਪੱਖ ਅਤੇ ਪ੍ਰਭਾਵਸ਼ਾਲੀ ਪਰਿਵਾਰਾਂ ਦੀ ਸ਼ਨਾਖਤ ਕਰੋ।', 'ਦਿਨ 31-60: ਸੀਨੀਅਰ ਲੀਡਰਸ਼ਿਪ ਰਾਹੀਂ ਘਰ-ਘਰ ਜਾ ਕੇ ਸਰਕਾਰ ਦੀਆਂ ਨਿਰਪੱਖ ਨੀਤੀਆਂ ਸਾਂਝੀਆਂ ਕਰੋ।', 'ਦਿਨ 61-90: ਨੌਜਵਾਨ ਵਰਗ ਨੂੰ ਸਰਕਾਰੀ ਨੌਕਰੀਆਂ ਅਤੇ ਖੇਡ ਕਿੱਟਾਂ ਰਾਹੀਂ ਪਾਰਟੀ ਨਾਲ ਜੋੜ ਕੇ ਲੀਡ ਘਟਾਓ।'], 'action_steps': ['ਦਿਨ 1-30: ਕੋਟਲਾ ਗੁੱਜਰਾਂ ਦੇ 30 ਨਿਰਪੱਖ ਅਤੇ ਪ੍ਰਭਾਵਸ਼ਾਲੀ ਪਰਿਵਾਰਾਂ ਦੀ ਸ਼ਨਾਖਤ ਕਰੋ।', 'ਦਿਨ 31-60: ਸੀਨੀਅਰ ਲੀਡਰਸ਼ਿਪ ਰਾਹੀਂ ਘਰ-ਘਰ ਜਾ ਕੇ ਸਰਕਾਰ ਦੀਆਂ ਨਿਰਪੱਖ ਨੀਤੀਆਂ ਸਾਂਝੀਆਂ ਕਰੋ।', 'ਦਿਨ 61-90: ਨੌਜਵਾਨ ਵਰਗ ਨੂੰ ਸਰਕਾਰੀ ਨੌਕਰੀਆਂ ਅਤੇ ਖੇਡ ਕਿੱਟਾਂ ਰਾਹੀਂ ਪਾਰਟੀ ਨਾਲ ਜੋੜ ਕੇ ਲੀਡ ਘਟਾਓ।']}"
20,20,20,20,21,False,#20,Booth #20 (Unchanged),ਬੂਥ #20 (ਅਣਬਦਲਿਆ),Kotla Gujran,ਕੋਟਲਾ ਗੁੱਜਰਾਂ,ਕੋਟਲਾ ਗੁੱਜਰਾਂ,Kotla Gujran,ਕੋਟਲਾ ਗੁੱਜਰਾਂ,Kotla Gujran,ਕੋਟਲਾ ਗੁੱਜਰਾਂ,SAD,SAD,173,86,SAD Retained,SAD Retained,AAP Deficit,ਆਪ ਘਾਟ,INC Deficit,"{'AAP': 'LOST_BOTH', 'SAD': 'WON_BOTH', 'INC': 'WEAK', 'BJP': 'WEAK'}",False,"{'is_flip': False, 'status_label': 'SAD Retained', 'turnout_diff': -450, 'turnout_pct': -55.69, 'sad_swing': -4.0, 'aap_swing': 5.52, 'inc_swing': -20.86, 'bjp_swing': 1.96}",808,358,-450,-55.69,407,166,-241,50.37,46.37,-4.0,136,80,-56,16.83,22.35,5.52,234,29,-205,28.96,8.1,-20.86,9,11,2,1.11,3.07,1.96,48,13.41,"{'total': 808, 'sad': 407, 'aap': 136, 'inc': 234, 'bjp': 9, 'sad_votes': 407, 'sad_pct': 50.37, 'aap_votes': 136, 'aap_pct': 16.83, 'inc_votes': 234, 'inc_pct': 28.96, 'bjp_votes': 9, 'bjp_pct': 1.11, 'winner_party': 'SAD', 'margin': 173, 'winner_candidate': 'Ganieve Kaur Majithia'}","{'total': 358, 'sad': 166, 'aap': 80, 'inc': 29, 'bjp': 11, 'sada': 48, 'bsp': 1, 'others': 21, 'sad_votes': 166, 'sad_pct': 46.37, 'aap_votes': 80, 'aap_pct': 22.35, 'inc_votes': 29, 'inc_pct': 8.1, 'bjp_votes': 11, 'bjp_pct': 3.07, 'sada_votes': 48, 'sada_pct': 13.41, 'winner_party': 'SAD', 'margin': 86, 'winner_candidate': 'Anil Joshi'}","{'turnout_diff': -450, 'turnout_pct': -55.69, 'sad_shift': -241, 'sad_swing': -4.0, 'aap_shift': -56, 'aap_swing': 5.52, 'inc_shift': -205, 'inc_swing': -20.86, 'bjp_shift': 2, 'bjp_swing': 1.96}",Akali Bastion: Strategic Penetration & Demolition Zone,ਅਕਾਲੀ ਦਲ ਦਾ ਪ੍ਰਭਾਵਿਤ ਖੇਤਰ: ਵਿਸ਼ੇਸ਼ ਘੇਰਾਬੰਦੀ ਜ਼ੋਨ,SAD retained lead here by +86 votes (46.4% share). Target moderate Panthic and farming families in Kotla Gujran disillusioned with traditional leadership. Appoint dedicated block coordinators and highlight direct government procurement and village development works.,ਅਕਾਲੀ ਦਲ ਨੇ ਇੱਥੇ +86 ਵੋਟਾਂ (46.4%) ਨਾਲ ਲੀਡ ਬਣਾਈ ਹੈ। ਕੋਟਲਾ ਗੁੱਜਰਾਂ ਵਿੱਚ ਰਵਾਇਤੀ ਲੀਡਰਸ਼ਿਪ ਤੋਂ ਨਿਰਾਸ਼ ਕਿਸਾਨ ਅਤੇ ਪੰਥਕ ਪਰਿਵਾਰਾਂ ਨਾਲ ਸੰਵਾਦ ਕਰੋ। ਪਿੰਡਾਂ ਵਿੱਚ ਪੰਜਾਬ ਸਰਕਾਰ ਦੇ ਵਿਕਾਸ ਕਾਰਜਾਂ ਅਤੇ ਨਿਰਪੱਖ ਭਰਤੀਆਂ ਦੇ ਸੁਨੇਹੇ ਨਾਲ ਸੰਨ੍ਹ ਲਗਾਓ।,"{'booth_no': '20', 'village_en': 'Kotla Gujran', 'village_pa': 'ਕੋਟਲਾ ਗੁੱਜਰਾਂ', 'zone_en': 'Akali Bastion: Strategic Penetration & Demolition Zone', 'zone_pa': 'ਅਕਾਲੀ ਦਲ ਦਾ ਪ੍ਰਭਾਵਿਤ ਖੇਤਰ: ਵਿਸ਼ੇਸ਼ ਘੇਰਾਬੰਦੀ ਜ਼ੋਨ', 'action_en': 'SAD retained lead here by +86 votes (46.4% share). Target moderate Panthic and farming families in Kotla Gujran disillusioned with traditional leadership. Appoint dedicated block coordinators and highlight direct government procurement and village development works.', 'action_pa': 'ਅਕਾਲੀ ਦਲ ਨੇ ਇੱਥੇ +86 ਵੋਟਾਂ (46.4%) ਨਾਲ ਲੀਡ ਬਣਾਈ ਹੈ। ਕੋਟਲਾ ਗੁੱਜਰਾਂ ਵਿੱਚ ਰਵਾਇਤੀ ਲੀਡਰਸ਼ਿਪ ਤੋਂ ਨਿਰਾਸ਼ ਕਿਸਾਨ ਅਤੇ ਪੰਥਕ ਪਰਿਵਾਰਾਂ ਨਾਲ ਸੰਵਾਦ ਕਰੋ। ਪਿੰਡਾਂ ਵਿੱਚ ਪੰਜਾਬ ਸਰਕਾਰ ਦੇ ਵਿਕਾਸ ਕਾਰਜਾਂ ਅਤੇ ਨਿਰਪੱਖ ਭਰਤੀਆਂ ਦੇ ਸੁਨੇਹੇ ਨਾਲ ਸੰਨ੍ਹ ਲਗਾਓ।', 'action_steps_en': ['Days 1-30: Map the top 30 influential non-committed Panthic families in Kotla Gujran.', 'Days 31-60: Deploy senior constituency leaders for direct home visits to address local disgruntlement.', ""Days 61-90: Neutralize SAD's +86 vote cushion by winning over agricultural youth.""], 'action_steps_pa': ['ਦਿਨ 1-30: ਕੋਟਲਾ ਗੁੱਜਰਾਂ ਦੇ 30 ਨਿਰਪੱਖ ਅਤੇ ਪ੍ਰਭਾਵਸ਼ਾਲੀ ਪਰਿਵਾਰਾਂ ਦੀ ਸ਼ਨਾਖਤ ਕਰੋ।', 'ਦਿਨ 31-60: ਸੀਨੀਅਰ ਲੀਡਰਸ਼ਿਪ ਰਾਹੀਂ ਘਰ-ਘਰ ਜਾ ਕੇ ਸਰਕਾਰ ਦੀਆਂ ਨਿਰਪੱਖ ਨੀਤੀਆਂ ਸਾਂਝੀਆਂ ਕਰੋ।', 'ਦਿਨ 61-90: ਨੌਜਵਾਨ ਵਰਗ ਨੂੰ ਸਰਕਾਰੀ ਨੌਕਰੀਆਂ ਅਤੇ ਖੇਡ ਕਿੱਟਾਂ ਰਾਹੀਂ ਪਾਰਟੀ ਨਾਲ ਜੋੜ ਕੇ ਲੀਡ ਘਟਾਓ।'], 'action_steps': ['ਦਿਨ 1-30: ਕੋਟਲਾ ਗੁੱਜਰਾਂ ਦੇ 30 ਨਿਰਪੱਖ ਅਤੇ ਪ੍ਰਭਾਵਸ਼ਾਲੀ ਪਰਿਵਾਰਾਂ ਦੀ ਸ਼ਨਾਖਤ ਕਰੋ।', 'ਦਿਨ 31-60: ਸੀਨੀਅਰ ਲੀਡਰਸ਼ਿਪ ਰਾਹੀਂ ਘਰ-ਘਰ ਜਾ ਕੇ ਸਰਕਾਰ ਦੀਆਂ ਨਿਰਪੱਖ ਨੀਤੀਆਂ ਸਾਂਝੀਆਂ ਕਰੋ।', 'ਦਿਨ 61-90: ਨੌਜਵਾਨ ਵਰਗ ਨੂੰ ਸਰਕਾਰੀ ਨੌਕਰੀਆਂ ਅਤੇ ਖੇਡ ਕਿੱਟਾਂ ਰਾਹੀਂ ਪਾਰਟੀ ਨਾਲ ਜੋੜ ਕੇ ਲੀਡ ਘਟਾਓ।']}"
21,21,21,21,22,True,2024: #21 | 2022: #22,2024 Booth #21 (Dadupura) • 2022 Booth #22 (Kotla Gujran was at #21),2024 ਬੂਥ #21 (ਦਾਦੂਪੁਰਾ) • 2022 ਬੂਥ #22 (ਬੂਥ #21 'ਤੇ ਕੋਟਲਾ ਗੁੱਜਰਾਂ ਸੀ),Dadupura,ਦਾਦੂਪੁਰਾ,ਦਾਦੂਪੁਰਾ,Dadupura,ਦਾਦੂਪੁਰਾ,Kotla Gujran,ਕੋਟਲਾ ਗੁੱਜਰਾਂ,SAD,SAD,143,153,SAD Retained,SAD Retained,AAP Deficit,ਆਪ ਘਾਟ,INC Deficit,"{'AAP': 'LOST_BOTH', 'SAD': 'WON_BOTH', 'INC': 'LOST_BOTH', 'BJP': 'WEAK'}",False,"{'is_flip': False, 'status_label': 'SAD Retained', 'turnout_diff': 85, 'turnout_pct': 15.4, 'sad_swing': 1.25, 'aap_swing': 9.66, 'inc_swing': -5.19, 'bjp_swing': 2.26}",552,637,85,15.4,260,308,48,47.1,48.35,1.25,81,155,74,14.67,24.33,9.66,117,102,-15,21.2,16.01,-5.19,4,19,15,0.72,2.98,2.26,20,3.14,"{'total': 552, 'sad': 260, 'aap': 81, 'inc': 117, 'bjp': 4, 'sad_votes': 260, 'sad_pct': 47.1, 'aap_votes': 81, 'aap_pct': 14.67, 'inc_votes': 117, 'inc_pct': 21.2, 'bjp_votes': 4, 'bjp_pct': 0.72, 'winner_party': 'SAD', 'margin': 143, 'winner_candidate': 'Ganieve Kaur Majithia'}","{'total': 637, 'sad': 308, 'aap': 155, 'inc': 102, 'bjp': 19, 'sada': 20, 'bsp': 4, 'others': 23, 'sad_votes': 308, 'sad_pct': 48.35, 'aap_votes': 155, 'aap_pct': 24.33, 'inc_votes': 102, 'inc_pct': 16.01, 'bjp_votes': 19, 'bjp_pct': 2.98, 'sada_votes': 20, 'sada_pct': 3.14, 'winner_party': 'SAD', 'margin': 153, 'winner_candidate': 'Anil Joshi'}","{'turnout_diff': 85, 'turnout_pct': 15.4, 'sad_shift': 48, 'sad_swing': 1.25, 'aap_shift': 74, 'aap_swing': 9.66, 'inc_shift': -15, 'inc_swing': -5.19, 'bjp_shift': 15, 'bjp_swing': 2.26}",Akali Bastion: Strategic Penetration & Demolition Zone,ਅਕਾਲੀ ਦਲ ਦਾ ਪ੍ਰਭਾਵਿਤ ਖੇਤਰ: ਵਿਸ਼ੇਸ਼ ਘੇਰਾਬੰਦੀ ਜ਼ੋਨ,SAD retained lead here by +153 votes (48.4% share). Target moderate Panthic and farming families in Dadupura disillusioned with traditional leadership. Appoint dedicated block coordinators and highlight direct government procurement and village development works.,ਅਕਾਲੀ ਦਲ ਨੇ ਇੱਥੇ +153 ਵੋਟਾਂ (48.4%) ਨਾਲ ਲੀਡ ਬਣਾਈ ਹੈ। ਦਾਦੂਪੁਰਾ ਵਿੱਚ ਰਵਾਇਤੀ ਲੀਡਰਸ਼ਿਪ ਤੋਂ ਨਿਰਾਸ਼ ਕਿਸਾਨ ਅਤੇ ਪੰਥਕ ਪਰਿਵਾਰਾਂ ਨਾਲ ਸੰਵਾਦ ਕਰੋ। ਪਿੰਡਾਂ ਵਿੱਚ ਪੰਜਾਬ ਸਰਕਾਰ ਦੇ ਵਿਕਾਸ ਕਾਰਜਾਂ ਅਤੇ ਨਿਰਪੱਖ ਭਰਤੀਆਂ ਦੇ ਸੁਨੇਹੇ ਨਾਲ ਸੰਨ੍ਹ ਲਗਾਓ।,"{'booth_no': '21', 'village_en': 'Dadupura', 'village_pa': 'ਦਾਦੂਪੁਰਾ', 'zone_en': 'Akali Bastion: Strategic Penetration & Demolition Zone', 'zone_pa': 'ਅਕਾਲੀ ਦਲ ਦਾ ਪ੍ਰਭਾਵਿਤ ਖੇਤਰ: ਵਿਸ਼ੇਸ਼ ਘੇਰਾਬੰਦੀ ਜ਼ੋਨ', 'action_en': 'SAD retained lead here by +153 votes (48.4% share). Target moderate Panthic and farming families in Dadupura disillusioned with traditional leadership. Appoint dedicated block coordinators and highlight direct government procurement and village development works.', 'action_pa': 'ਅਕਾਲੀ ਦਲ ਨੇ ਇੱਥੇ +153 ਵੋਟਾਂ (48.4%) ਨਾਲ ਲੀਡ ਬਣਾਈ ਹੈ। ਦਾਦੂਪੁਰਾ ਵਿੱਚ ਰਵਾਇਤੀ ਲੀਡਰਸ਼ਿਪ ਤੋਂ ਨਿਰਾਸ਼ ਕਿਸਾਨ ਅਤੇ ਪੰਥਕ ਪਰਿਵਾਰਾਂ ਨਾਲ ਸੰਵਾਦ ਕਰੋ। ਪਿੰਡਾਂ ਵਿੱਚ ਪੰਜਾਬ ਸਰਕਾਰ ਦੇ ਵਿਕਾਸ ਕਾਰਜਾਂ ਅਤੇ ਨਿਰਪੱਖ ਭਰਤੀਆਂ ਦੇ ਸੁਨੇਹੇ ਨਾਲ ਸੰਨ੍ਹ ਲਗਾਓ।', 'action_steps_en': ['Days 1-30: Map the top 30 influential non-committed Panthic families in Dadupura.', 'Days 31-60: Deploy senior constituency leaders for direct home visits to address local disgruntlement.', ""Days 61-90: Neutralize SAD's +153 vote cushion by winning over agricultural youth.""], 'action_steps_pa': ['ਦਿਨ 1-30: ਦਾਦੂਪੁਰਾ ਦੇ 30 ਨਿਰਪੱਖ ਅਤੇ ਪ੍ਰਭਾਵਸ਼ਾਲੀ ਪਰਿਵਾਰਾਂ ਦੀ ਸ਼ਨਾਖਤ ਕਰੋ।', 'ਦਿਨ 31-60: ਸੀਨੀਅਰ ਲੀਡਰਸ਼ਿਪ ਰਾਹੀਂ ਘਰ-ਘਰ ਜਾ ਕੇ ਸਰਕਾਰ ਦੀਆਂ ਨਿਰਪੱਖ ਨੀਤੀਆਂ ਸਾਂਝੀਆਂ ਕਰੋ।', 'ਦਿਨ 61-90: ਨੌਜਵਾਨ ਵਰਗ ਨੂੰ ਸਰਕਾਰੀ ਨੌਕਰੀਆਂ ਅਤੇ ਖੇਡ ਕਿੱਟਾਂ ਰਾਹੀਂ ਪਾਰਟੀ ਨਾਲ ਜੋੜ ਕੇ ਲੀਡ ਘਟਾਓ।'], 'action_steps': ['ਦਿਨ 1-30: ਦਾਦੂਪੁਰਾ ਦੇ 30 ਨਿਰਪੱਖ ਅਤੇ ਪ੍ਰਭਾਵਸ਼ਾਲੀ ਪਰਿਵਾਰਾਂ ਦੀ ਸ਼ਨਾਖਤ ਕਰੋ।', 'ਦਿਨ 31-60: ਸੀਨੀਅਰ ਲੀਡਰਸ਼ਿਪ ਰਾਹੀਂ ਘਰ-ਘਰ ਜਾ ਕੇ ਸਰਕਾਰ ਦੀਆਂ ਨਿਰਪੱਖ ਨੀਤੀਆਂ ਸਾਂਝੀਆਂ ਕਰੋ।', 'ਦਿਨ 61-90: ਨੌਜਵਾਨ ਵਰਗ ਨੂੰ ਸਰਕਾਰੀ ਨੌਕਰੀਆਂ ਅਤੇ ਖੇਡ ਕਿੱਟਾਂ ਰਾਹੀਂ ਪਾਰਟੀ ਨਾਲ ਜੋੜ ਕੇ ਲੀਡ ਘਟਾਓ।']}"
22,22,22,22,23,False,#22,Booth #22 (Unchanged),ਬੂਥ #22 (ਅਣਬਦਲਿਆ),Dadupura,ਦਾਦੂਪੁਰਾ,ਦਾਦੂਪੁਰਾ,Dadupura,ਦਾਦੂਪੁਰਾ,Dadupura,ਦਾਦੂਪੁਰਾ,SAD,BJP,144,32,SAD → BJP,SAD → BJP,AAP Deficit,ਆਪ ਘਾਟ,INC Deficit,"{'AAP': 'LOST_BOTH', 'SAD': 'LOST_24', 'INC': 'WEAK', 'BJP': 'GAINED'}",True,"{'is_flip': True, 'status_label': 'SAD → BJP', 'turnout_diff': 215, 'turnout_pct': 46.64, 'sad_swing': -31.87, 'aap_swing': 6.76, 'inc_swing': -1.17, 'bjp_swing': 31.45}",461,676,215,46.64,239,135,-104,51.84,19.97,-31.87,95,185,90,20.61,27.37,6.76,62,83,21,13.45,12.28,-1.17,3,217,214,0.65,32.1,31.45,35,5.18,"{'total': 461, 'sad': 239, 'aap': 95, 'inc': 62, 'bjp': 3, 'sad_votes': 239, 'sad_pct': 51.84, 'aap_votes': 95, 'aap_pct': 20.61, 'inc_votes': 62, 'inc_pct': 13.45, 'bjp_votes': 3, 'bjp_pct': 0.65, 'winner_party': 'SAD', 'margin': 144, 'winner_candidate': 'Ganieve Kaur Majithia'}","{'total': 676, 'sad': 135, 'aap': 185, 'inc': 83, 'bjp': 217, 'sada': 35, 'bsp': 0, 'others': 21, 'sad_votes': 135, 'sad_pct': 19.97, 'aap_votes': 185, 'aap_pct': 27.37, 'inc_votes': 83, 'inc_pct': 12.28, 'bjp_votes': 217, 'bjp_pct': 32.1, 'sada_votes': 35, 'sada_pct': 5.18, 'winner_party': 'BJP', 'margin': 32, 'winner_candidate': 'Taranjit Singh Sandhu Samundri'}","{'turnout_diff': 215, 'turnout_pct': 46.64, 'sad_shift': -104, 'sad_swing': -31.87, 'aap_shift': 90, 'aap_swing': 6.76, 'inc_shift': 21, 'inc_swing': -1.17, 'bjp_shift': 214, 'bjp_swing': 31.45}",Urban Infiltration: BJP Containment & Counter-Offensive,ਸ਼ਹਿਰੀ ਸੰਵੇਦਨਸ਼ੀਲ ਖੇਤਰ: ਭਾਜਪਾ ਕਾਊਂਟਰ-ਮੁਹਿੰਮ ਜ਼ੋਨ,"BJP led here by +32 votes with 32.1% vote share in urban pockets of Dadupura. Conduct structured dialogues with local shopkeepers, commission agents, and urban families. Emphasize state guarantees vs central economic policies.","ਭਾਜਪਾ ਨੇ ਦਾਦੂਪੁਰਾ ਦੇ ਸ਼ਹਿਰੀ ਹਿੱਸਿਆਂ ਵਿੱਚ +32 ਵੋਟਾਂ (32.1%) ਹਾਸਲ ਕੀਤੇ ਹਨ। ਵਪਾਰੀਆਂ, ਦੁਕਾਨਦਾਰਾਂ ਅਤੇ ਮੁਹੱਲਾ ਕਮੇਟੀਆਂ ਨਾਲ ਮੀਟਿੰਗਾਂ ਕਰਕੇ ਸਿੱਧਾ ਸੰਵਾਦ ਕਰੋ ਅਤੇ ਲੋਕ-ਪੱਖੀ ਨੀਤੀਆਂ ਬਾਰੇ ਜਾਗਰੂਕ ਕਰੋ।","{'booth_no': '22', 'village_en': 'Dadupura', 'village_pa': 'ਦਾਦੂਪੁਰਾ', 'zone_en': 'Urban Infiltration: BJP Containment & Counter-Offensive', 'zone_pa': 'ਸ਼ਹਿਰੀ ਸੰਵੇਦਨਸ਼ੀਲ ਖੇਤਰ: ਭਾਜਪਾ ਕਾਊਂਟਰ-ਮੁਹਿੰਮ ਜ਼ੋਨ', 'action_en': 'BJP led here by +32 votes with 32.1% vote share in urban pockets of Dadupura. Conduct structured dialogues with local shopkeepers, commission agents, and urban families. Emphasize state guarantees vs central economic policies.', 'action_pa': 'ਭਾਜਪਾ ਨੇ ਦਾਦੂਪੁਰਾ ਦੇ ਸ਼ਹਿਰੀ ਹਿੱਸਿਆਂ ਵਿੱਚ +32 ਵੋਟਾਂ (32.1%) ਹਾਸਲ ਕੀਤੇ ਹਨ। ਵਪਾਰੀਆਂ, ਦੁਕਾਨਦਾਰਾਂ ਅਤੇ ਮੁਹੱਲਾ ਕਮੇਟੀਆਂ ਨਾਲ ਮੀਟਿੰਗਾਂ ਕਰਕੇ ਸਿੱਧਾ ਸੰਵਾਦ ਕਰੋ ਅਤੇ ਲੋਕ-ਪੱਖੀ ਨੀਤੀਆਂ ਬਾਰੇ ਜਾਗਰੂਕ ਕਰੋ।', 'action_steps_en': ['Days 1-30: Organize urban merchant and shopkeeper roundtables in Dadupura.', 'Days 31-60: Counter central economic propaganda with Punjab business facilitation policies.', ""Days 61-90: Establish active urban ward cell to dismantle BJP's +32 vote pocket.""], 'action_steps_pa': ['ਦਿਨ 1-30: ਦਾਦੂਪੁਰਾ ਦੇ ਦੁਕਾਨਦਾਰਾਂ ਅਤੇ ਵਪਾਰੀ ਭਾਈਚਾਰੇ ਨਾਲ ਮੀਟਿੰਗਾਂ ਦਾ ਸਿਲਸਿਲਾ ਸ਼ੁਰੂ ਕਰੋ।', 'ਦਿਨ 31-60: ਕੇਂਦਰ ਸਰਕਾਰ ਦੀਆਂ ਆਰਥਿਕ ਨੀਤੀਆਂ ਬਨਾਮ ਪੰਜਾਬ ਸਰਕਾਰ ਦੀ ਵਪਾਰੀ ਪੱਖੀ ਪਹੁੰਚ ਬਾਰੇ ਦੱਸੋ।', 'ਦਿਨ 61-90: ਸ਼ਹਿਰੀ ਵਾਰਡਾਂ ਵਿੱਚ ਆਪ ਦਾ ਮਜ਼ਬੂਤ ਯੂਨਿਟ ਸਥਾਪਿਤ ਕਰੋ।'], 'action_steps': ['ਦਿਨ 1-30: ਦਾਦੂਪੁਰਾ ਦੇ ਦੁਕਾਨਦਾਰਾਂ ਅਤੇ ਵਪਾਰੀ ਭਾਈਚਾਰੇ ਨਾਲ ਮੀਟਿੰਗਾਂ ਦਾ ਸਿਲਸਿਲਾ ਸ਼ੁਰੂ ਕਰੋ।', 'ਦਿਨ 31-60: ਕੇਂਦਰ ਸਰਕਾਰ ਦੀਆਂ ਆਰਥਿਕ ਨੀਤੀਆਂ ਬਨਾਮ ਪੰਜਾਬ ਸਰਕਾਰ ਦੀ ਵਪਾਰੀ ਪੱਖੀ ਪਹੁੰਚ ਬਾਰੇ ਦੱਸੋ।', 'ਦਿਨ 61-90: ਸ਼ਹਿਰੀ ਵਾਰਡਾਂ ਵਿੱਚ ਆਪ ਦਾ ਮਜ਼ਬੂਤ ਯੂਨਿਟ ਸਥਾਪਿਤ ਕਰੋ।']}"
23,23,23,23,24,True,2024: #23 | 2022: #24,2024 Booth #23 (Jethu Nangal) • 2022 Booth #24 (Dadupura was at #23),2024 ਬੂਥ #23 (ਜੇਠੂ ਨੰਗਲ) • 2022 ਬੂਥ #24 (ਬੂਥ #23 'ਤੇ ਦਾਦੂਪੁਰਾ ਸੀ),Jethu Nangal,ਜੇਠੂ ਨੰਗਲ,ਜੇਠੂ ਨੰਗਲ,Jethu Nangal,ਜੇਠੂ ਨੰਗਲ,Dadupura,ਦਾਦੂਪੁਰਾ,SAD,SAD,168,103,SAD Retained,SAD Retained,AAP Deficit,ਆਪ ਘਾਟ,INC Deficit,"{'AAP': 'WEAK', 'SAD': 'WON_BOTH', 'INC': 'LOST_BOTH', 'BJP': 'WEAK'}",False,"{'is_flip': False, 'status_label': 'SAD Retained', 'turnout_diff': -62, 'turnout_pct': -7.65, 'sad_swing': -0.69, 'aap_swing': -9.49, 'inc_swing': 7.15, 'bjp_swing': 0.29}",810,748,-62,-7.65,364,331,-33,44.94,44.25,-0.69,196,110,-86,24.2,14.71,-9.49,189,228,39,23.33,30.48,7.15,16,17,1,1.98,2.27,0.29,53,7.09,"{'total': 810, 'sad': 364, 'aap': 196, 'inc': 189, 'bjp': 16, 'sad_votes': 364, 'sad_pct': 44.94, 'aap_votes': 196, 'aap_pct': 24.2, 'inc_votes': 189, 'inc_pct': 23.33, 'bjp_votes': 16, 'bjp_pct': 1.98, 'winner_party': 'SAD', 'margin': 168, 'winner_candidate': 'Ganieve Kaur Majithia'}","{'total': 748, 'sad': 331, 'aap': 110, 'inc': 228, 'bjp': 17, 'sada': 53, 'bsp': 1, 'others': 6, 'sad_votes': 331, 'sad_pct': 44.25, 'aap_votes': 110, 'aap_pct': 14.71, 'inc_votes': 228, 'inc_pct': 30.48, 'bjp_votes': 17, 'bjp_pct': 2.27, 'sada_votes': 53, 'sada_pct': 7.09, 'winner_party': 'SAD', 'margin': 103, 'winner_candidate': 'Anil Joshi'}","{'turnout_diff': -62, 'turnout_pct': -7.65, 'sad_shift': -33, 'sad_swing': -0.69, 'aap_shift': -86, 'aap_swing': -9.49, 'inc_shift': 39, 'inc_swing': 7.15, 'bjp_shift': 1, 'bjp_swing': 0.29}",Akali Bastion: Strategic Penetration & Demolition Zone,ਅਕਾਲੀ ਦਲ ਦਾ ਪ੍ਰਭਾਵਿਤ ਖੇਤਰ: ਵਿਸ਼ੇਸ਼ ਘੇਰਾਬੰਦੀ ਜ਼ੋਨ,SAD retained lead here by +103 votes (44.2% share). Target moderate Panthic and farming families in Jethu Nangal disillusioned with traditional leadership. Appoint dedicated block coordinators and highlight direct government procurement and village development works.,ਅਕਾਲੀ ਦਲ ਨੇ ਇੱਥੇ +103 ਵੋਟਾਂ (44.2%) ਨਾਲ ਲੀਡ ਬਣਾਈ ਹੈ। ਜੇਠੂ ਨੰਗਲ ਵਿੱਚ ਰਵਾਇਤੀ ਲੀਡਰਸ਼ਿਪ ਤੋਂ ਨਿਰਾਸ਼ ਕਿਸਾਨ ਅਤੇ ਪੰਥਕ ਪਰਿਵਾਰਾਂ ਨਾਲ ਸੰਵਾਦ ਕਰੋ। ਪਿੰਡਾਂ ਵਿੱਚ ਪੰਜਾਬ ਸਰਕਾਰ ਦੇ ਵਿਕਾਸ ਕਾਰਜਾਂ ਅਤੇ ਨਿਰਪੱਖ ਭਰਤੀਆਂ ਦੇ ਸੁਨੇਹੇ ਨਾਲ ਸੰਨ੍ਹ ਲਗਾਓ।,"{'booth_no': '23', 'village_en': 'Jethu Nangal', 'village_pa': 'ਜੇਠੂ ਨੰਗਲ', 'zone_en': 'Akali Bastion: Strategic Penetration & Demolition Zone', 'zone_pa': 'ਅਕਾਲੀ ਦਲ ਦਾ ਪ੍ਰਭਾਵਿਤ ਖੇਤਰ: ਵਿਸ਼ੇਸ਼ ਘੇਰਾਬੰਦੀ ਜ਼ੋਨ', 'action_en': 'SAD retained lead here by +103 votes (44.2% share). Target moderate Panthic and farming families in Jethu Nangal disillusioned with traditional leadership. Appoint dedicated block coordinators and highlight direct government procurement and village development works.', 'action_pa': 'ਅਕਾਲੀ ਦਲ ਨੇ ਇੱਥੇ +103 ਵੋਟਾਂ (44.2%) ਨਾਲ ਲੀਡ ਬਣਾਈ ਹੈ। ਜੇਠੂ ਨੰਗਲ ਵਿੱਚ ਰਵਾਇਤੀ ਲੀਡਰਸ਼ਿਪ ਤੋਂ ਨਿਰਾਸ਼ ਕਿਸਾਨ ਅਤੇ ਪੰਥਕ ਪਰਿਵਾਰਾਂ ਨਾਲ ਸੰਵਾਦ ਕਰੋ। ਪਿੰਡਾਂ ਵਿੱਚ ਪੰਜਾਬ ਸਰਕਾਰ ਦੇ ਵਿਕਾਸ ਕਾਰਜਾਂ ਅਤੇ ਨਿਰਪੱਖ ਭਰਤੀਆਂ ਦੇ ਸੁਨੇਹੇ ਨਾਲ ਸੰਨ੍ਹ ਲਗਾਓ।', 'action_steps_en': ['Days 1-30: Map the top 30 influential non-committed Panthic families in Jethu Nangal.', 'Days 31-60: Deploy senior constituency leaders for direct home visits to address local disgruntlement.', ""Days 61-90: Neutralize SAD's +103 vote cushion by winning over agricultural youth.""], 'action_steps_pa': ['ਦਿਨ 1-30: ਜੇਠੂ ਨੰਗਲ ਦੇ 30 ਨਿਰਪੱਖ ਅਤੇ ਪ੍ਰਭਾਵਸ਼ਾਲੀ ਪਰਿਵਾਰਾਂ ਦੀ ਸ਼ਨਾਖਤ ਕਰੋ।', 'ਦਿਨ 31-60: ਸੀਨੀਅਰ ਲੀਡਰਸ਼ਿਪ ਰਾਹੀਂ ਘਰ-ਘਰ ਜਾ ਕੇ ਸਰਕਾਰ ਦੀਆਂ ਨਿਰਪੱਖ ਨੀਤੀਆਂ ਸਾਂਝੀਆਂ ਕਰੋ।', 'ਦਿਨ 61-90: ਨੌਜਵਾਨ ਵਰਗ ਨੂੰ ਸਰਕਾਰੀ ਨੌਕਰੀਆਂ ਅਤੇ ਖੇਡ ਕਿੱਟਾਂ ਰਾਹੀਂ ਪਾਰਟੀ ਨਾਲ ਜੋੜ ਕੇ ਲੀਡ ਘਟਾਓ।'], 'action_steps': ['ਦਿਨ 1-30: ਜੇਠੂ ਨੰਗਲ ਦੇ 30 ਨਿਰਪੱਖ ਅਤੇ ਪ੍ਰਭਾਵਸ਼ਾਲੀ ਪਰਿਵਾਰਾਂ ਦੀ ਸ਼ਨਾਖਤ ਕਰੋ।', 'ਦਿਨ 31-60: ਸੀਨੀਅਰ ਲੀਡਰਸ਼ਿਪ ਰਾਹੀਂ ਘਰ-ਘਰ ਜਾ ਕੇ ਸਰਕਾਰ ਦੀਆਂ ਨਿਰਪੱਖ ਨੀਤੀਆਂ ਸਾਂਝੀਆਂ ਕਰੋ।', 'ਦਿਨ 61-90: ਨੌਜਵਾਨ ਵਰਗ ਨੂੰ ਸਰਕਾਰੀ ਨੌਕਰੀਆਂ ਅਤੇ ਖੇਡ ਕਿੱਟਾਂ ਰਾਹੀਂ ਪਾਰਟੀ ਨਾਲ ਜੋੜ ਕੇ ਲੀਡ ਘਟਾਓ।']}"
24,24,24,24,25,True,2024: #24 | 2022: #25,2024 Booth #24 (Sohian Kalan (Abadi Varpal)) • 2022 Booth #25 (Jethu Nangal was at #24),2024 ਬੂਥ #24 (ਸੋਹੀਆਂ ਕਲਾਂ (ਆਬਾਦੀ ਵਰਪਾਲ)) • 2022 ਬੂਥ #25 (ਬੂਥ #24 'ਤੇ ਜੇਠੂ ਨੰਗਲ ਸੀ),Sohian Kalan (Abadi Varpal),ਸੋਹੀਆਂ ਕਲਾਂ (ਆਬਾਦੀ ਵਰਪਾਲ),ਸੋਹੀਆਂ ਕਲਾਂ (ਆਬਾਦੀ ਵਰਪਾਲ),Sohian Kalan (Abadi Varpal),ਸੋਹੀਆਂ ਕਲਾਂ (ਆਬਾਦੀ ਵਰਪਾਲ),Jethu Nangal,ਜੇਠੂ ਨੰਗਲ,SAD,SAD,94,31,SAD Retained,SAD Retained,AAP Deficit,ਆਪ ਘਾਟ,INC Deficit,"{'AAP': 'LOST_BOTH', 'SAD': 'WON_BOTH', 'INC': 'LOST_BOTH', 'BJP': 'WEAK'}",False,"{'is_flip': False, 'status_label': 'SAD Retained', 'turnout_diff': 89, 'turnout_pct': 12.45, 'sad_swing': -14.46, 'aap_swing': 14.12, 'inc_swing': -6.92, 'bjp_swing': -1.87}",715,804,89,12.45,324,248,-76,45.31,30.85,-14.46,92,217,125,12.87,26.99,14.12,230,203,-27,32.17,25.25,-6.92,41,31,-10,5.73,3.86,-1.87,51,6.34,"{'total': 715, 'sad': 324, 'aap': 92, 'inc': 230, 'bjp': 41, 'sad_votes': 324, 'sad_pct': 45.31, 'aap_votes': 92, 'aap_pct': 12.87, 'inc_votes': 230, 'inc_pct': 32.17, 'bjp_votes': 41, 'bjp_pct': 5.73, 'winner_party': 'SAD', 'margin': 94, 'winner_candidate': 'Ganieve Kaur Majithia'}","{'total': 804, 'sad': 248, 'aap': 217, 'inc': 203, 'bjp': 31, 'sada': 51, 'bsp': 0, 'others': 50, 'sad_votes': 248, 'sad_pct': 30.85, 'aap_votes': 217, 'aap_pct': 26.99, 'inc_votes': 203, 'inc_pct': 25.25, 'bjp_votes': 31, 'bjp_pct': 3.86, 'sada_votes': 51, 'sada_pct': 6.34, 'winner_party': 'SAD', 'margin': 31, 'winner_candidate': 'Anil Joshi'}","{'turnout_diff': 89, 'turnout_pct': 12.45, 'sad_shift': -76, 'sad_swing': -14.46, 'aap_shift': 125, 'aap_swing': 14.12, 'inc_shift': -27, 'inc_swing': -6.92, 'bjp_shift': -10, 'bjp_swing': -1.87}",Akali Bastion: Strategic Penetration & Demolition Zone,ਅਕਾਲੀ ਦਲ ਦਾ ਪ੍ਰਭਾਵਿਤ ਖੇਤਰ: ਵਿਸ਼ੇਸ਼ ਘੇਰਾਬੰਦੀ ਜ਼ੋਨ,SAD retained lead here by +31 votes (30.9% share). Target moderate Panthic and farming families in Sohian Kalan (Abadi Varpal) disillusioned with traditional leadership. Appoint dedicated block coordinators and highlight direct government procurement and village development works.,ਅਕਾਲੀ ਦਲ ਨੇ ਇੱਥੇ +31 ਵੋਟਾਂ (30.9%) ਨਾਲ ਲੀਡ ਬਣਾਈ ਹੈ। ਸੋਹੀਆਂ ਕਲਾਂ (ਆਬਾਦੀ ਵਰਪਾਲ) ਵਿੱਚ ਰਵਾਇਤੀ ਲੀਡਰਸ਼ਿਪ ਤੋਂ ਨਿਰਾਸ਼ ਕਿਸਾਨ ਅਤੇ ਪੰਥਕ ਪਰਿਵਾਰਾਂ ਨਾਲ ਸੰਵਾਦ ਕਰੋ। ਪਿੰਡਾਂ ਵਿੱਚ ਪੰਜਾਬ ਸਰਕਾਰ ਦੇ ਵਿਕਾਸ ਕਾਰਜਾਂ ਅਤੇ ਨਿਰਪੱਖ ਭਰਤੀਆਂ ਦੇ ਸੁਨੇਹੇ ਨਾਲ ਸੰਨ੍ਹ ਲਗਾਓ।,"{'booth_no': '24', 'village_en': 'Sohian Kalan (Abadi Varpal)', 'village_pa': 'ਸੋਹੀਆਂ ਕਲਾਂ (ਆਬਾਦੀ ਵਰਪਾਲ)', 'zone_en': 'Akali Bastion: Strategic Penetration & Demolition Zone', 'zone_pa': 'ਅਕਾਲੀ ਦਲ ਦਾ ਪ੍ਰਭਾਵਿਤ ਖੇਤਰ: ਵਿਸ਼ੇਸ਼ ਘੇਰਾਬੰਦੀ ਜ਼ੋਨ', 'action_en': 'SAD retained lead here by +31 votes (30.9% share). Target moderate Panthic and farming families in Sohian Kalan (Abadi Varpal) disillusioned with traditional leadership. Appoint dedicated block coordinators and highlight direct government procurement and village development works.', 'action_pa': 'ਅਕਾਲੀ ਦਲ ਨੇ ਇੱਥੇ +31 ਵੋਟਾਂ (30.9%) ਨਾਲ ਲੀਡ ਬਣਾਈ ਹੈ। ਸੋਹੀਆਂ ਕਲਾਂ (ਆਬਾਦੀ ਵਰਪਾਲ) ਵਿੱਚ ਰਵਾਇਤੀ ਲੀਡਰਸ਼ਿਪ ਤੋਂ ਨਿਰਾਸ਼ ਕਿਸਾਨ ਅਤੇ ਪੰਥਕ ਪਰਿਵਾਰਾਂ ਨਾਲ ਸੰਵਾਦ ਕਰੋ। ਪਿੰਡਾਂ ਵਿੱਚ ਪੰਜਾਬ ਸਰਕਾਰ ਦੇ ਵਿਕਾਸ ਕਾਰਜਾਂ ਅਤੇ ਨਿਰਪੱਖ ਭਰਤੀਆਂ ਦੇ ਸੁਨੇਹੇ ਨਾਲ ਸੰਨ੍ਹ ਲਗਾਓ।', 'action_steps_en': ['Days 1-30: Map the top 30 influential non-committed Panthic families in Sohian Kalan (Abadi Varpal).', 'Days 31-60: Deploy senior constituency leaders for direct home visits to address local disgruntlement.', ""Days 61-90: Neutralize SAD's +31 vote cushion by winning over agricultural youth.""], 'action_steps_pa': ['ਦਿਨ 1-30: ਸੋਹੀਆਂ ਕਲਾਂ (ਆਬਾਦੀ ਵਰਪਾਲ) ਦੇ 30 ਨਿਰਪੱਖ ਅਤੇ ਪ੍ਰਭਾਵਸ਼ਾਲੀ ਪਰਿਵਾਰਾਂ ਦੀ ਸ਼ਨਾਖਤ ਕਰੋ।', 'ਦਿਨ 31-60: ਸੀਨੀਅਰ ਲੀਡਰਸ਼ਿਪ ਰਾਹੀਂ ਘਰ-ਘਰ ਜਾ ਕੇ ਸਰਕਾਰ ਦੀਆਂ ਨਿਰਪੱਖ ਨੀਤੀਆਂ ਸਾਂਝੀਆਂ ਕਰੋ।', 'ਦਿਨ 61-90: ਨੌਜਵਾਨ ਵਰਗ ਨੂੰ ਸਰਕਾਰੀ ਨੌਕਰੀਆਂ ਅਤੇ ਖੇਡ ਕਿੱਟਾਂ ਰਾਹੀਂ ਪਾਰਟੀ ਨਾਲ ਜੋੜ ਕੇ ਲੀਡ ਘਟਾਓ।'], 'action_steps': ['ਦਿਨ 1-30: ਸੋਹੀਆਂ ਕਲਾਂ (ਆਬਾਦੀ ਵਰਪਾਲ) ਦੇ 30 ਨਿਰਪੱਖ ਅਤੇ ਪ੍ਰਭਾਵਸ਼ਾਲੀ ਪਰਿਵਾਰਾਂ ਦੀ ਸ਼ਨਾਖਤ ਕਰੋ।', 'ਦਿਨ 31-60: ਸੀਨੀਅਰ ਲੀਡਰਸ਼ਿਪ ਰਾਹੀਂ ਘਰ-ਘਰ ਜਾ ਕੇ ਸਰਕਾਰ ਦੀਆਂ ਨਿਰਪੱਖ ਨੀਤੀਆਂ ਸਾਂਝੀਆਂ ਕਰੋ।', 'ਦਿਨ 61-90: ਨੌਜਵਾਨ ਵਰਗ ਨੂੰ ਸਰਕਾਰੀ ਨੌਕਰੀਆਂ ਅਤੇ ਖੇਡ ਕਿੱਟਾਂ ਰਾਹੀਂ ਪਾਰਟੀ ਨਾਲ ਜੋੜ ਕੇ ਲੀਡ ਘਟਾਓ।']}"
25,25,25,25,26,True,2024: #25 | 2022: #26,2024 Booth #25 (Sohian Kalan) • 2022 Booth #26 (Sohian Kalan (Abadi Varpal) was at #25),2024 ਬੂਥ #25 (ਸੋਹੀਆਂ ਕਲਾਂ) • 2022 ਬੂਥ #26 (ਬੂਥ #25 'ਤੇ ਸੋਹੀਆਂ ਕਲਾਂ (ਆਬਾਦੀ ਵਰਪਾਲ) ਸੀ),Sohian Kalan,ਸੋਹੀਆਂ ਕਲਾਂ,ਸੋਹੀਆਂ ਕਲਾਂ,Sohian Kalan,ਸੋਹੀਆਂ ਕਲਾਂ,Sohian Kalan (Abadi Varpal),ਸੋਹੀਆਂ ਕਲਾਂ (ਆਬਾਦੀ ਵਰਪਾਲ),SAD,SAD,175,213,SAD Retained,SAD Retained,AAP Deficit,ਆਪ ਘਾਟ,INC Deficit,"{'AAP': 'WEAK', 'SAD': 'WON_BOTH', 'INC': 'WEAK', 'BJP': 'WEAK'}",False,"{'is_flip': False, 'status_label': 'SAD Retained', 'turnout_diff': -21, 'turnout_pct': -2.77, 'sad_swing': -0.68, 'aap_swing': -6.51, 'inc_swing': -8.86, 'bjp_swing': 0.98}",757,736,-21,-2.77,359,344,-15,47.42,46.74,-0.68,184,131,-53,24.31,17.8,-6.51,174,104,-70,22.99,14.13,-8.86,8,15,7,1.06,2.04,0.98,88,11.96,"{'total': 757, 'sad': 359, 'aap': 184, 'inc': 174, 'bjp': 8, 'sad_votes': 359, 'sad_pct': 47.42, 'aap_votes': 184, 'aap_pct': 24.31, 'inc_votes': 174, 'inc_pct': 22.99, 'bjp_votes': 8, 'bjp_pct': 1.06, 'winner_party': 'SAD', 'margin': 175, 'winner_candidate': 'Ganieve Kaur Majithia'}","{'total': 736, 'sad': 344, 'aap': 131, 'inc': 104, 'bjp': 15, 'sada': 88, 'bsp': 2, 'others': 45, 'sad_votes': 344, 'sad_pct': 46.74, 'aap_votes': 131, 'aap_pct': 17.8, 'inc_votes': 104, 'inc_pct': 14.13, 'bjp_votes': 15, 'bjp_pct': 2.04, 'sada_votes': 88, 'sada_pct': 11.96, 'winner_party': 'SAD', 'margin': 213, 'winner_candidate': 'Anil Joshi'}","{'turnout_diff': -21, 'turnout_pct': -2.77, 'sad_shift': -15, 'sad_swing': -0.68, 'aap_shift': -53, 'aap_swing': -6.51, 'inc_shift': -70, 'inc_swing': -8.86, 'bjp_shift': 7, 'bjp_swing': 0.98}",Akali Bastion: Strategic Penetration & Demolition Zone,ਅਕਾਲੀ ਦਲ ਦਾ ਪ੍ਰਭਾਵਿਤ ਖੇਤਰ: ਵਿਸ਼ੇਸ਼ ਘੇਰਾਬੰਦੀ ਜ਼ੋਨ,SAD retained lead here by +213 votes (46.7% share). Target moderate Panthic and farming families in Sohian Kalan disillusioned with traditional leadership. Appoint dedicated block coordinators and highlight direct government procurement and village development works.,ਅਕਾਲੀ ਦਲ ਨੇ ਇੱਥੇ +213 ਵੋਟਾਂ (46.7%) ਨਾਲ ਲੀਡ ਬਣਾਈ ਹੈ। ਸੋਹੀਆਂ ਕਲਾਂ ਵਿੱਚ ਰਵਾਇਤੀ ਲੀਡਰਸ਼ਿਪ ਤੋਂ ਨਿਰਾਸ਼ ਕਿਸਾਨ ਅਤੇ ਪੰਥਕ ਪਰਿਵਾਰਾਂ ਨਾਲ ਸੰਵਾਦ ਕਰੋ। ਪਿੰਡਾਂ ਵਿੱਚ ਪੰਜਾਬ ਸਰਕਾਰ ਦੇ ਵਿਕਾਸ ਕਾਰਜਾਂ ਅਤੇ ਨਿਰਪੱਖ ਭਰਤੀਆਂ ਦੇ ਸੁਨੇਹੇ ਨਾਲ ਸੰਨ੍ਹ ਲਗਾਓ।,"{'booth_no': '25', 'village_en': 'Sohian Kalan', 'village_pa': 'ਸੋਹੀਆਂ ਕਲਾਂ', 'zone_en': 'Akali Bastion: Strategic Penetration & Demolition Zone', 'zone_pa': 'ਅਕਾਲੀ ਦਲ ਦਾ ਪ੍ਰਭਾਵਿਤ ਖੇਤਰ: ਵਿਸ਼ੇਸ਼ ਘੇਰਾਬੰਦੀ ਜ਼ੋਨ', 'action_en': 'SAD retained lead here by +213 votes (46.7% share). Target moderate Panthic and farming families in Sohian Kalan disillusioned with traditional leadership. Appoint dedicated block coordinators and highlight direct government procurement and village development works.', 'action_pa': 'ਅਕਾਲੀ ਦਲ ਨੇ ਇੱਥੇ +213 ਵੋਟਾਂ (46.7%) ਨਾਲ ਲੀਡ ਬਣਾਈ ਹੈ। ਸੋਹੀਆਂ ਕਲਾਂ ਵਿੱਚ ਰਵਾਇਤੀ ਲੀਡਰਸ਼ਿਪ ਤੋਂ ਨਿਰਾਸ਼ ਕਿਸਾਨ ਅਤੇ ਪੰਥਕ ਪਰਿਵਾਰਾਂ ਨਾਲ ਸੰਵਾਦ ਕਰੋ। ਪਿੰਡਾਂ ਵਿੱਚ ਪੰਜਾਬ ਸਰਕਾਰ ਦੇ ਵਿਕਾਸ ਕਾਰਜਾਂ ਅਤੇ ਨਿਰਪੱਖ ਭਰਤੀਆਂ ਦੇ ਸੁਨੇਹੇ ਨਾਲ ਸੰਨ੍ਹ ਲਗਾਓ।', 'action_steps_en': ['Days 1-30: Map the top 30 influential non-committed Panthic families in Sohian Kalan.', 'Days 31-60: Deploy senior constituency leaders for direct home visits to address local disgruntlement.', ""Days 61-90: Neutralize SAD's +213 vote cushion by winning over agricultural youth.""], 'action_steps_pa': ['ਦਿਨ 1-30: ਸੋਹੀਆਂ ਕਲਾਂ ਦੇ 30 ਨਿਰਪੱਖ ਅਤੇ ਪ੍ਰਭਾਵਸ਼ਾਲੀ ਪਰਿਵਾਰਾਂ ਦੀ ਸ਼ਨਾਖਤ ਕਰੋ।', 'ਦਿਨ 31-60: ਸੀਨੀਅਰ ਲੀਡਰਸ਼ਿਪ ਰਾਹੀਂ ਘਰ-ਘਰ ਜਾ ਕੇ ਸਰਕਾਰ ਦੀਆਂ ਨਿਰਪੱਖ ਨੀਤੀਆਂ ਸਾਂਝੀਆਂ ਕਰੋ।', 'ਦਿਨ 61-90: ਨੌਜਵਾਨ ਵਰਗ ਨੂੰ ਸਰਕਾਰੀ ਨੌਕਰੀਆਂ ਅਤੇ ਖੇਡ ਕਿੱਟਾਂ ਰਾਹੀਂ ਪਾਰਟੀ ਨਾਲ ਜੋੜ ਕੇ ਲੀਡ ਘਟਾਓ।'], 'action_steps': ['ਦਿਨ 1-30: ਸੋਹੀਆਂ ਕਲਾਂ ਦੇ 30 ਨਿਰਪੱਖ ਅਤੇ ਪ੍ਰਭਾਵਸ਼ਾਲੀ ਪਰਿਵਾਰਾਂ ਦੀ ਸ਼ਨਾਖਤ ਕਰੋ।', 'ਦਿਨ 31-60: ਸੀਨੀਅਰ ਲੀਡਰਸ਼ਿਪ ਰਾਹੀਂ ਘਰ-ਘਰ ਜਾ ਕੇ ਸਰਕਾਰ ਦੀਆਂ ਨਿਰਪੱਖ ਨੀਤੀਆਂ ਸਾਂਝੀਆਂ ਕਰੋ।', 'ਦਿਨ 61-90: ਨੌਜਵਾਨ ਵਰਗ ਨੂੰ ਸਰਕਾਰੀ ਨੌਕਰੀਆਂ ਅਤੇ ਖੇਡ ਕਿੱਟਾਂ ਰਾਹੀਂ ਪਾਰਟੀ ਨਾਲ ਜੋੜ ਕੇ ਲੀਡ ਘਟਾਓ।']}"
26,26,26,26,27,False,#26,Booth #26 (Unchanged),ਬੂਥ #26 (ਅਣਬਦਲਿਆ),Sohian Kalan,ਸੋਹੀਆਂ ਕਲਾਂ,ਸੋਹੀਆਂ ਕਲਾਂ,Sohian Kalan,ਸੋਹੀਆਂ ਕਲਾਂ,Sohian Kalan,ਸੋਹੀਆਂ ਕਲਾਂ,SAD,SAD,73,92,SAD Retained,SAD Retained,AAP Deficit,ਆਪ ਘਾਟ,INC Deficit,"{'AAP': 'LOST_BOTH', 'SAD': 'WON_BOTH', 'INC': 'LOST_BOTH', 'BJP': 'WEAK'}",False,"{'is_flip': False, 'status_label': 'SAD Retained', 'turnout_diff': -125, 'turnout_pct': -18.97, 'sad_swing': -0.43, 'aap_swing': 6.77, 'inc_swing': -14.45, 'bjp_swing': 0.89}",659,534,-125,-18.97,283,227,-56,42.94,42.51,-0.43,122,135,13,18.51,25.28,6.77,210,93,-117,31.87,17.42,-14.45,4,8,4,0.61,1.5,0.89,34,6.37,"{'total': 659, 'sad': 283, 'aap': 122, 'inc': 210, 'bjp': 4, 'sad_votes': 283, 'sad_pct': 42.94, 'aap_votes': 122, 'aap_pct': 18.51, 'inc_votes': 210, 'inc_pct': 31.87, 'bjp_votes': 4, 'bjp_pct': 0.61, 'winner_party': 'SAD', 'margin': 73, 'winner_candidate': 'Ganieve Kaur Majithia'}","{'total': 534, 'sad': 227, 'aap': 135, 'inc': 93, 'bjp': 8, 'sada': 34, 'bsp': 0, 'others': 34, 'sad_votes': 227, 'sad_pct': 42.51, 'aap_votes': 135, 'aap_pct': 25.28, 'inc_votes': 93, 'inc_pct': 17.42, 'bjp_votes': 8, 'bjp_pct': 1.5, 'sada_votes': 34, 'sada_pct': 6.37, 'winner_party': 'SAD', 'margin': 92, 'winner_candidate': 'Anil Joshi'}","{'turnout_diff': -125, 'turnout_pct': -18.97, 'sad_shift': -56, 'sad_swing': -0.43, 'aap_shift': 13, 'aap_swing': 6.77, 'inc_shift': -117, 'inc_swing': -14.45, 'bjp_shift': 4, 'bjp_swing': 0.89}",Akali Bastion: Strategic Penetration & Demolition Zone,ਅਕਾਲੀ ਦਲ ਦਾ ਪ੍ਰਭਾਵਿਤ ਖੇਤਰ: ਵਿਸ਼ੇਸ਼ ਘੇਰਾਬੰਦੀ ਜ਼ੋਨ,SAD retained lead here by +92 votes (42.5% share). Target moderate Panthic and farming families in Sohian Kalan disillusioned with traditional leadership. Appoint dedicated block coordinators and highlight direct government procurement and village development works.,ਅਕਾਲੀ ਦਲ ਨੇ ਇੱਥੇ +92 ਵੋਟਾਂ (42.5%) ਨਾਲ ਲੀਡ ਬਣਾਈ ਹੈ। ਸੋਹੀਆਂ ਕਲਾਂ ਵਿੱਚ ਰਵਾਇਤੀ ਲੀਡਰਸ਼ਿਪ ਤੋਂ ਨਿਰਾਸ਼ ਕਿਸਾਨ ਅਤੇ ਪੰਥਕ ਪਰਿਵਾਰਾਂ ਨਾਲ ਸੰਵਾਦ ਕਰੋ। ਪਿੰਡਾਂ ਵਿੱਚ ਪੰਜਾਬ ਸਰਕਾਰ ਦੇ ਵਿਕਾਸ ਕਾਰਜਾਂ ਅਤੇ ਨਿਰਪੱਖ ਭਰਤੀਆਂ ਦੇ ਸੁਨੇਹੇ ਨਾਲ ਸੰਨ੍ਹ ਲਗਾਓ।,"{'booth_no': '26', 'village_en': 'Sohian Kalan', 'village_pa': 'ਸੋਹੀਆਂ ਕਲਾਂ', 'zone_en': 'Akali Bastion: Strategic Penetration & Demolition Zone', 'zone_pa': 'ਅਕਾਲੀ ਦਲ ਦਾ ਪ੍ਰਭਾਵਿਤ ਖੇਤਰ: ਵਿਸ਼ੇਸ਼ ਘੇਰਾਬੰਦੀ ਜ਼ੋਨ', 'action_en': 'SAD retained lead here by +92 votes (42.5% share). Target moderate Panthic and farming families in Sohian Kalan disillusioned with traditional leadership. Appoint dedicated block coordinators and highlight direct government procurement and village development works.', 'action_pa': 'ਅਕਾਲੀ ਦਲ ਨੇ ਇੱਥੇ +92 ਵੋਟਾਂ (42.5%) ਨਾਲ ਲੀਡ ਬਣਾਈ ਹੈ। ਸੋਹੀਆਂ ਕਲਾਂ ਵਿੱਚ ਰਵਾਇਤੀ ਲੀਡਰਸ਼ਿਪ ਤੋਂ ਨਿਰਾਸ਼ ਕਿਸਾਨ ਅਤੇ ਪੰਥਕ ਪਰਿਵਾਰਾਂ ਨਾਲ ਸੰਵਾਦ ਕਰੋ। ਪਿੰਡਾਂ ਵਿੱਚ ਪੰਜਾਬ ਸਰਕਾਰ ਦੇ ਵਿਕਾਸ ਕਾਰਜਾਂ ਅਤੇ ਨਿਰਪੱਖ ਭਰਤੀਆਂ ਦੇ ਸੁਨੇਹੇ ਨਾਲ ਸੰਨ੍ਹ ਲਗਾਓ।', 'action_steps_en': ['Days 1-30: Map the top 30 influential non-committed Panthic families in Sohian Kalan.', 'Days 31-60: Deploy senior constituency leaders for direct home visits to address local disgruntlement.', ""Days 61-90: Neutralize SAD's +92 vote cushion by winning over agricultural youth.""], 'action_steps_pa': ['ਦਿਨ 1-30: ਸੋਹੀਆਂ ਕਲਾਂ ਦੇ 30 ਨਿਰਪੱਖ ਅਤੇ ਪ੍ਰਭਾਵਸ਼ਾਲੀ ਪਰਿਵਾਰਾਂ ਦੀ ਸ਼ਨਾਖਤ ਕਰੋ।', 'ਦਿਨ 31-60: ਸੀਨੀਅਰ ਲੀਡਰਸ਼ਿਪ ਰਾਹੀਂ ਘਰ-ਘਰ ਜਾ ਕੇ ਸਰਕਾਰ ਦੀਆਂ ਨਿਰਪੱਖ ਨੀਤੀਆਂ ਸਾਂਝੀਆਂ ਕਰੋ।', 'ਦਿਨ 61-90: ਨੌਜਵਾਨ ਵਰਗ ਨੂੰ ਸਰਕਾਰੀ ਨੌਕਰੀਆਂ ਅਤੇ ਖੇਡ ਕਿੱਟਾਂ ਰਾਹੀਂ ਪਾਰਟੀ ਨਾਲ ਜੋੜ ਕੇ ਲੀਡ ਘਟਾਓ।'], 'action_steps': ['ਦਿਨ 1-30: ਸੋਹੀਆਂ ਕਲਾਂ ਦੇ 30 ਨਿਰਪੱਖ ਅਤੇ ਪ੍ਰਭਾਵਸ਼ਾਲੀ ਪਰਿਵਾਰਾਂ ਦੀ ਸ਼ਨਾਖਤ ਕਰੋ।', 'ਦਿਨ 31-60: ਸੀਨੀਅਰ ਲੀਡਰਸ਼ਿਪ ਰਾਹੀਂ ਘਰ-ਘਰ ਜਾ ਕੇ ਸਰਕਾਰ ਦੀਆਂ ਨਿਰਪੱਖ ਨੀਤੀਆਂ ਸਾਂਝੀਆਂ ਕਰੋ।', 'ਦਿਨ 61-90: ਨੌਜਵਾਨ ਵਰਗ ਨੂੰ ਸਰਕਾਰੀ ਨੌਕਰੀਆਂ ਅਤੇ ਖੇਡ ਕਿੱਟਾਂ ਰਾਹੀਂ ਪਾਰਟੀ ਨਾਲ ਜੋੜ ਕੇ ਲੀਡ ਘਟਾਓ।']}"
27,27,27A,27,28,True,2024: #27 | 2022: #28,2024 Booth #27 (Sohian Kalan (Abadi Daburji)) • 2022 Booth #28 (Sohian Kalan was at #27),2024 ਬੂਥ #27 (ਸੋਹੀਆਂ ਕਲਾਂ (ਆਬਾਦੀ ਡਬੁਰਜੀ)) • 2022 ਬੂਥ #28 (ਬੂਥ #27 'ਤੇ ਸੋਹੀਆਂ ਕਲਾਂ ਸੀ),Sohian Kalan (Abadi Daburji),ਸੋਹੀਆਂ ਕਲਾਂ (ਆਬਾਦੀ ਡਬੁਰਜੀ),ਸੋਹੀਆਂ ਕਲਾਂ (ਆਬਾਦੀ ਡਬੁਰਜੀ),Sohian Kalan (Abadi Daburji),ਸੋਹੀਆਂ ਕਲਾਂ (ਆਬਾਦੀ ਡਬੁਰਜੀ),Sohian Kalan,ਸੋਹੀਆਂ ਕਲਾਂ,INC,SAD,42,19,INC → SAD,INC → SAD,AAP Deficit,ਆਪ ਘਾਟ,INC Loss,"{'AAP': 'LOST_BOTH', 'SAD': 'GAINED', 'INC': 'LOST_24', 'BJP': 'WEAK'}",True,"{'is_flip': True, 'status_label': 'INC → SAD', 'turnout_diff': -203, 'turnout_pct': -29.77, 'sad_swing': 3.51, 'aap_swing': 20.66, 'inc_swing': -33.13, 'bjp_swing': 0.81}",682,479,-203,-29.77,248,191,-57,36.36,39.87,3.51,104,172,68,15.25,35.91,20.66,290,45,-245,42.52,9.39,-33.13,3,6,3,0.44,1.25,0.81,47,9.81,"{'total': 682, 'sad': 248, 'aap': 104, 'inc': 290, 'bjp': 3, 'sad_votes': 248, 'sad_pct': 36.36, 'aap_votes': 104, 'aap_pct': 15.25, 'inc_votes': 290, 'inc_pct': 42.52, 'bjp_votes': 3, 'bjp_pct': 0.44, 'winner_party': 'INC', 'margin': 42, 'winner_candidate': 'Jagwinder Pal Singh (Jagga)'}","{'total': 479, 'sad': 191, 'aap': 172, 'inc': 45, 'bjp': 6, 'sada': 47, 'bsp': 0, 'others': 17, 'sad_votes': 191, 'sad_pct': 39.87, 'aap_votes': 172, 'aap_pct': 35.91, 'inc_votes': 45, 'inc_pct': 9.39, 'bjp_votes': 6, 'bjp_pct': 1.25, 'sada_votes': 47, 'sada_pct': 9.81, 'winner_party': 'SAD', 'margin': 19, 'winner_candidate': 'Anil Joshi'}","{'turnout_diff': -203, 'turnout_pct': -29.77, 'sad_shift': -57, 'sad_swing': 3.51, 'aap_shift': 68, 'aap_swing': 20.66, 'inc_shift': -245, 'inc_swing': -33.13, 'bjp_shift': 3, 'bjp_swing': 0.81}",Akali Bastion: Strategic Penetration & Demolition Zone,ਅਕਾਲੀ ਦਲ ਦਾ ਪ੍ਰਭਾਵਿਤ ਖੇਤਰ: ਵਿਸ਼ੇਸ਼ ਘੇਰਾਬੰਦੀ ਜ਼ੋਨ,SAD retained lead here by +19 votes (39.9% share). Target moderate Panthic and farming families in Sohian Kalan (Abadi Daburji) disillusioned with traditional leadership. Appoint dedicated block coordinators and highlight direct government procurement and village development works.,ਅਕਾਲੀ ਦਲ ਨੇ ਇੱਥੇ +19 ਵੋਟਾਂ (39.9%) ਨਾਲ ਲੀਡ ਬਣਾਈ ਹੈ। ਸੋਹੀਆਂ ਕਲਾਂ (ਆਬਾਦੀ ਡਬੁਰਜੀ) ਵਿੱਚ ਰਵਾਇਤੀ ਲੀਡਰਸ਼ਿਪ ਤੋਂ ਨਿਰਾਸ਼ ਕਿਸਾਨ ਅਤੇ ਪੰਥਕ ਪਰਿਵਾਰਾਂ ਨਾਲ ਸੰਵਾਦ ਕਰੋ। ਪਿੰਡਾਂ ਵਿੱਚ ਪੰਜਾਬ ਸਰਕਾਰ ਦੇ ਵਿਕਾਸ ਕਾਰਜਾਂ ਅਤੇ ਨਿਰਪੱਖ ਭਰਤੀਆਂ ਦੇ ਸੁਨੇਹੇ ਨਾਲ ਸੰਨ੍ਹ ਲਗਾਓ।,"{'booth_no': '27', 'village_en': 'Sohian Kalan (Abadi Daburji)', 'village_pa': 'ਸੋਹੀਆਂ ਕਲਾਂ (ਆਬਾਦੀ ਡਬੁਰਜੀ)', 'zone_en': 'Akali Bastion: Strategic Penetration & Demolition Zone', 'zone_pa': 'ਅਕਾਲੀ ਦਲ ਦਾ ਪ੍ਰਭਾਵਿਤ ਖੇਤਰ: ਵਿਸ਼ੇਸ਼ ਘੇਰਾਬੰਦੀ ਜ਼ੋਨ', 'action_en': 'SAD retained lead here by +19 votes (39.9% share). Target moderate Panthic and farming families in Sohian Kalan (Abadi Daburji) disillusioned with traditional leadership. Appoint dedicated block coordinators and highlight direct government procurement and village development works.', 'action_pa': 'ਅਕਾਲੀ ਦਲ ਨੇ ਇੱਥੇ +19 ਵੋਟਾਂ (39.9%) ਨਾਲ ਲੀਡ ਬਣਾਈ ਹੈ। ਸੋਹੀਆਂ ਕਲਾਂ (ਆਬਾਦੀ ਡਬੁਰਜੀ) ਵਿੱਚ ਰਵਾਇਤੀ ਲੀਡਰਸ਼ਿਪ ਤੋਂ ਨਿਰਾਸ਼ ਕਿਸਾਨ ਅਤੇ ਪੰਥਕ ਪਰਿਵਾਰਾਂ ਨਾਲ ਸੰਵਾਦ ਕਰੋ। ਪਿੰਡਾਂ ਵਿੱਚ ਪੰਜਾਬ ਸਰਕਾਰ ਦੇ ਵਿਕਾਸ ਕਾਰਜਾਂ ਅਤੇ ਨਿਰਪੱਖ ਭਰਤੀਆਂ ਦੇ ਸੁਨੇਹੇ ਨਾਲ ਸੰਨ੍ਹ ਲਗਾਓ।', 'action_steps_en': ['Days 1-30: Map the top 30 influential non-committed Panthic families in Sohian Kalan (Abadi Daburji).', 'Days 31-60: Deploy senior constituency leaders for direct home visits to address local disgruntlement.', ""Days 61-90: Neutralize SAD's +19 vote cushion by winning over agricultural youth.""], 'action_steps_pa': ['ਦਿਨ 1-30: ਸੋਹੀਆਂ ਕਲਾਂ (ਆਬਾਦੀ ਡਬੁਰਜੀ) ਦੇ 30 ਨਿਰਪੱਖ ਅਤੇ ਪ੍ਰਭਾਵਸ਼ਾਲੀ ਪਰਿਵਾਰਾਂ ਦੀ ਸ਼ਨਾਖਤ ਕਰੋ।', 'ਦਿਨ 31-60: ਸੀਨੀਅਰ ਲੀਡਰਸ਼ਿਪ ਰਾਹੀਂ ਘਰ-ਘਰ ਜਾ ਕੇ ਸਰਕਾਰ ਦੀਆਂ ਨਿਰਪੱਖ ਨੀਤੀਆਂ ਸਾਂਝੀਆਂ ਕਰੋ।', 'ਦਿਨ 61-90: ਨੌਜਵਾਨ ਵਰਗ ਨੂੰ ਸਰਕਾਰੀ ਨੌਕਰੀਆਂ ਅਤੇ ਖੇਡ ਕਿੱਟਾਂ ਰਾਹੀਂ ਪਾਰਟੀ ਨਾਲ ਜੋੜ ਕੇ ਲੀਡ ਘਟਾਓ।'], 'action_steps': ['ਦਿਨ 1-30: ਸੋਹੀਆਂ ਕਲਾਂ (ਆਬਾਦੀ ਡਬੁਰਜੀ) ਦੇ 30 ਨਿਰਪੱਖ ਅਤੇ ਪ੍ਰਭਾਵਸ਼ਾਲੀ ਪਰਿਵਾਰਾਂ ਦੀ ਸ਼ਨਾਖਤ ਕਰੋ।', 'ਦਿਨ 31-60: ਸੀਨੀਅਰ ਲੀਡਰਸ਼ਿਪ ਰਾਹੀਂ ਘਰ-ਘਰ ਜਾ ਕੇ ਸਰਕਾਰ ਦੀਆਂ ਨਿਰਪੱਖ ਨੀਤੀਆਂ ਸਾਂਝੀਆਂ ਕਰੋ।', 'ਦਿਨ 61-90: ਨੌਜਵਾਨ ਵਰਗ ਨੂੰ ਸਰਕਾਰੀ ਨੌਕਰੀਆਂ ਅਤੇ ਖੇਡ ਕਿੱਟਾਂ ਰਾਹੀਂ ਪਾਰਟੀ ਨਾਲ ਜੋੜ ਕੇ ਲੀਡ ਘਟਾਓ।']}"
28,28,27,28,29,True,2024: #28 | 2022: #29,2024 Booth #28 (Nangal Pannuan) • 2022 Booth #29 (Sohian Kalan (Abadi Daburji) was at #28),2024 ਬੂਥ #28 (ਨੰਗਲ ਪੰਨੂਆਂ) • 2022 ਬੂਥ #29 (ਬੂਥ #28 'ਤੇ ਸੋਹੀਆਂ ਕਲਾਂ (ਆਬਾਦੀ ਡਬੁਰਜੀ) ਸੀ),Nangal Pannuan,ਨੰਗਲ ਪੰਨੂਆਂ,ਨੰਗਲ ਪੰਨੂਆਂ,Nangal Pannuan,ਨੰਗਲ ਪੰਨੂਆਂ,Sohian Kalan (Abadi Daburji),ਸੋਹੀਆਂ ਕਲਾਂ (ਆਬਾਦੀ ਡਬੁਰਜੀ),SAD,SAD,98,141,SAD Retained,SAD Retained,AAP Deficit,ਆਪ ਘਾਟ,INC Deficit,"{'AAP': 'LOST_BOTH', 'SAD': 'WON_BOTH', 'INC': 'WEAK', 'BJP': 'WEAK'}",False,"{'is_flip': False, 'status_label': 'SAD Retained', 'turnout_diff': -148, 'turnout_pct': -23.2, 'sad_swing': 10.59, 'aap_swing': 6.74, 'inc_swing': -19.15, 'bjp_swing': 2.33}",638,490,-148,-23.2,284,270,-14,44.51,55.1,10.59,125,129,4,19.59,26.33,6.74,186,49,-137,29.15,10.0,-19.15,6,16,10,0.94,3.27,2.33,16,3.27,"{'total': 638, 'sad': 284, 'aap': 125, 'inc': 186, 'bjp': 6, 'sad_votes': 284, 'sad_pct': 44.51, 'aap_votes': 125, 'aap_pct': 19.59, 'inc_votes': 186, 'inc_pct': 29.15, 'bjp_votes': 6, 'bjp_pct': 0.94, 'winner_party': 'SAD', 'margin': 98, 'winner_candidate': 'Ganieve Kaur Majithia'}","{'total': 490, 'sad': 270, 'aap': 129, 'inc': 49, 'bjp': 16, 'sada': 16, 'bsp': 2, 'others': 8, 'sad_votes': 270, 'sad_pct': 55.1, 'aap_votes': 129, 'aap_pct': 26.33, 'inc_votes': 49, 'inc_pct': 10.0, 'bjp_votes': 16, 'bjp_pct': 3.27, 'sada_votes': 16, 'sada_pct': 3.27, 'winner_party': 'SAD', 'margin': 141, 'winner_candidate': 'Anil Joshi'}","{'turnout_diff': -148, 'turnout_pct': -23.2, 'sad_shift': -14, 'sad_swing': 10.59, 'aap_shift': 4, 'aap_swing': 6.74, 'inc_shift': -137, 'inc_swing': -19.15, 'bjp_shift': 10, 'bjp_swing': 2.33}",Akali Bastion: Strategic Penetration & Demolition Zone,ਅਕਾਲੀ ਦਲ ਦਾ ਪ੍ਰਭਾਵਿਤ ਖੇਤਰ: ਵਿਸ਼ੇਸ਼ ਘੇਰਾਬੰਦੀ ਜ਼ੋਨ,SAD retained lead here by +141 votes (55.1% share). Target moderate Panthic and farming families in Nangal Pannuan disillusioned with traditional leadership. Appoint dedicated block coordinators and highlight direct government procurement and village development works.,ਅਕਾਲੀ ਦਲ ਨੇ ਇੱਥੇ +141 ਵੋਟਾਂ (55.1%) ਨਾਲ ਲੀਡ ਬਣਾਈ ਹੈ। ਨੰਗਲ ਪੰਨੂਆਂ ਵਿੱਚ ਰਵਾਇਤੀ ਲੀਡਰਸ਼ਿਪ ਤੋਂ ਨਿਰਾਸ਼ ਕਿਸਾਨ ਅਤੇ ਪੰਥਕ ਪਰਿਵਾਰਾਂ ਨਾਲ ਸੰਵਾਦ ਕਰੋ। ਪਿੰਡਾਂ ਵਿੱਚ ਪੰਜਾਬ ਸਰਕਾਰ ਦੇ ਵਿਕਾਸ ਕਾਰਜਾਂ ਅਤੇ ਨਿਰਪੱਖ ਭਰਤੀਆਂ ਦੇ ਸੁਨੇਹੇ ਨਾਲ ਸੰਨ੍ਹ ਲਗਾਓ।,"{'booth_no': '28', 'village_en': 'Nangal Pannuan', 'village_pa': 'ਨੰਗਲ ਪੰਨੂਆਂ', 'zone_en': 'Akali Bastion: Strategic Penetration & Demolition Zone', 'zone_pa': 'ਅਕਾਲੀ ਦਲ ਦਾ ਪ੍ਰਭਾਵਿਤ ਖੇਤਰ: ਵਿਸ਼ੇਸ਼ ਘੇਰਾਬੰਦੀ ਜ਼ੋਨ', 'action_en': 'SAD retained lead here by +141 votes (55.1% share). Target moderate Panthic and farming families in Nangal Pannuan disillusioned with traditional leadership. Appoint dedicated block coordinators and highlight direct government procurement and village development works.', 'action_pa': 'ਅਕਾਲੀ ਦਲ ਨੇ ਇੱਥੇ +141 ਵੋਟਾਂ (55.1%) ਨਾਲ ਲੀਡ ਬਣਾਈ ਹੈ। ਨੰਗਲ ਪੰਨੂਆਂ ਵਿੱਚ ਰਵਾਇਤੀ ਲੀਡਰਸ਼ਿਪ ਤੋਂ ਨਿਰਾਸ਼ ਕਿਸਾਨ ਅਤੇ ਪੰਥਕ ਪਰਿਵਾਰਾਂ ਨਾਲ ਸੰਵਾਦ ਕਰੋ। ਪਿੰਡਾਂ ਵਿੱਚ ਪੰਜਾਬ ਸਰਕਾਰ ਦੇ ਵਿਕਾਸ ਕਾਰਜਾਂ ਅਤੇ ਨਿਰਪੱਖ ਭਰਤੀਆਂ ਦੇ ਸੁਨੇਹੇ ਨਾਲ ਸੰਨ੍ਹ ਲਗਾਓ।', 'action_steps_en': ['Days 1-30: Map the top 30 influential non-committed Panthic families in Nangal Pannuan.', 'Days 31-60: Deploy senior constituency leaders for direct home visits to address local disgruntlement.', ""Days 61-90: Neutralize SAD's +141 vote cushion by winning over agricultural youth.""], 'action_steps_pa': ['ਦਿਨ 1-30: ਨੰਗਲ ਪੰਨੂਆਂ ਦੇ 30 ਨਿਰਪੱਖ ਅਤੇ ਪ੍ਰਭਾਵਸ਼ਾਲੀ ਪਰਿਵਾਰਾਂ ਦੀ ਸ਼ਨਾਖਤ ਕਰੋ।', 'ਦਿਨ 31-60: ਸੀਨੀਅਰ ਲੀਡਰਸ਼ਿਪ ਰਾਹੀਂ ਘਰ-ਘਰ ਜਾ ਕੇ ਸਰਕਾਰ ਦੀਆਂ ਨਿਰਪੱਖ ਨੀਤੀਆਂ ਸਾਂਝੀਆਂ ਕਰੋ।', 'ਦਿਨ 61-90: ਨੌਜਵਾਨ ਵਰਗ ਨੂੰ ਸਰਕਾਰੀ ਨੌਕਰੀਆਂ ਅਤੇ ਖੇਡ ਕਿੱਟਾਂ ਰਾਹੀਂ ਪਾਰਟੀ ਨਾਲ ਜੋੜ ਕੇ ਲੀਡ ਘਟਾਓ।'], 'action_steps': ['ਦਿਨ 1-30: ਨੰਗਲ ਪੰਨੂਆਂ ਦੇ 30 ਨਿਰਪੱਖ ਅਤੇ ਪ੍ਰਭਾਵਸ਼ਾਲੀ ਪਰਿਵਾਰਾਂ ਦੀ ਸ਼ਨਾਖਤ ਕਰੋ।', 'ਦਿਨ 31-60: ਸੀਨੀਅਰ ਲੀਡਰਸ਼ਿਪ ਰਾਹੀਂ ਘਰ-ਘਰ ਜਾ ਕੇ ਸਰਕਾਰ ਦੀਆਂ ਨਿਰਪੱਖ ਨੀਤੀਆਂ ਸਾਂਝੀਆਂ ਕਰੋ।', 'ਦਿਨ 61-90: ਨੌਜਵਾਨ ਵਰਗ ਨੂੰ ਸਰਕਾਰੀ ਨੌਕਰੀਆਂ ਅਤੇ ਖੇਡ ਕਿੱਟਾਂ ਰਾਹੀਂ ਪਾਰਟੀ ਨਾਲ ਜੋੜ ਕੇ ਲੀਡ ਘਟਾਓ।']}"
29,29,28,29,30,False,#29,Booth #29 (Unchanged),ਬੂਥ #29 (ਅਣਬਦਲਿਆ),Nangal Pannuan,ਨੰਗਲ ਪੰਨੂਆਂ,ਨੰਗਲ ਪੰਨੂਆਂ,Nangal Pannuan,ਨੰਗਲ ਪੰਨੂਆਂ,Nangal Pannuan,ਨੰਗਲ ਪੰਨੂਆਂ,SAD,SAD,151,146,SAD Retained,SAD Retained,AAP Deficit,ਆਪ ਘਾਟ,INC Deficit,"{'AAP': 'WEAK', 'SAD': 'WON_BOTH', 'INC': 'LOST_BOTH', 'BJP': 'WEAK'}",False,"{'is_flip': False, 'status_label': 'SAD Retained', 'turnout_diff': -60, 'turnout_pct': -8.3, 'sad_swing': 1.26, 'aap_swing': -9.39, 'inc_swing': 12.02, 'bjp_swing': 3.28}",723,663,-60,-8.3,341,321,-20,47.16,48.42,1.26,190,112,-78,26.28,16.89,-9.39,104,175,71,14.38,26.4,12.02,9,30,21,1.24,4.52,3.28,10,1.51,"{'total': 723, 'sad': 341, 'aap': 190, 'inc': 104, 'bjp': 9, 'sad_votes': 341, 'sad_pct': 47.16, 'aap_votes': 190, 'aap_pct': 26.28, 'inc_votes': 104, 'inc_pct': 14.38, 'bjp_votes': 9, 'bjp_pct': 1.24, 'winner_party': 'SAD', 'margin': 151, 'winner_candidate': 'Ganieve Kaur Majithia'}","{'total': 663, 'sad': 321, 'aap': 112, 'inc': 175, 'bjp': 30, 'sada': 10, 'bsp': 1, 'others': 12, 'sad_votes': 321, 'sad_pct': 48.42, 'aap_votes': 112, 'aap_pct': 16.89, 'inc_votes': 175, 'inc_pct': 26.4, 'bjp_votes': 30, 'bjp_pct': 4.52, 'sada_votes': 10, 'sada_pct': 1.51, 'winner_party': 'SAD', 'margin': 146, 'winner_candidate': 'Anil Joshi'}","{'turnout_diff': -60, 'turnout_pct': -8.3, 'sad_shift': -20, 'sad_swing': 1.26, 'aap_shift': -78, 'aap_swing': -9.39, 'inc_shift': 71, 'inc_swing': 12.02, 'bjp_shift': 21, 'bjp_swing': 3.28}",Akali Bastion: Strategic Penetration & Demolition Zone,ਅਕਾਲੀ ਦਲ ਦਾ ਪ੍ਰਭਾਵਿਤ ਖੇਤਰ: ਵਿਸ਼ੇਸ਼ ਘੇਰਾਬੰਦੀ ਜ਼ੋਨ,SAD retained lead here by +146 votes (48.4% share). Target moderate Panthic and farming families in Nangal Pannuan disillusioned with traditional leadership. Appoint dedicated block coordinators and highlight direct government procurement and village development works.,ਅਕਾਲੀ ਦਲ ਨੇ ਇੱਥੇ +146 ਵੋਟਾਂ (48.4%) ਨਾਲ ਲੀਡ ਬਣਾਈ ਹੈ। ਨੰਗਲ ਪੰਨੂਆਂ ਵਿੱਚ ਰਵਾਇਤੀ ਲੀਡਰਸ਼ਿਪ ਤੋਂ ਨਿਰਾਸ਼ ਕਿਸਾਨ ਅਤੇ ਪੰਥਕ ਪਰਿਵਾਰਾਂ ਨਾਲ ਸੰਵਾਦ ਕਰੋ। ਪਿੰਡਾਂ ਵਿੱਚ ਪੰਜਾਬ ਸਰਕਾਰ ਦੇ ਵਿਕਾਸ ਕਾਰਜਾਂ ਅਤੇ ਨਿਰਪੱਖ ਭਰਤੀਆਂ ਦੇ ਸੁਨੇਹੇ ਨਾਲ ਸੰਨ੍ਹ ਲਗਾਓ।,"{'booth_no': '29', 'village_en': 'Nangal Pannuan', 'village_pa': 'ਨੰਗਲ ਪੰਨੂਆਂ', 'zone_en': 'Akali Bastion: Strategic Penetration & Demolition Zone', 'zone_pa': 'ਅਕਾਲੀ ਦਲ ਦਾ ਪ੍ਰਭਾਵਿਤ ਖੇਤਰ: ਵਿਸ਼ੇਸ਼ ਘੇਰਾਬੰਦੀ ਜ਼ੋਨ', 'action_en': 'SAD retained lead here by +146 votes (48.4% share). Target moderate Panthic and farming families in Nangal Pannuan disillusioned with traditional leadership. Appoint dedicated block coordinators and highlight direct government procurement and village development works.', 'action_pa': 'ਅਕਾਲੀ ਦਲ ਨੇ ਇੱਥੇ +146 ਵੋਟਾਂ (48.4%) ਨਾਲ ਲੀਡ ਬਣਾਈ ਹੈ। ਨੰਗਲ ਪੰਨੂਆਂ ਵਿੱਚ ਰਵਾਇਤੀ ਲੀਡਰਸ਼ਿਪ ਤੋਂ ਨਿਰਾਸ਼ ਕਿਸਾਨ ਅਤੇ ਪੰਥਕ ਪਰਿਵਾਰਾਂ ਨਾਲ ਸੰਵਾਦ ਕਰੋ। ਪਿੰਡਾਂ ਵਿੱਚ ਪੰਜਾਬ ਸਰਕਾਰ ਦੇ ਵਿਕਾਸ ਕਾਰਜਾਂ ਅਤੇ ਨਿਰਪੱਖ ਭਰਤੀਆਂ ਦੇ ਸੁਨੇਹੇ ਨਾਲ ਸੰਨ੍ਹ ਲਗਾਓ।', 'action_steps_en': ['Days 1-30: Map the top 30 influential non-committed Panthic families in Nangal Pannuan.', 'Days 31-60: Deploy senior constituency leaders for direct home visits to address local disgruntlement.', ""Days 61-90: Neutralize SAD's +146 vote cushion by winning over agricultural youth.""], 'action_steps_pa': ['ਦਿਨ 1-30: ਨੰਗਲ ਪੰਨੂਆਂ ਦੇ 30 ਨਿਰਪੱਖ ਅਤੇ ਪ੍ਰਭਾਵਸ਼ਾਲੀ ਪਰਿਵਾਰਾਂ ਦੀ ਸ਼ਨਾਖਤ ਕਰੋ।', 'ਦਿਨ 31-60: ਸੀਨੀਅਰ ਲੀਡਰਸ਼ਿਪ ਰਾਹੀਂ ਘਰ-ਘਰ ਜਾ ਕੇ ਸਰਕਾਰ ਦੀਆਂ ਨਿਰਪੱਖ ਨੀਤੀਆਂ ਸਾਂਝੀਆਂ ਕਰੋ।', 'ਦਿਨ 61-90: ਨੌਜਵਾਨ ਵਰਗ ਨੂੰ ਸਰਕਾਰੀ ਨੌਕਰੀਆਂ ਅਤੇ ਖੇਡ ਕਿੱਟਾਂ ਰਾਹੀਂ ਪਾਰਟੀ ਨਾਲ ਜੋੜ ਕੇ ਲੀਡ ਘਟਾਓ।'], 'action_steps': ['ਦਿਨ 1-30: ਨੰਗਲ ਪੰਨੂਆਂ ਦੇ 30 ਨਿਰਪੱਖ ਅਤੇ ਪ੍ਰਭਾਵਸ਼ਾਲੀ ਪਰਿਵਾਰਾਂ ਦੀ ਸ਼ਨਾਖਤ ਕਰੋ।', 'ਦਿਨ 31-60: ਸੀਨੀਅਰ ਲੀਡਰਸ਼ਿਪ ਰਾਹੀਂ ਘਰ-ਘਰ ਜਾ ਕੇ ਸਰਕਾਰ ਦੀਆਂ ਨਿਰਪੱਖ ਨੀਤੀਆਂ ਸਾਂਝੀਆਂ ਕਰੋ।', 'ਦਿਨ 61-90: ਨੌਜਵਾਨ ਵਰਗ ਨੂੰ ਸਰਕਾਰੀ ਨੌਕਰੀਆਂ ਅਤੇ ਖੇਡ ਕਿੱਟਾਂ ਰਾਹੀਂ ਪਾਰਟੀ ਨਾਲ ਜੋੜ ਕੇ ਲੀਡ ਘਟਾਓ।']}"
30,30,29,30,31,True,2024: #30 | 2022: #31,2024 Booth #30 (Majitha) • 2022 Booth #31 (Nangal Pannuan was at #30),2024 ਬੂਥ #30 (ਮਜੀਠਾ) • 2022 ਬੂਥ #31 (ਬੂਥ #30 'ਤੇ ਨੰਗਲ ਪੰਨੂਆਂ ਸੀ),Majitha,ਮਜੀਠਾ,ਮਜੀਠਾ,Majitha,ਮਜੀਠਾ,Nangal Pannuan,ਨੰਗਲ ਪੰਨੂਆਂ,SAD,SAD,103,190,SAD Retained,SAD Retained,AAP Deficit,ਆਪ ਘਾਟ,INC Deficit,"{'AAP': 'WEAK', 'SAD': 'WON_BOTH', 'INC': 'LOST_BOTH', 'BJP': 'WEAK'}",False,"{'is_flip': False, 'status_label': 'SAD Retained', 'turnout_diff': 23, 'turnout_pct': 4.06, 'sad_swing': 3.21, 'aap_swing': 4.34, 'inc_swing': -11.0, 'bjp_swing': 2.94}",567,590,23,4.06,273,303,30,48.15,51.36,3.21,84,113,29,14.81,19.15,4.34,170,112,-58,29.98,18.98,-11.0,15,33,18,2.65,5.59,2.94,9,1.53,"{'total': 567, 'sad': 273, 'aap': 84, 'inc': 170, 'bjp': 15, 'sad_votes': 273, 'sad_pct': 48.15, 'aap_votes': 84, 'aap_pct': 14.81, 'inc_votes': 170, 'inc_pct': 29.98, 'bjp_votes': 15, 'bjp_pct': 2.65, 'winner_party': 'SAD', 'margin': 103, 'winner_candidate': 'Ganieve Kaur Majithia'}","{'total': 590, 'sad': 303, 'aap': 113, 'inc': 112, 'bjp': 33, 'sada': 9, 'bsp': 1, 'others': 17, 'sad_votes': 303, 'sad_pct': 51.36, 'aap_votes': 113, 'aap_pct': 19.15, 'inc_votes': 112, 'inc_pct': 18.98, 'bjp_votes': 33, 'bjp_pct': 5.59, 'sada_votes': 9, 'sada_pct': 1.53, 'winner_party': 'SAD', 'margin': 190, 'winner_candidate': 'Anil Joshi'}","{'turnout_diff': 23, 'turnout_pct': 4.06, 'sad_shift': 30, 'sad_swing': 3.21, 'aap_shift': 29, 'aap_swing': 4.34, 'inc_shift': -58, 'inc_swing': -11.0, 'bjp_shift': 18, 'bjp_swing': 2.94}",Akali Bastion: Strategic Penetration & Demolition Zone,ਅਕਾਲੀ ਦਲ ਦਾ ਪ੍ਰਭਾਵਿਤ ਖੇਤਰ: ਵਿਸ਼ੇਸ਼ ਘੇਰਾਬੰਦੀ ਜ਼ੋਨ,SAD retained lead here by +190 votes (51.4% share). Target moderate Panthic and farming families in Majitha disillusioned with traditional leadership. Appoint dedicated block coordinators and highlight direct government procurement and village development works.,ਅਕਾਲੀ ਦਲ ਨੇ ਇੱਥੇ +190 ਵੋਟਾਂ (51.4%) ਨਾਲ ਲੀਡ ਬਣਾਈ ਹੈ। ਮਜੀਠਾ ਵਿੱਚ ਰਵਾਇਤੀ ਲੀਡਰਸ਼ਿਪ ਤੋਂ ਨਿਰਾਸ਼ ਕਿਸਾਨ ਅਤੇ ਪੰਥਕ ਪਰਿਵਾਰਾਂ ਨਾਲ ਸੰਵਾਦ ਕਰੋ। ਪਿੰਡਾਂ ਵਿੱਚ ਪੰਜਾਬ ਸਰਕਾਰ ਦੇ ਵਿਕਾਸ ਕਾਰਜਾਂ ਅਤੇ ਨਿਰਪੱਖ ਭਰਤੀਆਂ ਦੇ ਸੁਨੇਹੇ ਨਾਲ ਸੰਨ੍ਹ ਲਗਾਓ।,"{'booth_no': '30', 'village_en': 'Majitha', 'village_pa': 'ਮਜੀਠਾ', 'zone_en': 'Akali Bastion: Strategic Penetration & Demolition Zone', 'zone_pa': 'ਅਕਾਲੀ ਦਲ ਦਾ ਪ੍ਰਭਾਵਿਤ ਖੇਤਰ: ਵਿਸ਼ੇਸ਼ ਘੇਰਾਬੰਦੀ ਜ਼ੋਨ', 'action_en': 'SAD retained lead here by +190 votes (51.4% share). Target moderate Panthic and farming families in Majitha disillusioned with traditional leadership. Appoint dedicated block coordinators and highlight direct government procurement and village development works.', 'action_pa': 'ਅਕਾਲੀ ਦਲ ਨੇ ਇੱਥੇ +190 ਵੋਟਾਂ (51.4%) ਨਾਲ ਲੀਡ ਬਣਾਈ ਹੈ। ਮਜੀਠਾ ਵਿੱਚ ਰਵਾਇਤੀ ਲੀਡਰਸ਼ਿਪ ਤੋਂ ਨਿਰਾਸ਼ ਕਿਸਾਨ ਅਤੇ ਪੰਥਕ ਪਰਿਵਾਰਾਂ ਨਾਲ ਸੰਵਾਦ ਕਰੋ। ਪਿੰਡਾਂ ਵਿੱਚ ਪੰਜਾਬ ਸਰਕਾਰ ਦੇ ਵਿਕਾਸ ਕਾਰਜਾਂ ਅਤੇ ਨਿਰਪੱਖ ਭਰਤੀਆਂ ਦੇ ਸੁਨੇਹੇ ਨਾਲ ਸੰਨ੍ਹ ਲਗਾਓ।', 'action_steps_en': ['Days 1-30: Map the top 30 influential non-committed Panthic families in Majitha.', 'Days 31-60: Deploy senior constituency leaders for direct home visits to address local disgruntlement.', ""Days 61-90: Neutralize SAD's +190 vote cushion by winning over agricultural youth.""], 'action_steps_pa': ['ਦਿਨ 1-30: ਮਜੀਠਾ ਦੇ 30 ਨਿਰਪੱਖ ਅਤੇ ਪ੍ਰਭਾਵਸ਼ਾਲੀ ਪਰਿਵਾਰਾਂ ਦੀ ਸ਼ਨਾਖਤ ਕਰੋ।', 'ਦਿਨ 31-60: ਸੀਨੀਅਰ ਲੀਡਰਸ਼ਿਪ ਰਾਹੀਂ ਘਰ-ਘਰ ਜਾ ਕੇ ਸਰਕਾਰ ਦੀਆਂ ਨਿਰਪੱਖ ਨੀਤੀਆਂ ਸਾਂਝੀਆਂ ਕਰੋ।', 'ਦਿਨ 61-90: ਨੌਜਵਾਨ ਵਰਗ ਨੂੰ ਸਰਕਾਰੀ ਨੌਕਰੀਆਂ ਅਤੇ ਖੇਡ ਕਿੱਟਾਂ ਰਾਹੀਂ ਪਾਰਟੀ ਨਾਲ ਜੋੜ ਕੇ ਲੀਡ ਘਟਾਓ।'], 'action_steps': ['ਦਿਨ 1-30: ਮਜੀਠਾ ਦੇ 30 ਨਿਰਪੱਖ ਅਤੇ ਪ੍ਰਭਾਵਸ਼ਾਲੀ ਪਰਿਵਾਰਾਂ ਦੀ ਸ਼ਨਾਖਤ ਕਰੋ।', 'ਦਿਨ 31-60: ਸੀਨੀਅਰ ਲੀਡਰਸ਼ਿਪ ਰਾਹੀਂ ਘਰ-ਘਰ ਜਾ ਕੇ ਸਰਕਾਰ ਦੀਆਂ ਨਿਰਪੱਖ ਨੀਤੀਆਂ ਸਾਂਝੀਆਂ ਕਰੋ।', 'ਦਿਨ 61-90: ਨੌਜਵਾਨ ਵਰਗ ਨੂੰ ਸਰਕਾਰੀ ਨੌਕਰੀਆਂ ਅਤੇ ਖੇਡ ਕਿੱਟਾਂ ਰਾਹੀਂ ਪਾਰਟੀ ਨਾਲ ਜੋੜ ਕੇ ਲੀਡ ਘਟਾਓ।']}"
31,31,30,31,31,False,#31,Booth #31 (Unchanged),ਬੂਥ #31 (ਅਣਬਦਲਿਆ),Majitha,ਮਜੀਠਾ,ਮਜੀਠਾ,Majitha,ਮਜੀਠਾ,Majitha,ਮਜੀਠਾ,SAD,SAD,103,36,SAD Retained,SAD Retained,AAP Deficit,ਆਪ ਘਾਟ,INC Deficit,"{'AAP': 'LOST_BOTH', 'SAD': 'WON_BOTH', 'INC': 'WEAK', 'BJP': 'LOST_BOTH'}",False,"{'is_flip': False, 'status_label': 'SAD Retained', 'turnout_diff': -99, 'turnout_pct': -17.46, 'sad_swing': -10.54, 'aap_swing': 15.1, 'inc_swing': -16.52, 'bjp_swing': 10.6}",567,468,-99,-17.46,273,176,-97,48.15,37.61,-10.54,84,140,56,14.81,29.91,15.1,170,63,-107,29.98,13.46,-16.52,15,62,47,2.65,13.25,10.6,1,0.21,"{'total': 567, 'sad': 273, 'aap': 84, 'inc': 170, 'bjp': 15, 'sad_votes': 273, 'sad_pct': 48.15, 'aap_votes': 84, 'aap_pct': 14.81, 'inc_votes': 170, 'inc_pct': 29.98, 'bjp_votes': 15, 'bjp_pct': 2.65, 'winner_party': 'SAD', 'margin': 103, 'winner_candidate': 'Ganieve Kaur Majithia'}","{'total': 468, 'sad': 176, 'aap': 140, 'inc': 63, 'bjp': 62, 'sada': 1, 'bsp': 4, 'others': 21, 'sad_votes': 176, 'sad_pct': 37.61, 'aap_votes': 140, 'aap_pct': 29.91, 'inc_votes': 63, 'inc_pct': 13.46, 'bjp_votes': 62, 'bjp_pct': 13.25, 'sada_votes': 1, 'sada_pct': 0.21, 'winner_party': 'SAD', 'margin': 36, 'winner_candidate': 'Anil Joshi'}","{'turnout_diff': -99, 'turnout_pct': -17.46, 'sad_shift': -97, 'sad_swing': -10.54, 'aap_shift': 56, 'aap_swing': 15.1, 'inc_shift': -107, 'inc_swing': -16.52, 'bjp_shift': 47, 'bjp_swing': 10.6}",Akali Bastion: Strategic Penetration & Demolition Zone,ਅਕਾਲੀ ਦਲ ਦਾ ਪ੍ਰਭਾਵਿਤ ਖੇਤਰ: ਵਿਸ਼ੇਸ਼ ਘੇਰਾਬੰਦੀ ਜ਼ੋਨ,SAD retained lead here by +36 votes (37.6% share). Target moderate Panthic and farming families in Majitha disillusioned with traditional leadership. Appoint dedicated block coordinators and highlight direct government procurement and village development works.,ਅਕਾਲੀ ਦਲ ਨੇ ਇੱਥੇ +36 ਵੋਟਾਂ (37.6%) ਨਾਲ ਲੀਡ ਬਣਾਈ ਹੈ। ਮਜੀਠਾ ਵਿੱਚ ਰਵਾਇਤੀ ਲੀਡਰਸ਼ਿਪ ਤੋਂ ਨਿਰਾਸ਼ ਕਿਸਾਨ ਅਤੇ ਪੰਥਕ ਪਰਿਵਾਰਾਂ ਨਾਲ ਸੰਵਾਦ ਕਰੋ। ਪਿੰਡਾਂ ਵਿੱਚ ਪੰਜਾਬ ਸਰਕਾਰ ਦੇ ਵਿਕਾਸ ਕਾਰਜਾਂ ਅਤੇ ਨਿਰਪੱਖ ਭਰਤੀਆਂ ਦੇ ਸੁਨੇਹੇ ਨਾਲ ਸੰਨ੍ਹ ਲਗਾਓ।,"{'booth_no': '31', 'village_en': 'Majitha', 'village_pa': 'ਮਜੀਠਾ', 'zone_en': 'Akali Bastion: Strategic Penetration & Demolition Zone', 'zone_pa': 'ਅਕਾਲੀ ਦਲ ਦਾ ਪ੍ਰਭਾਵਿਤ ਖੇਤਰ: ਵਿਸ਼ੇਸ਼ ਘੇਰਾਬੰਦੀ ਜ਼ੋਨ', 'action_en': 'SAD retained lead here by +36 votes (37.6% share). Target moderate Panthic and farming families in Majitha disillusioned with traditional leadership. Appoint dedicated block coordinators and highlight direct government procurement and village development works.', 'action_pa': 'ਅਕਾਲੀ ਦਲ ਨੇ ਇੱਥੇ +36 ਵੋਟਾਂ (37.6%) ਨਾਲ ਲੀਡ ਬਣਾਈ ਹੈ। ਮਜੀਠਾ ਵਿੱਚ ਰਵਾਇਤੀ ਲੀਡਰਸ਼ਿਪ ਤੋਂ ਨਿਰਾਸ਼ ਕਿਸਾਨ ਅਤੇ ਪੰਥਕ ਪਰਿਵਾਰਾਂ ਨਾਲ ਸੰਵਾਦ ਕਰੋ। ਪਿੰਡਾਂ ਵਿੱਚ ਪੰਜਾਬ ਸਰਕਾਰ ਦੇ ਵਿਕਾਸ ਕਾਰਜਾਂ ਅਤੇ ਨਿਰਪੱਖ ਭਰਤੀਆਂ ਦੇ ਸੁਨੇਹੇ ਨਾਲ ਸੰਨ੍ਹ ਲਗਾਓ।', 'action_steps_en': ['Days 1-30: Map the top 30 influential non-committed Panthic families in Majitha.', 'Days 31-60: Deploy senior constituency leaders for direct home visits to address local disgruntlement.', ""Days 61-90: Neutralize SAD's +36 vote cushion by winning over agricultural youth.""], 'action_steps_pa': ['ਦਿਨ 1-30: ਮਜੀਠਾ ਦੇ 30 ਨਿਰਪੱਖ ਅਤੇ ਪ੍ਰਭਾਵਸ਼ਾਲੀ ਪਰਿਵਾਰਾਂ ਦੀ ਸ਼ਨਾਖਤ ਕਰੋ।', 'ਦਿਨ 31-60: ਸੀਨੀਅਰ ਲੀਡਰਸ਼ਿਪ ਰਾਹੀਂ ਘਰ-ਘਰ ਜਾ ਕੇ ਸਰਕਾਰ ਦੀਆਂ ਨਿਰਪੱਖ ਨੀਤੀਆਂ ਸਾਂਝੀਆਂ ਕਰੋ।', 'ਦਿਨ 61-90: ਨੌਜਵਾਨ ਵਰਗ ਨੂੰ ਸਰਕਾਰੀ ਨੌਕਰੀਆਂ ਅਤੇ ਖੇਡ ਕਿੱਟਾਂ ਰਾਹੀਂ ਪਾਰਟੀ ਨਾਲ ਜੋੜ ਕੇ ਲੀਡ ਘਟਾਓ।'], 'action_steps': ['ਦਿਨ 1-30: ਮਜੀਠਾ ਦੇ 30 ਨਿਰਪੱਖ ਅਤੇ ਪ੍ਰਭਾਵਸ਼ਾਲੀ ਪਰਿਵਾਰਾਂ ਦੀ ਸ਼ਨਾਖਤ ਕਰੋ।', 'ਦਿਨ 31-60: ਸੀਨੀਅਰ ਲੀਡਰਸ਼ਿਪ ਰਾਹੀਂ ਘਰ-ਘਰ ਜਾ ਕੇ ਸਰਕਾਰ ਦੀਆਂ ਨਿਰਪੱਖ ਨੀਤੀਆਂ ਸਾਂਝੀਆਂ ਕਰੋ।', 'ਦਿਨ 61-90: ਨੌਜਵਾਨ ਵਰਗ ਨੂੰ ਸਰਕਾਰੀ ਨੌਕਰੀਆਂ ਅਤੇ ਖੇਡ ਕਿੱਟਾਂ ਰਾਹੀਂ ਪਾਰਟੀ ਨਾਲ ਜੋੜ ਕੇ ਲੀਡ ਘਟਾਓ।']}"
32,32,31,32,32,False,#32,Booth #32 (Unchanged),ਬੂਥ #32 (ਅਣਬਦਲਿਆ),Majitha,ਮਜੀਠਾ,ਮਜੀਠਾ,Majitha,ਮਜੀਠਾ,Majitha,ਮਜੀਠਾ,SAD,SAD,123,143,SAD Retained,SAD Retained,AAP Deficit,ਆਪ ਘਾਟ,INC Deficit,"{'AAP': 'WEAK', 'SAD': 'WON_BOTH', 'INC': 'WEAK', 'BJP': 'LOST_BOTH'}",False,"{'is_flip': False, 'status_label': 'SAD Retained', 'turnout_diff': 106, 'turnout_pct': 21.46, 'sad_swing': -4.17, 'aap_swing': -4.5, 'inc_swing': -7.77, 'bjp_swing': 18.36}",494,600,106,21.46,233,258,25,47.17,43.0,-4.17,93,86,-7,18.83,14.33,-4.5,110,87,-23,22.27,14.5,-7.77,4,115,111,0.81,19.17,18.36,21,3.5,"{'total': 494, 'sad': 233, 'aap': 93, 'inc': 110, 'bjp': 4, 'sad_votes': 233, 'sad_pct': 47.17, 'aap_votes': 93, 'aap_pct': 18.83, 'inc_votes': 110, 'inc_pct': 22.27, 'bjp_votes': 4, 'bjp_pct': 0.81, 'winner_party': 'SAD', 'margin': 123, 'winner_candidate': 'Ganieve Kaur Majithia'}","{'total': 600, 'sad': 258, 'aap': 86, 'inc': 87, 'bjp': 115, 'sada': 21, 'bsp': 1, 'others': 28, 'sad_votes': 258, 'sad_pct': 43.0, 'aap_votes': 86, 'aap_pct': 14.33, 'inc_votes': 87, 'inc_pct': 14.5, 'bjp_votes': 115, 'bjp_pct': 19.17, 'sada_votes': 21, 'sada_pct': 3.5, 'winner_party': 'SAD', 'margin': 143, 'winner_candidate': 'Anil Joshi'}","{'turnout_diff': 106, 'turnout_pct': 21.46, 'sad_shift': 25, 'sad_swing': -4.17, 'aap_shift': -7, 'aap_swing': -4.5, 'inc_shift': -23, 'inc_swing': -7.77, 'bjp_shift': 111, 'bjp_swing': 18.36}",Akali Bastion: Strategic Penetration & Demolition Zone,ਅਕਾਲੀ ਦਲ ਦਾ ਪ੍ਰਭਾਵਿਤ ਖੇਤਰ: ਵਿਸ਼ੇਸ਼ ਘੇਰਾਬੰਦੀ ਜ਼ੋਨ,SAD retained lead here by +143 votes (43.0% share). Target moderate Panthic and farming families in Majitha disillusioned with traditional leadership. Appoint dedicated block coordinators and highlight direct government procurement and village development works.,ਅਕਾਲੀ ਦਲ ਨੇ ਇੱਥੇ +143 ਵੋਟਾਂ (43.0%) ਨਾਲ ਲੀਡ ਬਣਾਈ ਹੈ। ਮਜੀਠਾ ਵਿੱਚ ਰਵਾਇਤੀ ਲੀਡਰਸ਼ਿਪ ਤੋਂ ਨਿਰਾਸ਼ ਕਿਸਾਨ ਅਤੇ ਪੰਥਕ ਪਰਿਵਾਰਾਂ ਨਾਲ ਸੰਵਾਦ ਕਰੋ। ਪਿੰਡਾਂ ਵਿੱਚ ਪੰਜਾਬ ਸਰਕਾਰ ਦੇ ਵਿਕਾਸ ਕਾਰਜਾਂ ਅਤੇ ਨਿਰਪੱਖ ਭਰਤੀਆਂ ਦੇ ਸੁਨੇਹੇ ਨਾਲ ਸੰਨ੍ਹ ਲਗਾਓ।,"{'booth_no': '32', 'village_en': 'Majitha', 'village_pa': 'ਮਜੀਠਾ', 'zone_en': 'Akali Bastion: Strategic Penetration & Demolition Zone', 'zone_pa': 'ਅਕਾਲੀ ਦਲ ਦਾ ਪ੍ਰਭਾਵਿਤ ਖੇਤਰ: ਵਿਸ਼ੇਸ਼ ਘੇਰਾਬੰਦੀ ਜ਼ੋਨ', 'action_en': 'SAD retained lead here by +143 votes (43.0% share). Target moderate Panthic and farming families in Majitha disillusioned with traditional leadership. Appoint dedicated block coordinators and highlight direct government procurement and village development works.', 'action_pa': 'ਅਕਾਲੀ ਦਲ ਨੇ ਇੱਥੇ +143 ਵੋਟਾਂ (43.0%) ਨਾਲ ਲੀਡ ਬਣਾਈ ਹੈ। ਮਜੀਠਾ ਵਿੱਚ ਰਵਾਇਤੀ ਲੀਡਰਸ਼ਿਪ ਤੋਂ ਨਿਰਾਸ਼ ਕਿਸਾਨ ਅਤੇ ਪੰਥਕ ਪਰਿਵਾਰਾਂ ਨਾਲ ਸੰਵਾਦ ਕਰੋ। ਪਿੰਡਾਂ ਵਿੱਚ ਪੰਜਾਬ ਸਰਕਾਰ ਦੇ ਵਿਕਾਸ ਕਾਰਜਾਂ ਅਤੇ ਨਿਰਪੱਖ ਭਰਤੀਆਂ ਦੇ ਸੁਨੇਹੇ ਨਾਲ ਸੰਨ੍ਹ ਲਗਾਓ।', 'action_steps_en': ['Days 1-30: Map the top 30 influential non-committed Panthic families in Majitha.', 'Days 31-60: Deploy senior constituency leaders for direct home visits to address local disgruntlement.', ""Days 61-90: Neutralize SAD's +143 vote cushion by winning over agricultural youth.""], 'action_steps_pa': ['ਦਿਨ 1-30: ਮਜੀਠਾ ਦੇ 30 ਨਿਰਪੱਖ ਅਤੇ ਪ੍ਰਭਾਵਸ਼ਾਲੀ ਪਰਿਵਾਰਾਂ ਦੀ ਸ਼ਨਾਖਤ ਕਰੋ।', 'ਦਿਨ 31-60: ਸੀਨੀਅਰ ਲੀਡਰਸ਼ਿਪ ਰਾਹੀਂ ਘਰ-ਘਰ ਜਾ ਕੇ ਸਰਕਾਰ ਦੀਆਂ ਨਿਰਪੱਖ ਨੀਤੀਆਂ ਸਾਂਝੀਆਂ ਕਰੋ।', 'ਦਿਨ 61-90: ਨੌਜਵਾਨ ਵਰਗ ਨੂੰ ਸਰਕਾਰੀ ਨੌਕਰੀਆਂ ਅਤੇ ਖੇਡ ਕਿੱਟਾਂ ਰਾਹੀਂ ਪਾਰਟੀ ਨਾਲ ਜੋੜ ਕੇ ਲੀਡ ਘਟਾਓ।'], 'action_steps': ['ਦਿਨ 1-30: ਮਜੀਠਾ ਦੇ 30 ਨਿਰਪੱਖ ਅਤੇ ਪ੍ਰਭਾਵਸ਼ਾਲੀ ਪਰਿਵਾਰਾਂ ਦੀ ਸ਼ਨਾਖਤ ਕਰੋ।', 'ਦਿਨ 31-60: ਸੀਨੀਅਰ ਲੀਡਰਸ਼ਿਪ ਰਾਹੀਂ ਘਰ-ਘਰ ਜਾ ਕੇ ਸਰਕਾਰ ਦੀਆਂ ਨਿਰਪੱਖ ਨੀਤੀਆਂ ਸਾਂਝੀਆਂ ਕਰੋ।', 'ਦਿਨ 61-90: ਨੌਜਵਾਨ ਵਰਗ ਨੂੰ ਸਰਕਾਰੀ ਨੌਕਰੀਆਂ ਅਤੇ ਖੇਡ ਕਿੱਟਾਂ ਰਾਹੀਂ ਪਾਰਟੀ ਨਾਲ ਜੋੜ ਕੇ ਲੀਡ ਘਟਾਓ।']}"
33,33,32,33,33,False,#33,Booth #33 (Unchanged),ਬੂਥ #33 (ਅਣਬਦਲਿਆ),Majitha,ਮਜੀਠਾ,ਮਜੀਠਾ,Majitha,ਮਜੀਠਾ,Majitha,ਮਜੀਠਾ,SAD,SAD,278,27,SAD Retained,SAD Retained,AAP Deficit,ਆਪ ਘਾਟ,INC Deficit,"{'AAP': 'LOST_BOTH', 'SAD': 'WON_BOTH', 'INC': 'LOST_BOTH', 'BJP': 'WEAK'}",False,"{'is_flip': False, 'status_label': 'SAD Retained', 'turnout_diff': -270, 'turnout_pct': -36.1, 'sad_swing': -22.26, 'aap_swing': 23.02, 'inc_swing': -8.74, 'bjp_swing': 6.4}",748,478,-270,-36.1,456,185,-271,60.96,38.7,-22.26,75,158,83,10.03,33.05,23.02,178,72,-106,23.8,15.06,-8.74,10,37,27,1.34,7.74,6.4,6,1.26,"{'total': 748, 'sad': 456, 'aap': 75, 'inc': 178, 'bjp': 10, 'sad_votes': 456, 'sad_pct': 60.96, 'aap_votes': 75, 'aap_pct': 10.03, 'inc_votes': 178, 'inc_pct': 23.8, 'bjp_votes': 10, 'bjp_pct': 1.34, 'winner_party': 'SAD', 'margin': 278, 'winner_candidate': 'Ganieve Kaur Majithia'}","{'total': 478, 'sad': 185, 'aap': 158, 'inc': 72, 'bjp': 37, 'sada': 6, 'bsp': 1, 'others': 17, 'sad_votes': 185, 'sad_pct': 38.7, 'aap_votes': 158, 'aap_pct': 33.05, 'inc_votes': 72, 'inc_pct': 15.06, 'bjp_votes': 37, 'bjp_pct': 7.74, 'sada_votes': 6, 'sada_pct': 1.26, 'winner_party': 'SAD', 'margin': 27, 'winner_candidate': 'Anil Joshi'}","{'turnout_diff': -270, 'turnout_pct': -36.1, 'sad_shift': -271, 'sad_swing': -22.26, 'aap_shift': 83, 'aap_swing': 23.02, 'inc_shift': -106, 'inc_swing': -8.74, 'bjp_shift': 27, 'bjp_swing': 6.4}",Akali Bastion: Strategic Penetration & Demolition Zone,ਅਕਾਲੀ ਦਲ ਦਾ ਪ੍ਰਭਾਵਿਤ ਖੇਤਰ: ਵਿਸ਼ੇਸ਼ ਘੇਰਾਬੰਦੀ ਜ਼ੋਨ,SAD retained lead here by +27 votes (38.7% share). Target moderate Panthic and farming families in Majitha disillusioned with traditional leadership. Appoint dedicated block coordinators and highlight direct government procurement and village development works.,ਅਕਾਲੀ ਦਲ ਨੇ ਇੱਥੇ +27 ਵੋਟਾਂ (38.7%) ਨਾਲ ਲੀਡ ਬਣਾਈ ਹੈ। ਮਜੀਠਾ ਵਿੱਚ ਰਵਾਇਤੀ ਲੀਡਰਸ਼ਿਪ ਤੋਂ ਨਿਰਾਸ਼ ਕਿਸਾਨ ਅਤੇ ਪੰਥਕ ਪਰਿਵਾਰਾਂ ਨਾਲ ਸੰਵਾਦ ਕਰੋ। ਪਿੰਡਾਂ ਵਿੱਚ ਪੰਜਾਬ ਸਰਕਾਰ ਦੇ ਵਿਕਾਸ ਕਾਰਜਾਂ ਅਤੇ ਨਿਰਪੱਖ ਭਰਤੀਆਂ ਦੇ ਸੁਨੇਹੇ ਨਾਲ ਸੰਨ੍ਹ ਲਗਾਓ।,"{'booth_no': '33', 'village_en': 'Majitha', 'village_pa': 'ਮਜੀਠਾ', 'zone_en': 'Akali Bastion: Strategic Penetration & Demolition Zone', 'zone_pa': 'ਅਕਾਲੀ ਦਲ ਦਾ ਪ੍ਰਭਾਵਿਤ ਖੇਤਰ: ਵਿਸ਼ੇਸ਼ ਘੇਰਾਬੰਦੀ ਜ਼ੋਨ', 'action_en': 'SAD retained lead here by +27 votes (38.7% share). Target moderate Panthic and farming families in Majitha disillusioned with traditional leadership. Appoint dedicated block coordinators and highlight direct government procurement and village development works.', 'action_pa': 'ਅਕਾਲੀ ਦਲ ਨੇ ਇੱਥੇ +27 ਵੋਟਾਂ (38.7%) ਨਾਲ ਲੀਡ ਬਣਾਈ ਹੈ। ਮਜੀਠਾ ਵਿੱਚ ਰਵਾਇਤੀ ਲੀਡਰਸ਼ਿਪ ਤੋਂ ਨਿਰਾਸ਼ ਕਿਸਾਨ ਅਤੇ ਪੰਥਕ ਪਰਿਵਾਰਾਂ ਨਾਲ ਸੰਵਾਦ ਕਰੋ। ਪਿੰਡਾਂ ਵਿੱਚ ਪੰਜਾਬ ਸਰਕਾਰ ਦੇ ਵਿਕਾਸ ਕਾਰਜਾਂ ਅਤੇ ਨਿਰਪੱਖ ਭਰਤੀਆਂ ਦੇ ਸੁਨੇਹੇ ਨਾਲ ਸੰਨ੍ਹ ਲਗਾਓ।', 'action_steps_en': ['Days 1-30: Map the top 30 influential non-committed Panthic families in Majitha.', 'Days 31-60: Deploy senior constituency leaders for direct home visits to address local disgruntlement.', ""Days 61-90: Neutralize SAD's +27 vote cushion by winning over agricultural youth.""], 'action_steps_pa': ['ਦਿਨ 1-30: ਮਜੀਠਾ ਦੇ 30 ਨਿਰਪੱਖ ਅਤੇ ਪ੍ਰਭਾਵਸ਼ਾਲੀ ਪਰਿਵਾਰਾਂ ਦੀ ਸ਼ਨਾਖਤ ਕਰੋ।', 'ਦਿਨ 31-60: ਸੀਨੀਅਰ ਲੀਡਰਸ਼ਿਪ ਰਾਹੀਂ ਘਰ-ਘਰ ਜਾ ਕੇ ਸਰਕਾਰ ਦੀਆਂ ਨਿਰਪੱਖ ਨੀਤੀਆਂ ਸਾਂਝੀਆਂ ਕਰੋ।', 'ਦਿਨ 61-90: ਨੌਜਵਾਨ ਵਰਗ ਨੂੰ ਸਰਕਾਰੀ ਨੌਕਰੀਆਂ ਅਤੇ ਖੇਡ ਕਿੱਟਾਂ ਰਾਹੀਂ ਪਾਰਟੀ ਨਾਲ ਜੋੜ ਕੇ ਲੀਡ ਘਟਾਓ।'], 'action_steps': ['ਦਿਨ 1-30: ਮਜੀਠਾ ਦੇ 30 ਨਿਰਪੱਖ ਅਤੇ ਪ੍ਰਭਾਵਸ਼ਾਲੀ ਪਰਿਵਾਰਾਂ ਦੀ ਸ਼ਨਾਖਤ ਕਰੋ।', 'ਦਿਨ 31-60: ਸੀਨੀਅਰ ਲੀਡਰਸ਼ਿਪ ਰਾਹੀਂ ਘਰ-ਘਰ ਜਾ ਕੇ ਸਰਕਾਰ ਦੀਆਂ ਨਿਰਪੱਖ ਨੀਤੀਆਂ ਸਾਂਝੀਆਂ ਕਰੋ।', 'ਦਿਨ 61-90: ਨੌਜਵਾਨ ਵਰਗ ਨੂੰ ਸਰਕਾਰੀ ਨੌਕਰੀਆਂ ਅਤੇ ਖੇਡ ਕਿੱਟਾਂ ਰਾਹੀਂ ਪਾਰਟੀ ਨਾਲ ਜੋੜ ਕੇ ਲੀਡ ਘਟਾਓ।']}"
34,34,33,34,34,False,#34,Booth #34 (Unchanged),ਬੂਥ #34 (ਅਣਬਦਲਿਆ),Majitha,ਮਜੀਠਾ,ਮਜੀਠਾ,Majitha,ਮਜੀਠਾ,Majitha,ਮਜੀਠਾ,INC,SAD,38,86,INC → SAD,INC → SAD,AAP Deficit,ਆਪ ਘਾਟ,INC Loss,"{'AAP': 'LOST_BOTH', 'SAD': 'GAINED', 'INC': 'LOST_24', 'BJP': 'WEAK'}",True,"{'is_flip': True, 'status_label': 'INC → SAD', 'turnout_diff': -116, 'turnout_pct': -17.87, 'sad_swing': 2.82, 'aap_swing': 9.99, 'inc_swing': -19.16, 'bjp_swing': 3.59}",649,533,-116,-17.87,252,222,-30,38.83,41.65,2.82,74,114,40,11.4,21.39,9.99,290,136,-154,44.68,25.52,-19.16,12,29,17,1.85,5.44,3.59,22,4.13,"{'total': 649, 'sad': 252, 'aap': 74, 'inc': 290, 'bjp': 12, 'sad_votes': 252, 'sad_pct': 38.83, 'aap_votes': 74, 'aap_pct': 11.4, 'inc_votes': 290, 'inc_pct': 44.68, 'bjp_votes': 12, 'bjp_pct': 1.85, 'winner_party': 'INC', 'margin': 38, 'winner_candidate': 'Jagwinder Pal Singh (Jagga)'}","{'total': 533, 'sad': 222, 'aap': 114, 'inc': 136, 'bjp': 29, 'sada': 22, 'bsp': 2, 'others': 8, 'sad_votes': 222, 'sad_pct': 41.65, 'aap_votes': 114, 'aap_pct': 21.39, 'inc_votes': 136, 'inc_pct': 25.52, 'bjp_votes': 29, 'bjp_pct': 5.44, 'sada_votes': 22, 'sada_pct': 4.13, 'winner_party': 'SAD', 'margin': 86, 'winner_candidate': 'Anil Joshi'}","{'turnout_diff': -116, 'turnout_pct': -17.87, 'sad_shift': -30, 'sad_swing': 2.82, 'aap_shift': 40, 'aap_swing': 9.99, 'inc_shift': -154, 'inc_swing': -19.16, 'bjp_shift': 17, 'bjp_swing': 3.59}",Akali Bastion: Strategic Penetration & Demolition Zone,ਅਕਾਲੀ ਦਲ ਦਾ ਪ੍ਰਭਾਵਿਤ ਖੇਤਰ: ਵਿਸ਼ੇਸ਼ ਘੇਰਾਬੰਦੀ ਜ਼ੋਨ,SAD retained lead here by +86 votes (41.6% share). Target moderate Panthic and farming families in Majitha disillusioned with traditional leadership. Appoint dedicated block coordinators and highlight direct government procurement and village development works.,ਅਕਾਲੀ ਦਲ ਨੇ ਇੱਥੇ +86 ਵੋਟਾਂ (41.6%) ਨਾਲ ਲੀਡ ਬਣਾਈ ਹੈ। ਮਜੀਠਾ ਵਿੱਚ ਰਵਾਇਤੀ ਲੀਡਰਸ਼ਿਪ ਤੋਂ ਨਿਰਾਸ਼ ਕਿਸਾਨ ਅਤੇ ਪੰਥਕ ਪਰਿਵਾਰਾਂ ਨਾਲ ਸੰਵਾਦ ਕਰੋ। ਪਿੰਡਾਂ ਵਿੱਚ ਪੰਜਾਬ ਸਰਕਾਰ ਦੇ ਵਿਕਾਸ ਕਾਰਜਾਂ ਅਤੇ ਨਿਰਪੱਖ ਭਰਤੀਆਂ ਦੇ ਸੁਨੇਹੇ ਨਾਲ ਸੰਨ੍ਹ ਲਗਾਓ।,"{'booth_no': '34', 'village_en': 'Majitha', 'village_pa': 'ਮਜੀਠਾ', 'zone_en': 'Akali Bastion: Strategic Penetration & Demolition Zone', 'zone_pa': 'ਅਕਾਲੀ ਦਲ ਦਾ ਪ੍ਰਭਾਵਿਤ ਖੇਤਰ: ਵਿਸ਼ੇਸ਼ ਘੇਰਾਬੰਦੀ ਜ਼ੋਨ', 'action_en': 'SAD retained lead here by +86 votes (41.6% share). Target moderate Panthic and farming families in Majitha disillusioned with traditional leadership. Appoint dedicated block coordinators and highlight direct government procurement and village development works.', 'action_pa': 'ਅਕਾਲੀ ਦਲ ਨੇ ਇੱਥੇ +86 ਵੋਟਾਂ (41.6%) ਨਾਲ ਲੀਡ ਬਣਾਈ ਹੈ। ਮਜੀਠਾ ਵਿੱਚ ਰਵਾਇਤੀ ਲੀਡਰਸ਼ਿਪ ਤੋਂ ਨਿਰਾਸ਼ ਕਿਸਾਨ ਅਤੇ ਪੰਥਕ ਪਰਿਵਾਰਾਂ ਨਾਲ ਸੰਵਾਦ ਕਰੋ। ਪਿੰਡਾਂ ਵਿੱਚ ਪੰਜਾਬ ਸਰਕਾਰ ਦੇ ਵਿਕਾਸ ਕਾਰਜਾਂ ਅਤੇ ਨਿਰਪੱਖ ਭਰਤੀਆਂ ਦੇ ਸੁਨੇਹੇ ਨਾਲ ਸੰਨ੍ਹ ਲਗਾਓ।', 'action_steps_en': ['Days 1-30: Map the top 30 influential non-committed Panthic families in Majitha.', 'Days 31-60: Deploy senior constituency leaders for direct home visits to address local disgruntlement.', ""Days 61-90: Neutralize SAD's +86 vote cushion by winning over agricultural youth.""], 'action_steps_pa': ['ਦਿਨ 1-30: ਮਜੀਠਾ ਦੇ 30 ਨਿਰਪੱਖ ਅਤੇ ਪ੍ਰਭਾਵਸ਼ਾਲੀ ਪਰਿਵਾਰਾਂ ਦੀ ਸ਼ਨਾਖਤ ਕਰੋ।', 'ਦਿਨ 31-60: ਸੀਨੀਅਰ ਲੀਡਰਸ਼ਿਪ ਰਾਹੀਂ ਘਰ-ਘਰ ਜਾ ਕੇ ਸਰਕਾਰ ਦੀਆਂ ਨਿਰਪੱਖ ਨੀਤੀਆਂ ਸਾਂਝੀਆਂ ਕਰੋ।', 'ਦਿਨ 61-90: ਨੌਜਵਾਨ ਵਰਗ ਨੂੰ ਸਰਕਾਰੀ ਨੌਕਰੀਆਂ ਅਤੇ ਖੇਡ ਕਿੱਟਾਂ ਰਾਹੀਂ ਪਾਰਟੀ ਨਾਲ ਜੋੜ ਕੇ ਲੀਡ ਘਟਾਓ।'], 'action_steps': ['ਦਿਨ 1-30: ਮਜੀਠਾ ਦੇ 30 ਨਿਰਪੱਖ ਅਤੇ ਪ੍ਰਭਾਵਸ਼ਾਲੀ ਪਰਿਵਾਰਾਂ ਦੀ ਸ਼ਨਾਖਤ ਕਰੋ।', 'ਦਿਨ 31-60: ਸੀਨੀਅਰ ਲੀਡਰਸ਼ਿਪ ਰਾਹੀਂ ਘਰ-ਘਰ ਜਾ ਕੇ ਸਰਕਾਰ ਦੀਆਂ ਨਿਰਪੱਖ ਨੀਤੀਆਂ ਸਾਂਝੀਆਂ ਕਰੋ।', 'ਦਿਨ 61-90: ਨੌਜਵਾਨ ਵਰਗ ਨੂੰ ਸਰਕਾਰੀ ਨੌਕਰੀਆਂ ਅਤੇ ਖੇਡ ਕਿੱਟਾਂ ਰਾਹੀਂ ਪਾਰਟੀ ਨਾਲ ਜੋੜ ਕੇ ਲੀਡ ਘਟਾਓ।']}"
35,35,34,35,35,False,#35,Booth #35 (Unchanged),ਬੂਥ #35 (ਅਣਬਦਲਿਆ),Majitha,ਮਜੀਠਾ,ਮਜੀਠਾ,Majitha,ਮਜੀਠਾ,Majitha,ਮਜੀਠਾ,SAD,AAP,68,13,SAD → AAP,SAD → AAP,AAP Gain,ਆਪ ਲਾਭ,INC Deficit,"{'AAP': 'GAINED', 'SAD': 'LOST_24', 'INC': 'LOST_BOTH', 'BJP': 'LOST_BOTH'}",True,"{'is_flip': True, 'status_label': 'SAD → AAP', 'turnout_diff': -190, 'turnout_pct': -31.72, 'sad_swing': -21.51, 'aap_swing': 9.55, 'inc_swing': -10.65, 'bjp_swing': 19.68}",599,409,-190,-31.72,268,95,-173,44.74,23.23,-21.51,101,108,7,16.86,26.41,9.55,200,93,-107,33.39,22.74,-10.65,11,88,77,1.84,21.52,19.68,9,2.2,"{'total': 599, 'sad': 268, 'aap': 101, 'inc': 200, 'bjp': 11, 'sad_votes': 268, 'sad_pct': 44.74, 'aap_votes': 101, 'aap_pct': 16.86, 'inc_votes': 200, 'inc_pct': 33.39, 'bjp_votes': 11, 'bjp_pct': 1.84, 'winner_party': 'SAD', 'margin': 68, 'winner_candidate': 'Ganieve Kaur Majithia'}","{'total': 409, 'sad': 95, 'aap': 108, 'inc': 93, 'bjp': 88, 'sada': 9, 'bsp': 0, 'others': 10, 'sad_votes': 95, 'sad_pct': 23.23, 'aap_votes': 108, 'aap_pct': 26.41, 'inc_votes': 93, 'inc_pct': 22.74, 'bjp_votes': 88, 'bjp_pct': 21.52, 'sada_votes': 9, 'sada_pct': 2.2, 'winner_party': 'AAP', 'margin': 13, 'winner_candidate': 'Kuldeep Singh Dhaliwal'}","{'turnout_diff': -190, 'turnout_pct': -31.72, 'sad_shift': -173, 'sad_swing': -21.51, 'aap_shift': 7, 'aap_swing': 9.55, 'inc_shift': -107, 'inc_swing': -10.65, 'bjp_shift': 77, 'bjp_swing': 19.68}",Historic Breakthrough: AAP Flipped Stronghold,ਇਤਿਹਾਸਕ ਪ੍ਰਾਪਤੀ: ਅਕਾਲੀ ਗੜ੍ਹ ਵਿੱਚ ਆਪ ਦੀ ਜਿੱਤ ਜ਼ੋਨ,"Major breakthrough in Majitha previously held by SAD. Formally induct local village swing leaders and youth volunteers who backed AAP in 2024. Resolve local village infrastructure, canal tail issues, and cement +13 lead.","ਮਜੀਠਾ ਵਿੱਚ ਵੱਡੀ ਇਤਿਹਾਸਕ ਸਫ਼ਲਤਾ, ਜਿੱਥੇ SAD ਦਾ ਪੁਰਾਣਾ ਦਬਦਬਾ ਟੁੱਟਿਆ। 2024 ਵਿੱਚ ਆਪ ਨਾਲ ਜੁੜੇ ਨੌਜਵਾਨਾਂ ਅਤੇ ਪੰਚਾਇਤੀ ਆਗੂਆਂ ਨੂੰ ਜਥੇਬੰਦਕ ਜ਼ਿੰਮੇਵਾਰੀਆਂ ਦਿਓ ਅਤੇ +13 ਵੋਟਾਂ ਦੀ ਲੀਡ ਨੂੰ ਸਥਾਈ ਵੋਟ ਬੈਂਕ ਵਿੱਚ ਬਦਲੋ।","{'booth_no': '35', 'village_en': 'Majitha', 'village_pa': 'ਮਜੀਠਾ', 'zone_en': 'Historic Breakthrough: AAP Flipped Stronghold', 'zone_pa': 'ਇਤਿਹਾਸਕ ਪ੍ਰਾਪਤੀ: ਅਕਾਲੀ ਗੜ੍ਹ ਵਿੱਚ ਆਪ ਦੀ ਜਿੱਤ ਜ਼ੋਨ', 'action_en': 'Major breakthrough in Majitha previously held by SAD. Formally induct local village swing leaders and youth volunteers who backed AAP in 2024. Resolve local village infrastructure, canal tail issues, and cement +13 lead.', 'action_pa': 'ਮਜੀਠਾ ਵਿੱਚ ਵੱਡੀ ਇਤਿਹਾਸਕ ਸਫ਼ਲਤਾ, ਜਿੱਥੇ SAD ਦਾ ਪੁਰਾਣਾ ਦਬਦਬਾ ਟੁੱਟਿਆ। 2024 ਵਿੱਚ ਆਪ ਨਾਲ ਜੁੜੇ ਨੌਜਵਾਨਾਂ ਅਤੇ ਪੰਚਾਇਤੀ ਆਗੂਆਂ ਨੂੰ ਜਥੇਬੰਦਕ ਜ਼ਿੰਮੇਵਾਰੀਆਂ ਦਿਓ ਅਤੇ +13 ਵੋਟਾਂ ਦੀ ਲੀਡ ਨੂੰ ਸਥਾਈ ਵੋਟ ਬੈਂਕ ਵਿੱਚ ਬਦਲੋ।', 'action_steps_en': ['Days 1-30: Onboard dynamic swing workers who crossed over from SAD into the formal AAP booth structure.', 'Days 31-60: Prioritize village link road and street light repairs in Majitha through rural development grants.', 'Days 61-90: Convert current +13 vote lead into permanent party loyalty before 2027.'], 'action_steps_pa': ['ਦਿਨ 1-30: SAD ਛੱਡ ਕੇ ਆਪ ਵਿੱਚ ਸ਼ਾਮਲ ਹੋਏ ਆਗੂਆਂ ਨੂੰ ਬੂਥ ਕਮੇਟੀ ਵਿੱਚ ਅਹਿਮ ਜ਼ਿੰਮੇਵਾਰੀਆਂ ਦਿਓ।', ""ਦਿਨ 31-60: ਮਜੀਠਾ ਵਿੱਚ ਪਿੰਡ ਦੀਆਂ ਫਿਰਨੀਆਂ, ਗਲੀਆਂ ਅਤੇ ਲਿੰਕ ਸੜਕਾਂ ਦੇ ਕੰਮ ਤਰਜੀਹ 'ਤੇ ਕਰਵਾਓ।"", 'ਦਿਨ 61-90: +13 ਵੋਟਾਂ ਦੀ ਲੀਡ ਨੂੰ ਪੱਕੇ ਵੋਟ ਬੈਂਕ ਵਿੱਚ ਤਬਦੀਲ ਕਰੋ।'], 'action_steps': ['ਦਿਨ 1-30: SAD ਛੱਡ ਕੇ ਆਪ ਵਿੱਚ ਸ਼ਾਮਲ ਹੋਏ ਆਗੂਆਂ ਨੂੰ ਬੂਥ ਕਮੇਟੀ ਵਿੱਚ ਅਹਿਮ ਜ਼ਿੰਮੇਵਾਰੀਆਂ ਦਿਓ।', ""ਦਿਨ 31-60: ਮਜੀਠਾ ਵਿੱਚ ਪਿੰਡ ਦੀਆਂ ਫਿਰਨੀਆਂ, ਗਲੀਆਂ ਅਤੇ ਲਿੰਕ ਸੜਕਾਂ ਦੇ ਕੰਮ ਤਰਜੀਹ 'ਤੇ ਕਰਵਾਓ।"", 'ਦਿਨ 61-90: +13 ਵੋਟਾਂ ਦੀ ਲੀਡ ਨੂੰ ਪੱਕੇ ਵੋਟ ਬੈਂਕ ਵਿੱਚ ਤਬਦੀਲ ਕਰੋ।']}"
36,36,35,36,36,False,#36,Booth #36 (Unchanged),ਬੂਥ #36 (ਅਣਬਦਲਿਆ),Majitha,ਮਜੀਠਾ,ਮਜੀਠਾ,Majitha,ਮਜੀਠਾ,Majitha,ਮਜੀਠਾ,SAD,SAD,200,175,SAD Retained,SAD Retained,AAP Deficit,ਆਪ ਘਾਟ,INC Deficit,"{'AAP': 'WEAK', 'SAD': 'WON_BOTH', 'INC': 'WEAK', 'BJP': 'LOST_BOTH'}",False,"{'is_flip': False, 'status_label': 'SAD Retained', 'turnout_diff': -203, 'turnout_pct': -28.04, 'sad_swing': 1.15, 'aap_swing': 3.56, 'inc_swing': -23.43, 'bjp_swing': 21.98}",724,521,-203,-28.04,403,296,-107,55.66,56.81,1.15,77,74,-3,10.64,14.2,3.56,203,24,-179,28.04,4.61,-23.43,9,121,112,1.24,23.22,21.98,0,0.0,"{'total': 724, 'sad': 403, 'aap': 77, 'inc': 203, 'bjp': 9, 'sad_votes': 403, 'sad_pct': 55.66, 'aap_votes': 77, 'aap_pct': 10.64, 'inc_votes': 203, 'inc_pct': 28.04, 'bjp_votes': 9, 'bjp_pct': 1.24, 'winner_party': 'SAD', 'margin': 200, 'winner_candidate': 'Ganieve Kaur Majithia'}","{'total': 521, 'sad': 296, 'aap': 74, 'inc': 24, 'bjp': 121, 'sada': 0, 'bsp': 0, 'others': 5, 'sad_votes': 296, 'sad_pct': 56.81, 'aap_votes': 74, 'aap_pct': 14.2, 'inc_votes': 24, 'inc_pct': 4.61, 'bjp_votes': 121, 'bjp_pct': 23.22, 'sada_votes': 0, 'sada_pct': 0.0, 'winner_party': 'SAD', 'margin': 175, 'winner_candidate': 'Anil Joshi'}","{'turnout_diff': -203, 'turnout_pct': -28.04, 'sad_shift': -107, 'sad_swing': 1.15, 'aap_shift': -3, 'aap_swing': 3.56, 'inc_shift': -179, 'inc_swing': -23.43, 'bjp_shift': 112, 'bjp_swing': 21.98}",Akali Bastion: Strategic Penetration & Demolition Zone,ਅਕਾਲੀ ਦਲ ਦਾ ਪ੍ਰਭਾਵਿਤ ਖੇਤਰ: ਵਿਸ਼ੇਸ਼ ਘੇਰਾਬੰਦੀ ਜ਼ੋਨ,SAD retained lead here by +175 votes (56.8% share). Target moderate Panthic and farming families in Majitha disillusioned with traditional leadership. Appoint dedicated block coordinators and highlight direct government procurement and village development works.,ਅਕਾਲੀ ਦਲ ਨੇ ਇੱਥੇ +175 ਵੋਟਾਂ (56.8%) ਨਾਲ ਲੀਡ ਬਣਾਈ ਹੈ। ਮਜੀਠਾ ਵਿੱਚ ਰਵਾਇਤੀ ਲੀਡਰਸ਼ਿਪ ਤੋਂ ਨਿਰਾਸ਼ ਕਿਸਾਨ ਅਤੇ ਪੰਥਕ ਪਰਿਵਾਰਾਂ ਨਾਲ ਸੰਵਾਦ ਕਰੋ। ਪਿੰਡਾਂ ਵਿੱਚ ਪੰਜਾਬ ਸਰਕਾਰ ਦੇ ਵਿਕਾਸ ਕਾਰਜਾਂ ਅਤੇ ਨਿਰਪੱਖ ਭਰਤੀਆਂ ਦੇ ਸੁਨੇਹੇ ਨਾਲ ਸੰਨ੍ਹ ਲਗਾਓ।,"{'booth_no': '36', 'village_en': 'Majitha', 'village_pa': 'ਮਜੀਠਾ', 'zone_en': 'Akali Bastion: Strategic Penetration & Demolition Zone', 'zone_pa': 'ਅਕਾਲੀ ਦਲ ਦਾ ਪ੍ਰਭਾਵਿਤ ਖੇਤਰ: ਵਿਸ਼ੇਸ਼ ਘੇਰਾਬੰਦੀ ਜ਼ੋਨ', 'action_en': 'SAD retained lead here by +175 votes (56.8% share). Target moderate Panthic and farming families in Majitha disillusioned with traditional leadership. Appoint dedicated block coordinators and highlight direct government procurement and village development works.', 'action_pa': 'ਅਕਾਲੀ ਦਲ ਨੇ ਇੱਥੇ +175 ਵੋਟਾਂ (56.8%) ਨਾਲ ਲੀਡ ਬਣਾਈ ਹੈ। ਮਜੀਠਾ ਵਿੱਚ ਰਵਾਇਤੀ ਲੀਡਰਸ਼ਿਪ ਤੋਂ ਨਿਰਾਸ਼ ਕਿਸਾਨ ਅਤੇ ਪੰਥਕ ਪਰਿਵਾਰਾਂ ਨਾਲ ਸੰਵਾਦ ਕਰੋ। ਪਿੰਡਾਂ ਵਿੱਚ ਪੰਜਾਬ ਸਰਕਾਰ ਦੇ ਵਿਕਾਸ ਕਾਰਜਾਂ ਅਤੇ ਨਿਰਪੱਖ ਭਰਤੀਆਂ ਦੇ ਸੁਨੇਹੇ ਨਾਲ ਸੰਨ੍ਹ ਲਗਾਓ।', 'action_steps_en': ['Days 1-30: Map the top 30 influential non-committed Panthic families in Majitha.', 'Days 31-60: Deploy senior constituency leaders for direct home visits to address local disgruntlement.', ""Days 61-90: Neutralize SAD's +175 vote cushion by winning over agricultural youth.""], 'action_steps_pa': ['ਦਿਨ 1-30: ਮਜੀਠਾ ਦੇ 30 ਨਿਰਪੱਖ ਅਤੇ ਪ੍ਰਭਾਵਸ਼ਾਲੀ ਪਰਿਵਾਰਾਂ ਦੀ ਸ਼ਨਾਖਤ ਕਰੋ।', 'ਦਿਨ 31-60: ਸੀਨੀਅਰ ਲੀਡਰਸ਼ਿਪ ਰਾਹੀਂ ਘਰ-ਘਰ ਜਾ ਕੇ ਸਰਕਾਰ ਦੀਆਂ ਨਿਰਪੱਖ ਨੀਤੀਆਂ ਸਾਂਝੀਆਂ ਕਰੋ।', 'ਦਿਨ 61-90: ਨੌਜਵਾਨ ਵਰਗ ਨੂੰ ਸਰਕਾਰੀ ਨੌਕਰੀਆਂ ਅਤੇ ਖੇਡ ਕਿੱਟਾਂ ਰਾਹੀਂ ਪਾਰਟੀ ਨਾਲ ਜੋੜ ਕੇ ਲੀਡ ਘਟਾਓ।'], 'action_steps': ['ਦਿਨ 1-30: ਮਜੀਠਾ ਦੇ 30 ਨਿਰਪੱਖ ਅਤੇ ਪ੍ਰਭਾਵਸ਼ਾਲੀ ਪਰਿਵਾਰਾਂ ਦੀ ਸ਼ਨਾਖਤ ਕਰੋ।', 'ਦਿਨ 31-60: ਸੀਨੀਅਰ ਲੀਡਰਸ਼ਿਪ ਰਾਹੀਂ ਘਰ-ਘਰ ਜਾ ਕੇ ਸਰਕਾਰ ਦੀਆਂ ਨਿਰਪੱਖ ਨੀਤੀਆਂ ਸਾਂਝੀਆਂ ਕਰੋ।', 'ਦਿਨ 61-90: ਨੌਜਵਾਨ ਵਰਗ ਨੂੰ ਸਰਕਾਰੀ ਨੌਕਰੀਆਂ ਅਤੇ ਖੇਡ ਕਿੱਟਾਂ ਰਾਹੀਂ ਪਾਰਟੀ ਨਾਲ ਜੋੜ ਕੇ ਲੀਡ ਘਟਾਓ।']}"
37,37,36,37,37,False,#37,Booth #37 (Unchanged),ਬੂਥ #37 (ਅਣਬਦਲਿਆ),Majitha,ਮਜੀਠਾ,ਮਜੀਠਾ,Majitha,ਮਜੀਠਾ,Majitha,ਮਜੀਠਾ,SAD,BJP,184,34,SAD → BJP,SAD → BJP,AAP Deficit,ਆਪ ਘਾਟ,INC Deficit,"{'AAP': 'LOST_BOTH', 'SAD': 'LOST_24', 'INC': 'WEAK', 'BJP': 'GAINED'}",True,"{'is_flip': True, 'status_label': 'SAD → BJP', 'turnout_diff': -73, 'turnout_pct': -11.5, 'sad_swing': -20.58, 'aap_swing': 2.88, 'inc_swing': -10.23, 'bjp_swing': 29.09}",635,562,-73,-11.5,316,164,-152,49.76,29.18,-20.58,132,133,1,20.79,23.67,2.88,126,54,-72,19.84,9.61,-10.23,39,198,159,6.14,35.23,29.09,4,0.71,"{'total': 635, 'sad': 316, 'aap': 132, 'inc': 126, 'bjp': 39, 'sad_votes': 316, 'sad_pct': 49.76, 'aap_votes': 132, 'aap_pct': 20.79, 'inc_votes': 126, 'inc_pct': 19.84, 'bjp_votes': 39, 'bjp_pct': 6.14, 'winner_party': 'SAD', 'margin': 184, 'winner_candidate': 'Ganieve Kaur Majithia'}","{'total': 562, 'sad': 164, 'aap': 133, 'inc': 54, 'bjp': 198, 'sada': 4, 'bsp': 0, 'others': 7, 'sad_votes': 164, 'sad_pct': 29.18, 'aap_votes': 133, 'aap_pct': 23.67, 'inc_votes': 54, 'inc_pct': 9.61, 'bjp_votes': 198, 'bjp_pct': 35.23, 'sada_votes': 4, 'sada_pct': 0.71, 'winner_party': 'BJP', 'margin': 34, 'winner_candidate': 'Taranjit Singh Sandhu Samundri'}","{'turnout_diff': -73, 'turnout_pct': -11.5, 'sad_shift': -152, 'sad_swing': -20.58, 'aap_shift': 1, 'aap_swing': 2.88, 'inc_shift': -72, 'inc_swing': -10.23, 'bjp_shift': 159, 'bjp_swing': 29.09}",Urban Infiltration: BJP Containment & Counter-Offensive,ਸ਼ਹਿਰੀ ਸੰਵੇਦਨਸ਼ੀਲ ਖੇਤਰ: ਭਾਜਪਾ ਕਾਊਂਟਰ-ਮੁਹਿੰਮ ਜ਼ੋਨ,"BJP led here by +34 votes with 35.2% vote share in urban pockets of Majitha. Conduct structured dialogues with local shopkeepers, commission agents, and urban families. Emphasize state guarantees vs central economic policies.","ਭਾਜਪਾ ਨੇ ਮਜੀਠਾ ਦੇ ਸ਼ਹਿਰੀ ਹਿੱਸਿਆਂ ਵਿੱਚ +34 ਵੋਟਾਂ (35.2%) ਹਾਸਲ ਕੀਤੇ ਹਨ। ਵਪਾਰੀਆਂ, ਦੁਕਾਨਦਾਰਾਂ ਅਤੇ ਮੁਹੱਲਾ ਕਮੇਟੀਆਂ ਨਾਲ ਮੀਟਿੰਗਾਂ ਕਰਕੇ ਸਿੱਧਾ ਸੰਵਾਦ ਕਰੋ ਅਤੇ ਲੋਕ-ਪੱਖੀ ਨੀਤੀਆਂ ਬਾਰੇ ਜਾਗਰੂਕ ਕਰੋ।","{'booth_no': '37', 'village_en': 'Majitha', 'village_pa': 'ਮਜੀਠਾ', 'zone_en': 'Urban Infiltration: BJP Containment & Counter-Offensive', 'zone_pa': 'ਸ਼ਹਿਰੀ ਸੰਵੇਦਨਸ਼ੀਲ ਖੇਤਰ: ਭਾਜਪਾ ਕਾਊਂਟਰ-ਮੁਹਿੰਮ ਜ਼ੋਨ', 'action_en': 'BJP led here by +34 votes with 35.2% vote share in urban pockets of Majitha. Conduct structured dialogues with local shopkeepers, commission agents, and urban families. Emphasize state guarantees vs central economic policies.', 'action_pa': 'ਭਾਜਪਾ ਨੇ ਮਜੀਠਾ ਦੇ ਸ਼ਹਿਰੀ ਹਿੱਸਿਆਂ ਵਿੱਚ +34 ਵੋਟਾਂ (35.2%) ਹਾਸਲ ਕੀਤੇ ਹਨ। ਵਪਾਰੀਆਂ, ਦੁਕਾਨਦਾਰਾਂ ਅਤੇ ਮੁਹੱਲਾ ਕਮੇਟੀਆਂ ਨਾਲ ਮੀਟਿੰਗਾਂ ਕਰਕੇ ਸਿੱਧਾ ਸੰਵਾਦ ਕਰੋ ਅਤੇ ਲੋਕ-ਪੱਖੀ ਨੀਤੀਆਂ ਬਾਰੇ ਜਾਗਰੂਕ ਕਰੋ।', 'action_steps_en': ['Days 1-30: Organize urban merchant and shopkeeper roundtables in Majitha.', 'Days 31-60: Counter central economic propaganda with Punjab business facilitation policies.', ""Days 61-90: Establish active urban ward cell to dismantle BJP's +34 vote pocket.""], 'action_steps_pa': ['ਦਿਨ 1-30: ਮਜੀਠਾ ਦੇ ਦੁਕਾਨਦਾਰਾਂ ਅਤੇ ਵਪਾਰੀ ਭਾਈਚਾਰੇ ਨਾਲ ਮੀਟਿੰਗਾਂ ਦਾ ਸਿਲਸਿਲਾ ਸ਼ੁਰੂ ਕਰੋ।', 'ਦਿਨ 31-60: ਕੇਂਦਰ ਸਰਕਾਰ ਦੀਆਂ ਆਰਥਿਕ ਨੀਤੀਆਂ ਬਨਾਮ ਪੰਜਾਬ ਸਰਕਾਰ ਦੀ ਵਪਾਰੀ ਪੱਖੀ ਪਹੁੰਚ ਬਾਰੇ ਦੱਸੋ।', 'ਦਿਨ 61-90: ਸ਼ਹਿਰੀ ਵਾਰਡਾਂ ਵਿੱਚ ਆਪ ਦਾ ਮਜ਼ਬੂਤ ਯੂਨਿਟ ਸਥਾਪਿਤ ਕਰੋ।'], 'action_steps': ['ਦਿਨ 1-30: ਮਜੀਠਾ ਦੇ ਦੁਕਾਨਦਾਰਾਂ ਅਤੇ ਵਪਾਰੀ ਭਾਈਚਾਰੇ ਨਾਲ ਮੀਟਿੰਗਾਂ ਦਾ ਸਿਲਸਿਲਾ ਸ਼ੁਰੂ ਕਰੋ।', 'ਦਿਨ 31-60: ਕੇਂਦਰ ਸਰਕਾਰ ਦੀਆਂ ਆਰਥਿਕ ਨੀਤੀਆਂ ਬਨਾਮ ਪੰਜਾਬ ਸਰਕਾਰ ਦੀ ਵਪਾਰੀ ਪੱਖੀ ਪਹੁੰਚ ਬਾਰੇ ਦੱਸੋ।', 'ਦਿਨ 61-90: ਸ਼ਹਿਰੀ ਵਾਰਡਾਂ ਵਿੱਚ ਆਪ ਦਾ ਮਜ਼ਬੂਤ ਯੂਨਿਟ ਸਥਾਪਿਤ ਕਰੋ।']}"
38,38,37,38,38,False,#38,Booth #38 (Unchanged),ਬੂਥ #38 (ਅਣਬਦਲਿਆ),Majitha,ਮਜੀਠਾ,ਮਜੀਠਾ,Majitha,ਮਜੀਠਾ,Majitha,ਮਜੀਠਾ,SAD,SAD,108,83,SAD Retained,SAD Retained,AAP Deficit,ਆਪ ਘਾਟ,INC Deficit,"{'AAP': 'LOST_BOTH', 'SAD': 'WON_BOTH', 'INC': 'WEAK', 'BJP': 'LOST_BOTH'}",False,"{'is_flip': False, 'status_label': 'SAD Retained', 'turnout_diff': -217, 'turnout_pct': -31.0, 'sad_swing': 5.36, 'aap_swing': 8.88, 'inc_swing': -14.41, 'bjp_swing': -2.44}",700,483,-217,-31.0,277,217,-60,39.57,44.93,5.36,132,134,2,18.86,27.74,8.88,169,47,-122,24.14,9.73,-14.41,91,51,-40,13.0,10.56,-2.44,20,4.14,"{'total': 700, 'sad': 277, 'aap': 132, 'inc': 169, 'bjp': 91, 'sad_votes': 277, 'sad_pct': 39.57, 'aap_votes': 132, 'aap_pct': 18.86, 'inc_votes': 169, 'inc_pct': 24.14, 'bjp_votes': 91, 'bjp_pct': 13.0, 'winner_party': 'SAD', 'margin': 108, 'winner_candidate': 'Ganieve Kaur Majithia'}","{'total': 483, 'sad': 217, 'aap': 134, 'inc': 47, 'bjp': 51, 'sada': 20, 'bsp': 1, 'others': 12, 'sad_votes': 217, 'sad_pct': 44.93, 'aap_votes': 134, 'aap_pct': 27.74, 'inc_votes': 47, 'inc_pct': 9.73, 'bjp_votes': 51, 'bjp_pct': 10.56, 'sada_votes': 20, 'sada_pct': 4.14, 'winner_party': 'SAD', 'margin': 83, 'winner_candidate': 'Anil Joshi'}","{'turnout_diff': -217, 'turnout_pct': -31.0, 'sad_shift': -60, 'sad_swing': 5.36, 'aap_shift': 2, 'aap_swing': 8.88, 'inc_shift': -122, 'inc_swing': -14.41, 'bjp_shift': -40, 'bjp_swing': -2.44}",Akali Bastion: Strategic Penetration & Demolition Zone,ਅਕਾਲੀ ਦਲ ਦਾ ਪ੍ਰਭਾਵਿਤ ਖੇਤਰ: ਵਿਸ਼ੇਸ਼ ਘੇਰਾਬੰਦੀ ਜ਼ੋਨ,SAD retained lead here by +83 votes (44.9% share). Target moderate Panthic and farming families in Majitha disillusioned with traditional leadership. Appoint dedicated block coordinators and highlight direct government procurement and village development works.,ਅਕਾਲੀ ਦਲ ਨੇ ਇੱਥੇ +83 ਵੋਟਾਂ (44.9%) ਨਾਲ ਲੀਡ ਬਣਾਈ ਹੈ। ਮਜੀਠਾ ਵਿੱਚ ਰਵਾਇਤੀ ਲੀਡਰਸ਼ਿਪ ਤੋਂ ਨਿਰਾਸ਼ ਕਿਸਾਨ ਅਤੇ ਪੰਥਕ ਪਰਿਵਾਰਾਂ ਨਾਲ ਸੰਵਾਦ ਕਰੋ। ਪਿੰਡਾਂ ਵਿੱਚ ਪੰਜਾਬ ਸਰਕਾਰ ਦੇ ਵਿਕਾਸ ਕਾਰਜਾਂ ਅਤੇ ਨਿਰਪੱਖ ਭਰਤੀਆਂ ਦੇ ਸੁਨੇਹੇ ਨਾਲ ਸੰਨ੍ਹ ਲਗਾਓ।,"{'booth_no': '38', 'village_en': 'Majitha', 'village_pa': 'ਮਜੀਠਾ', 'zone_en': 'Akali Bastion: Strategic Penetration & Demolition Zone', 'zone_pa': 'ਅਕਾਲੀ ਦਲ ਦਾ ਪ੍ਰਭਾਵਿਤ ਖੇਤਰ: ਵਿਸ਼ੇਸ਼ ਘੇਰਾਬੰਦੀ ਜ਼ੋਨ', 'action_en': 'SAD retained lead here by +83 votes (44.9% share). Target moderate Panthic and farming families in Majitha disillusioned with traditional leadership. Appoint dedicated block coordinators and highlight direct government procurement and village development works.', 'action_pa': 'ਅਕਾਲੀ ਦਲ ਨੇ ਇੱਥੇ +83 ਵੋਟਾਂ (44.9%) ਨਾਲ ਲੀਡ ਬਣਾਈ ਹੈ। ਮਜੀਠਾ ਵਿੱਚ ਰਵਾਇਤੀ ਲੀਡਰਸ਼ਿਪ ਤੋਂ ਨਿਰਾਸ਼ ਕਿਸਾਨ ਅਤੇ ਪੰਥਕ ਪਰਿਵਾਰਾਂ ਨਾਲ ਸੰਵਾਦ ਕਰੋ। ਪਿੰਡਾਂ ਵਿੱਚ ਪੰਜਾਬ ਸਰਕਾਰ ਦੇ ਵਿਕਾਸ ਕਾਰਜਾਂ ਅਤੇ ਨਿਰਪੱਖ ਭਰਤੀਆਂ ਦੇ ਸੁਨੇਹੇ ਨਾਲ ਸੰਨ੍ਹ ਲਗਾਓ।', 'action_steps_en': ['Days 1-30: Map the top 30 influential non-committed Panthic families in Majitha.', 'Days 31-60: Deploy senior constituency leaders for direct home visits to address local disgruntlement.', ""Days 61-90: Neutralize SAD's +83 vote cushion by winning over agricultural youth.""], 'action_steps_pa': ['ਦਿਨ 1-30: ਮਜੀਠਾ ਦੇ 30 ਨਿਰਪੱਖ ਅਤੇ ਪ੍ਰਭਾਵਸ਼ਾਲੀ ਪਰਿਵਾਰਾਂ ਦੀ ਸ਼ਨਾਖਤ ਕਰੋ।', 'ਦਿਨ 31-60: ਸੀਨੀਅਰ ਲੀਡਰਸ਼ਿਪ ਰਾਹੀਂ ਘਰ-ਘਰ ਜਾ ਕੇ ਸਰਕਾਰ ਦੀਆਂ ਨਿਰਪੱਖ ਨੀਤੀਆਂ ਸਾਂਝੀਆਂ ਕਰੋ।', 'ਦਿਨ 61-90: ਨੌਜਵਾਨ ਵਰਗ ਨੂੰ ਸਰਕਾਰੀ ਨੌਕਰੀਆਂ ਅਤੇ ਖੇਡ ਕਿੱਟਾਂ ਰਾਹੀਂ ਪਾਰਟੀ ਨਾਲ ਜੋੜ ਕੇ ਲੀਡ ਘਟਾਓ।'], 'action_steps': ['ਦਿਨ 1-30: ਮਜੀਠਾ ਦੇ 30 ਨਿਰਪੱਖ ਅਤੇ ਪ੍ਰਭਾਵਸ਼ਾਲੀ ਪਰਿਵਾਰਾਂ ਦੀ ਸ਼ਨਾਖਤ ਕਰੋ।', 'ਦਿਨ 31-60: ਸੀਨੀਅਰ ਲੀਡਰਸ਼ਿਪ ਰਾਹੀਂ ਘਰ-ਘਰ ਜਾ ਕੇ ਸਰਕਾਰ ਦੀਆਂ ਨਿਰਪੱਖ ਨੀਤੀਆਂ ਸਾਂਝੀਆਂ ਕਰੋ।', 'ਦਿਨ 61-90: ਨੌਜਵਾਨ ਵਰਗ ਨੂੰ ਸਰਕਾਰੀ ਨੌਕਰੀਆਂ ਅਤੇ ਖੇਡ ਕਿੱਟਾਂ ਰਾਹੀਂ ਪਾਰਟੀ ਨਾਲ ਜੋੜ ਕੇ ਲੀਡ ਘਟਾਓ।']}"
39,39,38,39,39,False,#39,Booth #39 (Unchanged),ਬੂਥ #39 (ਅਣਬਦਲਿਆ),Majitha,ਮਜੀਠਾ,ਮਜੀਠਾ,Majitha,ਮਜੀਠਾ,Majitha,ਮਜੀਠਾ,INC,SAD,34,118,INC → SAD,INC → SAD,AAP Deficit,ਆਪ ਘਾਟ,INC Loss,"{'AAP': 'LOST_BOTH', 'SAD': 'GAINED', 'INC': 'LOST_24', 'BJP': 'LOST_BOTH'}",True,"{'is_flip': True, 'status_label': 'INC → SAD', 'turnout_diff': 115, 'turnout_pct': 24.78, 'sad_swing': 14.01, 'aap_swing': 13.46, 'inc_swing': -36.33, 'bjp_swing': 7.22}",464,579,115,24.78,165,287,122,35.56,49.57,14.01,73,169,96,15.73,29.19,13.46,199,38,-161,42.89,6.56,-36.33,13,58,45,2.8,10.02,7.22,12,2.07,"{'total': 464, 'sad': 165, 'aap': 73, 'inc': 199, 'bjp': 13, 'sad_votes': 165, 'sad_pct': 35.56, 'aap_votes': 73, 'aap_pct': 15.73, 'inc_votes': 199, 'inc_pct': 42.89, 'bjp_votes': 13, 'bjp_pct': 2.8, 'winner_party': 'INC', 'margin': 34, 'winner_candidate': 'Jagwinder Pal Singh (Jagga)'}","{'total': 579, 'sad': 287, 'aap': 169, 'inc': 38, 'bjp': 58, 'sada': 12, 'bsp': 1, 'others': 12, 'sad_votes': 287, 'sad_pct': 49.57, 'aap_votes': 169, 'aap_pct': 29.19, 'inc_votes': 38, 'inc_pct': 6.56, 'bjp_votes': 58, 'bjp_pct': 10.02, 'sada_votes': 12, 'sada_pct': 2.07, 'winner_party': 'SAD', 'margin': 118, 'winner_candidate': 'Anil Joshi'}","{'turnout_diff': 115, 'turnout_pct': 24.78, 'sad_shift': 122, 'sad_swing': 14.01, 'aap_shift': 96, 'aap_swing': 13.46, 'inc_shift': -161, 'inc_swing': -36.33, 'bjp_shift': 45, 'bjp_swing': 7.22}",Akali Bastion: Strategic Penetration & Demolition Zone,ਅਕਾਲੀ ਦਲ ਦਾ ਪ੍ਰਭਾਵਿਤ ਖੇਤਰ: ਵਿਸ਼ੇਸ਼ ਘੇਰਾਬੰਦੀ ਜ਼ੋਨ,SAD retained lead here by +118 votes (49.6% share). Target moderate Panthic and farming families in Majitha disillusioned with traditional leadership. Appoint dedicated block coordinators and highlight direct government procurement and village development works.,ਅਕਾਲੀ ਦਲ ਨੇ ਇੱਥੇ +118 ਵੋਟਾਂ (49.6%) ਨਾਲ ਲੀਡ ਬਣਾਈ ਹੈ। ਮਜੀਠਾ ਵਿੱਚ ਰਵਾਇਤੀ ਲੀਡਰਸ਼ਿਪ ਤੋਂ ਨਿਰਾਸ਼ ਕਿਸਾਨ ਅਤੇ ਪੰਥਕ ਪਰਿਵਾਰਾਂ ਨਾਲ ਸੰਵਾਦ ਕਰੋ। ਪਿੰਡਾਂ ਵਿੱਚ ਪੰਜਾਬ ਸਰਕਾਰ ਦੇ ਵਿਕਾਸ ਕਾਰਜਾਂ ਅਤੇ ਨਿਰਪੱਖ ਭਰਤੀਆਂ ਦੇ ਸੁਨੇਹੇ ਨਾਲ ਸੰਨ੍ਹ ਲਗਾਓ।,"{'booth_no': '39', 'village_en': 'Majitha', 'village_pa': 'ਮਜੀਠਾ', 'zone_en': 'Akali Bastion: Strategic Penetration & Demolition Zone', 'zone_pa': 'ਅਕਾਲੀ ਦਲ ਦਾ ਪ੍ਰਭਾਵਿਤ ਖੇਤਰ: ਵਿਸ਼ੇਸ਼ ਘੇਰਾਬੰਦੀ ਜ਼ੋਨ', 'action_en': 'SAD retained lead here by +118 votes (49.6% share). Target moderate Panthic and farming families in Majitha disillusioned with traditional leadership. Appoint dedicated block coordinators and highlight direct government procurement and village development works.', 'action_pa': 'ਅਕਾਲੀ ਦਲ ਨੇ ਇੱਥੇ +118 ਵੋਟਾਂ (49.6%) ਨਾਲ ਲੀਡ ਬਣਾਈ ਹੈ। ਮਜੀਠਾ ਵਿੱਚ ਰਵਾਇਤੀ ਲੀਡਰਸ਼ਿਪ ਤੋਂ ਨਿਰਾਸ਼ ਕਿਸਾਨ ਅਤੇ ਪੰਥਕ ਪਰਿਵਾਰਾਂ ਨਾਲ ਸੰਵਾਦ ਕਰੋ। ਪਿੰਡਾਂ ਵਿੱਚ ਪੰਜਾਬ ਸਰਕਾਰ ਦੇ ਵਿਕਾਸ ਕਾਰਜਾਂ ਅਤੇ ਨਿਰਪੱਖ ਭਰਤੀਆਂ ਦੇ ਸੁਨੇਹੇ ਨਾਲ ਸੰਨ੍ਹ ਲਗਾਓ।', 'action_steps_en': ['Days 1-30: Map the top 30 influential non-committed Panthic families in Majitha.', 'Days 31-60: Deploy senior constituency leaders for direct home visits to address local disgruntlement.', ""Days 61-90: Neutralize SAD's +118 vote cushion by winning over agricultural youth.""], 'action_steps_pa': ['ਦਿਨ 1-30: ਮਜੀਠਾ ਦੇ 30 ਨਿਰਪੱਖ ਅਤੇ ਪ੍ਰਭਾਵਸ਼ਾਲੀ ਪਰਿਵਾਰਾਂ ਦੀ ਸ਼ਨਾਖਤ ਕਰੋ।', 'ਦਿਨ 31-60: ਸੀਨੀਅਰ ਲੀਡਰਸ਼ਿਪ ਰਾਹੀਂ ਘਰ-ਘਰ ਜਾ ਕੇ ਸਰਕਾਰ ਦੀਆਂ ਨਿਰਪੱਖ ਨੀਤੀਆਂ ਸਾਂਝੀਆਂ ਕਰੋ।', 'ਦਿਨ 61-90: ਨੌਜਵਾਨ ਵਰਗ ਨੂੰ ਸਰਕਾਰੀ ਨੌਕਰੀਆਂ ਅਤੇ ਖੇਡ ਕਿੱਟਾਂ ਰਾਹੀਂ ਪਾਰਟੀ ਨਾਲ ਜੋੜ ਕੇ ਲੀਡ ਘਟਾਓ।'], 'action_steps': ['ਦਿਨ 1-30: ਮਜੀਠਾ ਦੇ 30 ਨਿਰਪੱਖ ਅਤੇ ਪ੍ਰਭਾਵਸ਼ਾਲੀ ਪਰਿਵਾਰਾਂ ਦੀ ਸ਼ਨਾਖਤ ਕਰੋ।', 'ਦਿਨ 31-60: ਸੀਨੀਅਰ ਲੀਡਰਸ਼ਿਪ ਰਾਹੀਂ ਘਰ-ਘਰ ਜਾ ਕੇ ਸਰਕਾਰ ਦੀਆਂ ਨਿਰਪੱਖ ਨੀਤੀਆਂ ਸਾਂਝੀਆਂ ਕਰੋ।', 'ਦਿਨ 61-90: ਨੌਜਵਾਨ ਵਰਗ ਨੂੰ ਸਰਕਾਰੀ ਨੌਕਰੀਆਂ ਅਤੇ ਖੇਡ ਕਿੱਟਾਂ ਰਾਹੀਂ ਪਾਰਟੀ ਨਾਲ ਜੋੜ ਕੇ ਲੀਡ ਘਟਾਓ।']}"
40,40,39,40,40,False,#40,Booth #40 (Unchanged),ਬੂਥ #40 (ਅਣਬਦਲਿਆ),Majitha,ਮਜੀਠਾ,ਮਜੀਠਾ,Majitha,ਮਜੀਠਾ,Majitha,ਮਜੀਠਾ,SAD,AAP,226,71,SAD → AAP,SAD → AAP,AAP Gain,ਆਪ ਲਾਭ,INC Deficit,"{'AAP': 'GAINED', 'SAD': 'LOST_24', 'INC': 'WEAK', 'BJP': 'LOST_BOTH'}",True,"{'is_flip': True, 'status_label': 'SAD → AAP', 'turnout_diff': -39, 'turnout_pct': -6.63, 'sad_swing': -33.41, 'aap_swing': 35.31, 'inc_swing': -11.55, 'bjp_swing': 8.44}",588,549,-39,-6.63,371,163,-208,63.1,29.69,-33.41,43,234,191,7.31,42.62,35.31,145,72,-73,24.66,13.11,-11.55,20,65,45,3.4,11.84,8.44,5,0.91,"{'total': 588, 'sad': 371, 'aap': 43, 'inc': 145, 'bjp': 20, 'sad_votes': 371, 'sad_pct': 63.1, 'aap_votes': 43, 'aap_pct': 7.31, 'inc_votes': 145, 'inc_pct': 24.66, 'bjp_votes': 20, 'bjp_pct': 3.4, 'winner_party': 'SAD', 'margin': 226, 'winner_candidate': 'Ganieve Kaur Majithia'}","{'total': 549, 'sad': 163, 'aap': 234, 'inc': 72, 'bjp': 65, 'sada': 5, 'bsp': 1, 'others': 9, 'sad_votes': 163, 'sad_pct': 29.69, 'aap_votes': 234, 'aap_pct': 42.62, 'inc_votes': 72, 'inc_pct': 13.11, 'bjp_votes': 65, 'bjp_pct': 11.84, 'sada_votes': 5, 'sada_pct': 0.91, 'winner_party': 'AAP', 'margin': 71, 'winner_candidate': 'Kuldeep Singh Dhaliwal'}","{'turnout_diff': -39, 'turnout_pct': -6.63, 'sad_shift': -208, 'sad_swing': -33.41, 'aap_shift': 191, 'aap_swing': 35.31, 'inc_shift': -73, 'inc_swing': -11.55, 'bjp_shift': 45, 'bjp_swing': 8.44}",Historic Breakthrough: AAP Flipped Stronghold,ਇਤਿਹਾਸਕ ਪ੍ਰਾਪਤੀ: ਅਕਾਲੀ ਗੜ੍ਹ ਵਿੱਚ ਆਪ ਦੀ ਜਿੱਤ ਜ਼ੋਨ,"Major breakthrough in Majitha previously held by SAD. Formally induct local village swing leaders and youth volunteers who backed AAP in 2024. Resolve local village infrastructure, canal tail issues, and cement +71 lead.","ਮਜੀਠਾ ਵਿੱਚ ਵੱਡੀ ਇਤਿਹਾਸਕ ਸਫ਼ਲਤਾ, ਜਿੱਥੇ SAD ਦਾ ਪੁਰਾਣਾ ਦਬਦਬਾ ਟੁੱਟਿਆ। 2024 ਵਿੱਚ ਆਪ ਨਾਲ ਜੁੜੇ ਨੌਜਵਾਨਾਂ ਅਤੇ ਪੰਚਾਇਤੀ ਆਗੂਆਂ ਨੂੰ ਜਥੇਬੰਦਕ ਜ਼ਿੰਮੇਵਾਰੀਆਂ ਦਿਓ ਅਤੇ +71 ਵੋਟਾਂ ਦੀ ਲੀਡ ਨੂੰ ਸਥਾਈ ਵੋਟ ਬੈਂਕ ਵਿੱਚ ਬਦਲੋ।","{'booth_no': '40', 'village_en': 'Majitha', 'village_pa': 'ਮਜੀਠਾ', 'zone_en': 'Historic Breakthrough: AAP Flipped Stronghold', 'zone_pa': 'ਇਤਿਹਾਸਕ ਪ੍ਰਾਪਤੀ: ਅਕਾਲੀ ਗੜ੍ਹ ਵਿੱਚ ਆਪ ਦੀ ਜਿੱਤ ਜ਼ੋਨ', 'action_en': 'Major breakthrough in Majitha previously held by SAD. Formally induct local village swing leaders and youth volunteers who backed AAP in 2024. Resolve local village infrastructure, canal tail issues, and cement +71 lead.', 'action_pa': 'ਮਜੀਠਾ ਵਿੱਚ ਵੱਡੀ ਇਤਿਹਾਸਕ ਸਫ਼ਲਤਾ, ਜਿੱਥੇ SAD ਦਾ ਪੁਰਾਣਾ ਦਬਦਬਾ ਟੁੱਟਿਆ। 2024 ਵਿੱਚ ਆਪ ਨਾਲ ਜੁੜੇ ਨੌਜਵਾਨਾਂ ਅਤੇ ਪੰਚਾਇਤੀ ਆਗੂਆਂ ਨੂੰ ਜਥੇਬੰਦਕ ਜ਼ਿੰਮੇਵਾਰੀਆਂ ਦਿਓ ਅਤੇ +71 ਵੋਟਾਂ ਦੀ ਲੀਡ ਨੂੰ ਸਥਾਈ ਵੋਟ ਬੈਂਕ ਵਿੱਚ ਬਦਲੋ।', 'action_steps_en': ['Days 1-30: Onboard dynamic swing workers who crossed over from SAD into the formal AAP booth structure.', 'Days 31-60: Prioritize village link road and street light repairs in Majitha through rural development grants.', 'Days 61-90: Convert current +71 vote lead into permanent party loyalty before 2027.'], 'action_steps_pa': ['ਦਿਨ 1-30: SAD ਛੱਡ ਕੇ ਆਪ ਵਿੱਚ ਸ਼ਾਮਲ ਹੋਏ ਆਗੂਆਂ ਨੂੰ ਬੂਥ ਕਮੇਟੀ ਵਿੱਚ ਅਹਿਮ ਜ਼ਿੰਮੇਵਾਰੀਆਂ ਦਿਓ।', ""ਦਿਨ 31-60: ਮਜੀਠਾ ਵਿੱਚ ਪਿੰਡ ਦੀਆਂ ਫਿਰਨੀਆਂ, ਗਲੀਆਂ ਅਤੇ ਲਿੰਕ ਸੜਕਾਂ ਦੇ ਕੰਮ ਤਰਜੀਹ 'ਤੇ ਕਰਵਾਓ।"", 'ਦਿਨ 61-90: +71 ਵੋਟਾਂ ਦੀ ਲੀਡ ਨੂੰ ਪੱਕੇ ਵੋਟ ਬੈਂਕ ਵਿੱਚ ਤਬਦੀਲ ਕਰੋ।'], 'action_steps': ['ਦਿਨ 1-30: SAD ਛੱਡ ਕੇ ਆਪ ਵਿੱਚ ਸ਼ਾਮਲ ਹੋਏ ਆਗੂਆਂ ਨੂੰ ਬੂਥ ਕਮੇਟੀ ਵਿੱਚ ਅਹਿਮ ਜ਼ਿੰਮੇਵਾਰੀਆਂ ਦਿਓ।', ""ਦਿਨ 31-60: ਮਜੀਠਾ ਵਿੱਚ ਪਿੰਡ ਦੀਆਂ ਫਿਰਨੀਆਂ, ਗਲੀਆਂ ਅਤੇ ਲਿੰਕ ਸੜਕਾਂ ਦੇ ਕੰਮ ਤਰਜੀਹ 'ਤੇ ਕਰਵਾਓ।"", 'ਦਿਨ 61-90: +71 ਵੋਟਾਂ ਦੀ ਲੀਡ ਨੂੰ ਪੱਕੇ ਵੋਟ ਬੈਂਕ ਵਿੱਚ ਤਬਦੀਲ ਕਰੋ।']}"
41,41,40,41,41,False,#41,Booth #41 (Unchanged),ਬੂਥ #41 (ਅਣਬਦਲਿਆ),Majitha,ਮਜੀਠਾ,ਮਜੀਠਾ,Majitha,ਮਜੀਠਾ,Majitha,ਮਜੀਠਾ,SAD,SAD,50,56,SAD Retained,SAD Retained,AAP Deficit,ਆਪ ਘਾਟ,INC Deficit,"{'AAP': 'LOST_BOTH', 'SAD': 'WON_BOTH', 'INC': 'LOST_BOTH', 'BJP': 'WEAK'}",False,"{'is_flip': False, 'status_label': 'SAD Retained', 'turnout_diff': -117, 'turnout_pct': -18.11, 'sad_swing': -6.12, 'aap_swing': 21.99, 'inc_swing': -20.31, 'bjp_swing': 1.14}",646,529,-117,-18.11,296,210,-86,45.82,39.7,-6.12,46,154,108,7.12,29.11,21.99,246,94,-152,38.08,17.77,-20.31,50,47,-3,7.74,8.88,1.14,9,1.7,"{'total': 646, 'sad': 296, 'aap': 46, 'inc': 246, 'bjp': 50, 'sad_votes': 296, 'sad_pct': 45.82, 'aap_votes': 46, 'aap_pct': 7.12, 'inc_votes': 246, 'inc_pct': 38.08, 'bjp_votes': 50, 'bjp_pct': 7.74, 'winner_party': 'SAD', 'margin': 50, 'winner_candidate': 'Ganieve Kaur Majithia'}","{'total': 529, 'sad': 210, 'aap': 154, 'inc': 94, 'bjp': 47, 'sada': 9, 'bsp': 0, 'others': 15, 'sad_votes': 210, 'sad_pct': 39.7, 'aap_votes': 154, 'aap_pct': 29.11, 'inc_votes': 94, 'inc_pct': 17.77, 'bjp_votes': 47, 'bjp_pct': 8.88, 'sada_votes': 9, 'sada_pct': 1.7, 'winner_party': 'SAD', 'margin': 56, 'winner_candidate': 'Anil Joshi'}","{'turnout_diff': -117, 'turnout_pct': -18.11, 'sad_shift': -86, 'sad_swing': -6.12, 'aap_shift': 108, 'aap_swing': 21.99, 'inc_shift': -152, 'inc_swing': -20.31, 'bjp_shift': -3, 'bjp_swing': 1.14}",Akali Bastion: Strategic Penetration & Demolition Zone,ਅਕਾਲੀ ਦਲ ਦਾ ਪ੍ਰਭਾਵਿਤ ਖੇਤਰ: ਵਿਸ਼ੇਸ਼ ਘੇਰਾਬੰਦੀ ਜ਼ੋਨ,SAD retained lead here by +56 votes (39.7% share). Target moderate Panthic and farming families in Majitha disillusioned with traditional leadership. Appoint dedicated block coordinators and highlight direct government procurement and village development works.,ਅਕਾਲੀ ਦਲ ਨੇ ਇੱਥੇ +56 ਵੋਟਾਂ (39.7%) ਨਾਲ ਲੀਡ ਬਣਾਈ ਹੈ। ਮਜੀਠਾ ਵਿੱਚ ਰਵਾਇਤੀ ਲੀਡਰਸ਼ਿਪ ਤੋਂ ਨਿਰਾਸ਼ ਕਿਸਾਨ ਅਤੇ ਪੰਥਕ ਪਰਿਵਾਰਾਂ ਨਾਲ ਸੰਵਾਦ ਕਰੋ। ਪਿੰਡਾਂ ਵਿੱਚ ਪੰਜਾਬ ਸਰਕਾਰ ਦੇ ਵਿਕਾਸ ਕਾਰਜਾਂ ਅਤੇ ਨਿਰਪੱਖ ਭਰਤੀਆਂ ਦੇ ਸੁਨੇਹੇ ਨਾਲ ਸੰਨ੍ਹ ਲਗਾਓ।,"{'booth_no': '41', 'village_en': 'Majitha', 'village_pa': 'ਮਜੀਠਾ', 'zone_en': 'Akali Bastion: Strategic Penetration & Demolition Zone', 'zone_pa': 'ਅਕਾਲੀ ਦਲ ਦਾ ਪ੍ਰਭਾਵਿਤ ਖੇਤਰ: ਵਿਸ਼ੇਸ਼ ਘੇਰਾਬੰਦੀ ਜ਼ੋਨ', 'action_en': 'SAD retained lead here by +56 votes (39.7% share). Target moderate Panthic and farming families in Majitha disillusioned with traditional leadership. Appoint dedicated block coordinators and highlight direct government procurement and village development works.', 'action_pa': 'ਅਕਾਲੀ ਦਲ ਨੇ ਇੱਥੇ +56 ਵੋਟਾਂ (39.7%) ਨਾਲ ਲੀਡ ਬਣਾਈ ਹੈ। ਮਜੀਠਾ ਵਿੱਚ ਰਵਾਇਤੀ ਲੀਡਰਸ਼ਿਪ ਤੋਂ ਨਿਰਾਸ਼ ਕਿਸਾਨ ਅਤੇ ਪੰਥਕ ਪਰਿਵਾਰਾਂ ਨਾਲ ਸੰਵਾਦ ਕਰੋ। ਪਿੰਡਾਂ ਵਿੱਚ ਪੰਜਾਬ ਸਰਕਾਰ ਦੇ ਵਿਕਾਸ ਕਾਰਜਾਂ ਅਤੇ ਨਿਰਪੱਖ ਭਰਤੀਆਂ ਦੇ ਸੁਨੇਹੇ ਨਾਲ ਸੰਨ੍ਹ ਲਗਾਓ।', 'action_steps_en': ['Days 1-30: Map the top 30 influential non-committed Panthic families in Majitha.', 'Days 31-60: Deploy senior constituency leaders for direct home visits to address local disgruntlement.', ""Days 61-90: Neutralize SAD's +56 vote cushion by winning over agricultural youth.""], 'action_steps_pa': ['ਦਿਨ 1-30: ਮਜੀਠਾ ਦੇ 30 ਨਿਰਪੱਖ ਅਤੇ ਪ੍ਰਭਾਵਸ਼ਾਲੀ ਪਰਿਵਾਰਾਂ ਦੀ ਸ਼ਨਾਖਤ ਕਰੋ।', 'ਦਿਨ 31-60: ਸੀਨੀਅਰ ਲੀਡਰਸ਼ਿਪ ਰਾਹੀਂ ਘਰ-ਘਰ ਜਾ ਕੇ ਸਰਕਾਰ ਦੀਆਂ ਨਿਰਪੱਖ ਨੀਤੀਆਂ ਸਾਂਝੀਆਂ ਕਰੋ।', 'ਦਿਨ 61-90: ਨੌਜਵਾਨ ਵਰਗ ਨੂੰ ਸਰਕਾਰੀ ਨੌਕਰੀਆਂ ਅਤੇ ਖੇਡ ਕਿੱਟਾਂ ਰਾਹੀਂ ਪਾਰਟੀ ਨਾਲ ਜੋੜ ਕੇ ਲੀਡ ਘਟਾਓ।'], 'action_steps': ['ਦਿਨ 1-30: ਮਜੀਠਾ ਦੇ 30 ਨਿਰਪੱਖ ਅਤੇ ਪ੍ਰਭਾਵਸ਼ਾਲੀ ਪਰਿਵਾਰਾਂ ਦੀ ਸ਼ਨਾਖਤ ਕਰੋ।', 'ਦਿਨ 31-60: ਸੀਨੀਅਰ ਲੀਡਰਸ਼ਿਪ ਰਾਹੀਂ ਘਰ-ਘਰ ਜਾ ਕੇ ਸਰਕਾਰ ਦੀਆਂ ਨਿਰਪੱਖ ਨੀਤੀਆਂ ਸਾਂਝੀਆਂ ਕਰੋ।', 'ਦਿਨ 61-90: ਨੌਜਵਾਨ ਵਰਗ ਨੂੰ ਸਰਕਾਰੀ ਨੌਕਰੀਆਂ ਅਤੇ ਖੇਡ ਕਿੱਟਾਂ ਰਾਹੀਂ ਪਾਰਟੀ ਨਾਲ ਜੋੜ ਕੇ ਲੀਡ ਘਟਾਓ।']}"
42,42,41,42,42,False,#42,Booth #42 (Unchanged),ਬੂਥ #42 (ਅਣਬਦਲਿਆ),Majitha,ਮਜੀਠਾ,ਮਜੀਠਾ,Majitha,ਮਜੀਠਾ,Majitha,ਮਜੀਠਾ,SAD,SAD,149,55,SAD Retained,SAD Retained,AAP Deficit,ਆਪ ਘਾਟ,INC Deficit,"{'AAP': 'LOST_BOTH', 'SAD': 'WON_BOTH', 'INC': 'LOST_BOTH', 'BJP': 'WEAK'}",False,"{'is_flip': False, 'status_label': 'SAD Retained', 'turnout_diff': -34, 'turnout_pct': -5.56, 'sad_swing': -14.32, 'aap_swing': 7.98, 'inc_swing': 0.51, 'bjp_swing': 1.89}",612,578,-34,-5.56,310,210,-100,50.65,36.33,-14.32,110,150,40,17.97,25.95,7.98,161,155,-6,26.31,26.82,0.51,16,26,10,2.61,4.5,1.89,5,0.87,"{'total': 612, 'sad': 310, 'aap': 110, 'inc': 161, 'bjp': 16, 'sad_votes': 310, 'sad_pct': 50.65, 'aap_votes': 110, 'aap_pct': 17.97, 'inc_votes': 161, 'inc_pct': 26.31, 'bjp_votes': 16, 'bjp_pct': 2.61, 'winner_party': 'SAD', 'margin': 149, 'winner_candidate': 'Ganieve Kaur Majithia'}","{'total': 578, 'sad': 210, 'aap': 150, 'inc': 155, 'bjp': 26, 'sada': 5, 'bsp': 1, 'others': 28, 'sad_votes': 210, 'sad_pct': 36.33, 'aap_votes': 150, 'aap_pct': 25.95, 'inc_votes': 155, 'inc_pct': 26.82, 'bjp_votes': 26, 'bjp_pct': 4.5, 'sada_votes': 5, 'sada_pct': 0.87, 'winner_party': 'SAD', 'margin': 55, 'winner_candidate': 'Anil Joshi'}","{'turnout_diff': -34, 'turnout_pct': -5.56, 'sad_shift': -100, 'sad_swing': -14.32, 'aap_shift': 40, 'aap_swing': 7.98, 'inc_shift': -6, 'inc_swing': 0.51, 'bjp_shift': 10, 'bjp_swing': 1.89}",Akali Bastion: Strategic Penetration & Demolition Zone,ਅਕਾਲੀ ਦਲ ਦਾ ਪ੍ਰਭਾਵਿਤ ਖੇਤਰ: ਵਿਸ਼ੇਸ਼ ਘੇਰਾਬੰਦੀ ਜ਼ੋਨ,SAD retained lead here by +55 votes (36.3% share). Target moderate Panthic and farming families in Majitha disillusioned with traditional leadership. Appoint dedicated block coordinators and highlight direct government procurement and village development works.,ਅਕਾਲੀ ਦਲ ਨੇ ਇੱਥੇ +55 ਵੋਟਾਂ (36.3%) ਨਾਲ ਲੀਡ ਬਣਾਈ ਹੈ। ਮਜੀਠਾ ਵਿੱਚ ਰਵਾਇਤੀ ਲੀਡਰਸ਼ਿਪ ਤੋਂ ਨਿਰਾਸ਼ ਕਿਸਾਨ ਅਤੇ ਪੰਥਕ ਪਰਿਵਾਰਾਂ ਨਾਲ ਸੰਵਾਦ ਕਰੋ। ਪਿੰਡਾਂ ਵਿੱਚ ਪੰਜਾਬ ਸਰਕਾਰ ਦੇ ਵਿਕਾਸ ਕਾਰਜਾਂ ਅਤੇ ਨਿਰਪੱਖ ਭਰਤੀਆਂ ਦੇ ਸੁਨੇਹੇ ਨਾਲ ਸੰਨ੍ਹ ਲਗਾਓ।,"{'booth_no': '42', 'village_en': 'Majitha', 'village_pa': 'ਮਜੀਠਾ', 'zone_en': 'Akali Bastion: Strategic Penetration & Demolition Zone', 'zone_pa': 'ਅਕਾਲੀ ਦਲ ਦਾ ਪ੍ਰਭਾਵਿਤ ਖੇਤਰ: ਵਿਸ਼ੇਸ਼ ਘੇਰਾਬੰਦੀ ਜ਼ੋਨ', 'action_en': 'SAD retained lead here by +55 votes (36.3% share). Target moderate Panthic and farming families in Majitha disillusioned with traditional leadership. Appoint dedicated block coordinators and highlight direct government procurement and village development works.', 'action_pa': 'ਅਕਾਲੀ ਦਲ ਨੇ ਇੱਥੇ +55 ਵੋਟਾਂ (36.3%) ਨਾਲ ਲੀਡ ਬਣਾਈ ਹੈ। ਮਜੀਠਾ ਵਿੱਚ ਰਵਾਇਤੀ ਲੀਡਰਸ਼ਿਪ ਤੋਂ ਨਿਰਾਸ਼ ਕਿਸਾਨ ਅਤੇ ਪੰਥਕ ਪਰਿਵਾਰਾਂ ਨਾਲ ਸੰਵਾਦ ਕਰੋ। ਪਿੰਡਾਂ ਵਿੱਚ ਪੰਜਾਬ ਸਰਕਾਰ ਦੇ ਵਿਕਾਸ ਕਾਰਜਾਂ ਅਤੇ ਨਿਰਪੱਖ ਭਰਤੀਆਂ ਦੇ ਸੁਨੇਹੇ ਨਾਲ ਸੰਨ੍ਹ ਲਗਾਓ।', 'action_steps_en': ['Days 1-30: Map the top 30 influential non-committed Panthic families in Majitha.', 'Days 31-60: Deploy senior constituency leaders for direct home visits to address local disgruntlement.', ""Days 61-90: Neutralize SAD's +55 vote cushion by winning over agricultural youth.""], 'action_steps_pa': ['ਦਿਨ 1-30: ਮਜੀਠਾ ਦੇ 30 ਨਿਰਪੱਖ ਅਤੇ ਪ੍ਰਭਾਵਸ਼ਾਲੀ ਪਰਿਵਾਰਾਂ ਦੀ ਸ਼ਨਾਖਤ ਕਰੋ।', 'ਦਿਨ 31-60: ਸੀਨੀਅਰ ਲੀਡਰਸ਼ਿਪ ਰਾਹੀਂ ਘਰ-ਘਰ ਜਾ ਕੇ ਸਰਕਾਰ ਦੀਆਂ ਨਿਰਪੱਖ ਨੀਤੀਆਂ ਸਾਂਝੀਆਂ ਕਰੋ।', 'ਦਿਨ 61-90: ਨੌਜਵਾਨ ਵਰਗ ਨੂੰ ਸਰਕਾਰੀ ਨੌਕਰੀਆਂ ਅਤੇ ਖੇਡ ਕਿੱਟਾਂ ਰਾਹੀਂ ਪਾਰਟੀ ਨਾਲ ਜੋੜ ਕੇ ਲੀਡ ਘਟਾਓ।'], 'action_steps': ['ਦਿਨ 1-30: ਮਜੀਠਾ ਦੇ 30 ਨਿਰਪੱਖ ਅਤੇ ਪ੍ਰਭਾਵਸ਼ਾਲੀ ਪਰਿਵਾਰਾਂ ਦੀ ਸ਼ਨਾਖਤ ਕਰੋ।', 'ਦਿਨ 31-60: ਸੀਨੀਅਰ ਲੀਡਰਸ਼ਿਪ ਰਾਹੀਂ ਘਰ-ਘਰ ਜਾ ਕੇ ਸਰਕਾਰ ਦੀਆਂ ਨਿਰਪੱਖ ਨੀਤੀਆਂ ਸਾਂਝੀਆਂ ਕਰੋ।', 'ਦਿਨ 61-90: ਨੌਜਵਾਨ ਵਰਗ ਨੂੰ ਸਰਕਾਰੀ ਨੌਕਰੀਆਂ ਅਤੇ ਖੇਡ ਕਿੱਟਾਂ ਰਾਹੀਂ ਪਾਰਟੀ ਨਾਲ ਜੋੜ ਕੇ ਲੀਡ ਘਟਾਓ।']}"
43,43,42,43,43,False,#43,Booth #43 (Unchanged),ਬੂਥ #43 (ਅਣਬਦਲਿਆ),Galowali,ਗਲੋਵਾਲੀ,ਗਲੋਵਾਲੀ,Galowali,ਗਲੋਵਾਲੀ,Galowali,ਗਲੋਵਾਲੀ,SAD,SAD,234,82,SAD Retained,SAD Retained,AAP Deficit,ਆਪ ਘਾਟ,INC Deficit,"{'AAP': 'LOST_BOTH', 'SAD': 'WON_BOTH', 'INC': 'WEAK', 'BJP': 'LOST_BOTH'}",False,"{'is_flip': False, 'status_label': 'SAD Retained', 'turnout_diff': -242, 'turnout_pct': -36.95, 'sad_swing': -13.91, 'aap_swing': 3.87, 'inc_swing': -15.48, 'bjp_swing': 21.66}",655,413,-242,-36.95,375,179,-196,57.25,43.34,-13.91,111,86,-25,16.95,20.82,3.87,141,25,-116,21.53,6.05,-15.48,12,97,85,1.83,23.49,21.66,2,0.48,"{'total': 655, 'sad': 375, 'aap': 111, 'inc': 141, 'bjp': 12, 'sad_votes': 375, 'sad_pct': 57.25, 'aap_votes': 111, 'aap_pct': 16.95, 'inc_votes': 141, 'inc_pct': 21.53, 'bjp_votes': 12, 'bjp_pct': 1.83, 'winner_party': 'SAD', 'margin': 234, 'winner_candidate': 'Ganieve Kaur Majithia'}","{'total': 413, 'sad': 179, 'aap': 86, 'inc': 25, 'bjp': 97, 'sada': 2, 'bsp': 0, 'others': 24, 'sad_votes': 179, 'sad_pct': 43.34, 'aap_votes': 86, 'aap_pct': 20.82, 'inc_votes': 25, 'inc_pct': 6.05, 'bjp_votes': 97, 'bjp_pct': 23.49, 'sada_votes': 2, 'sada_pct': 0.48, 'winner_party': 'SAD', 'margin': 82, 'winner_candidate': 'Anil Joshi'}","{'turnout_diff': -242, 'turnout_pct': -36.95, 'sad_shift': -196, 'sad_swing': -13.91, 'aap_shift': -25, 'aap_swing': 3.87, 'inc_shift': -116, 'inc_swing': -15.48, 'bjp_shift': 85, 'bjp_swing': 21.66}",Akali Bastion: Strategic Penetration & Demolition Zone,ਅਕਾਲੀ ਦਲ ਦਾ ਪ੍ਰਭਾਵਿਤ ਖੇਤਰ: ਵਿਸ਼ੇਸ਼ ਘੇਰਾਬੰਦੀ ਜ਼ੋਨ,SAD retained lead here by +82 votes (43.3% share). Target moderate Panthic and farming families in Galowali disillusioned with traditional leadership. Appoint dedicated block coordinators and highlight direct government procurement and village development works.,ਅਕਾਲੀ ਦਲ ਨੇ ਇੱਥੇ +82 ਵੋਟਾਂ (43.3%) ਨਾਲ ਲੀਡ ਬਣਾਈ ਹੈ। ਗਲੋਵਾਲੀ ਵਿੱਚ ਰਵਾਇਤੀ ਲੀਡਰਸ਼ਿਪ ਤੋਂ ਨਿਰਾਸ਼ ਕਿਸਾਨ ਅਤੇ ਪੰਥਕ ਪਰਿਵਾਰਾਂ ਨਾਲ ਸੰਵਾਦ ਕਰੋ। ਪਿੰਡਾਂ ਵਿੱਚ ਪੰਜਾਬ ਸਰਕਾਰ ਦੇ ਵਿਕਾਸ ਕਾਰਜਾਂ ਅਤੇ ਨਿਰਪੱਖ ਭਰਤੀਆਂ ਦੇ ਸੁਨੇਹੇ ਨਾਲ ਸੰਨ੍ਹ ਲਗਾਓ।,"{'booth_no': '43', 'village_en': 'Galowali', 'village_pa': 'ਗਲੋਵਾਲੀ', 'zone_en': 'Akali Bastion: Strategic Penetration & Demolition Zone', 'zone_pa': 'ਅਕਾਲੀ ਦਲ ਦਾ ਪ੍ਰਭਾਵਿਤ ਖੇਤਰ: ਵਿਸ਼ੇਸ਼ ਘੇਰਾਬੰਦੀ ਜ਼ੋਨ', 'action_en': 'SAD retained lead here by +82 votes (43.3% share). Target moderate Panthic and farming families in Galowali disillusioned with traditional leadership. Appoint dedicated block coordinators and highlight direct government procurement and village development works.', 'action_pa': 'ਅਕਾਲੀ ਦਲ ਨੇ ਇੱਥੇ +82 ਵੋਟਾਂ (43.3%) ਨਾਲ ਲੀਡ ਬਣਾਈ ਹੈ। ਗਲੋਵਾਲੀ ਵਿੱਚ ਰਵਾਇਤੀ ਲੀਡਰਸ਼ਿਪ ਤੋਂ ਨਿਰਾਸ਼ ਕਿਸਾਨ ਅਤੇ ਪੰਥਕ ਪਰਿਵਾਰਾਂ ਨਾਲ ਸੰਵਾਦ ਕਰੋ। ਪਿੰਡਾਂ ਵਿੱਚ ਪੰਜਾਬ ਸਰਕਾਰ ਦੇ ਵਿਕਾਸ ਕਾਰਜਾਂ ਅਤੇ ਨਿਰਪੱਖ ਭਰਤੀਆਂ ਦੇ ਸੁਨੇਹੇ ਨਾਲ ਸੰਨ੍ਹ ਲਗਾਓ।', 'action_steps_en': ['Days 1-30: Map the top 30 influential non-committed Panthic families in Galowali.', 'Days 31-60: Deploy senior constituency leaders for direct home visits to address local disgruntlement.', ""Days 61-90: Neutralize SAD's +82 vote cushion by winning over agricultural youth.""], 'action_steps_pa': ['ਦਿਨ 1-30: ਗਲੋਵਾਲੀ ਦੇ 30 ਨਿਰਪੱਖ ਅਤੇ ਪ੍ਰਭਾਵਸ਼ਾਲੀ ਪਰਿਵਾਰਾਂ ਦੀ ਸ਼ਨਾਖਤ ਕਰੋ।', 'ਦਿਨ 31-60: ਸੀਨੀਅਰ ਲੀਡਰਸ਼ਿਪ ਰਾਹੀਂ ਘਰ-ਘਰ ਜਾ ਕੇ ਸਰਕਾਰ ਦੀਆਂ ਨਿਰਪੱਖ ਨੀਤੀਆਂ ਸਾਂਝੀਆਂ ਕਰੋ।', 'ਦਿਨ 61-90: ਨੌਜਵਾਨ ਵਰਗ ਨੂੰ ਸਰਕਾਰੀ ਨੌਕਰੀਆਂ ਅਤੇ ਖੇਡ ਕਿੱਟਾਂ ਰਾਹੀਂ ਪਾਰਟੀ ਨਾਲ ਜੋੜ ਕੇ ਲੀਡ ਘਟਾਓ।'], 'action_steps': ['ਦਿਨ 1-30: ਗਲੋਵਾਲੀ ਦੇ 30 ਨਿਰਪੱਖ ਅਤੇ ਪ੍ਰਭਾਵਸ਼ਾਲੀ ਪਰਿਵਾਰਾਂ ਦੀ ਸ਼ਨਾਖਤ ਕਰੋ।', 'ਦਿਨ 31-60: ਸੀਨੀਅਰ ਲੀਡਰਸ਼ਿਪ ਰਾਹੀਂ ਘਰ-ਘਰ ਜਾ ਕੇ ਸਰਕਾਰ ਦੀਆਂ ਨਿਰਪੱਖ ਨੀਤੀਆਂ ਸਾਂਝੀਆਂ ਕਰੋ।', 'ਦਿਨ 61-90: ਨੌਜਵਾਨ ਵਰਗ ਨੂੰ ਸਰਕਾਰੀ ਨੌਕਰੀਆਂ ਅਤੇ ਖੇਡ ਕਿੱਟਾਂ ਰਾਹੀਂ ਪਾਰਟੀ ਨਾਲ ਜੋੜ ਕੇ ਲੀਡ ਘਟਾਓ।']}"
44,44,43,44,44,False,#44,Booth #44 (Unchanged),ਬੂਥ #44 (ਅਣਬਦਲਿਆ),Galowali,ਗਲੋਵਾਲੀ,ਗਲੋਵਾਲੀ,Galowali,ਗਲੋਵਾਲੀ,Galowali,ਗਲੋਵਾਲੀ,INC,BJP,81,126,INC → BJP,INC → BJP,AAP Deficit,ਆਪ ਘਾਟ,INC Loss,"{'AAP': 'WEAK', 'SAD': 'LOST_BOTH', 'INC': 'LOST_24', 'BJP': 'GAINED'}",True,"{'is_flip': True, 'status_label': 'INC → BJP', 'turnout_diff': 270, 'turnout_pct': 40.72, 'sad_swing': -11.19, 'aap_swing': -0.37, 'inc_swing': -32.74, 'bjp_swing': 39.56}",663,933,270,40.72,254,253,-1,38.31,27.12,-11.19,60,81,21,9.05,8.68,-0.37,335,166,-169,50.53,17.79,-32.74,7,379,372,1.06,40.62,39.56,0,0.0,"{'total': 663, 'sad': 254, 'aap': 60, 'inc': 335, 'bjp': 7, 'sad_votes': 254, 'sad_pct': 38.31, 'aap_votes': 60, 'aap_pct': 9.05, 'inc_votes': 335, 'inc_pct': 50.53, 'bjp_votes': 7, 'bjp_pct': 1.06, 'winner_party': 'INC', 'margin': 81, 'winner_candidate': 'Jagwinder Pal Singh (Jagga)'}","{'total': 933, 'sad': 253, 'aap': 81, 'inc': 166, 'bjp': 379, 'sada': 0, 'bsp': 3, 'others': 45, 'sad_votes': 253, 'sad_pct': 27.12, 'aap_votes': 81, 'aap_pct': 8.68, 'inc_votes': 166, 'inc_pct': 17.79, 'bjp_votes': 379, 'bjp_pct': 40.62, 'sada_votes': 0, 'sada_pct': 0.0, 'winner_party': 'BJP', 'margin': 126, 'winner_candidate': 'Taranjit Singh Sandhu Samundri'}","{'turnout_diff': 270, 'turnout_pct': 40.72, 'sad_shift': -1, 'sad_swing': -11.19, 'aap_shift': 21, 'aap_swing': -0.37, 'inc_shift': -169, 'inc_swing': -32.74, 'bjp_shift': 372, 'bjp_swing': 39.56}",Urban Infiltration: BJP Containment & Counter-Offensive,ਸ਼ਹਿਰੀ ਸੰਵੇਦਨਸ਼ੀਲ ਖੇਤਰ: ਭਾਜਪਾ ਕਾਊਂਟਰ-ਮੁਹਿੰਮ ਜ਼ੋਨ,"BJP led here by +126 votes with 40.6% vote share in urban pockets of Galowali. Conduct structured dialogues with local shopkeepers, commission agents, and urban families. Emphasize state guarantees vs central economic policies.","ਭਾਜਪਾ ਨੇ ਗਲੋਵਾਲੀ ਦੇ ਸ਼ਹਿਰੀ ਹਿੱਸਿਆਂ ਵਿੱਚ +126 ਵੋਟਾਂ (40.6%) ਹਾਸਲ ਕੀਤੇ ਹਨ। ਵਪਾਰੀਆਂ, ਦੁਕਾਨਦਾਰਾਂ ਅਤੇ ਮੁਹੱਲਾ ਕਮੇਟੀਆਂ ਨਾਲ ਮੀਟਿੰਗਾਂ ਕਰਕੇ ਸਿੱਧਾ ਸੰਵਾਦ ਕਰੋ ਅਤੇ ਲੋਕ-ਪੱਖੀ ਨੀਤੀਆਂ ਬਾਰੇ ਜਾਗਰੂਕ ਕਰੋ।","{'booth_no': '44', 'village_en': 'Galowali', 'village_pa': 'ਗਲੋਵਾਲੀ', 'zone_en': 'Urban Infiltration: BJP Containment & Counter-Offensive', 'zone_pa': 'ਸ਼ਹਿਰੀ ਸੰਵੇਦਨਸ਼ੀਲ ਖੇਤਰ: ਭਾਜਪਾ ਕਾਊਂਟਰ-ਮੁਹਿੰਮ ਜ਼ੋਨ', 'action_en': 'BJP led here by +126 votes with 40.6% vote share in urban pockets of Galowali. Conduct structured dialogues with local shopkeepers, commission agents, and urban families. Emphasize state guarantees vs central economic policies.', 'action_pa': 'ਭਾਜਪਾ ਨੇ ਗਲੋਵਾਲੀ ਦੇ ਸ਼ਹਿਰੀ ਹਿੱਸਿਆਂ ਵਿੱਚ +126 ਵੋਟਾਂ (40.6%) ਹਾਸਲ ਕੀਤੇ ਹਨ। ਵਪਾਰੀਆਂ, ਦੁਕਾਨਦਾਰਾਂ ਅਤੇ ਮੁਹੱਲਾ ਕਮੇਟੀਆਂ ਨਾਲ ਮੀਟਿੰਗਾਂ ਕਰਕੇ ਸਿੱਧਾ ਸੰਵਾਦ ਕਰੋ ਅਤੇ ਲੋਕ-ਪੱਖੀ ਨੀਤੀਆਂ ਬਾਰੇ ਜਾਗਰੂਕ ਕਰੋ।', 'action_steps_en': ['Days 1-30: Organize urban merchant and shopkeeper roundtables in Galowali.', 'Days 31-60: Counter central economic propaganda with Punjab business facilitation policies.', ""Days 61-90: Establish active urban ward cell to dismantle BJP's +126 vote pocket.""], 'action_steps_pa': ['ਦਿਨ 1-30: ਗਲੋਵਾਲੀ ਦੇ ਦੁਕਾਨਦਾਰਾਂ ਅਤੇ ਵਪਾਰੀ ਭਾਈਚਾਰੇ ਨਾਲ ਮੀਟਿੰਗਾਂ ਦਾ ਸਿਲਸਿਲਾ ਸ਼ੁਰੂ ਕਰੋ।', 'ਦਿਨ 31-60: ਕੇਂਦਰ ਸਰਕਾਰ ਦੀਆਂ ਆਰਥਿਕ ਨੀਤੀਆਂ ਬਨਾਮ ਪੰਜਾਬ ਸਰਕਾਰ ਦੀ ਵਪਾਰੀ ਪੱਖੀ ਪਹੁੰਚ ਬਾਰੇ ਦੱਸੋ।', 'ਦਿਨ 61-90: ਸ਼ਹਿਰੀ ਵਾਰਡਾਂ ਵਿੱਚ ਆਪ ਦਾ ਮਜ਼ਬੂਤ ਯੂਨਿਟ ਸਥਾਪਿਤ ਕਰੋ।'], 'action_steps': ['ਦਿਨ 1-30: ਗਲੋਵਾਲੀ ਦੇ ਦੁਕਾਨਦਾਰਾਂ ਅਤੇ ਵਪਾਰੀ ਭਾਈਚਾਰੇ ਨਾਲ ਮੀਟਿੰਗਾਂ ਦਾ ਸਿਲਸਿਲਾ ਸ਼ੁਰੂ ਕਰੋ।', 'ਦਿਨ 31-60: ਕੇਂਦਰ ਸਰਕਾਰ ਦੀਆਂ ਆਰਥਿਕ ਨੀਤੀਆਂ ਬਨਾਮ ਪੰਜਾਬ ਸਰਕਾਰ ਦੀ ਵਪਾਰੀ ਪੱਖੀ ਪਹੁੰਚ ਬਾਰੇ ਦੱਸੋ।', 'ਦਿਨ 61-90: ਸ਼ਹਿਰੀ ਵਾਰਡਾਂ ਵਿੱਚ ਆਪ ਦਾ ਮਜ਼ਬੂਤ ਯੂਨਿਟ ਸਥਾਪਿਤ ਕਰੋ।']}"
45,45,44,45,45,False,#45,Booth #45 (Unchanged),ਬੂਥ #45 (ਅਣਬਦਲਿਆ),Hamza,ਹਮਜ਼ਾ,ਹਮਜ਼ਾ,Hamza,ਹਮਜ਼ਾ,Hamza,ਹਮਜ਼ਾ,SAD,SAD,136,130,SAD Retained,SAD Retained,AAP Deficit,ਆਪ ਘਾਟ,INC Deficit,"{'AAP': 'LOST_BOTH', 'SAD': 'WON_BOTH', 'INC': 'WEAK', 'BJP': 'WEAK'}",False,"{'is_flip': False, 'status_label': 'SAD Retained', 'turnout_diff': 3, 'turnout_pct': 0.46, 'sad_swing': -1.44, 'aap_swing': 5.59, 'inc_swing': -11.8, 'bjp_swing': 2.75}",648,651,3,0.46,304,296,-8,46.91,45.47,-1.44,129,166,37,19.91,25.5,5.59,168,92,-76,25.93,14.13,-11.8,26,44,18,4.01,6.76,2.75,4,0.61,"{'total': 648, 'sad': 304, 'aap': 129, 'inc': 168, 'bjp': 26, 'sad_votes': 304, 'sad_pct': 46.91, 'aap_votes': 129, 'aap_pct': 19.91, 'inc_votes': 168, 'inc_pct': 25.93, 'bjp_votes': 26, 'bjp_pct': 4.01, 'winner_party': 'SAD', 'margin': 136, 'winner_candidate': 'Ganieve Kaur Majithia'}","{'total': 651, 'sad': 296, 'aap': 166, 'inc': 92, 'bjp': 44, 'sada': 4, 'bsp': 1, 'others': 45, 'sad_votes': 296, 'sad_pct': 45.47, 'aap_votes': 166, 'aap_pct': 25.5, 'inc_votes': 92, 'inc_pct': 14.13, 'bjp_votes': 44, 'bjp_pct': 6.76, 'sada_votes': 4, 'sada_pct': 0.61, 'winner_party': 'SAD', 'margin': 130, 'winner_candidate': 'Anil Joshi'}","{'turnout_diff': 3, 'turnout_pct': 0.46, 'sad_shift': -8, 'sad_swing': -1.44, 'aap_shift': 37, 'aap_swing': 5.59, 'inc_shift': -76, 'inc_swing': -11.8, 'bjp_shift': 18, 'bjp_swing': 2.75}",Akali Bastion: Strategic Penetration & Demolition Zone,ਅਕਾਲੀ ਦਲ ਦਾ ਪ੍ਰਭਾਵਿਤ ਖੇਤਰ: ਵਿਸ਼ੇਸ਼ ਘੇਰਾਬੰਦੀ ਜ਼ੋਨ,SAD retained lead here by +130 votes (45.5% share). Target moderate Panthic and farming families in Hamza disillusioned with traditional leadership. Appoint dedicated block coordinators and highlight direct government procurement and village development works.,ਅਕਾਲੀ ਦਲ ਨੇ ਇੱਥੇ +130 ਵੋਟਾਂ (45.5%) ਨਾਲ ਲੀਡ ਬਣਾਈ ਹੈ। ਹਮਜ਼ਾ ਵਿੱਚ ਰਵਾਇਤੀ ਲੀਡਰਸ਼ਿਪ ਤੋਂ ਨਿਰਾਸ਼ ਕਿਸਾਨ ਅਤੇ ਪੰਥਕ ਪਰਿਵਾਰਾਂ ਨਾਲ ਸੰਵਾਦ ਕਰੋ। ਪਿੰਡਾਂ ਵਿੱਚ ਪੰਜਾਬ ਸਰਕਾਰ ਦੇ ਵਿਕਾਸ ਕਾਰਜਾਂ ਅਤੇ ਨਿਰਪੱਖ ਭਰਤੀਆਂ ਦੇ ਸੁਨੇਹੇ ਨਾਲ ਸੰਨ੍ਹ ਲਗਾਓ।,"{'booth_no': '45', 'village_en': 'Hamza', 'village_pa': 'ਹਮਜ਼ਾ', 'zone_en': 'Akali Bastion: Strategic Penetration & Demolition Zone', 'zone_pa': 'ਅਕਾਲੀ ਦਲ ਦਾ ਪ੍ਰਭਾਵਿਤ ਖੇਤਰ: ਵਿਸ਼ੇਸ਼ ਘੇਰਾਬੰਦੀ ਜ਼ੋਨ', 'action_en': 'SAD retained lead here by +130 votes (45.5% share). Target moderate Panthic and farming families in Hamza disillusioned with traditional leadership. Appoint dedicated block coordinators and highlight direct government procurement and village development works.', 'action_pa': 'ਅਕਾਲੀ ਦਲ ਨੇ ਇੱਥੇ +130 ਵੋਟਾਂ (45.5%) ਨਾਲ ਲੀਡ ਬਣਾਈ ਹੈ। ਹਮਜ਼ਾ ਵਿੱਚ ਰਵਾਇਤੀ ਲੀਡਰਸ਼ਿਪ ਤੋਂ ਨਿਰਾਸ਼ ਕਿਸਾਨ ਅਤੇ ਪੰਥਕ ਪਰਿਵਾਰਾਂ ਨਾਲ ਸੰਵਾਦ ਕਰੋ। ਪਿੰਡਾਂ ਵਿੱਚ ਪੰਜਾਬ ਸਰਕਾਰ ਦੇ ਵਿਕਾਸ ਕਾਰਜਾਂ ਅਤੇ ਨਿਰਪੱਖ ਭਰਤੀਆਂ ਦੇ ਸੁਨੇਹੇ ਨਾਲ ਸੰਨ੍ਹ ਲਗਾਓ।', 'action_steps_en': ['Days 1-30: Map the top 30 influential non-committed Panthic families in Hamza.', 'Days 31-60: Deploy senior constituency leaders for direct home visits to address local disgruntlement.', ""Days 61-90: Neutralize SAD's +130 vote cushion by winning over agricultural youth.""], 'action_steps_pa': ['ਦਿਨ 1-30: ਹਮਜ਼ਾ ਦੇ 30 ਨਿਰਪੱਖ ਅਤੇ ਪ੍ਰਭਾਵਸ਼ਾਲੀ ਪਰਿਵਾਰਾਂ ਦੀ ਸ਼ਨਾਖਤ ਕਰੋ।', 'ਦਿਨ 31-60: ਸੀਨੀਅਰ ਲੀਡਰਸ਼ਿਪ ਰਾਹੀਂ ਘਰ-ਘਰ ਜਾ ਕੇ ਸਰਕਾਰ ਦੀਆਂ ਨਿਰਪੱਖ ਨੀਤੀਆਂ ਸਾਂਝੀਆਂ ਕਰੋ।', 'ਦਿਨ 61-90: ਨੌਜਵਾਨ ਵਰਗ ਨੂੰ ਸਰਕਾਰੀ ਨੌਕਰੀਆਂ ਅਤੇ ਖੇਡ ਕਿੱਟਾਂ ਰਾਹੀਂ ਪਾਰਟੀ ਨਾਲ ਜੋੜ ਕੇ ਲੀਡ ਘਟਾਓ।'], 'action_steps': ['ਦਿਨ 1-30: ਹਮਜ਼ਾ ਦੇ 30 ਨਿਰਪੱਖ ਅਤੇ ਪ੍ਰਭਾਵਸ਼ਾਲੀ ਪਰਿਵਾਰਾਂ ਦੀ ਸ਼ਨਾਖਤ ਕਰੋ।', 'ਦਿਨ 31-60: ਸੀਨੀਅਰ ਲੀਡਰਸ਼ਿਪ ਰਾਹੀਂ ਘਰ-ਘਰ ਜਾ ਕੇ ਸਰਕਾਰ ਦੀਆਂ ਨਿਰਪੱਖ ਨੀਤੀਆਂ ਸਾਂਝੀਆਂ ਕਰੋ।', 'ਦਿਨ 61-90: ਨੌਜਵਾਨ ਵਰਗ ਨੂੰ ਸਰਕਾਰੀ ਨੌਕਰੀਆਂ ਅਤੇ ਖੇਡ ਕਿੱਟਾਂ ਰਾਹੀਂ ਪਾਰਟੀ ਨਾਲ ਜੋੜ ਕੇ ਲੀਡ ਘਟਾਓ।']}"
46,46,45,46,46,False,#46,Booth #46 (Unchanged),ਬੂਥ #46 (ਅਣਬਦਲਿਆ),Athwal,ਅਠਵਾਲ,ਅਠਵਾਲ,Athwal,ਅਠਵਾਲ,Athwal,ਅਠਵਾਲ,INC,SAD,18,135,INC → SAD,INC → SAD,AAP Deficit,ਆਪ ਘਾਟ,INC Loss,"{'AAP': 'LOST_BOTH', 'SAD': 'GAINED', 'INC': 'LOST_24', 'BJP': 'WEAK'}",True,"{'is_flip': True, 'status_label': 'INC → SAD', 'turnout_diff': -127, 'turnout_pct': -18.76, 'sad_swing': 11.91, 'aap_swing': 12.47, 'inc_swing': -33.48, 'bjp_swing': -0.78}",677,550,-127,-18.76,269,284,15,39.73,51.64,11.91,99,149,50,14.62,27.09,12.47,287,49,-238,42.39,8.91,-33.48,9,3,-6,1.33,0.55,-0.78,46,8.36,"{'total': 677, 'sad': 269, 'aap': 99, 'inc': 287, 'bjp': 9, 'sad_votes': 269, 'sad_pct': 39.73, 'aap_votes': 99, 'aap_pct': 14.62, 'inc_votes': 287, 'inc_pct': 42.39, 'bjp_votes': 9, 'bjp_pct': 1.33, 'winner_party': 'INC', 'margin': 18, 'winner_candidate': 'Jagwinder Pal Singh (Jagga)'}","{'total': 550, 'sad': 284, 'aap': 149, 'inc': 49, 'bjp': 3, 'sada': 46, 'bsp': 3, 'others': 14, 'sad_votes': 284, 'sad_pct': 51.64, 'aap_votes': 149, 'aap_pct': 27.09, 'inc_votes': 49, 'inc_pct': 8.91, 'bjp_votes': 3, 'bjp_pct': 0.55, 'sada_votes': 46, 'sada_pct': 8.36, 'winner_party': 'SAD', 'margin': 135, 'winner_candidate': 'Anil Joshi'}","{'turnout_diff': -127, 'turnout_pct': -18.76, 'sad_shift': 15, 'sad_swing': 11.91, 'aap_shift': 50, 'aap_swing': 12.47, 'inc_shift': -238, 'inc_swing': -33.48, 'bjp_shift': -6, 'bjp_swing': -0.78}",Akali Bastion: Strategic Penetration & Demolition Zone,ਅਕਾਲੀ ਦਲ ਦਾ ਪ੍ਰਭਾਵਿਤ ਖੇਤਰ: ਵਿਸ਼ੇਸ਼ ਘੇਰਾਬੰਦੀ ਜ਼ੋਨ,SAD retained lead here by +135 votes (51.6% share). Target moderate Panthic and farming families in Athwal disillusioned with traditional leadership. Appoint dedicated block coordinators and highlight direct government procurement and village development works.,ਅਕਾਲੀ ਦਲ ਨੇ ਇੱਥੇ +135 ਵੋਟਾਂ (51.6%) ਨਾਲ ਲੀਡ ਬਣਾਈ ਹੈ। ਅਠਵਾਲ ਵਿੱਚ ਰਵਾਇਤੀ ਲੀਡਰਸ਼ਿਪ ਤੋਂ ਨਿਰਾਸ਼ ਕਿਸਾਨ ਅਤੇ ਪੰਥਕ ਪਰਿਵਾਰਾਂ ਨਾਲ ਸੰਵਾਦ ਕਰੋ। ਪਿੰਡਾਂ ਵਿੱਚ ਪੰਜਾਬ ਸਰਕਾਰ ਦੇ ਵਿਕਾਸ ਕਾਰਜਾਂ ਅਤੇ ਨਿਰਪੱਖ ਭਰਤੀਆਂ ਦੇ ਸੁਨੇਹੇ ਨਾਲ ਸੰਨ੍ਹ ਲਗਾਓ।,"{'booth_no': '46', 'village_en': 'Athwal', 'village_pa': 'ਅਠਵਾਲ', 'zone_en': 'Akali Bastion: Strategic Penetration & Demolition Zone', 'zone_pa': 'ਅਕਾਲੀ ਦਲ ਦਾ ਪ੍ਰਭਾਵਿਤ ਖੇਤਰ: ਵਿਸ਼ੇਸ਼ ਘੇਰਾਬੰਦੀ ਜ਼ੋਨ', 'action_en': 'SAD retained lead here by +135 votes (51.6% share). Target moderate Panthic and farming families in Athwal disillusioned with traditional leadership. Appoint dedicated block coordinators and highlight direct government procurement and village development works.', 'action_pa': 'ਅਕਾਲੀ ਦਲ ਨੇ ਇੱਥੇ +135 ਵੋਟਾਂ (51.6%) ਨਾਲ ਲੀਡ ਬਣਾਈ ਹੈ। ਅਠਵਾਲ ਵਿੱਚ ਰਵਾਇਤੀ ਲੀਡਰਸ਼ਿਪ ਤੋਂ ਨਿਰਾਸ਼ ਕਿਸਾਨ ਅਤੇ ਪੰਥਕ ਪਰਿਵਾਰਾਂ ਨਾਲ ਸੰਵਾਦ ਕਰੋ। ਪਿੰਡਾਂ ਵਿੱਚ ਪੰਜਾਬ ਸਰਕਾਰ ਦੇ ਵਿਕਾਸ ਕਾਰਜਾਂ ਅਤੇ ਨਿਰਪੱਖ ਭਰਤੀਆਂ ਦੇ ਸੁਨੇਹੇ ਨਾਲ ਸੰਨ੍ਹ ਲਗਾਓ।', 'action_steps_en': ['Days 1-30: Map the top 30 influential non-committed Panthic families in Athwal.', 'Days 31-60: Deploy senior constituency leaders for direct home visits to address local disgruntlement.', ""Days 61-90: Neutralize SAD's +135 vote cushion by winning over agricultural youth.""], 'action_steps_pa': ['ਦਿਨ 1-30: ਅਠਵਾਲ ਦੇ 30 ਨਿਰਪੱਖ ਅਤੇ ਪ੍ਰਭਾਵਸ਼ਾਲੀ ਪਰਿਵਾਰਾਂ ਦੀ ਸ਼ਨਾਖਤ ਕਰੋ।', 'ਦਿਨ 31-60: ਸੀਨੀਅਰ ਲੀਡਰਸ਼ਿਪ ਰਾਹੀਂ ਘਰ-ਘਰ ਜਾ ਕੇ ਸਰਕਾਰ ਦੀਆਂ ਨਿਰਪੱਖ ਨੀਤੀਆਂ ਸਾਂਝੀਆਂ ਕਰੋ।', 'ਦਿਨ 61-90: ਨੌਜਵਾਨ ਵਰਗ ਨੂੰ ਸਰਕਾਰੀ ਨੌਕਰੀਆਂ ਅਤੇ ਖੇਡ ਕਿੱਟਾਂ ਰਾਹੀਂ ਪਾਰਟੀ ਨਾਲ ਜੋੜ ਕੇ ਲੀਡ ਘਟਾਓ।'], 'action_steps': ['ਦਿਨ 1-30: ਅਠਵਾਲ ਦੇ 30 ਨਿਰਪੱਖ ਅਤੇ ਪ੍ਰਭਾਵਸ਼ਾਲੀ ਪਰਿਵਾਰਾਂ ਦੀ ਸ਼ਨਾਖਤ ਕਰੋ।', 'ਦਿਨ 31-60: ਸੀਨੀਅਰ ਲੀਡਰਸ਼ਿਪ ਰਾਹੀਂ ਘਰ-ਘਰ ਜਾ ਕੇ ਸਰਕਾਰ ਦੀਆਂ ਨਿਰਪੱਖ ਨੀਤੀਆਂ ਸਾਂਝੀਆਂ ਕਰੋ।', 'ਦਿਨ 61-90: ਨੌਜਵਾਨ ਵਰਗ ਨੂੰ ਸਰਕਾਰੀ ਨੌਕਰੀਆਂ ਅਤੇ ਖੇਡ ਕਿੱਟਾਂ ਰਾਹੀਂ ਪਾਰਟੀ ਨਾਲ ਜੋੜ ਕੇ ਲੀਡ ਘਟਾਓ।']}"
47,47,46,47,47,False,#47,Booth #47 (Unchanged),ਬੂਥ #47 (ਅਣਬਦਲਿਆ),Kotla Sultan Singh,ਕੋਟਲਾ ਸੁਲਤਾਨ ਸਿੰਘ,ਕੋਟਲਾ ਸੁਲਤਾਨ ਸਿੰਘ,Kotla Sultan Singh,ਕੋਟਲਾ ਸੁਲਤਾਨ ਸਿੰਘ,Kotla Sultan Singh,ਕੋਟਲਾ ਸੁਲਤਾਨ ਸਿੰਘ,SAD,SAD,96,469,SAD Retained,SAD Retained,AAP Deficit,ਆਪ ਘਾਟ,INC Deficit,"{'AAP': 'WEAK', 'SAD': 'WON_BOTH', 'INC': 'WEAK', 'BJP': 'WEAK'}",False,"{'is_flip': False, 'status_label': 'SAD Retained', 'turnout_diff': 328, 'turnout_pct': 72.57, 'sad_swing': 28.21, 'aap_swing': -10.02, 'inc_swing': -20.16, 'bjp_swing': -0.37}",452,780,328,72.57,208,579,371,46.02,74.23,28.21,109,110,1,24.12,14.1,-10.02,112,36,-76,24.78,4.62,-20.16,4,4,0,0.88,0.51,-0.37,22,2.82,"{'total': 452, 'sad': 208, 'aap': 109, 'inc': 112, 'bjp': 4, 'sad_votes': 208, 'sad_pct': 46.02, 'aap_votes': 109, 'aap_pct': 24.12, 'inc_votes': 112, 'inc_pct': 24.78, 'bjp_votes': 4, 'bjp_pct': 0.88, 'winner_party': 'SAD', 'margin': 96, 'winner_candidate': 'Ganieve Kaur Majithia'}","{'total': 780, 'sad': 579, 'aap': 110, 'inc': 36, 'bjp': 4, 'sada': 22, 'bsp': 0, 'others': 29, 'sad_votes': 579, 'sad_pct': 74.23, 'aap_votes': 110, 'aap_pct': 14.1, 'inc_votes': 36, 'inc_pct': 4.62, 'bjp_votes': 4, 'bjp_pct': 0.51, 'sada_votes': 22, 'sada_pct': 2.82, 'winner_party': 'SAD', 'margin': 469, 'winner_candidate': 'Anil Joshi'}","{'turnout_diff': 328, 'turnout_pct': 72.57, 'sad_shift': 371, 'sad_swing': 28.21, 'aap_shift': 1, 'aap_swing': -10.02, 'inc_shift': -76, 'inc_swing': -20.16, 'bjp_shift': 0, 'bjp_swing': -0.37}",Akali Bastion: Strategic Penetration & Demolition Zone,ਅਕਾਲੀ ਦਲ ਦਾ ਪ੍ਰਭਾਵਿਤ ਖੇਤਰ: ਵਿਸ਼ੇਸ਼ ਘੇਰਾਬੰਦੀ ਜ਼ੋਨ,SAD retained lead here by +469 votes (74.2% share). Target moderate Panthic and farming families in Kotla Sultan Singh disillusioned with traditional leadership. Appoint dedicated block coordinators and highlight direct government procurement and village development works.,ਅਕਾਲੀ ਦਲ ਨੇ ਇੱਥੇ +469 ਵੋਟਾਂ (74.2%) ਨਾਲ ਲੀਡ ਬਣਾਈ ਹੈ। ਕੋਟਲਾ ਸੁਲਤਾਨ ਸਿੰਘ ਵਿੱਚ ਰਵਾਇਤੀ ਲੀਡਰਸ਼ਿਪ ਤੋਂ ਨਿਰਾਸ਼ ਕਿਸਾਨ ਅਤੇ ਪੰਥਕ ਪਰਿਵਾਰਾਂ ਨਾਲ ਸੰਵਾਦ ਕਰੋ। ਪਿੰਡਾਂ ਵਿੱਚ ਪੰਜਾਬ ਸਰਕਾਰ ਦੇ ਵਿਕਾਸ ਕਾਰਜਾਂ ਅਤੇ ਨਿਰਪੱਖ ਭਰਤੀਆਂ ਦੇ ਸੁਨੇਹੇ ਨਾਲ ਸੰਨ੍ਹ ਲਗਾਓ।,"{'booth_no': '47', 'village_en': 'Kotla Sultan Singh', 'village_pa': 'ਕੋਟਲਾ ਸੁਲਤਾਨ ਸਿੰਘ', 'zone_en': 'Akali Bastion: Strategic Penetration & Demolition Zone', 'zone_pa': 'ਅਕਾਲੀ ਦਲ ਦਾ ਪ੍ਰਭਾਵਿਤ ਖੇਤਰ: ਵਿਸ਼ੇਸ਼ ਘੇਰਾਬੰਦੀ ਜ਼ੋਨ', 'action_en': 'SAD retained lead here by +469 votes (74.2% share). Target moderate Panthic and farming families in Kotla Sultan Singh disillusioned with traditional leadership. Appoint dedicated block coordinators and highlight direct government procurement and village development works.', 'action_pa': 'ਅਕਾਲੀ ਦਲ ਨੇ ਇੱਥੇ +469 ਵੋਟਾਂ (74.2%) ਨਾਲ ਲੀਡ ਬਣਾਈ ਹੈ। ਕੋਟਲਾ ਸੁਲਤਾਨ ਸਿੰਘ ਵਿੱਚ ਰਵਾਇਤੀ ਲੀਡਰਸ਼ਿਪ ਤੋਂ ਨਿਰਾਸ਼ ਕਿਸਾਨ ਅਤੇ ਪੰਥਕ ਪਰਿਵਾਰਾਂ ਨਾਲ ਸੰਵਾਦ ਕਰੋ। ਪਿੰਡਾਂ ਵਿੱਚ ਪੰਜਾਬ ਸਰਕਾਰ ਦੇ ਵਿਕਾਸ ਕਾਰਜਾਂ ਅਤੇ ਨਿਰਪੱਖ ਭਰਤੀਆਂ ਦੇ ਸੁਨੇਹੇ ਨਾਲ ਸੰਨ੍ਹ ਲਗਾਓ।', 'action_steps_en': ['Days 1-30: Map the top 30 influential non-committed Panthic families in Kotla Sultan Singh.', 'Days 31-60: Deploy senior constituency leaders for direct home visits to address local disgruntlement.', ""Days 61-90: Neutralize SAD's +469 vote cushion by winning over agricultural youth.""], 'action_steps_pa': ['ਦਿਨ 1-30: ਕੋਟਲਾ ਸੁਲਤਾਨ ਸਿੰਘ ਦੇ 30 ਨਿਰਪੱਖ ਅਤੇ ਪ੍ਰਭਾਵਸ਼ਾਲੀ ਪਰਿਵਾਰਾਂ ਦੀ ਸ਼ਨਾਖਤ ਕਰੋ।', 'ਦਿਨ 31-60: ਸੀਨੀਅਰ ਲੀਡਰਸ਼ਿਪ ਰਾਹੀਂ ਘਰ-ਘਰ ਜਾ ਕੇ ਸਰਕਾਰ ਦੀਆਂ ਨਿਰਪੱਖ ਨੀਤੀਆਂ ਸਾਂਝੀਆਂ ਕਰੋ।', 'ਦਿਨ 61-90: ਨੌਜਵਾਨ ਵਰਗ ਨੂੰ ਸਰਕਾਰੀ ਨੌਕਰੀਆਂ ਅਤੇ ਖੇਡ ਕਿੱਟਾਂ ਰਾਹੀਂ ਪਾਰਟੀ ਨਾਲ ਜੋੜ ਕੇ ਲੀਡ ਘਟਾਓ।'], 'action_steps': ['ਦਿਨ 1-30: ਕੋਟਲਾ ਸੁਲਤਾਨ ਸਿੰਘ ਦੇ 30 ਨਿਰਪੱਖ ਅਤੇ ਪ੍ਰਭਾਵਸ਼ਾਲੀ ਪਰਿਵਾਰਾਂ ਦੀ ਸ਼ਨਾਖਤ ਕਰੋ।', 'ਦਿਨ 31-60: ਸੀਨੀਅਰ ਲੀਡਰਸ਼ਿਪ ਰਾਹੀਂ ਘਰ-ਘਰ ਜਾ ਕੇ ਸਰਕਾਰ ਦੀਆਂ ਨਿਰਪੱਖ ਨੀਤੀਆਂ ਸਾਂਝੀਆਂ ਕਰੋ।', 'ਦਿਨ 61-90: ਨੌਜਵਾਨ ਵਰਗ ਨੂੰ ਸਰਕਾਰੀ ਨੌਕਰੀਆਂ ਅਤੇ ਖੇਡ ਕਿੱਟਾਂ ਰਾਹੀਂ ਪਾਰਟੀ ਨਾਲ ਜੋੜ ਕੇ ਲੀਡ ਘਟਾਓ।']}"
48,48,47,48,48,False,#48,Booth #48 (Unchanged),ਬੂਥ #48 (ਅਣਬਦਲਿਆ),Jijeani,ਜੀਜੇਆਣੀ,ਜੀਜੇਆਣੀ,Jijeani,ਜੀਜੇਆਣੀ,Jijeani,ਜੀਜੇਆਣੀ,SAD,SAD,422,4,SAD Retained,SAD Retained,AAP Deficit,ਆਪ ਘਾਟ,INC Deficit,"{'AAP': 'LOST_BOTH', 'SAD': 'WON_BOTH', 'INC': 'WEAK', 'BJP': 'WEAK'}",False,"{'is_flip': False, 'status_label': 'SAD Retained', 'turnout_diff': -294, 'turnout_pct': -30.5, 'sad_swing': -24.68, 'aap_swing': 21.31, 'inc_swing': -5.23, 'bjp_swing': 0.73}",964,670,-294,-30.5,599,251,-348,62.14,37.46,-24.68,150,247,97,15.56,36.87,21.31,177,88,-89,18.36,13.13,-5.23,16,16,0,1.66,2.39,0.73,39,5.82,"{'total': 964, 'sad': 599, 'aap': 150, 'inc': 177, 'bjp': 16, 'sad_votes': 599, 'sad_pct': 62.14, 'aap_votes': 150, 'aap_pct': 15.56, 'inc_votes': 177, 'inc_pct': 18.36, 'bjp_votes': 16, 'bjp_pct': 1.66, 'winner_party': 'SAD', 'margin': 422, 'winner_candidate': 'Ganieve Kaur Majithia'}","{'total': 670, 'sad': 251, 'aap': 247, 'inc': 88, 'bjp': 16, 'sada': 39, 'bsp': 0, 'others': 26, 'sad_votes': 251, 'sad_pct': 37.46, 'aap_votes': 247, 'aap_pct': 36.87, 'inc_votes': 88, 'inc_pct': 13.13, 'bjp_votes': 16, 'bjp_pct': 2.39, 'sada_votes': 39, 'sada_pct': 5.82, 'winner_party': 'SAD', 'margin': 4, 'winner_candidate': 'Anil Joshi'}","{'turnout_diff': -294, 'turnout_pct': -30.5, 'sad_shift': -348, 'sad_swing': -24.68, 'aap_shift': 97, 'aap_swing': 21.31, 'inc_shift': -89, 'inc_swing': -5.23, 'bjp_shift': 0, 'bjp_swing': 0.73}",Akali Bastion: Strategic Penetration & Demolition Zone,ਅਕਾਲੀ ਦਲ ਦਾ ਪ੍ਰਭਾਵਿਤ ਖੇਤਰ: ਵਿਸ਼ੇਸ਼ ਘੇਰਾਬੰਦੀ ਜ਼ੋਨ,SAD retained lead here by +4 votes (37.5% share). Target moderate Panthic and farming families in Jijeani disillusioned with traditional leadership. Appoint dedicated block coordinators and highlight direct government procurement and village development works.,ਅਕਾਲੀ ਦਲ ਨੇ ਇੱਥੇ +4 ਵੋਟਾਂ (37.5%) ਨਾਲ ਲੀਡ ਬਣਾਈ ਹੈ। ਜੀਜੇਆਣੀ ਵਿੱਚ ਰਵਾਇਤੀ ਲੀਡਰਸ਼ਿਪ ਤੋਂ ਨਿਰਾਸ਼ ਕਿਸਾਨ ਅਤੇ ਪੰਥਕ ਪਰਿਵਾਰਾਂ ਨਾਲ ਸੰਵਾਦ ਕਰੋ। ਪਿੰਡਾਂ ਵਿੱਚ ਪੰਜਾਬ ਸਰਕਾਰ ਦੇ ਵਿਕਾਸ ਕਾਰਜਾਂ ਅਤੇ ਨਿਰਪੱਖ ਭਰਤੀਆਂ ਦੇ ਸੁਨੇਹੇ ਨਾਲ ਸੰਨ੍ਹ ਲਗਾਓ।,"{'booth_no': '48', 'village_en': 'Jijeani', 'village_pa': 'ਜੀਜੇਆਣੀ', 'zone_en': 'Akali Bastion: Strategic Penetration & Demolition Zone', 'zone_pa': 'ਅਕਾਲੀ ਦਲ ਦਾ ਪ੍ਰਭਾਵਿਤ ਖੇਤਰ: ਵਿਸ਼ੇਸ਼ ਘੇਰਾਬੰਦੀ ਜ਼ੋਨ', 'action_en': 'SAD retained lead here by +4 votes (37.5% share). Target moderate Panthic and farming families in Jijeani disillusioned with traditional leadership. Appoint dedicated block coordinators and highlight direct government procurement and village development works.', 'action_pa': 'ਅਕਾਲੀ ਦਲ ਨੇ ਇੱਥੇ +4 ਵੋਟਾਂ (37.5%) ਨਾਲ ਲੀਡ ਬਣਾਈ ਹੈ। ਜੀਜੇਆਣੀ ਵਿੱਚ ਰਵਾਇਤੀ ਲੀਡਰਸ਼ਿਪ ਤੋਂ ਨਿਰਾਸ਼ ਕਿਸਾਨ ਅਤੇ ਪੰਥਕ ਪਰਿਵਾਰਾਂ ਨਾਲ ਸੰਵਾਦ ਕਰੋ। ਪਿੰਡਾਂ ਵਿੱਚ ਪੰਜਾਬ ਸਰਕਾਰ ਦੇ ਵਿਕਾਸ ਕਾਰਜਾਂ ਅਤੇ ਨਿਰਪੱਖ ਭਰਤੀਆਂ ਦੇ ਸੁਨੇਹੇ ਨਾਲ ਸੰਨ੍ਹ ਲਗਾਓ।', 'action_steps_en': ['Days 1-30: Map the top 30 influential non-committed Panthic families in Jijeani.', 'Days 31-60: Deploy senior constituency leaders for direct home visits to address local disgruntlement.', ""Days 61-90: Neutralize SAD's +4 vote cushion by winning over agricultural youth.""], 'action_steps_pa': ['ਦਿਨ 1-30: ਜੀਜੇਆਣੀ ਦੇ 30 ਨਿਰਪੱਖ ਅਤੇ ਪ੍ਰਭਾਵਸ਼ਾਲੀ ਪਰਿਵਾਰਾਂ ਦੀ ਸ਼ਨਾਖਤ ਕਰੋ।', 'ਦਿਨ 31-60: ਸੀਨੀਅਰ ਲੀਡਰਸ਼ਿਪ ਰਾਹੀਂ ਘਰ-ਘਰ ਜਾ ਕੇ ਸਰਕਾਰ ਦੀਆਂ ਨਿਰਪੱਖ ਨੀਤੀਆਂ ਸਾਂਝੀਆਂ ਕਰੋ।', 'ਦਿਨ 61-90: ਨੌਜਵਾਨ ਵਰਗ ਨੂੰ ਸਰਕਾਰੀ ਨੌਕਰੀਆਂ ਅਤੇ ਖੇਡ ਕਿੱਟਾਂ ਰਾਹੀਂ ਪਾਰਟੀ ਨਾਲ ਜੋੜ ਕੇ ਲੀਡ ਘਟਾਓ।'], 'action_steps': ['ਦਿਨ 1-30: ਜੀਜੇਆਣੀ ਦੇ 30 ਨਿਰਪੱਖ ਅਤੇ ਪ੍ਰਭਾਵਸ਼ਾਲੀ ਪਰਿਵਾਰਾਂ ਦੀ ਸ਼ਨਾਖਤ ਕਰੋ।', 'ਦਿਨ 31-60: ਸੀਨੀਅਰ ਲੀਡਰਸ਼ਿਪ ਰਾਹੀਂ ਘਰ-ਘਰ ਜਾ ਕੇ ਸਰਕਾਰ ਦੀਆਂ ਨਿਰਪੱਖ ਨੀਤੀਆਂ ਸਾਂਝੀਆਂ ਕਰੋ।', 'ਦਿਨ 61-90: ਨੌਜਵਾਨ ਵਰਗ ਨੂੰ ਸਰਕਾਰੀ ਨੌਕਰੀਆਂ ਅਤੇ ਖੇਡ ਕਿੱਟਾਂ ਰਾਹੀਂ ਪਾਰਟੀ ਨਾਲ ਜੋੜ ਕੇ ਲੀਡ ਘਟਾਓ।']}"
49,49,48,49,49,False,#49,Booth #49 (Unchanged),ਬੂਥ #49 (ਅਣਬਦਲਿਆ),Borewal Kang,ਬੋਰੇਵਾਲ ਕੰਗ,ਬੋਰੇਵਾਲ ਕੰਗ,Borewal Kang,ਬੋਰੇਵਾਲ ਕੰਗ,Borewal Kang,ਬੋਰੇਵਾਲ ਕੰਗ,SAD,AAP,297,104,SAD → AAP,SAD → AAP,AAP Gain,ਆਪ ਲਾਭ,INC Deficit,"{'AAP': 'GAINED', 'SAD': 'LOST_24', 'INC': 'WEAK', 'BJP': 'WEAK'}",True,"{'is_flip': True, 'status_label': 'SAD → AAP', 'turnout_diff': -280, 'turnout_pct': -36.99, 'sad_swing': -33.49, 'aap_swing': 28.99, 'inc_swing': -7.47, 'bjp_swing': 0.76}",757,477,-280,-36.99,444,120,-324,58.65,25.16,-33.49,136,224,88,17.97,46.96,28.99,147,57,-90,19.42,11.95,-7.47,7,8,1,0.92,1.68,0.76,40,8.39,"{'total': 757, 'sad': 444, 'aap': 136, 'inc': 147, 'bjp': 7, 'sad_votes': 444, 'sad_pct': 58.65, 'aap_votes': 136, 'aap_pct': 17.97, 'inc_votes': 147, 'inc_pct': 19.42, 'bjp_votes': 7, 'bjp_pct': 0.92, 'winner_party': 'SAD', 'margin': 297, 'winner_candidate': 'Ganieve Kaur Majithia'}","{'total': 477, 'sad': 120, 'aap': 224, 'inc': 57, 'bjp': 8, 'sada': 40, 'bsp': 2, 'others': 24, 'sad_votes': 120, 'sad_pct': 25.16, 'aap_votes': 224, 'aap_pct': 46.96, 'inc_votes': 57, 'inc_pct': 11.95, 'bjp_votes': 8, 'bjp_pct': 1.68, 'sada_votes': 40, 'sada_pct': 8.39, 'winner_party': 'AAP', 'margin': 104, 'winner_candidate': 'Kuldeep Singh Dhaliwal'}","{'turnout_diff': -280, 'turnout_pct': -36.99, 'sad_shift': -324, 'sad_swing': -33.49, 'aap_shift': 88, 'aap_swing': 28.99, 'inc_shift': -90, 'inc_swing': -7.47, 'bjp_shift': 1, 'bjp_swing': 0.76}",Historic Breakthrough: AAP Flipped Stronghold,ਇਤਿਹਾਸਕ ਪ੍ਰਾਪਤੀ: ਅਕਾਲੀ ਗੜ੍ਹ ਵਿੱਚ ਆਪ ਦੀ ਜਿੱਤ ਜ਼ੋਨ,"Major breakthrough in Borewal Kang previously held by SAD. Formally induct local village swing leaders and youth volunteers who backed AAP in 2024. Resolve local village infrastructure, canal tail issues, and cement +104 lead.","ਬੋਰੇਵਾਲ ਕੰਗ ਵਿੱਚ ਵੱਡੀ ਇਤਿਹਾਸਕ ਸਫ਼ਲਤਾ, ਜਿੱਥੇ SAD ਦਾ ਪੁਰਾਣਾ ਦਬਦਬਾ ਟੁੱਟਿਆ। 2024 ਵਿੱਚ ਆਪ ਨਾਲ ਜੁੜੇ ਨੌਜਵਾਨਾਂ ਅਤੇ ਪੰਚਾਇਤੀ ਆਗੂਆਂ ਨੂੰ ਜਥੇਬੰਦਕ ਜ਼ਿੰਮੇਵਾਰੀਆਂ ਦਿਓ ਅਤੇ +104 ਵੋਟਾਂ ਦੀ ਲੀਡ ਨੂੰ ਸਥਾਈ ਵੋਟ ਬੈਂਕ ਵਿੱਚ ਬਦਲੋ।","{'booth_no': '49', 'village_en': 'Borewal Kang', 'village_pa': 'ਬੋਰੇਵਾਲ ਕੰਗ', 'zone_en': 'Historic Breakthrough: AAP Flipped Stronghold', 'zone_pa': 'ਇਤਿਹਾਸਕ ਪ੍ਰਾਪਤੀ: ਅਕਾਲੀ ਗੜ੍ਹ ਵਿੱਚ ਆਪ ਦੀ ਜਿੱਤ ਜ਼ੋਨ', 'action_en': 'Major breakthrough in Borewal Kang previously held by SAD. Formally induct local village swing leaders and youth volunteers who backed AAP in 2024. Resolve local village infrastructure, canal tail issues, and cement +104 lead.', 'action_pa': 'ਬੋਰੇਵਾਲ ਕੰਗ ਵਿੱਚ ਵੱਡੀ ਇਤਿਹਾਸਕ ਸਫ਼ਲਤਾ, ਜਿੱਥੇ SAD ਦਾ ਪੁਰਾਣਾ ਦਬਦਬਾ ਟੁੱਟਿਆ। 2024 ਵਿੱਚ ਆਪ ਨਾਲ ਜੁੜੇ ਨੌਜਵਾਨਾਂ ਅਤੇ ਪੰਚਾਇਤੀ ਆਗੂਆਂ ਨੂੰ ਜਥੇਬੰਦਕ ਜ਼ਿੰਮੇਵਾਰੀਆਂ ਦਿਓ ਅਤੇ +104 ਵੋਟਾਂ ਦੀ ਲੀਡ ਨੂੰ ਸਥਾਈ ਵੋਟ ਬੈਂਕ ਵਿੱਚ ਬਦਲੋ।', 'action_steps_en': ['Days 1-30: Onboard dynamic swing workers who crossed over from SAD into the formal AAP booth structure.', 'Days 31-60: Prioritize village link road and street light repairs in Borewal Kang through rural development grants.', 'Days 61-90: Convert current +104 vote lead into permanent party loyalty before 2027.'], 'action_steps_pa': ['ਦਿਨ 1-30: SAD ਛੱਡ ਕੇ ਆਪ ਵਿੱਚ ਸ਼ਾਮਲ ਹੋਏ ਆਗੂਆਂ ਨੂੰ ਬੂਥ ਕਮੇਟੀ ਵਿੱਚ ਅਹਿਮ ਜ਼ਿੰਮੇਵਾਰੀਆਂ ਦਿਓ।', ""ਦਿਨ 31-60: ਬੋਰੇਵਾਲ ਕੰਗ ਵਿੱਚ ਪਿੰਡ ਦੀਆਂ ਫਿਰਨੀਆਂ, ਗਲੀਆਂ ਅਤੇ ਲਿੰਕ ਸੜਕਾਂ ਦੇ ਕੰਮ ਤਰਜੀਹ 'ਤੇ ਕਰਵਾਓ।"", 'ਦਿਨ 61-90: +104 ਵੋਟਾਂ ਦੀ ਲੀਡ ਨੂੰ ਪੱਕੇ ਵੋਟ ਬੈਂਕ ਵਿੱਚ ਤਬਦੀਲ ਕਰੋ।'], 'action_steps': ['ਦਿਨ 1-30: SAD ਛੱਡ ਕੇ ਆਪ ਵਿੱਚ ਸ਼ਾਮਲ ਹੋਏ ਆਗੂਆਂ ਨੂੰ ਬੂਥ ਕਮੇਟੀ ਵਿੱਚ ਅਹਿਮ ਜ਼ਿੰਮੇਵਾਰੀਆਂ ਦਿਓ।', ""ਦਿਨ 31-60: ਬੋਰੇਵਾਲ ਕੰਗ ਵਿੱਚ ਪਿੰਡ ਦੀਆਂ ਫਿਰਨੀਆਂ, ਗਲੀਆਂ ਅਤੇ ਲਿੰਕ ਸੜਕਾਂ ਦੇ ਕੰਮ ਤਰਜੀਹ 'ਤੇ ਕਰਵਾਓ।"", 'ਦਿਨ 61-90: +104 ਵੋਟਾਂ ਦੀ ਲੀਡ ਨੂੰ ਪੱਕੇ ਵੋਟ ਬੈਂਕ ਵਿੱਚ ਤਬਦੀਲ ਕਰੋ।']}"
50,50,49,50,50,False,#50,Booth #50 (Unchanged),ਬੂਥ #50 (ਅਣਬਦਲਿਆ),Marari Khurd,ਮਰਾਰੀ ਖੁਰਦ,ਮਰਾਰੀ ਖੁਰਦ,Marari Khurd,ਮਰਾਰੀ ਖੁਰਦ,Marari Khurd,ਮਰਾਰੀ ਖੁਰਦ,SAD,SAD,115,15,SAD Retained,SAD Retained,AAP Deficit,ਆਪ ਘਾਟ,INC Deficit,"{'AAP': 'LOST_BOTH', 'SAD': 'WON_BOTH', 'INC': 'WEAK', 'BJP': 'WEAK'}",False,"{'is_flip': False, 'status_label': 'SAD Retained', 'turnout_diff': -166, 'turnout_pct': -27.35, 'sad_swing': -3.73, 'aap_swing': 17.58, 'inc_swing': -15.62, 'bjp_swing': 0.09}",607,441,-166,-27.35,280,187,-93,46.13,42.4,-3.73,130,172,42,21.42,39.0,17.58,165,51,-114,27.18,11.56,-15.62,5,4,-1,0.82,0.91,0.09,8,1.81,"{'total': 607, 'sad': 280, 'aap': 130, 'inc': 165, 'bjp': 5, 'sad_votes': 280, 'sad_pct': 46.13, 'aap_votes': 130, 'aap_pct': 21.42, 'inc_votes': 165, 'inc_pct': 27.18, 'bjp_votes': 5, 'bjp_pct': 0.82, 'winner_party': 'SAD', 'margin': 115, 'winner_candidate': 'Ganieve Kaur Majithia'}","{'total': 441, 'sad': 187, 'aap': 172, 'inc': 51, 'bjp': 4, 'sada': 8, 'bsp': 0, 'others': 19, 'sad_votes': 187, 'sad_pct': 42.4, 'aap_votes': 172, 'aap_pct': 39.0, 'inc_votes': 51, 'inc_pct': 11.56, 'bjp_votes': 4, 'bjp_pct': 0.91, 'sada_votes': 8, 'sada_pct': 1.81, 'winner_party': 'SAD', 'margin': 15, 'winner_candidate': 'Anil Joshi'}","{'turnout_diff': -166, 'turnout_pct': -27.35, 'sad_shift': -93, 'sad_swing': -3.73, 'aap_shift': 42, 'aap_swing': 17.58, 'inc_shift': -114, 'inc_swing': -15.62, 'bjp_shift': -1, 'bjp_swing': 0.09}",Akali Bastion: Strategic Penetration & Demolition Zone,ਅਕਾਲੀ ਦਲ ਦਾ ਪ੍ਰਭਾਵਿਤ ਖੇਤਰ: ਵਿਸ਼ੇਸ਼ ਘੇਰਾਬੰਦੀ ਜ਼ੋਨ,SAD retained lead here by +15 votes (42.4% share). Target moderate Panthic and farming families in Marari Khurd disillusioned with traditional leadership. Appoint dedicated block coordinators and highlight direct government procurement and village development works.,ਅਕਾਲੀ ਦਲ ਨੇ ਇੱਥੇ +15 ਵੋਟਾਂ (42.4%) ਨਾਲ ਲੀਡ ਬਣਾਈ ਹੈ। ਮਰਾਰੀ ਖੁਰਦ ਵਿੱਚ ਰਵਾਇਤੀ ਲੀਡਰਸ਼ਿਪ ਤੋਂ ਨਿਰਾਸ਼ ਕਿਸਾਨ ਅਤੇ ਪੰਥਕ ਪਰਿਵਾਰਾਂ ਨਾਲ ਸੰਵਾਦ ਕਰੋ। ਪਿੰਡਾਂ ਵਿੱਚ ਪੰਜਾਬ ਸਰਕਾਰ ਦੇ ਵਿਕਾਸ ਕਾਰਜਾਂ ਅਤੇ ਨਿਰਪੱਖ ਭਰਤੀਆਂ ਦੇ ਸੁਨੇਹੇ ਨਾਲ ਸੰਨ੍ਹ ਲਗਾਓ।,"{'booth_no': '50', 'village_en': 'Marari Khurd', 'village_pa': 'ਮਰਾਰੀ ਖੁਰਦ', 'zone_en': 'Akali Bastion: Strategic Penetration & Demolition Zone', 'zone_pa': 'ਅਕਾਲੀ ਦਲ ਦਾ ਪ੍ਰਭਾਵਿਤ ਖੇਤਰ: ਵਿਸ਼ੇਸ਼ ਘੇਰਾਬੰਦੀ ਜ਼ੋਨ', 'action_en': 'SAD retained lead here by +15 votes (42.4% share). Target moderate Panthic and farming families in Marari Khurd disillusioned with traditional leadership. Appoint dedicated block coordinators and highlight direct government procurement and village development works.', 'action_pa': 'ਅਕਾਲੀ ਦਲ ਨੇ ਇੱਥੇ +15 ਵੋਟਾਂ (42.4%) ਨਾਲ ਲੀਡ ਬਣਾਈ ਹੈ। ਮਰਾਰੀ ਖੁਰਦ ਵਿੱਚ ਰਵਾਇਤੀ ਲੀਡਰਸ਼ਿਪ ਤੋਂ ਨਿਰਾਸ਼ ਕਿਸਾਨ ਅਤੇ ਪੰਥਕ ਪਰਿਵਾਰਾਂ ਨਾਲ ਸੰਵਾਦ ਕਰੋ। ਪਿੰਡਾਂ ਵਿੱਚ ਪੰਜਾਬ ਸਰਕਾਰ ਦੇ ਵਿਕਾਸ ਕਾਰਜਾਂ ਅਤੇ ਨਿਰਪੱਖ ਭਰਤੀਆਂ ਦੇ ਸੁਨੇਹੇ ਨਾਲ ਸੰਨ੍ਹ ਲਗਾਓ।', 'action_steps_en': ['Days 1-30: Map the top 30 influential non-committed Panthic families in Marari Khurd.', 'Days 31-60: Deploy senior constituency leaders for direct home visits to address local disgruntlement.', ""Days 61-90: Neutralize SAD's +15 vote cushion by winning over agricultural youth.""], 'action_steps_pa': ['ਦਿਨ 1-30: ਮਰਾਰੀ ਖੁਰਦ ਦੇ 30 ਨਿਰਪੱਖ ਅਤੇ ਪ੍ਰਭਾਵਸ਼ਾਲੀ ਪਰਿਵਾਰਾਂ ਦੀ ਸ਼ਨਾਖਤ ਕਰੋ।', 'ਦਿਨ 31-60: ਸੀਨੀਅਰ ਲੀਡਰਸ਼ਿਪ ਰਾਹੀਂ ਘਰ-ਘਰ ਜਾ ਕੇ ਸਰਕਾਰ ਦੀਆਂ ਨਿਰਪੱਖ ਨੀਤੀਆਂ ਸਾਂਝੀਆਂ ਕਰੋ।', 'ਦਿਨ 61-90: ਨੌਜਵਾਨ ਵਰਗ ਨੂੰ ਸਰਕਾਰੀ ਨੌਕਰੀਆਂ ਅਤੇ ਖੇਡ ਕਿੱਟਾਂ ਰਾਹੀਂ ਪਾਰਟੀ ਨਾਲ ਜੋੜ ਕੇ ਲੀਡ ਘਟਾਓ।'], 'action_steps': ['ਦਿਨ 1-30: ਮਰਾਰੀ ਖੁਰਦ ਦੇ 30 ਨਿਰਪੱਖ ਅਤੇ ਪ੍ਰਭਾਵਸ਼ਾਲੀ ਪਰਿਵਾਰਾਂ ਦੀ ਸ਼ਨਾਖਤ ਕਰੋ।', 'ਦਿਨ 31-60: ਸੀਨੀਅਰ ਲੀਡਰਸ਼ਿਪ ਰਾਹੀਂ ਘਰ-ਘਰ ਜਾ ਕੇ ਸਰਕਾਰ ਦੀਆਂ ਨਿਰਪੱਖ ਨੀਤੀਆਂ ਸਾਂਝੀਆਂ ਕਰੋ।', 'ਦਿਨ 61-90: ਨੌਜਵਾਨ ਵਰਗ ਨੂੰ ਸਰਕਾਰੀ ਨੌਕਰੀਆਂ ਅਤੇ ਖੇਡ ਕਿੱਟਾਂ ਰਾਹੀਂ ਪਾਰਟੀ ਨਾਲ ਜੋੜ ਕੇ ਲੀਡ ਘਟਾਓ।']}"
51,51,50,51,51,False,#51,Booth #51 (Unchanged),ਬੂਥ #51 (ਅਣਬਦਲਿਆ),Bhangali Kalan,ਭੰਗਾਲੀ ਕਲਾਂ,ਭੰਗਾਲੀ ਕਲਾਂ,Bhangali Kalan,ਭੰਗਾਲੀ ਕਲਾਂ,Bhangali Kalan,ਭੰਗਾਲੀ ਕਲਾਂ,SAD,SAD,11,107,SAD Retained,SAD Retained,AAP Deficit,ਆਪ ਘਾਟ,INC Deficit,"{'AAP': 'LOST_BOTH', 'SAD': 'WON_BOTH', 'INC': 'LOST_BOTH', 'BJP': 'WEAK'}",False,"{'is_flip': False, 'status_label': 'SAD Retained', 'turnout_diff': 417, 'turnout_pct': 178.21, 'sad_swing': -1.74, 'aap_swing': 13.02, 'inc_swing': -17.16, 'bjp_swing': 0.77}",234,651,417,178.21,104,278,174,44.44,42.7,-1.74,31,171,140,13.25,26.27,13.02,93,147,54,39.74,22.58,-17.16,0,5,5,0.0,0.77,0.77,13,2.0,"{'total': 234, 'sad': 104, 'aap': 31, 'inc': 93, 'bjp': 0, 'sad_votes': 104, 'sad_pct': 44.44, 'aap_votes': 31, 'aap_pct': 13.25, 'inc_votes': 93, 'inc_pct': 39.74, 'bjp_votes': 0, 'bjp_pct': 0.0, 'winner_party': 'SAD', 'margin': 11, 'winner_candidate': 'Ganieve Kaur Majithia'}","{'total': 651, 'sad': 278, 'aap': 171, 'inc': 147, 'bjp': 5, 'sada': 13, 'bsp': 1, 'others': 35, 'sad_votes': 278, 'sad_pct': 42.7, 'aap_votes': 171, 'aap_pct': 26.27, 'inc_votes': 147, 'inc_pct': 22.58, 'bjp_votes': 5, 'bjp_pct': 0.77, 'sada_votes': 13, 'sada_pct': 2.0, 'winner_party': 'SAD', 'margin': 107, 'winner_candidate': 'Anil Joshi'}","{'turnout_diff': 417, 'turnout_pct': 178.21, 'sad_shift': 174, 'sad_swing': -1.74, 'aap_shift': 140, 'aap_swing': 13.02, 'inc_shift': 54, 'inc_swing': -17.16, 'bjp_shift': 5, 'bjp_swing': 0.77}",Akali Bastion: Strategic Penetration & Demolition Zone,ਅਕਾਲੀ ਦਲ ਦਾ ਪ੍ਰਭਾਵਿਤ ਖੇਤਰ: ਵਿਸ਼ੇਸ਼ ਘੇਰਾਬੰਦੀ ਜ਼ੋਨ,SAD retained lead here by +107 votes (42.7% share). Target moderate Panthic and farming families in Bhangali Kalan disillusioned with traditional leadership. Appoint dedicated block coordinators and highlight direct government procurement and village development works.,ਅਕਾਲੀ ਦਲ ਨੇ ਇੱਥੇ +107 ਵੋਟਾਂ (42.7%) ਨਾਲ ਲੀਡ ਬਣਾਈ ਹੈ। ਭੰਗਾਲੀ ਕਲਾਂ ਵਿੱਚ ਰਵਾਇਤੀ ਲੀਡਰਸ਼ਿਪ ਤੋਂ ਨਿਰਾਸ਼ ਕਿਸਾਨ ਅਤੇ ਪੰਥਕ ਪਰਿਵਾਰਾਂ ਨਾਲ ਸੰਵਾਦ ਕਰੋ। ਪਿੰਡਾਂ ਵਿੱਚ ਪੰਜਾਬ ਸਰਕਾਰ ਦੇ ਵਿਕਾਸ ਕਾਰਜਾਂ ਅਤੇ ਨਿਰਪੱਖ ਭਰਤੀਆਂ ਦੇ ਸੁਨੇਹੇ ਨਾਲ ਸੰਨ੍ਹ ਲਗਾਓ।,"{'booth_no': '51', 'village_en': 'Bhangali Kalan', 'village_pa': 'ਭੰਗਾਲੀ ਕਲਾਂ', 'zone_en': 'Akali Bastion: Strategic Penetration & Demolition Zone', 'zone_pa': 'ਅਕਾਲੀ ਦਲ ਦਾ ਪ੍ਰਭਾਵਿਤ ਖੇਤਰ: ਵਿਸ਼ੇਸ਼ ਘੇਰਾਬੰਦੀ ਜ਼ੋਨ', 'action_en': 'SAD retained lead here by +107 votes (42.7% share). Target moderate Panthic and farming families in Bhangali Kalan disillusioned with traditional leadership. Appoint dedicated block coordinators and highlight direct government procurement and village development works.', 'action_pa': 'ਅਕਾਲੀ ਦਲ ਨੇ ਇੱਥੇ +107 ਵੋਟਾਂ (42.7%) ਨਾਲ ਲੀਡ ਬਣਾਈ ਹੈ। ਭੰਗਾਲੀ ਕਲਾਂ ਵਿੱਚ ਰਵਾਇਤੀ ਲੀਡਰਸ਼ਿਪ ਤੋਂ ਨਿਰਾਸ਼ ਕਿਸਾਨ ਅਤੇ ਪੰਥਕ ਪਰਿਵਾਰਾਂ ਨਾਲ ਸੰਵਾਦ ਕਰੋ। ਪਿੰਡਾਂ ਵਿੱਚ ਪੰਜਾਬ ਸਰਕਾਰ ਦੇ ਵਿਕਾਸ ਕਾਰਜਾਂ ਅਤੇ ਨਿਰਪੱਖ ਭਰਤੀਆਂ ਦੇ ਸੁਨੇਹੇ ਨਾਲ ਸੰਨ੍ਹ ਲਗਾਓ।', 'action_steps_en': ['Days 1-30: Map the top 30 influential non-committed Panthic families in Bhangali Kalan.', 'Days 31-60: Deploy senior constituency leaders for direct home visits to address local disgruntlement.', ""Days 61-90: Neutralize SAD's +107 vote cushion by winning over agricultural youth.""], 'action_steps_pa': ['ਦਿਨ 1-30: ਭੰਗਾਲੀ ਕਲਾਂ ਦੇ 30 ਨਿਰਪੱਖ ਅਤੇ ਪ੍ਰਭਾਵਸ਼ਾਲੀ ਪਰਿਵਾਰਾਂ ਦੀ ਸ਼ਨਾਖਤ ਕਰੋ।', 'ਦਿਨ 31-60: ਸੀਨੀਅਰ ਲੀਡਰਸ਼ਿਪ ਰਾਹੀਂ ਘਰ-ਘਰ ਜਾ ਕੇ ਸਰਕਾਰ ਦੀਆਂ ਨਿਰਪੱਖ ਨੀਤੀਆਂ ਸਾਂਝੀਆਂ ਕਰੋ।', 'ਦਿਨ 61-90: ਨੌਜਵਾਨ ਵਰਗ ਨੂੰ ਸਰਕਾਰੀ ਨੌਕਰੀਆਂ ਅਤੇ ਖੇਡ ਕਿੱਟਾਂ ਰਾਹੀਂ ਪਾਰਟੀ ਨਾਲ ਜੋੜ ਕੇ ਲੀਡ ਘਟਾਓ।'], 'action_steps': ['ਦਿਨ 1-30: ਭੰਗਾਲੀ ਕਲਾਂ ਦੇ 30 ਨਿਰਪੱਖ ਅਤੇ ਪ੍ਰਭਾਵਸ਼ਾਲੀ ਪਰਿਵਾਰਾਂ ਦੀ ਸ਼ਨਾਖਤ ਕਰੋ।', 'ਦਿਨ 31-60: ਸੀਨੀਅਰ ਲੀਡਰਸ਼ਿਪ ਰਾਹੀਂ ਘਰ-ਘਰ ਜਾ ਕੇ ਸਰਕਾਰ ਦੀਆਂ ਨਿਰਪੱਖ ਨੀਤੀਆਂ ਸਾਂਝੀਆਂ ਕਰੋ।', 'ਦਿਨ 61-90: ਨੌਜਵਾਨ ਵਰਗ ਨੂੰ ਸਰਕਾਰੀ ਨੌਕਰੀਆਂ ਅਤੇ ਖੇਡ ਕਿੱਟਾਂ ਰਾਹੀਂ ਪਾਰਟੀ ਨਾਲ ਜੋੜ ਕੇ ਲੀਡ ਘਟਾਓ।']}"
52,52,51,52,52,False,#52,Booth #52 (Unchanged),ਬੂਥ #52 (ਅਣਬਦਲਿਆ),Bhangali Kalan,ਭੰਗਾਲੀ ਕਲਾਂ,ਭੰਗਾਲੀ ਕਲਾਂ,Bhangali Kalan,ਭੰਗਾਲੀ ਕਲਾਂ,Bhangali Kalan,ਭੰਗਾਲੀ ਕਲਾਂ,SAD,SAD,501,136,SAD Retained,SAD Retained,AAP Deficit,ਆਪ ਘਾਟ,INC Deficit,"{'AAP': 'LOST_BOTH', 'SAD': 'WON_BOTH', 'INC': 'LOST_BOTH', 'BJP': 'WEAK'}",False,"{'is_flip': False, 'status_label': 'SAD Retained', 'turnout_diff': -32, 'turnout_pct': -4.26, 'sad_swing': -34.74, 'aap_swing': 15.72, 'inc_swing': 12.99, 'bjp_swing': 0.88}",752,720,-32,-4.26,584,309,-275,77.66,42.92,-34.74,51,162,111,6.78,22.5,15.72,83,173,90,11.04,24.03,12.99,8,14,6,1.06,1.94,0.88,25,3.47,"{'total': 752, 'sad': 584, 'aap': 51, 'inc': 83, 'bjp': 8, 'sad_votes': 584, 'sad_pct': 77.66, 'aap_votes': 51, 'aap_pct': 6.78, 'inc_votes': 83, 'inc_pct': 11.04, 'bjp_votes': 8, 'bjp_pct': 1.06, 'winner_party': 'SAD', 'margin': 501, 'winner_candidate': 'Ganieve Kaur Majithia'}","{'total': 720, 'sad': 309, 'aap': 162, 'inc': 173, 'bjp': 14, 'sada': 25, 'bsp': 2, 'others': 32, 'sad_votes': 309, 'sad_pct': 42.92, 'aap_votes': 162, 'aap_pct': 22.5, 'inc_votes': 173, 'inc_pct': 24.03, 'bjp_votes': 14, 'bjp_pct': 1.94, 'sada_votes': 25, 'sada_pct': 3.47, 'winner_party': 'SAD', 'margin': 136, 'winner_candidate': 'Anil Joshi'}","{'turnout_diff': -32, 'turnout_pct': -4.26, 'sad_shift': -275, 'sad_swing': -34.74, 'aap_shift': 111, 'aap_swing': 15.72, 'inc_shift': 90, 'inc_swing': 12.99, 'bjp_shift': 6, 'bjp_swing': 0.88}",Akali Bastion: Strategic Penetration & Demolition Zone,ਅਕਾਲੀ ਦਲ ਦਾ ਪ੍ਰਭਾਵਿਤ ਖੇਤਰ: ਵਿਸ਼ੇਸ਼ ਘੇਰਾਬੰਦੀ ਜ਼ੋਨ,SAD retained lead here by +136 votes (42.9% share). Target moderate Panthic and farming families in Bhangali Kalan disillusioned with traditional leadership. Appoint dedicated block coordinators and highlight direct government procurement and village development works.,ਅਕਾਲੀ ਦਲ ਨੇ ਇੱਥੇ +136 ਵੋਟਾਂ (42.9%) ਨਾਲ ਲੀਡ ਬਣਾਈ ਹੈ। ਭੰਗਾਲੀ ਕਲਾਂ ਵਿੱਚ ਰਵਾਇਤੀ ਲੀਡਰਸ਼ਿਪ ਤੋਂ ਨਿਰਾਸ਼ ਕਿਸਾਨ ਅਤੇ ਪੰਥਕ ਪਰਿਵਾਰਾਂ ਨਾਲ ਸੰਵਾਦ ਕਰੋ। ਪਿੰਡਾਂ ਵਿੱਚ ਪੰਜਾਬ ਸਰਕਾਰ ਦੇ ਵਿਕਾਸ ਕਾਰਜਾਂ ਅਤੇ ਨਿਰਪੱਖ ਭਰਤੀਆਂ ਦੇ ਸੁਨੇਹੇ ਨਾਲ ਸੰਨ੍ਹ ਲਗਾਓ।,"{'booth_no': '52', 'village_en': 'Bhangali Kalan', 'village_pa': 'ਭੰਗਾਲੀ ਕਲਾਂ', 'zone_en': 'Akali Bastion: Strategic Penetration & Demolition Zone', 'zone_pa': 'ਅਕਾਲੀ ਦਲ ਦਾ ਪ੍ਰਭਾਵਿਤ ਖੇਤਰ: ਵਿਸ਼ੇਸ਼ ਘੇਰਾਬੰਦੀ ਜ਼ੋਨ', 'action_en': 'SAD retained lead here by +136 votes (42.9% share). Target moderate Panthic and farming families in Bhangali Kalan disillusioned with traditional leadership. Appoint dedicated block coordinators and highlight direct government procurement and village development works.', 'action_pa': 'ਅਕਾਲੀ ਦਲ ਨੇ ਇੱਥੇ +136 ਵੋਟਾਂ (42.9%) ਨਾਲ ਲੀਡ ਬਣਾਈ ਹੈ। ਭੰਗਾਲੀ ਕਲਾਂ ਵਿੱਚ ਰਵਾਇਤੀ ਲੀਡਰਸ਼ਿਪ ਤੋਂ ਨਿਰਾਸ਼ ਕਿਸਾਨ ਅਤੇ ਪੰਥਕ ਪਰਿਵਾਰਾਂ ਨਾਲ ਸੰਵਾਦ ਕਰੋ। ਪਿੰਡਾਂ ਵਿੱਚ ਪੰਜਾਬ ਸਰਕਾਰ ਦੇ ਵਿਕਾਸ ਕਾਰਜਾਂ ਅਤੇ ਨਿਰਪੱਖ ਭਰਤੀਆਂ ਦੇ ਸੁਨੇਹੇ ਨਾਲ ਸੰਨ੍ਹ ਲਗਾਓ।', 'action_steps_en': ['Days 1-30: Map the top 30 influential non-committed Panthic families in Bhangali Kalan.', 'Days 31-60: Deploy senior constituency leaders for direct home visits to address local disgruntlement.', ""Days 61-90: Neutralize SAD's +136 vote cushion by winning over agricultural youth.""], 'action_steps_pa': ['ਦਿਨ 1-30: ਭੰਗਾਲੀ ਕਲਾਂ ਦੇ 30 ਨਿਰਪੱਖ ਅਤੇ ਪ੍ਰਭਾਵਸ਼ਾਲੀ ਪਰਿਵਾਰਾਂ ਦੀ ਸ਼ਨਾਖਤ ਕਰੋ।', 'ਦਿਨ 31-60: ਸੀਨੀਅਰ ਲੀਡਰਸ਼ਿਪ ਰਾਹੀਂ ਘਰ-ਘਰ ਜਾ ਕੇ ਸਰਕਾਰ ਦੀਆਂ ਨਿਰਪੱਖ ਨੀਤੀਆਂ ਸਾਂਝੀਆਂ ਕਰੋ।', 'ਦਿਨ 61-90: ਨੌਜਵਾਨ ਵਰਗ ਨੂੰ ਸਰਕਾਰੀ ਨੌਕਰੀਆਂ ਅਤੇ ਖੇਡ ਕਿੱਟਾਂ ਰਾਹੀਂ ਪਾਰਟੀ ਨਾਲ ਜੋੜ ਕੇ ਲੀਡ ਘਟਾਓ।'], 'action_steps': ['ਦਿਨ 1-30: ਭੰਗਾਲੀ ਕਲਾਂ ਦੇ 30 ਨਿਰਪੱਖ ਅਤੇ ਪ੍ਰਭਾਵਸ਼ਾਲੀ ਪਰਿਵਾਰਾਂ ਦੀ ਸ਼ਨਾਖਤ ਕਰੋ।', 'ਦਿਨ 31-60: ਸੀਨੀਅਰ ਲੀਡਰਸ਼ਿਪ ਰਾਹੀਂ ਘਰ-ਘਰ ਜਾ ਕੇ ਸਰਕਾਰ ਦੀਆਂ ਨਿਰਪੱਖ ਨੀਤੀਆਂ ਸਾਂਝੀਆਂ ਕਰੋ।', 'ਦਿਨ 61-90: ਨੌਜਵਾਨ ਵਰਗ ਨੂੰ ਸਰਕਾਰੀ ਨੌਕਰੀਆਂ ਅਤੇ ਖੇਡ ਕਿੱਟਾਂ ਰਾਹੀਂ ਪਾਰਟੀ ਨਾਲ ਜੋੜ ਕੇ ਲੀਡ ਘਟਾਓ।']}"
53,53,52,53,53,False,#53,Booth #53 (Unchanged),ਬੂਥ #53 (ਅਣਬਦਲਿਆ),Gujarpura,ਗੁੱਜਰਪੁਰਾ,ਗੁੱਜਰਪੁਰਾ,Gujarpura,ਗੁੱਜਰਪੁਰਾ,Gujarpura,ਗੁੱਜਰਪੁਰਾ,SAD,SAD,94,118,SAD Retained,SAD Retained,AAP Deficit,ਆਪ ਘਾਟ,INC Deficit,"{'AAP': 'LOST_BOTH', 'SAD': 'WON_BOTH', 'INC': 'WEAK', 'BJP': 'WEAK'}",False,"{'is_flip': False, 'status_label': 'SAD Retained', 'turnout_diff': -246, 'turnout_pct': -30.64, 'sad_swing': 8.11, 'aap_swing': -1.38, 'inc_swing': -8.7, 'bjp_swing': 0.43}",803,557,-246,-30.64,340,281,-59,42.34,50.45,8.11,246,163,-83,30.64,29.26,-1.38,152,57,-95,18.93,10.23,-8.7,11,10,-1,1.37,1.8,0.43,15,2.69,"{'total': 803, 'sad': 340, 'aap': 246, 'inc': 152, 'bjp': 11, 'sad_votes': 340, 'sad_pct': 42.34, 'aap_votes': 246, 'aap_pct': 30.64, 'inc_votes': 152, 'inc_pct': 18.93, 'bjp_votes': 11, 'bjp_pct': 1.37, 'winner_party': 'SAD', 'margin': 94, 'winner_candidate': 'Ganieve Kaur Majithia'}","{'total': 557, 'sad': 281, 'aap': 163, 'inc': 57, 'bjp': 10, 'sada': 15, 'bsp': 2, 'others': 26, 'sad_votes': 281, 'sad_pct': 50.45, 'aap_votes': 163, 'aap_pct': 29.26, 'inc_votes': 57, 'inc_pct': 10.23, 'bjp_votes': 10, 'bjp_pct': 1.8, 'sada_votes': 15, 'sada_pct': 2.69, 'winner_party': 'SAD', 'margin': 118, 'winner_candidate': 'Anil Joshi'}","{'turnout_diff': -246, 'turnout_pct': -30.64, 'sad_shift': -59, 'sad_swing': 8.11, 'aap_shift': -83, 'aap_swing': -1.38, 'inc_shift': -95, 'inc_swing': -8.7, 'bjp_shift': -1, 'bjp_swing': 0.43}",Akali Bastion: Strategic Penetration & Demolition Zone,ਅਕਾਲੀ ਦਲ ਦਾ ਪ੍ਰਭਾਵਿਤ ਖੇਤਰ: ਵਿਸ਼ੇਸ਼ ਘੇਰਾਬੰਦੀ ਜ਼ੋਨ,SAD retained lead here by +118 votes (50.5% share). Target moderate Panthic and farming families in Gujarpura disillusioned with traditional leadership. Appoint dedicated block coordinators and highlight direct government procurement and village development works.,ਅਕਾਲੀ ਦਲ ਨੇ ਇੱਥੇ +118 ਵੋਟਾਂ (50.5%) ਨਾਲ ਲੀਡ ਬਣਾਈ ਹੈ। ਗੁੱਜਰਪੁਰਾ ਵਿੱਚ ਰਵਾਇਤੀ ਲੀਡਰਸ਼ਿਪ ਤੋਂ ਨਿਰਾਸ਼ ਕਿਸਾਨ ਅਤੇ ਪੰਥਕ ਪਰਿਵਾਰਾਂ ਨਾਲ ਸੰਵਾਦ ਕਰੋ। ਪਿੰਡਾਂ ਵਿੱਚ ਪੰਜਾਬ ਸਰਕਾਰ ਦੇ ਵਿਕਾਸ ਕਾਰਜਾਂ ਅਤੇ ਨਿਰਪੱਖ ਭਰਤੀਆਂ ਦੇ ਸੁਨੇਹੇ ਨਾਲ ਸੰਨ੍ਹ ਲਗਾਓ।,"{'booth_no': '53', 'village_en': 'Gujarpura', 'village_pa': 'ਗੁੱਜਰਪੁਰਾ', 'zone_en': 'Akali Bastion: Strategic Penetration & Demolition Zone', 'zone_pa': 'ਅਕਾਲੀ ਦਲ ਦਾ ਪ੍ਰਭਾਵਿਤ ਖੇਤਰ: ਵਿਸ਼ੇਸ਼ ਘੇਰਾਬੰਦੀ ਜ਼ੋਨ', 'action_en': 'SAD retained lead here by +118 votes (50.5% share). Target moderate Panthic and farming families in Gujarpura disillusioned with traditional leadership. Appoint dedicated block coordinators and highlight direct government procurement and village development works.', 'action_pa': 'ਅਕਾਲੀ ਦਲ ਨੇ ਇੱਥੇ +118 ਵੋਟਾਂ (50.5%) ਨਾਲ ਲੀਡ ਬਣਾਈ ਹੈ। ਗੁੱਜਰਪੁਰਾ ਵਿੱਚ ਰਵਾਇਤੀ ਲੀਡਰਸ਼ਿਪ ਤੋਂ ਨਿਰਾਸ਼ ਕਿਸਾਨ ਅਤੇ ਪੰਥਕ ਪਰਿਵਾਰਾਂ ਨਾਲ ਸੰਵਾਦ ਕਰੋ। ਪਿੰਡਾਂ ਵਿੱਚ ਪੰਜਾਬ ਸਰਕਾਰ ਦੇ ਵਿਕਾਸ ਕਾਰਜਾਂ ਅਤੇ ਨਿਰਪੱਖ ਭਰਤੀਆਂ ਦੇ ਸੁਨੇਹੇ ਨਾਲ ਸੰਨ੍ਹ ਲਗਾਓ।', 'action_steps_en': ['Days 1-30: Map the top 30 influential non-committed Panthic families in Gujarpura.', 'Days 31-60: Deploy senior constituency leaders for direct home visits to address local disgruntlement.', ""Days 61-90: Neutralize SAD's +118 vote cushion by winning over agricultural youth.""], 'action_steps_pa': ['ਦਿਨ 1-30: ਗੁੱਜਰਪੁਰਾ ਦੇ 30 ਨਿਰਪੱਖ ਅਤੇ ਪ੍ਰਭਾਵਸ਼ਾਲੀ ਪਰਿਵਾਰਾਂ ਦੀ ਸ਼ਨਾਖਤ ਕਰੋ।', 'ਦਿਨ 31-60: ਸੀਨੀਅਰ ਲੀਡਰਸ਼ਿਪ ਰਾਹੀਂ ਘਰ-ਘਰ ਜਾ ਕੇ ਸਰਕਾਰ ਦੀਆਂ ਨਿਰਪੱਖ ਨੀਤੀਆਂ ਸਾਂਝੀਆਂ ਕਰੋ।', 'ਦਿਨ 61-90: ਨੌਜਵਾਨ ਵਰਗ ਨੂੰ ਸਰਕਾਰੀ ਨੌਕਰੀਆਂ ਅਤੇ ਖੇਡ ਕਿੱਟਾਂ ਰਾਹੀਂ ਪਾਰਟੀ ਨਾਲ ਜੋੜ ਕੇ ਲੀਡ ਘਟਾਓ।'], 'action_steps': ['ਦਿਨ 1-30: ਗੁੱਜਰਪੁਰਾ ਦੇ 30 ਨਿਰਪੱਖ ਅਤੇ ਪ੍ਰਭਾਵਸ਼ਾਲੀ ਪਰਿਵਾਰਾਂ ਦੀ ਸ਼ਨਾਖਤ ਕਰੋ।', 'ਦਿਨ 31-60: ਸੀਨੀਅਰ ਲੀਡਰਸ਼ਿਪ ਰਾਹੀਂ ਘਰ-ਘਰ ਜਾ ਕੇ ਸਰਕਾਰ ਦੀਆਂ ਨਿਰਪੱਖ ਨੀਤੀਆਂ ਸਾਂਝੀਆਂ ਕਰੋ।', 'ਦਿਨ 61-90: ਨੌਜਵਾਨ ਵਰਗ ਨੂੰ ਸਰਕਾਰੀ ਨੌਕਰੀਆਂ ਅਤੇ ਖੇਡ ਕਿੱਟਾਂ ਰਾਹੀਂ ਪਾਰਟੀ ਨਾਲ ਜੋੜ ਕੇ ਲੀਡ ਘਟਾਓ।']}"
54,54,53,54,54,False,#54,Booth #54 (Unchanged),ਬੂਥ #54 (ਅਣਬਦਲਿਆ),Gujarpura,ਗੁੱਜਰਪੁਰਾ,ਗੁੱਜਰਪੁਰਾ,Gujarpura,ਗੁੱਜਰਪੁਰਾ,Gujarpura,ਗੁੱਜਰਪੁਰਾ,AAP,AAP,48,61,AAP Retained,AAP Retained,AAP Win,ਆਪ ਜਿੱਤ,INC Deficit,"{'AAP': 'WON_BOTH', 'SAD': 'LOST_BOTH', 'INC': 'WEAK', 'BJP': 'WEAK'}",False,"{'is_flip': False, 'status_label': 'AAP Retained', 'turnout_diff': -221, 'turnout_pct': -39.68, 'sad_swing': -3.91, 'aap_swing': 5.63, 'inc_swing': -12.82, 'bjp_swing': 7.32}",557,336,-221,-39.68,166,87,-79,29.8,25.89,-3.91,214,148,-66,38.42,44.05,5.63,151,48,-103,27.11,14.29,-12.82,4,27,23,0.72,8.04,7.32,17,5.06,"{'total': 557, 'sad': 166, 'aap': 214, 'inc': 151, 'bjp': 4, 'sad_votes': 166, 'sad_pct': 29.8, 'aap_votes': 214, 'aap_pct': 38.42, 'inc_votes': 151, 'inc_pct': 27.11, 'bjp_votes': 4, 'bjp_pct': 0.72, 'winner_party': 'AAP', 'margin': 48, 'winner_candidate': 'Sukhjinder Raj Singh (Lalli)'}","{'total': 336, 'sad': 87, 'aap': 148, 'inc': 48, 'bjp': 27, 'sada': 17, 'bsp': 0, 'others': 9, 'sad_votes': 87, 'sad_pct': 25.89, 'aap_votes': 148, 'aap_pct': 44.05, 'inc_votes': 48, 'inc_pct': 14.29, 'bjp_votes': 27, 'bjp_pct': 8.04, 'sada_votes': 17, 'sada_pct': 5.06, 'winner_party': 'AAP', 'margin': 61, 'winner_candidate': 'Kuldeep Singh Dhaliwal'}","{'turnout_diff': -221, 'turnout_pct': -39.68, 'sad_shift': -79, 'sad_swing': -3.91, 'aap_shift': -66, 'aap_swing': 5.63, 'inc_shift': -103, 'inc_swing': -12.82, 'bjp_shift': 23, 'bjp_swing': 7.32}",Core AAP Citadel (Retention & Reinforcement Zone),ਆਪ ਦਾ ਪੱਕਾ ਗੜ੍ਹ (ਸਾਂਭ-ਸੰਭਾਲ ਅਤੇ ਮਜ਼ਬੂਤੀ ਜ਼ੋਨ),"Deploy 12-member active booth cadre in Gujarpura. Consolidate agricultural and youth voter base. Protect and expand the current +61 vote lead through welfare scheme outreach (free electricity, canal water access, health clinics).","ਗੁੱਜਰਪੁਰਾ ਵਿੱਚ 12 ਮੈਂਬਰੀ ਸਰਗਰਮ ਬੂਥ ਟੀਮ ਤਾਇਨਾਤ ਕਰੋ। ਕਿਸਾਨੀ ਅਤੇ ਨੌਜਵਾਨ ਵਰਗ ਨਾਲ ਨਿੱਜੀ ਰਾਬਤਾ ਵਧਾਓ। ਪੰਜਾਬ ਸਰਕਾਰ ਦੀਆਂ ਭਲਾਈ ਸਕੀਮਾਂ (ਮੁਫ਼ਤ ਬਿਜਲੀ, ਨਹਿਰੀ ਪਾਣੀ, ਆਮ ਆਦਮੀ ਕਲੀਨਿਕ) ਰਾਹੀਂ +61 ਵੋਟਾਂ ਦੀ ਲੀਡ ਨੂੰ ਹੋਰ ਪੱਕਾ ਕਰੋ।","{'booth_no': '54', 'village_en': 'Gujarpura', 'village_pa': 'ਗੁੱਜਰਪੁਰਾ', 'zone_en': 'Core AAP Citadel (Retention & Reinforcement Zone)', 'zone_pa': 'ਆਪ ਦਾ ਪੱਕਾ ਗੜ੍ਹ (ਸਾਂਭ-ਸੰਭਾਲ ਅਤੇ ਮਜ਼ਬੂਤੀ ਜ਼ੋਨ)', 'action_en': 'Deploy 12-member active booth cadre in Gujarpura. Consolidate agricultural and youth voter base. Protect and expand the current +61 vote lead through welfare scheme outreach (free electricity, canal water access, health clinics).', 'action_pa': 'ਗੁੱਜਰਪੁਰਾ ਵਿੱਚ 12 ਮੈਂਬਰੀ ਸਰਗਰਮ ਬੂਥ ਟੀਮ ਤਾਇਨਾਤ ਕਰੋ। ਕਿਸਾਨੀ ਅਤੇ ਨੌਜਵਾਨ ਵਰਗ ਨਾਲ ਨਿੱਜੀ ਰਾਬਤਾ ਵਧਾਓ। ਪੰਜਾਬ ਸਰਕਾਰ ਦੀਆਂ ਭਲਾਈ ਸਕੀਮਾਂ (ਮੁਫ਼ਤ ਬਿਜਲੀ, ਨਹਿਰੀ ਪਾਣੀ, ਆਮ ਆਦਮੀ ਕਲੀਨਿਕ) ਰਾਹੀਂ +61 ਵੋਟਾਂ ਦੀ ਲੀਡ ਨੂੰ ਹੋਰ ਪੱਕਾ ਕਰੋ।', 'action_steps_en': ['Days 1-30: Verify all beneficiaries of 300 units free power and state health schemes in Gujarpura.', 'Days 31-60: Conduct small farmer dialogues addressing canal water tail-end irrigation concerns.', 'Days 61-90: Fortify booth committee with 12 youth mobilizers to protect +61 vote lead.'], 'action_steps_pa': ['ਦਿਨ 1-30: ਗੁੱਜਰਪੁਰਾ ਵਿੱਚ 300 ਯੂਨਿਟ ਮੁਫ਼ਤ ਬਿਜਲੀ ਅਤੇ ਸਿਹਤ ਸਕੀਮਾਂ ਦੇ ਲਾਭਪਾਤਰੀਆਂ ਨਾਲ ਸੰਪਰਕ ਕਰੋ।', ""ਦਿਨ 31-60: ਨਹਿਰੀ ਪਾਣੀ ਅਤੇ ਖੇਤੀਬਾੜੀ ਮਸਲਿਆਂ 'ਤੇ ਕਿਸਾਨਾਂ ਨਾਲ ਸਿੱਧਾ ਸੰਵਾਦ ਰਚਾਓ।"", 'ਦਿਨ 61-90: +61 ਵੋਟਾਂ ਦੀ ਲੀਡ ਬਰਕਰਾਰ ਰੱਖਣ ਲਈ 12 ਮੈਂਬਰੀ ਯੂਥ ਕਮੇਟੀ ਬਣਾਓ।'], 'action_steps': ['ਦਿਨ 1-30: ਗੁੱਜਰਪੁਰਾ ਵਿੱਚ 300 ਯੂਨਿਟ ਮੁਫ਼ਤ ਬਿਜਲੀ ਅਤੇ ਸਿਹਤ ਸਕੀਮਾਂ ਦੇ ਲਾਭਪਾਤਰੀਆਂ ਨਾਲ ਸੰਪਰਕ ਕਰੋ।', ""ਦਿਨ 31-60: ਨਹਿਰੀ ਪਾਣੀ ਅਤੇ ਖੇਤੀਬਾੜੀ ਮਸਲਿਆਂ 'ਤੇ ਕਿਸਾਨਾਂ ਨਾਲ ਸਿੱਧਾ ਸੰਵਾਦ ਰਚਾਓ।"", 'ਦਿਨ 61-90: +61 ਵੋਟਾਂ ਦੀ ਲੀਡ ਬਰਕਰਾਰ ਰੱਖਣ ਲਈ 12 ਮੈਂਬਰੀ ਯੂਥ ਕਮੇਟੀ ਬਣਾਓ।']}"
55,55,54,55,55,False,#55,Booth #55 (Unchanged),ਬੂਥ #55 (ਅਣਬਦਲਿਆ),Chachowali,ਚਾਚੋਵਾਲੀ,ਚਾਚੋਵਾਲੀ,Chachowali,ਚਾਚੋਵਾਲੀ,Chachowali,ਚਾਚੋਵਾਲੀ,SAD,SAD,48,6,SAD Retained,SAD Retained,AAP Deficit,ਆਪ ਘਾਟ,INC Deficit,"{'AAP': 'WEAK', 'SAD': 'WON_BOTH', 'INC': 'LOST_BOTH', 'BJP': 'WEAK'}",False,"{'is_flip': False, 'status_label': 'SAD Retained', 'turnout_diff': -51, 'turnout_pct': -8.85, 'sad_swing': -11.16, 'aap_swing': -16.92, 'inc_swing': 18.77, 'bjp_swing': 4.07}",576,525,-51,-8.85,253,172,-81,43.92,32.76,-11.16,205,98,-107,35.59,18.67,-16.92,74,166,92,12.85,31.62,18.77,4,25,21,0.69,4.76,4.07,17,3.24,"{'total': 576, 'sad': 253, 'aap': 205, 'inc': 74, 'bjp': 4, 'sad_votes': 253, 'sad_pct': 43.92, 'aap_votes': 205, 'aap_pct': 35.59, 'inc_votes': 74, 'inc_pct': 12.85, 'bjp_votes': 4, 'bjp_pct': 0.69, 'winner_party': 'SAD', 'margin': 48, 'winner_candidate': 'Ganieve Kaur Majithia'}","{'total': 525, 'sad': 172, 'aap': 98, 'inc': 166, 'bjp': 25, 'sada': 17, 'bsp': 23, 'others': 24, 'sad_votes': 172, 'sad_pct': 32.76, 'aap_votes': 98, 'aap_pct': 18.67, 'inc_votes': 166, 'inc_pct': 31.62, 'bjp_votes': 25, 'bjp_pct': 4.76, 'sada_votes': 17, 'sada_pct': 3.24, 'winner_party': 'SAD', 'margin': 6, 'winner_candidate': 'Anil Joshi'}","{'turnout_diff': -51, 'turnout_pct': -8.85, 'sad_shift': -81, 'sad_swing': -11.16, 'aap_shift': -107, 'aap_swing': -16.92, 'inc_shift': 92, 'inc_swing': 18.77, 'bjp_shift': 21, 'bjp_swing': 4.07}",Akali Bastion: Strategic Penetration & Demolition Zone,ਅਕਾਲੀ ਦਲ ਦਾ ਪ੍ਰਭਾਵਿਤ ਖੇਤਰ: ਵਿਸ਼ੇਸ਼ ਘੇਰਾਬੰਦੀ ਜ਼ੋਨ,SAD retained lead here by +6 votes (32.8% share). Target moderate Panthic and farming families in Chachowali disillusioned with traditional leadership. Appoint dedicated block coordinators and highlight direct government procurement and village development works.,ਅਕਾਲੀ ਦਲ ਨੇ ਇੱਥੇ +6 ਵੋਟਾਂ (32.8%) ਨਾਲ ਲੀਡ ਬਣਾਈ ਹੈ। ਚਾਚੋਵਾਲੀ ਵਿੱਚ ਰਵਾਇਤੀ ਲੀਡਰਸ਼ਿਪ ਤੋਂ ਨਿਰਾਸ਼ ਕਿਸਾਨ ਅਤੇ ਪੰਥਕ ਪਰਿਵਾਰਾਂ ਨਾਲ ਸੰਵਾਦ ਕਰੋ। ਪਿੰਡਾਂ ਵਿੱਚ ਪੰਜਾਬ ਸਰਕਾਰ ਦੇ ਵਿਕਾਸ ਕਾਰਜਾਂ ਅਤੇ ਨਿਰਪੱਖ ਭਰਤੀਆਂ ਦੇ ਸੁਨੇਹੇ ਨਾਲ ਸੰਨ੍ਹ ਲਗਾਓ।,"{'booth_no': '55', 'village_en': 'Chachowali', 'village_pa': 'ਚਾਚੋਵਾਲੀ', 'zone_en': 'Akali Bastion: Strategic Penetration & Demolition Zone', 'zone_pa': 'ਅਕਾਲੀ ਦਲ ਦਾ ਪ੍ਰਭਾਵਿਤ ਖੇਤਰ: ਵਿਸ਼ੇਸ਼ ਘੇਰਾਬੰਦੀ ਜ਼ੋਨ', 'action_en': 'SAD retained lead here by +6 votes (32.8% share). Target moderate Panthic and farming families in Chachowali disillusioned with traditional leadership. Appoint dedicated block coordinators and highlight direct government procurement and village development works.', 'action_pa': 'ਅਕਾਲੀ ਦਲ ਨੇ ਇੱਥੇ +6 ਵੋਟਾਂ (32.8%) ਨਾਲ ਲੀਡ ਬਣਾਈ ਹੈ। ਚਾਚੋਵਾਲੀ ਵਿੱਚ ਰਵਾਇਤੀ ਲੀਡਰਸ਼ਿਪ ਤੋਂ ਨਿਰਾਸ਼ ਕਿਸਾਨ ਅਤੇ ਪੰਥਕ ਪਰਿਵਾਰਾਂ ਨਾਲ ਸੰਵਾਦ ਕਰੋ। ਪਿੰਡਾਂ ਵਿੱਚ ਪੰਜਾਬ ਸਰਕਾਰ ਦੇ ਵਿਕਾਸ ਕਾਰਜਾਂ ਅਤੇ ਨਿਰਪੱਖ ਭਰਤੀਆਂ ਦੇ ਸੁਨੇਹੇ ਨਾਲ ਸੰਨ੍ਹ ਲਗਾਓ।', 'action_steps_en': ['Days 1-30: Map the top 30 influential non-committed Panthic families in Chachowali.', 'Days 31-60: Deploy senior constituency leaders for direct home visits to address local disgruntlement.', ""Days 61-90: Neutralize SAD's +6 vote cushion by winning over agricultural youth.""], 'action_steps_pa': ['ਦਿਨ 1-30: ਚਾਚੋਵਾਲੀ ਦੇ 30 ਨਿਰਪੱਖ ਅਤੇ ਪ੍ਰਭਾਵਸ਼ਾਲੀ ਪਰਿਵਾਰਾਂ ਦੀ ਸ਼ਨਾਖਤ ਕਰੋ।', 'ਦਿਨ 31-60: ਸੀਨੀਅਰ ਲੀਡਰਸ਼ਿਪ ਰਾਹੀਂ ਘਰ-ਘਰ ਜਾ ਕੇ ਸਰਕਾਰ ਦੀਆਂ ਨਿਰਪੱਖ ਨੀਤੀਆਂ ਸਾਂਝੀਆਂ ਕਰੋ।', 'ਦਿਨ 61-90: ਨੌਜਵਾਨ ਵਰਗ ਨੂੰ ਸਰਕਾਰੀ ਨੌਕਰੀਆਂ ਅਤੇ ਖੇਡ ਕਿੱਟਾਂ ਰਾਹੀਂ ਪਾਰਟੀ ਨਾਲ ਜੋੜ ਕੇ ਲੀਡ ਘਟਾਓ।'], 'action_steps': ['ਦਿਨ 1-30: ਚਾਚੋਵਾਲੀ ਦੇ 30 ਨਿਰਪੱਖ ਅਤੇ ਪ੍ਰਭਾਵਸ਼ਾਲੀ ਪਰਿਵਾਰਾਂ ਦੀ ਸ਼ਨਾਖਤ ਕਰੋ।', 'ਦਿਨ 31-60: ਸੀਨੀਅਰ ਲੀਡਰਸ਼ਿਪ ਰਾਹੀਂ ਘਰ-ਘਰ ਜਾ ਕੇ ਸਰਕਾਰ ਦੀਆਂ ਨਿਰਪੱਖ ਨੀਤੀਆਂ ਸਾਂਝੀਆਂ ਕਰੋ।', 'ਦਿਨ 61-90: ਨੌਜਵਾਨ ਵਰਗ ਨੂੰ ਸਰਕਾਰੀ ਨੌਕਰੀਆਂ ਅਤੇ ਖੇਡ ਕਿੱਟਾਂ ਰਾਹੀਂ ਪਾਰਟੀ ਨਾਲ ਜੋੜ ਕੇ ਲੀਡ ਘਟਾਓ।']}"
56,56,55,56,56,False,#56,Booth #56 (Unchanged),ਬੂਥ #56 (ਅਣਬਦਲਿਆ),Chachowali,ਚਾਚੋਵਾਲੀ,ਚਾਚੋਵਾਲੀ,Chachowali,ਚਾਚੋਵਾਲੀ,Chachowali,ਚਾਚੋਵਾਲੀ,SAD,SAD,50,22,SAD Retained,SAD Retained,AAP Deficit,ਆਪ ਘਾਟ,INC Deficit,"{'AAP': 'LOST_BOTH', 'SAD': 'WON_BOTH', 'INC': 'LOST_BOTH', 'BJP': 'WEAK'}",False,"{'is_flip': False, 'status_label': 'SAD Retained', 'turnout_diff': -42, 'turnout_pct': -7.89, 'sad_swing': -5.08, 'aap_swing': -0.17, 'inc_swing': -3.96, 'bjp_swing': 3.09}",532,490,-42,-7.89,217,175,-42,40.79,35.71,-5.08,167,153,-14,31.39,31.22,-0.17,109,81,-28,20.49,16.53,-3.96,2,17,15,0.38,3.47,3.09,22,4.49,"{'total': 532, 'sad': 217, 'aap': 167, 'inc': 109, 'bjp': 2, 'sad_votes': 217, 'sad_pct': 40.79, 'aap_votes': 167, 'aap_pct': 31.39, 'inc_votes': 109, 'inc_pct': 20.49, 'bjp_votes': 2, 'bjp_pct': 0.38, 'winner_party': 'SAD', 'margin': 50, 'winner_candidate': 'Ganieve Kaur Majithia'}","{'total': 490, 'sad': 175, 'aap': 153, 'inc': 81, 'bjp': 17, 'sada': 22, 'bsp': 27, 'others': 13, 'sad_votes': 175, 'sad_pct': 35.71, 'aap_votes': 153, 'aap_pct': 31.22, 'inc_votes': 81, 'inc_pct': 16.53, 'bjp_votes': 17, 'bjp_pct': 3.47, 'sada_votes': 22, 'sada_pct': 4.49, 'winner_party': 'SAD', 'margin': 22, 'winner_candidate': 'Anil Joshi'}","{'turnout_diff': -42, 'turnout_pct': -7.89, 'sad_shift': -42, 'sad_swing': -5.08, 'aap_shift': -14, 'aap_swing': -0.17, 'inc_shift': -28, 'inc_swing': -3.96, 'bjp_shift': 15, 'bjp_swing': 3.09}",Akali Bastion: Strategic Penetration & Demolition Zone,ਅਕਾਲੀ ਦਲ ਦਾ ਪ੍ਰਭਾਵਿਤ ਖੇਤਰ: ਵਿਸ਼ੇਸ਼ ਘੇਰਾਬੰਦੀ ਜ਼ੋਨ,SAD retained lead here by +22 votes (35.7% share). Target moderate Panthic and farming families in Chachowali disillusioned with traditional leadership. Appoint dedicated block coordinators and highlight direct government procurement and village development works.,ਅਕਾਲੀ ਦਲ ਨੇ ਇੱਥੇ +22 ਵੋਟਾਂ (35.7%) ਨਾਲ ਲੀਡ ਬਣਾਈ ਹੈ। ਚਾਚੋਵਾਲੀ ਵਿੱਚ ਰਵਾਇਤੀ ਲੀਡਰਸ਼ਿਪ ਤੋਂ ਨਿਰਾਸ਼ ਕਿਸਾਨ ਅਤੇ ਪੰਥਕ ਪਰਿਵਾਰਾਂ ਨਾਲ ਸੰਵਾਦ ਕਰੋ। ਪਿੰਡਾਂ ਵਿੱਚ ਪੰਜਾਬ ਸਰਕਾਰ ਦੇ ਵਿਕਾਸ ਕਾਰਜਾਂ ਅਤੇ ਨਿਰਪੱਖ ਭਰਤੀਆਂ ਦੇ ਸੁਨੇਹੇ ਨਾਲ ਸੰਨ੍ਹ ਲਗਾਓ।,"{'booth_no': '56', 'village_en': 'Chachowali', 'village_pa': 'ਚਾਚੋਵਾਲੀ', 'zone_en': 'Akali Bastion: Strategic Penetration & Demolition Zone', 'zone_pa': 'ਅਕਾਲੀ ਦਲ ਦਾ ਪ੍ਰਭਾਵਿਤ ਖੇਤਰ: ਵਿਸ਼ੇਸ਼ ਘੇਰਾਬੰਦੀ ਜ਼ੋਨ', 'action_en': 'SAD retained lead here by +22 votes (35.7% share). Target moderate Panthic and farming families in Chachowali disillusioned with traditional leadership. Appoint dedicated block coordinators and highlight direct government procurement and village development works.', 'action_pa': 'ਅਕਾਲੀ ਦਲ ਨੇ ਇੱਥੇ +22 ਵੋਟਾਂ (35.7%) ਨਾਲ ਲੀਡ ਬਣਾਈ ਹੈ। ਚਾਚੋਵਾਲੀ ਵਿੱਚ ਰਵਾਇਤੀ ਲੀਡਰਸ਼ਿਪ ਤੋਂ ਨਿਰਾਸ਼ ਕਿਸਾਨ ਅਤੇ ਪੰਥਕ ਪਰਿਵਾਰਾਂ ਨਾਲ ਸੰਵਾਦ ਕਰੋ। ਪਿੰਡਾਂ ਵਿੱਚ ਪੰਜਾਬ ਸਰਕਾਰ ਦੇ ਵਿਕਾਸ ਕਾਰਜਾਂ ਅਤੇ ਨਿਰਪੱਖ ਭਰਤੀਆਂ ਦੇ ਸੁਨੇਹੇ ਨਾਲ ਸੰਨ੍ਹ ਲਗਾਓ।', 'action_steps_en': ['Days 1-30: Map the top 30 influential non-committed Panthic families in Chachowali.', 'Days 31-60: Deploy senior constituency leaders for direct home visits to address local disgruntlement.', ""Days 61-90: Neutralize SAD's +22 vote cushion by winning over agricultural youth.""], 'action_steps_pa': ['ਦਿਨ 1-30: ਚਾਚੋਵਾਲੀ ਦੇ 30 ਨਿਰਪੱਖ ਅਤੇ ਪ੍ਰਭਾਵਸ਼ਾਲੀ ਪਰਿਵਾਰਾਂ ਦੀ ਸ਼ਨਾਖਤ ਕਰੋ।', 'ਦਿਨ 31-60: ਸੀਨੀਅਰ ਲੀਡਰਸ਼ਿਪ ਰਾਹੀਂ ਘਰ-ਘਰ ਜਾ ਕੇ ਸਰਕਾਰ ਦੀਆਂ ਨਿਰਪੱਖ ਨੀਤੀਆਂ ਸਾਂਝੀਆਂ ਕਰੋ।', 'ਦਿਨ 61-90: ਨੌਜਵਾਨ ਵਰਗ ਨੂੰ ਸਰਕਾਰੀ ਨੌਕਰੀਆਂ ਅਤੇ ਖੇਡ ਕਿੱਟਾਂ ਰਾਹੀਂ ਪਾਰਟੀ ਨਾਲ ਜੋੜ ਕੇ ਲੀਡ ਘਟਾਓ।'], 'action_steps': ['ਦਿਨ 1-30: ਚਾਚੋਵਾਲੀ ਦੇ 30 ਨਿਰਪੱਖ ਅਤੇ ਪ੍ਰਭਾਵਸ਼ਾਲੀ ਪਰਿਵਾਰਾਂ ਦੀ ਸ਼ਨਾਖਤ ਕਰੋ।', 'ਦਿਨ 31-60: ਸੀਨੀਅਰ ਲੀਡਰਸ਼ਿਪ ਰਾਹੀਂ ਘਰ-ਘਰ ਜਾ ਕੇ ਸਰਕਾਰ ਦੀਆਂ ਨਿਰਪੱਖ ਨੀਤੀਆਂ ਸਾਂਝੀਆਂ ਕਰੋ।', 'ਦਿਨ 61-90: ਨੌਜਵਾਨ ਵਰਗ ਨੂੰ ਸਰਕਾਰੀ ਨੌਕਰੀਆਂ ਅਤੇ ਖੇਡ ਕਿੱਟਾਂ ਰਾਹੀਂ ਪਾਰਟੀ ਨਾਲ ਜੋੜ ਕੇ ਲੀਡ ਘਟਾਓ।']}"
57,57,56,57,57,False,#57,Booth #57 (Unchanged),ਬੂਥ #57 (ਅਣਬਦਲਿਆ),Thareawal,ਥਰੀਏਵਾਲ,ਥਰੀਏਵਾਲ,Thareawal,ਥਰੀਏਵਾਲ,Thareawal,ਥਰੀਏਵਾਲ,SAD,SAD,71,85,SAD Retained,SAD Retained,AAP Deficit,ਆਪ ਘਾਟ,INC Deficit,"{'AAP': 'LOST_BOTH', 'SAD': 'WON_BOTH', 'INC': 'LOST_BOTH', 'BJP': 'LOST_BOTH'}",False,"{'is_flip': False, 'status_label': 'SAD Retained', 'turnout_diff': -99, 'turnout_pct': -15.69, 'sad_swing': -6.72, 'aap_swing': -11.45, 'inc_swing': 7.32, 'bjp_swing': 12.62}",631,532,-99,-15.69,301,218,-83,47.7,40.98,-6.72,230,133,-97,36.45,25.0,-11.45,57,87,30,9.03,16.35,7.32,1,68,67,0.16,12.78,12.62,7,1.32,"{'total': 631, 'sad': 301, 'aap': 230, 'inc': 57, 'bjp': 1, 'sad_votes': 301, 'sad_pct': 47.7, 'aap_votes': 230, 'aap_pct': 36.45, 'inc_votes': 57, 'inc_pct': 9.03, 'bjp_votes': 1, 'bjp_pct': 0.16, 'winner_party': 'SAD', 'margin': 71, 'winner_candidate': 'Ganieve Kaur Majithia'}","{'total': 532, 'sad': 218, 'aap': 133, 'inc': 87, 'bjp': 68, 'sada': 7, 'bsp': 0, 'others': 19, 'sad_votes': 218, 'sad_pct': 40.98, 'aap_votes': 133, 'aap_pct': 25.0, 'inc_votes': 87, 'inc_pct': 16.35, 'bjp_votes': 68, 'bjp_pct': 12.78, 'sada_votes': 7, 'sada_pct': 1.32, 'winner_party': 'SAD', 'margin': 85, 'winner_candidate': 'Anil Joshi'}","{'turnout_diff': -99, 'turnout_pct': -15.69, 'sad_shift': -83, 'sad_swing': -6.72, 'aap_shift': -97, 'aap_swing': -11.45, 'inc_shift': 30, 'inc_swing': 7.32, 'bjp_shift': 67, 'bjp_swing': 12.62}",Akali Bastion: Strategic Penetration & Demolition Zone,ਅਕਾਲੀ ਦਲ ਦਾ ਪ੍ਰਭਾਵਿਤ ਖੇਤਰ: ਵਿਸ਼ੇਸ਼ ਘੇਰਾਬੰਦੀ ਜ਼ੋਨ,SAD retained lead here by +85 votes (41.0% share). Target moderate Panthic and farming families in Thareawal disillusioned with traditional leadership. Appoint dedicated block coordinators and highlight direct government procurement and village development works.,ਅਕਾਲੀ ਦਲ ਨੇ ਇੱਥੇ +85 ਵੋਟਾਂ (41.0%) ਨਾਲ ਲੀਡ ਬਣਾਈ ਹੈ। ਥਰੀਏਵਾਲ ਵਿੱਚ ਰਵਾਇਤੀ ਲੀਡਰਸ਼ਿਪ ਤੋਂ ਨਿਰਾਸ਼ ਕਿਸਾਨ ਅਤੇ ਪੰਥਕ ਪਰਿਵਾਰਾਂ ਨਾਲ ਸੰਵਾਦ ਕਰੋ। ਪਿੰਡਾਂ ਵਿੱਚ ਪੰਜਾਬ ਸਰਕਾਰ ਦੇ ਵਿਕਾਸ ਕਾਰਜਾਂ ਅਤੇ ਨਿਰਪੱਖ ਭਰਤੀਆਂ ਦੇ ਸੁਨੇਹੇ ਨਾਲ ਸੰਨ੍ਹ ਲਗਾਓ।,"{'booth_no': '57', 'village_en': 'Thareawal', 'village_pa': 'ਥਰੀਏਵਾਲ', 'zone_en': 'Akali Bastion: Strategic Penetration & Demolition Zone', 'zone_pa': 'ਅਕਾਲੀ ਦਲ ਦਾ ਪ੍ਰਭਾਵਿਤ ਖੇਤਰ: ਵਿਸ਼ੇਸ਼ ਘੇਰਾਬੰਦੀ ਜ਼ੋਨ', 'action_en': 'SAD retained lead here by +85 votes (41.0% share). Target moderate Panthic and farming families in Thareawal disillusioned with traditional leadership. Appoint dedicated block coordinators and highlight direct government procurement and village development works.', 'action_pa': 'ਅਕਾਲੀ ਦਲ ਨੇ ਇੱਥੇ +85 ਵੋਟਾਂ (41.0%) ਨਾਲ ਲੀਡ ਬਣਾਈ ਹੈ। ਥਰੀਏਵਾਲ ਵਿੱਚ ਰਵਾਇਤੀ ਲੀਡਰਸ਼ਿਪ ਤੋਂ ਨਿਰਾਸ਼ ਕਿਸਾਨ ਅਤੇ ਪੰਥਕ ਪਰਿਵਾਰਾਂ ਨਾਲ ਸੰਵਾਦ ਕਰੋ। ਪਿੰਡਾਂ ਵਿੱਚ ਪੰਜਾਬ ਸਰਕਾਰ ਦੇ ਵਿਕਾਸ ਕਾਰਜਾਂ ਅਤੇ ਨਿਰਪੱਖ ਭਰਤੀਆਂ ਦੇ ਸੁਨੇਹੇ ਨਾਲ ਸੰਨ੍ਹ ਲਗਾਓ।', 'action_steps_en': ['Days 1-30: Map the top 30 influential non-committed Panthic families in Thareawal.', 'Days 31-60: Deploy senior constituency leaders for direct home visits to address local disgruntlement.', ""Days 61-90: Neutralize SAD's +85 vote cushion by winning over agricultural youth.""], 'action_steps_pa': ['ਦਿਨ 1-30: ਥਰੀਏਵਾਲ ਦੇ 30 ਨਿਰਪੱਖ ਅਤੇ ਪ੍ਰਭਾਵਸ਼ਾਲੀ ਪਰਿਵਾਰਾਂ ਦੀ ਸ਼ਨਾਖਤ ਕਰੋ।', 'ਦਿਨ 31-60: ਸੀਨੀਅਰ ਲੀਡਰਸ਼ਿਪ ਰਾਹੀਂ ਘਰ-ਘਰ ਜਾ ਕੇ ਸਰਕਾਰ ਦੀਆਂ ਨਿਰਪੱਖ ਨੀਤੀਆਂ ਸਾਂਝੀਆਂ ਕਰੋ।', 'ਦਿਨ 61-90: ਨੌਜਵਾਨ ਵਰਗ ਨੂੰ ਸਰਕਾਰੀ ਨੌਕਰੀਆਂ ਅਤੇ ਖੇਡ ਕਿੱਟਾਂ ਰਾਹੀਂ ਪਾਰਟੀ ਨਾਲ ਜੋੜ ਕੇ ਲੀਡ ਘਟਾਓ।'], 'action_steps': ['ਦਿਨ 1-30: ਥਰੀਏਵਾਲ ਦੇ 30 ਨਿਰਪੱਖ ਅਤੇ ਪ੍ਰਭਾਵਸ਼ਾਲੀ ਪਰਿਵਾਰਾਂ ਦੀ ਸ਼ਨਾਖਤ ਕਰੋ।', 'ਦਿਨ 31-60: ਸੀਨੀਅਰ ਲੀਡਰਸ਼ਿਪ ਰਾਹੀਂ ਘਰ-ਘਰ ਜਾ ਕੇ ਸਰਕਾਰ ਦੀਆਂ ਨਿਰਪੱਖ ਨੀਤੀਆਂ ਸਾਂਝੀਆਂ ਕਰੋ।', 'ਦਿਨ 61-90: ਨੌਜਵਾਨ ਵਰਗ ਨੂੰ ਸਰਕਾਰੀ ਨੌਕਰੀਆਂ ਅਤੇ ਖੇਡ ਕਿੱਟਾਂ ਰਾਹੀਂ ਪਾਰਟੀ ਨਾਲ ਜੋੜ ਕੇ ਲੀਡ ਘਟਾਓ।']}"
58,58,57,58,58,False,#58,Booth #58 (Unchanged),ਬੂਥ #58 (ਅਣਬਦਲਿਆ),Marari Kalan,ਮਰਾਰੀ ਕਲਾਂ,ਮਰਾਰੀ ਕਲਾਂ,Marari Kalan,ਮਰਾਰੀ ਕਲਾਂ,Marari Kalan,ਮਰਾਰੀ ਕਲਾਂ,SAD,AAP,60,35,SAD → AAP,SAD → AAP,AAP Gain,ਆਪ ਲਾਭ,INC Deficit,"{'AAP': 'GAINED', 'SAD': 'LOST_24', 'INC': 'WEAK', 'BJP': 'WEAK'}",True,"{'is_flip': True, 'status_label': 'SAD → AAP', 'turnout_diff': -93, 'turnout_pct': -15.76, 'sad_swing': -6.65, 'aap_swing': 10.55, 'inc_swing': -9.57, 'bjp_swing': -0.93}",590,497,-93,-15.76,266,191,-75,45.08,38.43,-6.65,206,226,20,34.92,45.47,10.55,79,19,-60,13.39,3.82,-9.57,9,3,-6,1.53,0.6,-0.93,34,6.84,"{'total': 590, 'sad': 266, 'aap': 206, 'inc': 79, 'bjp': 9, 'sad_votes': 266, 'sad_pct': 45.08, 'aap_votes': 206, 'aap_pct': 34.92, 'inc_votes': 79, 'inc_pct': 13.39, 'bjp_votes': 9, 'bjp_pct': 1.53, 'winner_party': 'SAD', 'margin': 60, 'winner_candidate': 'Ganieve Kaur Majithia'}","{'total': 497, 'sad': 191, 'aap': 226, 'inc': 19, 'bjp': 3, 'sada': 34, 'bsp': 0, 'others': 24, 'sad_votes': 191, 'sad_pct': 38.43, 'aap_votes': 226, 'aap_pct': 45.47, 'inc_votes': 19, 'inc_pct': 3.82, 'bjp_votes': 3, 'bjp_pct': 0.6, 'sada_votes': 34, 'sada_pct': 6.84, 'winner_party': 'AAP', 'margin': 35, 'winner_candidate': 'Kuldeep Singh Dhaliwal'}","{'turnout_diff': -93, 'turnout_pct': -15.76, 'sad_shift': -75, 'sad_swing': -6.65, 'aap_shift': 20, 'aap_swing': 10.55, 'inc_shift': -60, 'inc_swing': -9.57, 'bjp_shift': -6, 'bjp_swing': -0.93}",Historic Breakthrough: AAP Flipped Stronghold,ਇਤਿਹਾਸਕ ਪ੍ਰਾਪਤੀ: ਅਕਾਲੀ ਗੜ੍ਹ ਵਿੱਚ ਆਪ ਦੀ ਜਿੱਤ ਜ਼ੋਨ,"Major breakthrough in Marari Kalan previously held by SAD. Formally induct local village swing leaders and youth volunteers who backed AAP in 2024. Resolve local village infrastructure, canal tail issues, and cement +35 lead.","ਮਰਾਰੀ ਕਲਾਂ ਵਿੱਚ ਵੱਡੀ ਇਤਿਹਾਸਕ ਸਫ਼ਲਤਾ, ਜਿੱਥੇ SAD ਦਾ ਪੁਰਾਣਾ ਦਬਦਬਾ ਟੁੱਟਿਆ। 2024 ਵਿੱਚ ਆਪ ਨਾਲ ਜੁੜੇ ਨੌਜਵਾਨਾਂ ਅਤੇ ਪੰਚਾਇਤੀ ਆਗੂਆਂ ਨੂੰ ਜਥੇਬੰਦਕ ਜ਼ਿੰਮੇਵਾਰੀਆਂ ਦਿਓ ਅਤੇ +35 ਵੋਟਾਂ ਦੀ ਲੀਡ ਨੂੰ ਸਥਾਈ ਵੋਟ ਬੈਂਕ ਵਿੱਚ ਬਦਲੋ।","{'booth_no': '58', 'village_en': 'Marari Kalan', 'village_pa': 'ਮਰਾਰੀ ਕਲਾਂ', 'zone_en': 'Historic Breakthrough: AAP Flipped Stronghold', 'zone_pa': 'ਇਤਿਹਾਸਕ ਪ੍ਰਾਪਤੀ: ਅਕਾਲੀ ਗੜ੍ਹ ਵਿੱਚ ਆਪ ਦੀ ਜਿੱਤ ਜ਼ੋਨ', 'action_en': 'Major breakthrough in Marari Kalan previously held by SAD. Formally induct local village swing leaders and youth volunteers who backed AAP in 2024. Resolve local village infrastructure, canal tail issues, and cement +35 lead.', 'action_pa': 'ਮਰਾਰੀ ਕਲਾਂ ਵਿੱਚ ਵੱਡੀ ਇਤਿਹਾਸਕ ਸਫ਼ਲਤਾ, ਜਿੱਥੇ SAD ਦਾ ਪੁਰਾਣਾ ਦਬਦਬਾ ਟੁੱਟਿਆ। 2024 ਵਿੱਚ ਆਪ ਨਾਲ ਜੁੜੇ ਨੌਜਵਾਨਾਂ ਅਤੇ ਪੰਚਾਇਤੀ ਆਗੂਆਂ ਨੂੰ ਜਥੇਬੰਦਕ ਜ਼ਿੰਮੇਵਾਰੀਆਂ ਦਿਓ ਅਤੇ +35 ਵੋਟਾਂ ਦੀ ਲੀਡ ਨੂੰ ਸਥਾਈ ਵੋਟ ਬੈਂਕ ਵਿੱਚ ਬਦਲੋ।', 'action_steps_en': ['Days 1-30: Onboard dynamic swing workers who crossed over from SAD into the formal AAP booth structure.', 'Days 31-60: Prioritize village link road and street light repairs in Marari Kalan through rural development grants.', 'Days 61-90: Convert current +35 vote lead into permanent party loyalty before 2027.'], 'action_steps_pa': ['ਦਿਨ 1-30: SAD ਛੱਡ ਕੇ ਆਪ ਵਿੱਚ ਸ਼ਾਮਲ ਹੋਏ ਆਗੂਆਂ ਨੂੰ ਬੂਥ ਕਮੇਟੀ ਵਿੱਚ ਅਹਿਮ ਜ਼ਿੰਮੇਵਾਰੀਆਂ ਦਿਓ।', ""ਦਿਨ 31-60: ਮਰਾਰੀ ਕਲਾਂ ਵਿੱਚ ਪਿੰਡ ਦੀਆਂ ਫਿਰਨੀਆਂ, ਗਲੀਆਂ ਅਤੇ ਲਿੰਕ ਸੜਕਾਂ ਦੇ ਕੰਮ ਤਰਜੀਹ 'ਤੇ ਕਰਵਾਓ।"", 'ਦਿਨ 61-90: +35 ਵੋਟਾਂ ਦੀ ਲੀਡ ਨੂੰ ਪੱਕੇ ਵੋਟ ਬੈਂਕ ਵਿੱਚ ਤਬਦੀਲ ਕਰੋ।'], 'action_steps': ['ਦਿਨ 1-30: SAD ਛੱਡ ਕੇ ਆਪ ਵਿੱਚ ਸ਼ਾਮਲ ਹੋਏ ਆਗੂਆਂ ਨੂੰ ਬੂਥ ਕਮੇਟੀ ਵਿੱਚ ਅਹਿਮ ਜ਼ਿੰਮੇਵਾਰੀਆਂ ਦਿਓ।', ""ਦਿਨ 31-60: ਮਰਾਰੀ ਕਲਾਂ ਵਿੱਚ ਪਿੰਡ ਦੀਆਂ ਫਿਰਨੀਆਂ, ਗਲੀਆਂ ਅਤੇ ਲਿੰਕ ਸੜਕਾਂ ਦੇ ਕੰਮ ਤਰਜੀਹ 'ਤੇ ਕਰਵਾਓ।"", 'ਦਿਨ 61-90: +35 ਵੋਟਾਂ ਦੀ ਲੀਡ ਨੂੰ ਪੱਕੇ ਵੋਟ ਬੈਂਕ ਵਿੱਚ ਤਬਦੀਲ ਕਰੋ।']}"
59,59,58,59,59,False,#59,Booth #59 (Unchanged),ਬੂਥ #59 (ਅਣਬਦਲਿਆ),Marari Kalan,ਮਰਾਰੀ ਕਲਾਂ,ਮਰਾਰੀ ਕਲਾਂ,Marari Kalan,ਮਰਾਰੀ ਕਲਾਂ,Marari Kalan,ਮਰਾਰੀ ਕਲਾਂ,SAD,SAD,38,77,SAD Retained,SAD Retained,AAP Deficit,ਆਪ ਘਾਟ,INC Deficit,"{'AAP': 'LOST_BOTH', 'SAD': 'WON_BOTH', 'INC': 'WEAK', 'BJP': 'WEAK'}",False,"{'is_flip': False, 'status_label': 'SAD Retained', 'turnout_diff': -122, 'turnout_pct': -17.76, 'sad_swing': 0.76, 'aap_swing': -7.34, 'inc_swing': -0.1, 'bjp_swing': 0.59}",687,565,-122,-17.76,328,274,-54,47.74,48.5,0.76,290,197,-93,42.21,34.87,-7.34,25,20,-5,3.64,3.54,-0.1,2,5,3,0.29,0.88,0.59,35,6.19,"{'total': 687, 'sad': 328, 'aap': 290, 'inc': 25, 'bjp': 2, 'sad_votes': 328, 'sad_pct': 47.74, 'aap_votes': 290, 'aap_pct': 42.21, 'inc_votes': 25, 'inc_pct': 3.64, 'bjp_votes': 2, 'bjp_pct': 0.29, 'winner_party': 'SAD', 'margin': 38, 'winner_candidate': 'Ganieve Kaur Majithia'}","{'total': 565, 'sad': 274, 'aap': 197, 'inc': 20, 'bjp': 5, 'sada': 35, 'bsp': 3, 'others': 31, 'sad_votes': 274, 'sad_pct': 48.5, 'aap_votes': 197, 'aap_pct': 34.87, 'inc_votes': 20, 'inc_pct': 3.54, 'bjp_votes': 5, 'bjp_pct': 0.88, 'sada_votes': 35, 'sada_pct': 6.19, 'winner_party': 'SAD', 'margin': 77, 'winner_candidate': 'Anil Joshi'}","{'turnout_diff': -122, 'turnout_pct': -17.76, 'sad_shift': -54, 'sad_swing': 0.76, 'aap_shift': -93, 'aap_swing': -7.34, 'inc_shift': -5, 'inc_swing': -0.1, 'bjp_shift': 3, 'bjp_swing': 0.59}",Akali Bastion: Strategic Penetration & Demolition Zone,ਅਕਾਲੀ ਦਲ ਦਾ ਪ੍ਰਭਾਵਿਤ ਖੇਤਰ: ਵਿਸ਼ੇਸ਼ ਘੇਰਾਬੰਦੀ ਜ਼ੋਨ,SAD retained lead here by +77 votes (48.5% share). Target moderate Panthic and farming families in Marari Kalan disillusioned with traditional leadership. Appoint dedicated block coordinators and highlight direct government procurement and village development works.,ਅਕਾਲੀ ਦਲ ਨੇ ਇੱਥੇ +77 ਵੋਟਾਂ (48.5%) ਨਾਲ ਲੀਡ ਬਣਾਈ ਹੈ। ਮਰਾਰੀ ਕਲਾਂ ਵਿੱਚ ਰਵਾਇਤੀ ਲੀਡਰਸ਼ਿਪ ਤੋਂ ਨਿਰਾਸ਼ ਕਿਸਾਨ ਅਤੇ ਪੰਥਕ ਪਰਿਵਾਰਾਂ ਨਾਲ ਸੰਵਾਦ ਕਰੋ। ਪਿੰਡਾਂ ਵਿੱਚ ਪੰਜਾਬ ਸਰਕਾਰ ਦੇ ਵਿਕਾਸ ਕਾਰਜਾਂ ਅਤੇ ਨਿਰਪੱਖ ਭਰਤੀਆਂ ਦੇ ਸੁਨੇਹੇ ਨਾਲ ਸੰਨ੍ਹ ਲਗਾਓ।,"{'booth_no': '59', 'village_en': 'Marari Kalan', 'village_pa': 'ਮਰਾਰੀ ਕਲਾਂ', 'zone_en': 'Akali Bastion: Strategic Penetration & Demolition Zone', 'zone_pa': 'ਅਕਾਲੀ ਦਲ ਦਾ ਪ੍ਰਭਾਵਿਤ ਖੇਤਰ: ਵਿਸ਼ੇਸ਼ ਘੇਰਾਬੰਦੀ ਜ਼ੋਨ', 'action_en': 'SAD retained lead here by +77 votes (48.5% share). Target moderate Panthic and farming families in Marari Kalan disillusioned with traditional leadership. Appoint dedicated block coordinators and highlight direct government procurement and village development works.', 'action_pa': 'ਅਕਾਲੀ ਦਲ ਨੇ ਇੱਥੇ +77 ਵੋਟਾਂ (48.5%) ਨਾਲ ਲੀਡ ਬਣਾਈ ਹੈ। ਮਰਾਰੀ ਕਲਾਂ ਵਿੱਚ ਰਵਾਇਤੀ ਲੀਡਰਸ਼ਿਪ ਤੋਂ ਨਿਰਾਸ਼ ਕਿਸਾਨ ਅਤੇ ਪੰਥਕ ਪਰਿਵਾਰਾਂ ਨਾਲ ਸੰਵਾਦ ਕਰੋ। ਪਿੰਡਾਂ ਵਿੱਚ ਪੰਜਾਬ ਸਰਕਾਰ ਦੇ ਵਿਕਾਸ ਕਾਰਜਾਂ ਅਤੇ ਨਿਰਪੱਖ ਭਰਤੀਆਂ ਦੇ ਸੁਨੇਹੇ ਨਾਲ ਸੰਨ੍ਹ ਲਗਾਓ।', 'action_steps_en': ['Days 1-30: Map the top 30 influential non-committed Panthic families in Marari Kalan.', 'Days 31-60: Deploy senior constituency leaders for direct home visits to address local disgruntlement.', ""Days 61-90: Neutralize SAD's +77 vote cushion by winning over agricultural youth.""], 'action_steps_pa': ['ਦਿਨ 1-30: ਮਰਾਰੀ ਕਲਾਂ ਦੇ 30 ਨਿਰਪੱਖ ਅਤੇ ਪ੍ਰਭਾਵਸ਼ਾਲੀ ਪਰਿਵਾਰਾਂ ਦੀ ਸ਼ਨਾਖਤ ਕਰੋ।', 'ਦਿਨ 31-60: ਸੀਨੀਅਰ ਲੀਡਰਸ਼ਿਪ ਰਾਹੀਂ ਘਰ-ਘਰ ਜਾ ਕੇ ਸਰਕਾਰ ਦੀਆਂ ਨਿਰਪੱਖ ਨੀਤੀਆਂ ਸਾਂਝੀਆਂ ਕਰੋ।', 'ਦਿਨ 61-90: ਨੌਜਵਾਨ ਵਰਗ ਨੂੰ ਸਰਕਾਰੀ ਨੌਕਰੀਆਂ ਅਤੇ ਖੇਡ ਕਿੱਟਾਂ ਰਾਹੀਂ ਪਾਰਟੀ ਨਾਲ ਜੋੜ ਕੇ ਲੀਡ ਘਟਾਓ।'], 'action_steps': ['ਦਿਨ 1-30: ਮਰਾਰੀ ਕਲਾਂ ਦੇ 30 ਨਿਰਪੱਖ ਅਤੇ ਪ੍ਰਭਾਵਸ਼ਾਲੀ ਪਰਿਵਾਰਾਂ ਦੀ ਸ਼ਨਾਖਤ ਕਰੋ।', 'ਦਿਨ 31-60: ਸੀਨੀਅਰ ਲੀਡਰਸ਼ਿਪ ਰਾਹੀਂ ਘਰ-ਘਰ ਜਾ ਕੇ ਸਰਕਾਰ ਦੀਆਂ ਨਿਰਪੱਖ ਨੀਤੀਆਂ ਸਾਂਝੀਆਂ ਕਰੋ।', 'ਦਿਨ 61-90: ਨੌਜਵਾਨ ਵਰਗ ਨੂੰ ਸਰਕਾਰੀ ਨੌਕਰੀਆਂ ਅਤੇ ਖੇਡ ਕਿੱਟਾਂ ਰਾਹੀਂ ਪਾਰਟੀ ਨਾਲ ਜੋੜ ਕੇ ਲੀਡ ਘਟਾਓ।']}"
60,60,59,60,60,False,#60,Booth #60 (Unchanged),ਬੂਥ #60 (ਅਣਬਦਲਿਆ),Sham Nagar,ਸ਼ਾਮ ਨਗਰ,ਸ਼ਾਮ ਨਗਰ,Sham Nagar,ਸ਼ਾਮ ਨਗਰ,Sham Nagar,ਸ਼ਾਮ ਨਗਰ,SAD,AAP,36,15,SAD → AAP,SAD → AAP,AAP Gain,ਆਪ ਲਾਭ,INC Deficit,"{'AAP': 'GAINED', 'SAD': 'LOST_24', 'INC': 'WEAK', 'BJP': 'WEAK'}",True,"{'is_flip': True, 'status_label': 'SAD → AAP', 'turnout_diff': 173, 'turnout_pct': 49.43, 'sad_swing': -5.19, 'aap_swing': 7.97, 'inc_swing': -4.74, 'bjp_swing': -8.56}",350,523,173,49.43,154,203,49,44.0,38.81,-5.19,118,218,100,33.71,41.68,7.97,32,23,-9,9.14,4.4,-4.74,34,6,-28,9.71,1.15,-8.56,51,9.75,"{'total': 350, 'sad': 154, 'aap': 118, 'inc': 32, 'bjp': 34, 'sad_votes': 154, 'sad_pct': 44.0, 'aap_votes': 118, 'aap_pct': 33.71, 'inc_votes': 32, 'inc_pct': 9.14, 'bjp_votes': 34, 'bjp_pct': 9.71, 'winner_party': 'SAD', 'margin': 36, 'winner_candidate': 'Ganieve Kaur Majithia'}","{'total': 523, 'sad': 203, 'aap': 218, 'inc': 23, 'bjp': 6, 'sada': 51, 'bsp': 0, 'others': 21, 'sad_votes': 203, 'sad_pct': 38.81, 'aap_votes': 218, 'aap_pct': 41.68, 'inc_votes': 23, 'inc_pct': 4.4, 'bjp_votes': 6, 'bjp_pct': 1.15, 'sada_votes': 51, 'sada_pct': 9.75, 'winner_party': 'AAP', 'margin': 15, 'winner_candidate': 'Kuldeep Singh Dhaliwal'}","{'turnout_diff': 173, 'turnout_pct': 49.43, 'sad_shift': 49, 'sad_swing': -5.19, 'aap_shift': 100, 'aap_swing': 7.97, 'inc_shift': -9, 'inc_swing': -4.74, 'bjp_shift': -28, 'bjp_swing': -8.56}",Historic Breakthrough: AAP Flipped Stronghold,ਇਤਿਹਾਸਕ ਪ੍ਰਾਪਤੀ: ਅਕਾਲੀ ਗੜ੍ਹ ਵਿੱਚ ਆਪ ਦੀ ਜਿੱਤ ਜ਼ੋਨ,"Major breakthrough in Sham Nagar previously held by SAD. Formally induct local village swing leaders and youth volunteers who backed AAP in 2024. Resolve local village infrastructure, canal tail issues, and cement +15 lead.","ਸ਼ਾਮ ਨਗਰ ਵਿੱਚ ਵੱਡੀ ਇਤਿਹਾਸਕ ਸਫ਼ਲਤਾ, ਜਿੱਥੇ SAD ਦਾ ਪੁਰਾਣਾ ਦਬਦਬਾ ਟੁੱਟਿਆ। 2024 ਵਿੱਚ ਆਪ ਨਾਲ ਜੁੜੇ ਨੌਜਵਾਨਾਂ ਅਤੇ ਪੰਚਾਇਤੀ ਆਗੂਆਂ ਨੂੰ ਜਥੇਬੰਦਕ ਜ਼ਿੰਮੇਵਾਰੀਆਂ ਦਿਓ ਅਤੇ +15 ਵੋਟਾਂ ਦੀ ਲੀਡ ਨੂੰ ਸਥਾਈ ਵੋਟ ਬੈਂਕ ਵਿੱਚ ਬਦਲੋ।","{'booth_no': '60', 'village_en': 'Sham Nagar', 'village_pa': 'ਸ਼ਾਮ ਨਗਰ', 'zone_en': 'Historic Breakthrough: AAP Flipped Stronghold', 'zone_pa': 'ਇਤਿਹਾਸਕ ਪ੍ਰਾਪਤੀ: ਅਕਾਲੀ ਗੜ੍ਹ ਵਿੱਚ ਆਪ ਦੀ ਜਿੱਤ ਜ਼ੋਨ', 'action_en': 'Major breakthrough in Sham Nagar previously held by SAD. Formally induct local village swing leaders and youth volunteers who backed AAP in 2024. Resolve local village infrastructure, canal tail issues, and cement +15 lead.', 'action_pa': 'ਸ਼ਾਮ ਨਗਰ ਵਿੱਚ ਵੱਡੀ ਇਤਿਹਾਸਕ ਸਫ਼ਲਤਾ, ਜਿੱਥੇ SAD ਦਾ ਪੁਰਾਣਾ ਦਬਦਬਾ ਟੁੱਟਿਆ। 2024 ਵਿੱਚ ਆਪ ਨਾਲ ਜੁੜੇ ਨੌਜਵਾਨਾਂ ਅਤੇ ਪੰਚਾਇਤੀ ਆਗੂਆਂ ਨੂੰ ਜਥੇਬੰਦਕ ਜ਼ਿੰਮੇਵਾਰੀਆਂ ਦਿਓ ਅਤੇ +15 ਵੋਟਾਂ ਦੀ ਲੀਡ ਨੂੰ ਸਥਾਈ ਵੋਟ ਬੈਂਕ ਵਿੱਚ ਬਦਲੋ।', 'action_steps_en': ['Days 1-30: Onboard dynamic swing workers who crossed over from SAD into the formal AAP booth structure.', 'Days 31-60: Prioritize village link road and street light repairs in Sham Nagar through rural development grants.', 'Days 61-90: Convert current +15 vote lead into permanent party loyalty before 2027.'], 'action_steps_pa': ['ਦਿਨ 1-30: SAD ਛੱਡ ਕੇ ਆਪ ਵਿੱਚ ਸ਼ਾਮਲ ਹੋਏ ਆਗੂਆਂ ਨੂੰ ਬੂਥ ਕਮੇਟੀ ਵਿੱਚ ਅਹਿਮ ਜ਼ਿੰਮੇਵਾਰੀਆਂ ਦਿਓ।', ""ਦਿਨ 31-60: ਸ਼ਾਮ ਨਗਰ ਵਿੱਚ ਪਿੰਡ ਦੀਆਂ ਫਿਰਨੀਆਂ, ਗਲੀਆਂ ਅਤੇ ਲਿੰਕ ਸੜਕਾਂ ਦੇ ਕੰਮ ਤਰਜੀਹ 'ਤੇ ਕਰਵਾਓ।"", 'ਦਿਨ 61-90: +15 ਵੋਟਾਂ ਦੀ ਲੀਡ ਨੂੰ ਪੱਕੇ ਵੋਟ ਬੈਂਕ ਵਿੱਚ ਤਬਦੀਲ ਕਰੋ।'], 'action_steps': ['ਦਿਨ 1-30: SAD ਛੱਡ ਕੇ ਆਪ ਵਿੱਚ ਸ਼ਾਮਲ ਹੋਏ ਆਗੂਆਂ ਨੂੰ ਬੂਥ ਕਮੇਟੀ ਵਿੱਚ ਅਹਿਮ ਜ਼ਿੰਮੇਵਾਰੀਆਂ ਦਿਓ।', ""ਦਿਨ 31-60: ਸ਼ਾਮ ਨਗਰ ਵਿੱਚ ਪਿੰਡ ਦੀਆਂ ਫਿਰਨੀਆਂ, ਗਲੀਆਂ ਅਤੇ ਲਿੰਕ ਸੜਕਾਂ ਦੇ ਕੰਮ ਤਰਜੀਹ 'ਤੇ ਕਰਵਾਓ।"", 'ਦਿਨ 61-90: +15 ਵੋਟਾਂ ਦੀ ਲੀਡ ਨੂੰ ਪੱਕੇ ਵੋਟ ਬੈਂਕ ਵਿੱਚ ਤਬਦੀਲ ਕਰੋ।']}"
61,61,60,61,61,False,#61,Booth #61 (Unchanged),ਬੂਥ #61 (ਅਣਬਦਲਿਆ),Sham Nagar,ਸ਼ਾਮ ਨਗਰ,ਸ਼ਾਮ ਨਗਰ,Sham Nagar,ਸ਼ਾਮ ਨਗਰ,Sham Nagar,ਸ਼ਾਮ ਨਗਰ,SAD,AAP,149,113,SAD → AAP,SAD → AAP,AAP Gain,ਆਪ ਲਾਭ,INC Deficit,"{'AAP': 'GAINED', 'SAD': 'LOST_24', 'INC': 'WEAK', 'BJP': 'WEAK'}",True,"{'is_flip': True, 'status_label': 'SAD → AAP', 'turnout_diff': -84, 'turnout_pct': -12.23, 'sad_swing': -15.15, 'aap_swing': 26.88, 'inc_swing': -16.68, 'bjp_swing': 1.26}",687,603,-84,-12.23,316,186,-130,46.0,30.85,-15.15,156,299,143,22.71,49.59,26.88,167,46,-121,24.31,7.63,-16.68,5,12,7,0.73,1.99,1.26,21,3.48,"{'total': 687, 'sad': 316, 'aap': 156, 'inc': 167, 'bjp': 5, 'sad_votes': 316, 'sad_pct': 46.0, 'aap_votes': 156, 'aap_pct': 22.71, 'inc_votes': 167, 'inc_pct': 24.31, 'bjp_votes': 5, 'bjp_pct': 0.73, 'winner_party': 'SAD', 'margin': 149, 'winner_candidate': 'Ganieve Kaur Majithia'}","{'total': 603, 'sad': 186, 'aap': 299, 'inc': 46, 'bjp': 12, 'sada': 21, 'bsp': 0, 'others': 36, 'sad_votes': 186, 'sad_pct': 30.85, 'aap_votes': 299, 'aap_pct': 49.59, 'inc_votes': 46, 'inc_pct': 7.63, 'bjp_votes': 12, 'bjp_pct': 1.99, 'sada_votes': 21, 'sada_pct': 3.48, 'winner_party': 'AAP', 'margin': 113, 'winner_candidate': 'Kuldeep Singh Dhaliwal'}","{'turnout_diff': -84, 'turnout_pct': -12.23, 'sad_shift': -130, 'sad_swing': -15.15, 'aap_shift': 143, 'aap_swing': 26.88, 'inc_shift': -121, 'inc_swing': -16.68, 'bjp_shift': 7, 'bjp_swing': 1.26}",Historic Breakthrough: AAP Flipped Stronghold,ਇਤਿਹਾਸਕ ਪ੍ਰਾਪਤੀ: ਅਕਾਲੀ ਗੜ੍ਹ ਵਿੱਚ ਆਪ ਦੀ ਜਿੱਤ ਜ਼ੋਨ,"Major breakthrough in Sham Nagar previously held by SAD. Formally induct local village swing leaders and youth volunteers who backed AAP in 2024. Resolve local village infrastructure, canal tail issues, and cement +113 lead.","ਸ਼ਾਮ ਨਗਰ ਵਿੱਚ ਵੱਡੀ ਇਤਿਹਾਸਕ ਸਫ਼ਲਤਾ, ਜਿੱਥੇ SAD ਦਾ ਪੁਰਾਣਾ ਦਬਦਬਾ ਟੁੱਟਿਆ। 2024 ਵਿੱਚ ਆਪ ਨਾਲ ਜੁੜੇ ਨੌਜਵਾਨਾਂ ਅਤੇ ਪੰਚਾਇਤੀ ਆਗੂਆਂ ਨੂੰ ਜਥੇਬੰਦਕ ਜ਼ਿੰਮੇਵਾਰੀਆਂ ਦਿਓ ਅਤੇ +113 ਵੋਟਾਂ ਦੀ ਲੀਡ ਨੂੰ ਸਥਾਈ ਵੋਟ ਬੈਂਕ ਵਿੱਚ ਬਦਲੋ।","{'booth_no': '61', 'village_en': 'Sham Nagar', 'village_pa': 'ਸ਼ਾਮ ਨਗਰ', 'zone_en': 'Historic Breakthrough: AAP Flipped Stronghold', 'zone_pa': 'ਇਤਿਹਾਸਕ ਪ੍ਰਾਪਤੀ: ਅਕਾਲੀ ਗੜ੍ਹ ਵਿੱਚ ਆਪ ਦੀ ਜਿੱਤ ਜ਼ੋਨ', 'action_en': 'Major breakthrough in Sham Nagar previously held by SAD. Formally induct local village swing leaders and youth volunteers who backed AAP in 2024. Resolve local village infrastructure, canal tail issues, and cement +113 lead.', 'action_pa': 'ਸ਼ਾਮ ਨਗਰ ਵਿੱਚ ਵੱਡੀ ਇਤਿਹਾਸਕ ਸਫ਼ਲਤਾ, ਜਿੱਥੇ SAD ਦਾ ਪੁਰਾਣਾ ਦਬਦਬਾ ਟੁੱਟਿਆ। 2024 ਵਿੱਚ ਆਪ ਨਾਲ ਜੁੜੇ ਨੌਜਵਾਨਾਂ ਅਤੇ ਪੰਚਾਇਤੀ ਆਗੂਆਂ ਨੂੰ ਜਥੇਬੰਦਕ ਜ਼ਿੰਮੇਵਾਰੀਆਂ ਦਿਓ ਅਤੇ +113 ਵੋਟਾਂ ਦੀ ਲੀਡ ਨੂੰ ਸਥਾਈ ਵੋਟ ਬੈਂਕ ਵਿੱਚ ਬਦਲੋ।', 'action_steps_en': ['Days 1-30: Onboard dynamic swing workers who crossed over from SAD into the formal AAP booth structure.', 'Days 31-60: Prioritize village link road and street light repairs in Sham Nagar through rural development grants.', 'Days 61-90: Convert current +113 vote lead into permanent party loyalty before 2027.'], 'action_steps_pa': ['ਦਿਨ 1-30: SAD ਛੱਡ ਕੇ ਆਪ ਵਿੱਚ ਸ਼ਾਮਲ ਹੋਏ ਆਗੂਆਂ ਨੂੰ ਬੂਥ ਕਮੇਟੀ ਵਿੱਚ ਅਹਿਮ ਜ਼ਿੰਮੇਵਾਰੀਆਂ ਦਿਓ।', ""ਦਿਨ 31-60: ਸ਼ਾਮ ਨਗਰ ਵਿੱਚ ਪਿੰਡ ਦੀਆਂ ਫਿਰਨੀਆਂ, ਗਲੀਆਂ ਅਤੇ ਲਿੰਕ ਸੜਕਾਂ ਦੇ ਕੰਮ ਤਰਜੀਹ 'ਤੇ ਕਰਵਾਓ।"", 'ਦਿਨ 61-90: +113 ਵੋਟਾਂ ਦੀ ਲੀਡ ਨੂੰ ਪੱਕੇ ਵੋਟ ਬੈਂਕ ਵਿੱਚ ਤਬਦੀਲ ਕਰੋ।'], 'action_steps': ['ਦਿਨ 1-30: SAD ਛੱਡ ਕੇ ਆਪ ਵਿੱਚ ਸ਼ਾਮਲ ਹੋਏ ਆਗੂਆਂ ਨੂੰ ਬੂਥ ਕਮੇਟੀ ਵਿੱਚ ਅਹਿਮ ਜ਼ਿੰਮੇਵਾਰੀਆਂ ਦਿਓ।', ""ਦਿਨ 31-60: ਸ਼ਾਮ ਨਗਰ ਵਿੱਚ ਪਿੰਡ ਦੀਆਂ ਫਿਰਨੀਆਂ, ਗਲੀਆਂ ਅਤੇ ਲਿੰਕ ਸੜਕਾਂ ਦੇ ਕੰਮ ਤਰਜੀਹ 'ਤੇ ਕਰਵਾਓ।"", 'ਦਿਨ 61-90: +113 ਵੋਟਾਂ ਦੀ ਲੀਡ ਨੂੰ ਪੱਕੇ ਵੋਟ ਬੈਂਕ ਵਿੱਚ ਤਬਦੀਲ ਕਰੋ।']}"
62,62,61,62,62,False,#62,Booth #62 (Unchanged),ਬੂਥ #62 (ਅਣਬਦਲਿਆ),Kharaswala,ਖਰਾਸਵਾਲਾ,ਖਰਾਸਵਾਲਾ,Kharaswala,ਖਰਾਸਵਾਲਾ,Kharaswala,ਖਰਾਸਵਾਲਾ,SAD,BJP,157,74,SAD → BJP,SAD → BJP,AAP Deficit,ਆਪ ਘਾਟ,INC Deficit,"{'AAP': 'WEAK', 'SAD': 'LOST_24', 'INC': 'LOST_BOTH', 'BJP': 'GAINED'}",True,"{'is_flip': True, 'status_label': 'SAD → BJP', 'turnout_diff': -226, 'turnout_pct': -39.17, 'sad_swing': -29.3, 'aap_swing': -14.05, 'inc_swing': 4.62, 'bjp_swing': 41.87}",577,351,-226,-39.17,294,76,-218,50.95,21.65,-29.3,137,34,-103,23.74,9.69,-14.05,95,74,-21,16.46,21.08,4.62,5,150,145,0.87,42.74,41.87,5,1.42,"{'total': 577, 'sad': 294, 'aap': 137, 'inc': 95, 'bjp': 5, 'sad_votes': 294, 'sad_pct': 50.95, 'aap_votes': 137, 'aap_pct': 23.74, 'inc_votes': 95, 'inc_pct': 16.46, 'bjp_votes': 5, 'bjp_pct': 0.87, 'winner_party': 'SAD', 'margin': 157, 'winner_candidate': 'Ganieve Kaur Majithia'}","{'total': 351, 'sad': 76, 'aap': 34, 'inc': 74, 'bjp': 150, 'sada': 5, 'bsp': 0, 'others': 10, 'sad_votes': 76, 'sad_pct': 21.65, 'aap_votes': 34, 'aap_pct': 9.69, 'inc_votes': 74, 'inc_pct': 21.08, 'bjp_votes': 150, 'bjp_pct': 42.74, 'sada_votes': 5, 'sada_pct': 1.42, 'winner_party': 'BJP', 'margin': 74, 'winner_candidate': 'Taranjit Singh Sandhu Samundri'}","{'turnout_diff': -226, 'turnout_pct': -39.17, 'sad_shift': -218, 'sad_swing': -29.3, 'aap_shift': -103, 'aap_swing': -14.05, 'inc_shift': -21, 'inc_swing': 4.62, 'bjp_shift': 145, 'bjp_swing': 41.87}",Urban Infiltration: BJP Containment & Counter-Offensive,ਸ਼ਹਿਰੀ ਸੰਵੇਦਨਸ਼ੀਲ ਖੇਤਰ: ਭਾਜਪਾ ਕਾਊਂਟਰ-ਮੁਹਿੰਮ ਜ਼ੋਨ,"BJP led here by +74 votes with 42.7% vote share in urban pockets of Kharaswala. Conduct structured dialogues with local shopkeepers, commission agents, and urban families. Emphasize state guarantees vs central economic policies.","ਭਾਜਪਾ ਨੇ ਖਰਾਸਵਾਲਾ ਦੇ ਸ਼ਹਿਰੀ ਹਿੱਸਿਆਂ ਵਿੱਚ +74 ਵੋਟਾਂ (42.7%) ਹਾਸਲ ਕੀਤੇ ਹਨ। ਵਪਾਰੀਆਂ, ਦੁਕਾਨਦਾਰਾਂ ਅਤੇ ਮੁਹੱਲਾ ਕਮੇਟੀਆਂ ਨਾਲ ਮੀਟਿੰਗਾਂ ਕਰਕੇ ਸਿੱਧਾ ਸੰਵਾਦ ਕਰੋ ਅਤੇ ਲੋਕ-ਪੱਖੀ ਨੀਤੀਆਂ ਬਾਰੇ ਜਾਗਰੂਕ ਕਰੋ।","{'booth_no': '62', 'village_en': 'Kharaswala', 'village_pa': 'ਖਰਾਸਵਾਲਾ', 'zone_en': 'Urban Infiltration: BJP Containment & Counter-Offensive', 'zone_pa': 'ਸ਼ਹਿਰੀ ਸੰਵੇਦਨਸ਼ੀਲ ਖੇਤਰ: ਭਾਜਪਾ ਕਾਊਂਟਰ-ਮੁਹਿੰਮ ਜ਼ੋਨ', 'action_en': 'BJP led here by +74 votes with 42.7% vote share in urban pockets of Kharaswala. Conduct structured dialogues with local shopkeepers, commission agents, and urban families. Emphasize state guarantees vs central economic policies.', 'action_pa': 'ਭਾਜਪਾ ਨੇ ਖਰਾਸਵਾਲਾ ਦੇ ਸ਼ਹਿਰੀ ਹਿੱਸਿਆਂ ਵਿੱਚ +74 ਵੋਟਾਂ (42.7%) ਹਾਸਲ ਕੀਤੇ ਹਨ। ਵਪਾਰੀਆਂ, ਦੁਕਾਨਦਾਰਾਂ ਅਤੇ ਮੁਹੱਲਾ ਕਮੇਟੀਆਂ ਨਾਲ ਮੀਟਿੰਗਾਂ ਕਰਕੇ ਸਿੱਧਾ ਸੰਵਾਦ ਕਰੋ ਅਤੇ ਲੋਕ-ਪੱਖੀ ਨੀਤੀਆਂ ਬਾਰੇ ਜਾਗਰੂਕ ਕਰੋ।', 'action_steps_en': ['Days 1-30: Organize urban merchant and shopkeeper roundtables in Kharaswala.', 'Days 31-60: Counter central economic propaganda with Punjab business facilitation policies.', ""Days 61-90: Establish active urban ward cell to dismantle BJP's +74 vote pocket.""], 'action_steps_pa': ['ਦਿਨ 1-30: ਖਰਾਸਵਾਲਾ ਦੇ ਦੁਕਾਨਦਾਰਾਂ ਅਤੇ ਵਪਾਰੀ ਭਾਈਚਾਰੇ ਨਾਲ ਮੀਟਿੰਗਾਂ ਦਾ ਸਿਲਸਿਲਾ ਸ਼ੁਰੂ ਕਰੋ।', 'ਦਿਨ 31-60: ਕੇਂਦਰ ਸਰਕਾਰ ਦੀਆਂ ਆਰਥਿਕ ਨੀਤੀਆਂ ਬਨਾਮ ਪੰਜਾਬ ਸਰਕਾਰ ਦੀ ਵਪਾਰੀ ਪੱਖੀ ਪਹੁੰਚ ਬਾਰੇ ਦੱਸੋ।', 'ਦਿਨ 61-90: ਸ਼ਹਿਰੀ ਵਾਰਡਾਂ ਵਿੱਚ ਆਪ ਦਾ ਮਜ਼ਬੂਤ ਯੂਨਿਟ ਸਥਾਪਿਤ ਕਰੋ।'], 'action_steps': ['ਦਿਨ 1-30: ਖਰਾਸਵਾਲਾ ਦੇ ਦੁਕਾਨਦਾਰਾਂ ਅਤੇ ਵਪਾਰੀ ਭਾਈਚਾਰੇ ਨਾਲ ਮੀਟਿੰਗਾਂ ਦਾ ਸਿਲਸਿਲਾ ਸ਼ੁਰੂ ਕਰੋ।', 'ਦਿਨ 31-60: ਕੇਂਦਰ ਸਰਕਾਰ ਦੀਆਂ ਆਰਥਿਕ ਨੀਤੀਆਂ ਬਨਾਮ ਪੰਜਾਬ ਸਰਕਾਰ ਦੀ ਵਪਾਰੀ ਪੱਖੀ ਪਹੁੰਚ ਬਾਰੇ ਦੱਸੋ।', 'ਦਿਨ 61-90: ਸ਼ਹਿਰੀ ਵਾਰਡਾਂ ਵਿੱਚ ਆਪ ਦਾ ਮਜ਼ਬੂਤ ਯੂਨਿਟ ਸਥਾਪਿਤ ਕਰੋ।']}"
63,63,62,63,63,False,#63,Booth #63 (Unchanged),ਬੂਥ #63 (ਅਣਬਦਲਿਆ),Patalpuri,ਪਤਾਲਪੁਰੀ,ਪਤਾਲਪੁਰੀ,Patalpuri,ਪਤਾਲਪੁਰੀ,Patalpuri,ਪਤਾਲਪੁਰੀ,SAD,BJP,174,405,SAD → BJP,SAD → BJP,AAP Deficit,ਆਪ ਘਾਟ,INC Deficit,"{'AAP': 'WEAK', 'SAD': 'LOST_24', 'INC': 'WEAK', 'BJP': 'GAINED'}",True,"{'is_flip': True, 'status_label': 'SAD → BJP', 'turnout_diff': 282, 'turnout_pct': 46.23, 'sad_swing': -33.08, 'aap_swing': -14.54, 'inc_swing': -10.46, 'bjp_swing': 55.61}",610,892,282,46.23,303,148,-155,49.67,16.59,-33.08,129,59,-70,21.15,6.61,-14.54,124,88,-36,20.33,9.87,-10.46,39,553,514,6.39,62.0,55.61,1,0.11,"{'total': 610, 'sad': 303, 'aap': 129, 'inc': 124, 'bjp': 39, 'sad_votes': 303, 'sad_pct': 49.67, 'aap_votes': 129, 'aap_pct': 21.15, 'inc_votes': 124, 'inc_pct': 20.33, 'bjp_votes': 39, 'bjp_pct': 6.39, 'winner_party': 'SAD', 'margin': 174, 'winner_candidate': 'Ganieve Kaur Majithia'}","{'total': 892, 'sad': 148, 'aap': 59, 'inc': 88, 'bjp': 553, 'sada': 1, 'bsp': 3, 'others': 38, 'sad_votes': 148, 'sad_pct': 16.59, 'aap_votes': 59, 'aap_pct': 6.61, 'inc_votes': 88, 'inc_pct': 9.87, 'bjp_votes': 553, 'bjp_pct': 62.0, 'sada_votes': 1, 'sada_pct': 0.11, 'winner_party': 'BJP', 'margin': 405, 'winner_candidate': 'Taranjit Singh Sandhu Samundri'}","{'turnout_diff': 282, 'turnout_pct': 46.23, 'sad_shift': -155, 'sad_swing': -33.08, 'aap_shift': -70, 'aap_swing': -14.54, 'inc_shift': -36, 'inc_swing': -10.46, 'bjp_shift': 514, 'bjp_swing': 55.61}",Urban Infiltration: BJP Containment & Counter-Offensive,ਸ਼ਹਿਰੀ ਸੰਵੇਦਨਸ਼ੀਲ ਖੇਤਰ: ਭਾਜਪਾ ਕਾਊਂਟਰ-ਮੁਹਿੰਮ ਜ਼ੋਨ,"BJP led here by +405 votes with 62.0% vote share in urban pockets of Patalpuri. Conduct structured dialogues with local shopkeepers, commission agents, and urban families. Emphasize state guarantees vs central economic policies.","ਭਾਜਪਾ ਨੇ ਪਤਾਲਪੁਰੀ ਦੇ ਸ਼ਹਿਰੀ ਹਿੱਸਿਆਂ ਵਿੱਚ +405 ਵੋਟਾਂ (62.0%) ਹਾਸਲ ਕੀਤੇ ਹਨ। ਵਪਾਰੀਆਂ, ਦੁਕਾਨਦਾਰਾਂ ਅਤੇ ਮੁਹੱਲਾ ਕਮੇਟੀਆਂ ਨਾਲ ਮੀਟਿੰਗਾਂ ਕਰਕੇ ਸਿੱਧਾ ਸੰਵਾਦ ਕਰੋ ਅਤੇ ਲੋਕ-ਪੱਖੀ ਨੀਤੀਆਂ ਬਾਰੇ ਜਾਗਰੂਕ ਕਰੋ।","{'booth_no': '63', 'village_en': 'Patalpuri', 'village_pa': 'ਪਤਾਲਪੁਰੀ', 'zone_en': 'Urban Infiltration: BJP Containment & Counter-Offensive', 'zone_pa': 'ਸ਼ਹਿਰੀ ਸੰਵੇਦਨਸ਼ੀਲ ਖੇਤਰ: ਭਾਜਪਾ ਕਾਊਂਟਰ-ਮੁਹਿੰਮ ਜ਼ੋਨ', 'action_en': 'BJP led here by +405 votes with 62.0% vote share in urban pockets of Patalpuri. Conduct structured dialogues with local shopkeepers, commission agents, and urban families. Emphasize state guarantees vs central economic policies.', 'action_pa': 'ਭਾਜਪਾ ਨੇ ਪਤਾਲਪੁਰੀ ਦੇ ਸ਼ਹਿਰੀ ਹਿੱਸਿਆਂ ਵਿੱਚ +405 ਵੋਟਾਂ (62.0%) ਹਾਸਲ ਕੀਤੇ ਹਨ। ਵਪਾਰੀਆਂ, ਦੁਕਾਨਦਾਰਾਂ ਅਤੇ ਮੁਹੱਲਾ ਕਮੇਟੀਆਂ ਨਾਲ ਮੀਟਿੰਗਾਂ ਕਰਕੇ ਸਿੱਧਾ ਸੰਵਾਦ ਕਰੋ ਅਤੇ ਲੋਕ-ਪੱਖੀ ਨੀਤੀਆਂ ਬਾਰੇ ਜਾਗਰੂਕ ਕਰੋ।', 'action_steps_en': ['Days 1-30: Organize urban merchant and shopkeeper roundtables in Patalpuri.', 'Days 31-60: Counter central economic propaganda with Punjab business facilitation policies.', ""Days 61-90: Establish active urban ward cell to dismantle BJP's +405 vote pocket.""], 'action_steps_pa': ['ਦਿਨ 1-30: ਪਤਾਲਪੁਰੀ ਦੇ ਦੁਕਾਨਦਾਰਾਂ ਅਤੇ ਵਪਾਰੀ ਭਾਈਚਾਰੇ ਨਾਲ ਮੀਟਿੰਗਾਂ ਦਾ ਸਿਲਸਿਲਾ ਸ਼ੁਰੂ ਕਰੋ।', 'ਦਿਨ 31-60: ਕੇਂਦਰ ਸਰਕਾਰ ਦੀਆਂ ਆਰਥਿਕ ਨੀਤੀਆਂ ਬਨਾਮ ਪੰਜਾਬ ਸਰਕਾਰ ਦੀ ਵਪਾਰੀ ਪੱਖੀ ਪਹੁੰਚ ਬਾਰੇ ਦੱਸੋ।', 'ਦਿਨ 61-90: ਸ਼ਹਿਰੀ ਵਾਰਡਾਂ ਵਿੱਚ ਆਪ ਦਾ ਮਜ਼ਬੂਤ ਯੂਨਿਟ ਸਥਾਪਿਤ ਕਰੋ।'], 'action_steps': ['ਦਿਨ 1-30: ਪਤਾਲਪੁਰੀ ਦੇ ਦੁਕਾਨਦਾਰਾਂ ਅਤੇ ਵਪਾਰੀ ਭਾਈਚਾਰੇ ਨਾਲ ਮੀਟਿੰਗਾਂ ਦਾ ਸਿਲਸਿਲਾ ਸ਼ੁਰੂ ਕਰੋ।', 'ਦਿਨ 31-60: ਕੇਂਦਰ ਸਰਕਾਰ ਦੀਆਂ ਆਰਥਿਕ ਨੀਤੀਆਂ ਬਨਾਮ ਪੰਜਾਬ ਸਰਕਾਰ ਦੀ ਵਪਾਰੀ ਪੱਖੀ ਪਹੁੰਚ ਬਾਰੇ ਦੱਸੋ।', 'ਦਿਨ 61-90: ਸ਼ਹਿਰੀ ਵਾਰਡਾਂ ਵਿੱਚ ਆਪ ਦਾ ਮਜ਼ਬੂਤ ਯੂਨਿਟ ਸਥਾਪਿਤ ਕਰੋ।']}"
64,64,63,64,64,False,#64,Booth #64 (Unchanged),ਬੂਥ #64 (ਅਣਬਦਲਿਆ),Patalpuri,ਪਤਾਲਪੁਰੀ,ਪਤਾਲਪੁਰੀ,Patalpuri,ਪਤਾਲਪੁਰੀ,Patalpuri,ਪਤਾਲਪੁਰੀ,SAD,BJP,85,87,SAD → BJP,SAD → BJP,AAP Deficit,ਆਪ ਘਾਟ,INC Deficit,"{'AAP': 'WEAK', 'SAD': 'LOST_24', 'INC': 'LOST_BOTH', 'BJP': 'GAINED'}",True,"{'is_flip': True, 'status_label': 'SAD → BJP', 'turnout_diff': 74, 'turnout_pct': 12.59, 'sad_swing': -25.15, 'aap_swing': -27.62, 'inc_swing': 14.95, 'bjp_swing': 40.03}",588,662,74,12.59,306,178,-128,52.04,26.89,-25.15,221,66,-155,37.59,9.97,-27.62,16,117,101,2.72,17.67,14.95,0,265,265,0.0,40.03,40.03,5,0.76,"{'total': 588, 'sad': 306, 'aap': 221, 'inc': 16, 'bjp': 0, 'sad_votes': 306, 'sad_pct': 52.04, 'aap_votes': 221, 'aap_pct': 37.59, 'inc_votes': 16, 'inc_pct': 2.72, 'bjp_votes': 0, 'bjp_pct': 0.0, 'winner_party': 'SAD', 'margin': 85, 'winner_candidate': 'Ganieve Kaur Majithia'}","{'total': 662, 'sad': 178, 'aap': 66, 'inc': 117, 'bjp': 265, 'sada': 5, 'bsp': 3, 'others': 27, 'sad_votes': 178, 'sad_pct': 26.89, 'aap_votes': 66, 'aap_pct': 9.97, 'inc_votes': 117, 'inc_pct': 17.67, 'bjp_votes': 265, 'bjp_pct': 40.03, 'sada_votes': 5, 'sada_pct': 0.76, 'winner_party': 'BJP', 'margin': 87, 'winner_candidate': 'Taranjit Singh Sandhu Samundri'}","{'turnout_diff': 74, 'turnout_pct': 12.59, 'sad_shift': -128, 'sad_swing': -25.15, 'aap_shift': -155, 'aap_swing': -27.62, 'inc_shift': 101, 'inc_swing': 14.95, 'bjp_shift': 265, 'bjp_swing': 40.03}",Urban Infiltration: BJP Containment & Counter-Offensive,ਸ਼ਹਿਰੀ ਸੰਵੇਦਨਸ਼ੀਲ ਖੇਤਰ: ਭਾਜਪਾ ਕਾਊਂਟਰ-ਮੁਹਿੰਮ ਜ਼ੋਨ,"BJP led here by +87 votes with 40.0% vote share in urban pockets of Patalpuri. Conduct structured dialogues with local shopkeepers, commission agents, and urban families. Emphasize state guarantees vs central economic policies.","ਭਾਜਪਾ ਨੇ ਪਤਾਲਪੁਰੀ ਦੇ ਸ਼ਹਿਰੀ ਹਿੱਸਿਆਂ ਵਿੱਚ +87 ਵੋਟਾਂ (40.0%) ਹਾਸਲ ਕੀਤੇ ਹਨ। ਵਪਾਰੀਆਂ, ਦੁਕਾਨਦਾਰਾਂ ਅਤੇ ਮੁਹੱਲਾ ਕਮੇਟੀਆਂ ਨਾਲ ਮੀਟਿੰਗਾਂ ਕਰਕੇ ਸਿੱਧਾ ਸੰਵਾਦ ਕਰੋ ਅਤੇ ਲੋਕ-ਪੱਖੀ ਨੀਤੀਆਂ ਬਾਰੇ ਜਾਗਰੂਕ ਕਰੋ।","{'booth_no': '64', 'village_en': 'Patalpuri', 'village_pa': 'ਪਤਾਲਪੁਰੀ', 'zone_en': 'Urban Infiltration: BJP Containment & Counter-Offensive', 'zone_pa': 'ਸ਼ਹਿਰੀ ਸੰਵੇਦਨਸ਼ੀਲ ਖੇਤਰ: ਭਾਜਪਾ ਕਾਊਂਟਰ-ਮੁਹਿੰਮ ਜ਼ੋਨ', 'action_en': 'BJP led here by +87 votes with 40.0% vote share in urban pockets of Patalpuri. Conduct structured dialogues with local shopkeepers, commission agents, and urban families. Emphasize state guarantees vs central economic policies.', 'action_pa': 'ਭਾਜਪਾ ਨੇ ਪਤਾਲਪੁਰੀ ਦੇ ਸ਼ਹਿਰੀ ਹਿੱਸਿਆਂ ਵਿੱਚ +87 ਵੋਟਾਂ (40.0%) ਹਾਸਲ ਕੀਤੇ ਹਨ। ਵਪਾਰੀਆਂ, ਦੁਕਾਨਦਾਰਾਂ ਅਤੇ ਮੁਹੱਲਾ ਕਮੇਟੀਆਂ ਨਾਲ ਮੀਟਿੰਗਾਂ ਕਰਕੇ ਸਿੱਧਾ ਸੰਵਾਦ ਕਰੋ ਅਤੇ ਲੋਕ-ਪੱਖੀ ਨੀਤੀਆਂ ਬਾਰੇ ਜਾਗਰੂਕ ਕਰੋ।', 'action_steps_en': ['Days 1-30: Organize urban merchant and shopkeeper roundtables in Patalpuri.', 'Days 31-60: Counter central economic propaganda with Punjab business facilitation policies.', ""Days 61-90: Establish active urban ward cell to dismantle BJP's +87 vote pocket.""], 'action_steps_pa': ['ਦਿਨ 1-30: ਪਤਾਲਪੁਰੀ ਦੇ ਦੁਕਾਨਦਾਰਾਂ ਅਤੇ ਵਪਾਰੀ ਭਾਈਚਾਰੇ ਨਾਲ ਮੀਟਿੰਗਾਂ ਦਾ ਸਿਲਸਿਲਾ ਸ਼ੁਰੂ ਕਰੋ।', 'ਦਿਨ 31-60: ਕੇਂਦਰ ਸਰਕਾਰ ਦੀਆਂ ਆਰਥਿਕ ਨੀਤੀਆਂ ਬਨਾਮ ਪੰਜਾਬ ਸਰਕਾਰ ਦੀ ਵਪਾਰੀ ਪੱਖੀ ਪਹੁੰਚ ਬਾਰੇ ਦੱਸੋ।', 'ਦਿਨ 61-90: ਸ਼ਹਿਰੀ ਵਾਰਡਾਂ ਵਿੱਚ ਆਪ ਦਾ ਮਜ਼ਬੂਤ ਯੂਨਿਟ ਸਥਾਪਿਤ ਕਰੋ।'], 'action_steps': ['ਦਿਨ 1-30: ਪਤਾਲਪੁਰੀ ਦੇ ਦੁਕਾਨਦਾਰਾਂ ਅਤੇ ਵਪਾਰੀ ਭਾਈਚਾਰੇ ਨਾਲ ਮੀਟਿੰਗਾਂ ਦਾ ਸਿਲਸਿਲਾ ਸ਼ੁਰੂ ਕਰੋ।', 'ਦਿਨ 31-60: ਕੇਂਦਰ ਸਰਕਾਰ ਦੀਆਂ ਆਰਥਿਕ ਨੀਤੀਆਂ ਬਨਾਮ ਪੰਜਾਬ ਸਰਕਾਰ ਦੀ ਵਪਾਰੀ ਪੱਖੀ ਪਹੁੰਚ ਬਾਰੇ ਦੱਸੋ।', 'ਦਿਨ 61-90: ਸ਼ਹਿਰੀ ਵਾਰਡਾਂ ਵਿੱਚ ਆਪ ਦਾ ਮਜ਼ਬੂਤ ਯੂਨਿਟ ਸਥਾਪਿਤ ਕਰੋ।']}"
65,65,64,65,65,False,#65,Booth #65 (Unchanged),ਬੂਥ #65 (ਅਣਬਦਲਿਆ),Patalpuri,ਪਤਾਲਪੁਰੀ,ਪਤਾਲਪੁਰੀ,Patalpuri,ਪਤਾਲਪੁਰੀ,Patalpuri,ਪਤਾਲਪੁਰੀ,SAD,BJP,95,141,SAD → BJP,SAD → BJP,AAP Deficit,ਆਪ ਘਾਟ,INC Deficit,"{'AAP': 'WEAK', 'SAD': 'LOST_24', 'INC': 'WEAK', 'BJP': 'GAINED'}",True,"{'is_flip': True, 'status_label': 'SAD → BJP', 'turnout_diff': -20, 'turnout_pct': -3.1, 'sad_swing': -24.69, 'aap_swing': -29.0, 'inc_swing': 4.01, 'bjp_swing': 49.69}",646,626,-20,-3.1,336,171,-165,52.01,27.32,-24.69,241,52,-189,37.31,8.31,-29.0,34,58,24,5.26,9.27,4.01,1,312,311,0.15,49.84,49.69,1,0.16,"{'total': 646, 'sad': 336, 'aap': 241, 'inc': 34, 'bjp': 1, 'sad_votes': 336, 'sad_pct': 52.01, 'aap_votes': 241, 'aap_pct': 37.31, 'inc_votes': 34, 'inc_pct': 5.26, 'bjp_votes': 1, 'bjp_pct': 0.15, 'winner_party': 'SAD', 'margin': 95, 'winner_candidate': 'Ganieve Kaur Majithia'}","{'total': 626, 'sad': 171, 'aap': 52, 'inc': 58, 'bjp': 312, 'sada': 1, 'bsp': 3, 'others': 28, 'sad_votes': 171, 'sad_pct': 27.32, 'aap_votes': 52, 'aap_pct': 8.31, 'inc_votes': 58, 'inc_pct': 9.27, 'bjp_votes': 312, 'bjp_pct': 49.84, 'sada_votes': 1, 'sada_pct': 0.16, 'winner_party': 'BJP', 'margin': 141, 'winner_candidate': 'Taranjit Singh Sandhu Samundri'}","{'turnout_diff': -20, 'turnout_pct': -3.1, 'sad_shift': -165, 'sad_swing': -24.69, 'aap_shift': -189, 'aap_swing': -29.0, 'inc_shift': 24, 'inc_swing': 4.01, 'bjp_shift': 311, 'bjp_swing': 49.69}",Urban Infiltration: BJP Containment & Counter-Offensive,ਸ਼ਹਿਰੀ ਸੰਵੇਦਨਸ਼ੀਲ ਖੇਤਰ: ਭਾਜਪਾ ਕਾਊਂਟਰ-ਮੁਹਿੰਮ ਜ਼ੋਨ,"BJP led here by +141 votes with 49.8% vote share in urban pockets of Patalpuri. Conduct structured dialogues with local shopkeepers, commission agents, and urban families. Emphasize state guarantees vs central economic policies.","ਭਾਜਪਾ ਨੇ ਪਤਾਲਪੁਰੀ ਦੇ ਸ਼ਹਿਰੀ ਹਿੱਸਿਆਂ ਵਿੱਚ +141 ਵੋਟਾਂ (49.8%) ਹਾਸਲ ਕੀਤੇ ਹਨ। ਵਪਾਰੀਆਂ, ਦੁਕਾਨਦਾਰਾਂ ਅਤੇ ਮੁਹੱਲਾ ਕਮੇਟੀਆਂ ਨਾਲ ਮੀਟਿੰਗਾਂ ਕਰਕੇ ਸਿੱਧਾ ਸੰਵਾਦ ਕਰੋ ਅਤੇ ਲੋਕ-ਪੱਖੀ ਨੀਤੀਆਂ ਬਾਰੇ ਜਾਗਰੂਕ ਕਰੋ।","{'booth_no': '65', 'village_en': 'Patalpuri', 'village_pa': 'ਪਤਾਲਪੁਰੀ', 'zone_en': 'Urban Infiltration: BJP Containment & Counter-Offensive', 'zone_pa': 'ਸ਼ਹਿਰੀ ਸੰਵੇਦਨਸ਼ੀਲ ਖੇਤਰ: ਭਾਜਪਾ ਕਾਊਂਟਰ-ਮੁਹਿੰਮ ਜ਼ੋਨ', 'action_en': 'BJP led here by +141 votes with 49.8% vote share in urban pockets of Patalpuri. Conduct structured dialogues with local shopkeepers, commission agents, and urban families. Emphasize state guarantees vs central economic policies.', 'action_pa': 'ਭਾਜਪਾ ਨੇ ਪਤਾਲਪੁਰੀ ਦੇ ਸ਼ਹਿਰੀ ਹਿੱਸਿਆਂ ਵਿੱਚ +141 ਵੋਟਾਂ (49.8%) ਹਾਸਲ ਕੀਤੇ ਹਨ। ਵਪਾਰੀਆਂ, ਦੁਕਾਨਦਾਰਾਂ ਅਤੇ ਮੁਹੱਲਾ ਕਮੇਟੀਆਂ ਨਾਲ ਮੀਟਿੰਗਾਂ ਕਰਕੇ ਸਿੱਧਾ ਸੰਵਾਦ ਕਰੋ ਅਤੇ ਲੋਕ-ਪੱਖੀ ਨੀਤੀਆਂ ਬਾਰੇ ਜਾਗਰੂਕ ਕਰੋ।', 'action_steps_en': ['Days 1-30: Organize urban merchant and shopkeeper roundtables in Patalpuri.', 'Days 31-60: Counter central economic propaganda with Punjab business facilitation policies.', ""Days 61-90: Establish active urban ward cell to dismantle BJP's +141 vote pocket.""], 'action_steps_pa': ['ਦਿਨ 1-30: ਪਤਾਲਪੁਰੀ ਦੇ ਦੁਕਾਨਦਾਰਾਂ ਅਤੇ ਵਪਾਰੀ ਭਾਈਚਾਰੇ ਨਾਲ ਮੀਟਿੰਗਾਂ ਦਾ ਸਿਲਸਿਲਾ ਸ਼ੁਰੂ ਕਰੋ।', 'ਦਿਨ 31-60: ਕੇਂਦਰ ਸਰਕਾਰ ਦੀਆਂ ਆਰਥਿਕ ਨੀਤੀਆਂ ਬਨਾਮ ਪੰਜਾਬ ਸਰਕਾਰ ਦੀ ਵਪਾਰੀ ਪੱਖੀ ਪਹੁੰਚ ਬਾਰੇ ਦੱਸੋ।', 'ਦਿਨ 61-90: ਸ਼ਹਿਰੀ ਵਾਰਡਾਂ ਵਿੱਚ ਆਪ ਦਾ ਮਜ਼ਬੂਤ ਯੂਨਿਟ ਸਥਾਪਿਤ ਕਰੋ।'], 'action_steps': ['ਦਿਨ 1-30: ਪਤਾਲਪੁਰੀ ਦੇ ਦੁਕਾਨਦਾਰਾਂ ਅਤੇ ਵਪਾਰੀ ਭਾਈਚਾਰੇ ਨਾਲ ਮੀਟਿੰਗਾਂ ਦਾ ਸਿਲਸਿਲਾ ਸ਼ੁਰੂ ਕਰੋ।', 'ਦਿਨ 31-60: ਕੇਂਦਰ ਸਰਕਾਰ ਦੀਆਂ ਆਰਥਿਕ ਨੀਤੀਆਂ ਬਨਾਮ ਪੰਜਾਬ ਸਰਕਾਰ ਦੀ ਵਪਾਰੀ ਪੱਖੀ ਪਹੁੰਚ ਬਾਰੇ ਦੱਸੋ।', 'ਦਿਨ 61-90: ਸ਼ਹਿਰੀ ਵਾਰਡਾਂ ਵਿੱਚ ਆਪ ਦਾ ਮਜ਼ਬੂਤ ਯੂਨਿਟ ਸਥਾਪਿਤ ਕਰੋ।']}"
66,66,65,66,66,False,#66,Booth #66 (Unchanged),ਬੂਥ #66 (ਅਣਬਦਲਿਆ),Patalpuri,ਪਤਾਲਪੁਰੀ,ਪਤਾਲਪੁਰੀ,Patalpuri,ਪਤਾਲਪੁਰੀ,Patalpuri,ਪਤਾਲਪੁਰੀ,SAD,BJP,200,94,SAD → BJP,SAD → BJP,AAP Deficit,ਆਪ ਘਾਟ,INC Deficit,"{'AAP': 'WEAK', 'SAD': 'LOST_24', 'INC': 'WEAK', 'BJP': 'GAINED'}",True,"{'is_flip': True, 'status_label': 'SAD → BJP', 'turnout_diff': -93, 'turnout_pct': -15.07, 'sad_swing': -26.76, 'aap_swing': -10.75, 'inc_swing': -7.33, 'bjp_swing': 44.5}",617,524,-93,-15.07,330,140,-190,53.48,26.72,-26.76,124,49,-75,20.1,9.35,-10.75,130,72,-58,21.07,13.74,-7.33,1,234,233,0.16,44.66,44.5,0,0.0,"{'total': 617, 'sad': 330, 'aap': 124, 'inc': 130, 'bjp': 1, 'sad_votes': 330, 'sad_pct': 53.48, 'aap_votes': 124, 'aap_pct': 20.1, 'inc_votes': 130, 'inc_pct': 21.07, 'bjp_votes': 1, 'bjp_pct': 0.16, 'winner_party': 'SAD', 'margin': 200, 'winner_candidate': 'Ganieve Kaur Majithia'}","{'total': 524, 'sad': 140, 'aap': 49, 'inc': 72, 'bjp': 234, 'sada': 0, 'bsp': 1, 'others': 28, 'sad_votes': 140, 'sad_pct': 26.72, 'aap_votes': 49, 'aap_pct': 9.35, 'inc_votes': 72, 'inc_pct': 13.74, 'bjp_votes': 234, 'bjp_pct': 44.66, 'sada_votes': 0, 'sada_pct': 0.0, 'winner_party': 'BJP', 'margin': 94, 'winner_candidate': 'Taranjit Singh Sandhu Samundri'}","{'turnout_diff': -93, 'turnout_pct': -15.07, 'sad_shift': -190, 'sad_swing': -26.76, 'aap_shift': -75, 'aap_swing': -10.75, 'inc_shift': -58, 'inc_swing': -7.33, 'bjp_shift': 233, 'bjp_swing': 44.5}",Urban Infiltration: BJP Containment & Counter-Offensive,ਸ਼ਹਿਰੀ ਸੰਵੇਦਨਸ਼ੀਲ ਖੇਤਰ: ਭਾਜਪਾ ਕਾਊਂਟਰ-ਮੁਹਿੰਮ ਜ਼ੋਨ,"BJP led here by +94 votes with 44.7% vote share in urban pockets of Patalpuri. Conduct structured dialogues with local shopkeepers, commission agents, and urban families. Emphasize state guarantees vs central economic policies.","ਭਾਜਪਾ ਨੇ ਪਤਾਲਪੁਰੀ ਦੇ ਸ਼ਹਿਰੀ ਹਿੱਸਿਆਂ ਵਿੱਚ +94 ਵੋਟਾਂ (44.7%) ਹਾਸਲ ਕੀਤੇ ਹਨ। ਵਪਾਰੀਆਂ, ਦੁਕਾਨਦਾਰਾਂ ਅਤੇ ਮੁਹੱਲਾ ਕਮੇਟੀਆਂ ਨਾਲ ਮੀਟਿੰਗਾਂ ਕਰਕੇ ਸਿੱਧਾ ਸੰਵਾਦ ਕਰੋ ਅਤੇ ਲੋਕ-ਪੱਖੀ ਨੀਤੀਆਂ ਬਾਰੇ ਜਾਗਰੂਕ ਕਰੋ।","{'booth_no': '66', 'village_en': 'Patalpuri', 'village_pa': 'ਪਤਾਲਪੁਰੀ', 'zone_en': 'Urban Infiltration: BJP Containment & Counter-Offensive', 'zone_pa': 'ਸ਼ਹਿਰੀ ਸੰਵੇਦਨਸ਼ੀਲ ਖੇਤਰ: ਭਾਜਪਾ ਕਾਊਂਟਰ-ਮੁਹਿੰਮ ਜ਼ੋਨ', 'action_en': 'BJP led here by +94 votes with 44.7% vote share in urban pockets of Patalpuri. Conduct structured dialogues with local shopkeepers, commission agents, and urban families. Emphasize state guarantees vs central economic policies.', 'action_pa': 'ਭਾਜਪਾ ਨੇ ਪਤਾਲਪੁਰੀ ਦੇ ਸ਼ਹਿਰੀ ਹਿੱਸਿਆਂ ਵਿੱਚ +94 ਵੋਟਾਂ (44.7%) ਹਾਸਲ ਕੀਤੇ ਹਨ। ਵਪਾਰੀਆਂ, ਦੁਕਾਨਦਾਰਾਂ ਅਤੇ ਮੁਹੱਲਾ ਕਮੇਟੀਆਂ ਨਾਲ ਮੀਟਿੰਗਾਂ ਕਰਕੇ ਸਿੱਧਾ ਸੰਵਾਦ ਕਰੋ ਅਤੇ ਲੋਕ-ਪੱਖੀ ਨੀਤੀਆਂ ਬਾਰੇ ਜਾਗਰੂਕ ਕਰੋ।', 'action_steps_en': ['Days 1-30: Organize urban merchant and shopkeeper roundtables in Patalpuri.', 'Days 31-60: Counter central economic propaganda with Punjab business facilitation policies.', ""Days 61-90: Establish active urban ward cell to dismantle BJP's +94 vote pocket.""], 'action_steps_pa': ['ਦਿਨ 1-30: ਪਤਾਲਪੁਰੀ ਦੇ ਦੁਕਾਨਦਾਰਾਂ ਅਤੇ ਵਪਾਰੀ ਭਾਈਚਾਰੇ ਨਾਲ ਮੀਟਿੰਗਾਂ ਦਾ ਸਿਲਸਿਲਾ ਸ਼ੁਰੂ ਕਰੋ।', 'ਦਿਨ 31-60: ਕੇਂਦਰ ਸਰਕਾਰ ਦੀਆਂ ਆਰਥਿਕ ਨੀਤੀਆਂ ਬਨਾਮ ਪੰਜਾਬ ਸਰਕਾਰ ਦੀ ਵਪਾਰੀ ਪੱਖੀ ਪਹੁੰਚ ਬਾਰੇ ਦੱਸੋ।', 'ਦਿਨ 61-90: ਸ਼ਹਿਰੀ ਵਾਰਡਾਂ ਵਿੱਚ ਆਪ ਦਾ ਮਜ਼ਬੂਤ ਯੂਨਿਟ ਸਥਾਪਿਤ ਕਰੋ।'], 'action_steps': ['ਦਿਨ 1-30: ਪਤਾਲਪੁਰੀ ਦੇ ਦੁਕਾਨਦਾਰਾਂ ਅਤੇ ਵਪਾਰੀ ਭਾਈਚਾਰੇ ਨਾਲ ਮੀਟਿੰਗਾਂ ਦਾ ਸਿਲਸਿਲਾ ਸ਼ੁਰੂ ਕਰੋ।', 'ਦਿਨ 31-60: ਕੇਂਦਰ ਸਰਕਾਰ ਦੀਆਂ ਆਰਥਿਕ ਨੀਤੀਆਂ ਬਨਾਮ ਪੰਜਾਬ ਸਰਕਾਰ ਦੀ ਵਪਾਰੀ ਪੱਖੀ ਪਹੁੰਚ ਬਾਰੇ ਦੱਸੋ।', 'ਦਿਨ 61-90: ਸ਼ਹਿਰੀ ਵਾਰਡਾਂ ਵਿੱਚ ਆਪ ਦਾ ਮਜ਼ਬੂਤ ਯੂਨਿਟ ਸਥਾਪਿਤ ਕਰੋ।']}"
67,67,66,67,67,False,#67,Booth #67 (Unchanged),ਬੂਥ #67 (ਅਣਬਦਲਿਆ),Jalalpura,ਜਲਾਲਪੁਰਾ,ਜਲਾਲਪੁਰਾ,Jalalpura,ਜਲਾਲਪੁਰਾ,Jalalpura,ਜਲਾਲਪੁਰਾ,SAD,AAP,35,62,SAD → AAP,SAD → AAP,AAP Gain,ਆਪ ਲਾਭ,INC Deficit,"{'AAP': 'GAINED', 'SAD': 'LOST_24', 'INC': 'WEAK', 'BJP': 'WEAK'}",True,"{'is_flip': True, 'status_label': 'SAD → AAP', 'turnout_diff': 2, 'turnout_pct': 0.26, 'sad_swing': -0.49, 'aap_swing': 12.33, 'inc_swing': -21.34, 'bjp_swing': 1.19}",755,757,2,0.26,270,267,-3,35.76,35.27,-0.49,235,329,94,31.13,43.46,12.33,226,65,-161,29.93,8.59,-21.34,6,15,9,0.79,1.98,1.19,44,5.81,"{'total': 755, 'sad': 270, 'aap': 235, 'inc': 226, 'bjp': 6, 'sad_votes': 270, 'sad_pct': 35.76, 'aap_votes': 235, 'aap_pct': 31.13, 'inc_votes': 226, 'inc_pct': 29.93, 'bjp_votes': 6, 'bjp_pct': 0.79, 'winner_party': 'SAD', 'margin': 35, 'winner_candidate': 'Ganieve Kaur Majithia'}","{'total': 757, 'sad': 267, 'aap': 329, 'inc': 65, 'bjp': 15, 'sada': 44, 'bsp': 0, 'others': 34, 'sad_votes': 267, 'sad_pct': 35.27, 'aap_votes': 329, 'aap_pct': 43.46, 'inc_votes': 65, 'inc_pct': 8.59, 'bjp_votes': 15, 'bjp_pct': 1.98, 'sada_votes': 44, 'sada_pct': 5.81, 'winner_party': 'AAP', 'margin': 62, 'winner_candidate': 'Kuldeep Singh Dhaliwal'}","{'turnout_diff': 2, 'turnout_pct': 0.26, 'sad_shift': -3, 'sad_swing': -0.49, 'aap_shift': 94, 'aap_swing': 12.33, 'inc_shift': -161, 'inc_swing': -21.34, 'bjp_shift': 9, 'bjp_swing': 1.19}",Historic Breakthrough: AAP Flipped Stronghold,ਇਤਿਹਾਸਕ ਪ੍ਰਾਪਤੀ: ਅਕਾਲੀ ਗੜ੍ਹ ਵਿੱਚ ਆਪ ਦੀ ਜਿੱਤ ਜ਼ੋਨ,"Major breakthrough in Jalalpura previously held by SAD. Formally induct local village swing leaders and youth volunteers who backed AAP in 2024. Resolve local village infrastructure, canal tail issues, and cement +62 lead.","ਜਲਾਲਪੁਰਾ ਵਿੱਚ ਵੱਡੀ ਇਤਿਹਾਸਕ ਸਫ਼ਲਤਾ, ਜਿੱਥੇ SAD ਦਾ ਪੁਰਾਣਾ ਦਬਦਬਾ ਟੁੱਟਿਆ। 2024 ਵਿੱਚ ਆਪ ਨਾਲ ਜੁੜੇ ਨੌਜਵਾਨਾਂ ਅਤੇ ਪੰਚਾਇਤੀ ਆਗੂਆਂ ਨੂੰ ਜਥੇਬੰਦਕ ਜ਼ਿੰਮੇਵਾਰੀਆਂ ਦਿਓ ਅਤੇ +62 ਵੋਟਾਂ ਦੀ ਲੀਡ ਨੂੰ ਸਥਾਈ ਵੋਟ ਬੈਂਕ ਵਿੱਚ ਬਦਲੋ।","{'booth_no': '67', 'village_en': 'Jalalpura', 'village_pa': 'ਜਲਾਲਪੁਰਾ', 'zone_en': 'Historic Breakthrough: AAP Flipped Stronghold', 'zone_pa': 'ਇਤਿਹਾਸਕ ਪ੍ਰਾਪਤੀ: ਅਕਾਲੀ ਗੜ੍ਹ ਵਿੱਚ ਆਪ ਦੀ ਜਿੱਤ ਜ਼ੋਨ', 'action_en': 'Major breakthrough in Jalalpura previously held by SAD. Formally induct local village swing leaders and youth volunteers who backed AAP in 2024. Resolve local village infrastructure, canal tail issues, and cement +62 lead.', 'action_pa': 'ਜਲਾਲਪੁਰਾ ਵਿੱਚ ਵੱਡੀ ਇਤਿਹਾਸਕ ਸਫ਼ਲਤਾ, ਜਿੱਥੇ SAD ਦਾ ਪੁਰਾਣਾ ਦਬਦਬਾ ਟੁੱਟਿਆ। 2024 ਵਿੱਚ ਆਪ ਨਾਲ ਜੁੜੇ ਨੌਜਵਾਨਾਂ ਅਤੇ ਪੰਚਾਇਤੀ ਆਗੂਆਂ ਨੂੰ ਜਥੇਬੰਦਕ ਜ਼ਿੰਮੇਵਾਰੀਆਂ ਦਿਓ ਅਤੇ +62 ਵੋਟਾਂ ਦੀ ਲੀਡ ਨੂੰ ਸਥਾਈ ਵੋਟ ਬੈਂਕ ਵਿੱਚ ਬਦਲੋ।', 'action_steps_en': ['Days 1-30: Onboard dynamic swing workers who crossed over from SAD into the formal AAP booth structure.', 'Days 31-60: Prioritize village link road and street light repairs in Jalalpura through rural development grants.', 'Days 61-90: Convert current +62 vote lead into permanent party loyalty before 2027.'], 'action_steps_pa': ['ਦਿਨ 1-30: SAD ਛੱਡ ਕੇ ਆਪ ਵਿੱਚ ਸ਼ਾਮਲ ਹੋਏ ਆਗੂਆਂ ਨੂੰ ਬੂਥ ਕਮੇਟੀ ਵਿੱਚ ਅਹਿਮ ਜ਼ਿੰਮੇਵਾਰੀਆਂ ਦਿਓ।', ""ਦਿਨ 31-60: ਜਲਾਲਪੁਰਾ ਵਿੱਚ ਪਿੰਡ ਦੀਆਂ ਫਿਰਨੀਆਂ, ਗਲੀਆਂ ਅਤੇ ਲਿੰਕ ਸੜਕਾਂ ਦੇ ਕੰਮ ਤਰਜੀਹ 'ਤੇ ਕਰਵਾਓ।"", 'ਦਿਨ 61-90: +62 ਵੋਟਾਂ ਦੀ ਲੀਡ ਨੂੰ ਪੱਕੇ ਵੋਟ ਬੈਂਕ ਵਿੱਚ ਤਬਦੀਲ ਕਰੋ।'], 'action_steps': ['ਦਿਨ 1-30: SAD ਛੱਡ ਕੇ ਆਪ ਵਿੱਚ ਸ਼ਾਮਲ ਹੋਏ ਆਗੂਆਂ ਨੂੰ ਬੂਥ ਕਮੇਟੀ ਵਿੱਚ ਅਹਿਮ ਜ਼ਿੰਮੇਵਾਰੀਆਂ ਦਿਓ।', ""ਦਿਨ 31-60: ਜਲਾਲਪੁਰਾ ਵਿੱਚ ਪਿੰਡ ਦੀਆਂ ਫਿਰਨੀਆਂ, ਗਲੀਆਂ ਅਤੇ ਲਿੰਕ ਸੜਕਾਂ ਦੇ ਕੰਮ ਤਰਜੀਹ 'ਤੇ ਕਰਵਾਓ।"", 'ਦਿਨ 61-90: +62 ਵੋਟਾਂ ਦੀ ਲੀਡ ਨੂੰ ਪੱਕੇ ਵੋਟ ਬੈਂਕ ਵਿੱਚ ਤਬਦੀਲ ਕਰੋ।']}"
68,68,67,68,68,False,#68,Booth #68 (Unchanged),ਬੂਥ #68 (ਅਣਬਦਲਿਆ),Targarh Rampura,ਤਾਰਗੜ੍ਹ ਰਾਮਪੁਰਾ,ਤਾਰਗੜ੍ਹ ਰਾਮਪੁਰਾ,Targarh Rampura,ਤਾਰਗੜ੍ਹ ਰਾਮਪੁਰਾ,Targarh Rampura,ਤਾਰਗੜ੍ਹ ਰਾਮਪੁਰਾ,SAD,AAP,129,28,SAD → AAP,SAD → AAP,AAP Gain,ਆਪ ਲਾਭ,INC Deficit,"{'AAP': 'GAINED', 'SAD': 'LOST_24', 'INC': 'LOST_BOTH', 'BJP': 'WEAK'}",True,"{'is_flip': True, 'status_label': 'SAD → AAP', 'turnout_diff': 12, 'turnout_pct': 3.6, 'sad_swing': -22.59, 'aap_swing': 24.57, 'inc_swing': -2.11, 'bjp_swing': 0.29}",333,345,12,3.6,192,121,-71,57.66,35.07,-22.59,62,149,87,18.62,43.19,24.57,63,58,-5,18.92,16.81,-2.11,0,1,1,0.0,0.29,0.29,2,0.58,"{'total': 333, 'sad': 192, 'aap': 62, 'inc': 63, 'bjp': 0, 'sad_votes': 192, 'sad_pct': 57.66, 'aap_votes': 62, 'aap_pct': 18.62, 'inc_votes': 63, 'inc_pct': 18.92, 'bjp_votes': 0, 'bjp_pct': 0.0, 'winner_party': 'SAD', 'margin': 129, 'winner_candidate': 'Ganieve Kaur Majithia'}","{'total': 345, 'sad': 121, 'aap': 149, 'inc': 58, 'bjp': 1, 'sada': 2, 'bsp': 0, 'others': 13, 'sad_votes': 121, 'sad_pct': 35.07, 'aap_votes': 149, 'aap_pct': 43.19, 'inc_votes': 58, 'inc_pct': 16.81, 'bjp_votes': 1, 'bjp_pct': 0.29, 'sada_votes': 2, 'sada_pct': 0.58, 'winner_party': 'AAP', 'margin': 28, 'winner_candidate': 'Kuldeep Singh Dhaliwal'}","{'turnout_diff': 12, 'turnout_pct': 3.6, 'sad_shift': -71, 'sad_swing': -22.59, 'aap_shift': 87, 'aap_swing': 24.57, 'inc_shift': -5, 'inc_swing': -2.11, 'bjp_shift': 1, 'bjp_swing': 0.29}",Historic Breakthrough: AAP Flipped Stronghold,ਇਤਿਹਾਸਕ ਪ੍ਰਾਪਤੀ: ਅਕਾਲੀ ਗੜ੍ਹ ਵਿੱਚ ਆਪ ਦੀ ਜਿੱਤ ਜ਼ੋਨ,"Major breakthrough in Targarh Rampura previously held by SAD. Formally induct local village swing leaders and youth volunteers who backed AAP in 2024. Resolve local village infrastructure, canal tail issues, and cement +28 lead.","ਤਾਰਗੜ੍ਹ ਰਾਮਪੁਰਾ ਵਿੱਚ ਵੱਡੀ ਇਤਿਹਾਸਕ ਸਫ਼ਲਤਾ, ਜਿੱਥੇ SAD ਦਾ ਪੁਰਾਣਾ ਦਬਦਬਾ ਟੁੱਟਿਆ। 2024 ਵਿੱਚ ਆਪ ਨਾਲ ਜੁੜੇ ਨੌਜਵਾਨਾਂ ਅਤੇ ਪੰਚਾਇਤੀ ਆਗੂਆਂ ਨੂੰ ਜਥੇਬੰਦਕ ਜ਼ਿੰਮੇਵਾਰੀਆਂ ਦਿਓ ਅਤੇ +28 ਵੋਟਾਂ ਦੀ ਲੀਡ ਨੂੰ ਸਥਾਈ ਵੋਟ ਬੈਂਕ ਵਿੱਚ ਬਦਲੋ।","{'booth_no': '68', 'village_en': 'Targarh Rampura', 'village_pa': 'ਤਾਰਗੜ੍ਹ ਰਾਮਪੁਰਾ', 'zone_en': 'Historic Breakthrough: AAP Flipped Stronghold', 'zone_pa': 'ਇਤਿਹਾਸਕ ਪ੍ਰਾਪਤੀ: ਅਕਾਲੀ ਗੜ੍ਹ ਵਿੱਚ ਆਪ ਦੀ ਜਿੱਤ ਜ਼ੋਨ', 'action_en': 'Major breakthrough in Targarh Rampura previously held by SAD. Formally induct local village swing leaders and youth volunteers who backed AAP in 2024. Resolve local village infrastructure, canal tail issues, and cement +28 lead.', 'action_pa': 'ਤਾਰਗੜ੍ਹ ਰਾਮਪੁਰਾ ਵਿੱਚ ਵੱਡੀ ਇਤਿਹਾਸਕ ਸਫ਼ਲਤਾ, ਜਿੱਥੇ SAD ਦਾ ਪੁਰਾਣਾ ਦਬਦਬਾ ਟੁੱਟਿਆ। 2024 ਵਿੱਚ ਆਪ ਨਾਲ ਜੁੜੇ ਨੌਜਵਾਨਾਂ ਅਤੇ ਪੰਚਾਇਤੀ ਆਗੂਆਂ ਨੂੰ ਜਥੇਬੰਦਕ ਜ਼ਿੰਮੇਵਾਰੀਆਂ ਦਿਓ ਅਤੇ +28 ਵੋਟਾਂ ਦੀ ਲੀਡ ਨੂੰ ਸਥਾਈ ਵੋਟ ਬੈਂਕ ਵਿੱਚ ਬਦਲੋ।', 'action_steps_en': ['Days 1-30: Onboard dynamic swing workers who crossed over from SAD into the formal AAP booth structure.', 'Days 31-60: Prioritize village link road and street light repairs in Targarh Rampura through rural development grants.', 'Days 61-90: Convert current +28 vote lead into permanent party loyalty before 2027.'], 'action_steps_pa': ['ਦਿਨ 1-30: SAD ਛੱਡ ਕੇ ਆਪ ਵਿੱਚ ਸ਼ਾਮਲ ਹੋਏ ਆਗੂਆਂ ਨੂੰ ਬੂਥ ਕਮੇਟੀ ਵਿੱਚ ਅਹਿਮ ਜ਼ਿੰਮੇਵਾਰੀਆਂ ਦਿਓ।', ""ਦਿਨ 31-60: ਤਾਰਗੜ੍ਹ ਰਾਮਪੁਰਾ ਵਿੱਚ ਪਿੰਡ ਦੀਆਂ ਫਿਰਨੀਆਂ, ਗਲੀਆਂ ਅਤੇ ਲਿੰਕ ਸੜਕਾਂ ਦੇ ਕੰਮ ਤਰਜੀਹ 'ਤੇ ਕਰਵਾਓ।"", 'ਦਿਨ 61-90: +28 ਵੋਟਾਂ ਦੀ ਲੀਡ ਨੂੰ ਪੱਕੇ ਵੋਟ ਬੈਂਕ ਵਿੱਚ ਤਬਦੀਲ ਕਰੋ।'], 'action_steps': ['ਦਿਨ 1-30: SAD ਛੱਡ ਕੇ ਆਪ ਵਿੱਚ ਸ਼ਾਮਲ ਹੋਏ ਆਗੂਆਂ ਨੂੰ ਬੂਥ ਕਮੇਟੀ ਵਿੱਚ ਅਹਿਮ ਜ਼ਿੰਮੇਵਾਰੀਆਂ ਦਿਓ।', ""ਦਿਨ 31-60: ਤਾਰਗੜ੍ਹ ਰਾਮਪੁਰਾ ਵਿੱਚ ਪਿੰਡ ਦੀਆਂ ਫਿਰਨੀਆਂ, ਗਲੀਆਂ ਅਤੇ ਲਿੰਕ ਸੜਕਾਂ ਦੇ ਕੰਮ ਤਰਜੀਹ 'ਤੇ ਕਰਵਾਓ।"", 'ਦਿਨ 61-90: +28 ਵੋਟਾਂ ਦੀ ਲੀਡ ਨੂੰ ਪੱਕੇ ਵੋਟ ਬੈਂਕ ਵਿੱਚ ਤਬਦੀਲ ਕਰੋ।']}"
69,69,68,69,69,False,#69,Booth #69 (Unchanged),ਬੂਥ #69 (ਅਣਬਦਲਿਆ),Dhing Nangal,ਢੀਂਗ ਨੰਗਲ,ਢੀਂਗ ਨੰਗਲ,Dhing Nangal,ਢੀਂਗ ਨੰਗਲ,Dhing Nangal,ਢੀਂਗ ਨੰਗਲ,SAD,SAD,134,36,SAD Retained,SAD Retained,AAP Deficit,ਆਪ ਘਾਟ,INC Deficit,"{'AAP': 'LOST_BOTH', 'SAD': 'WON_BOTH', 'INC': 'LOST_BOTH', 'BJP': 'LOST_BOTH'}",False,"{'is_flip': False, 'status_label': 'SAD Retained', 'turnout_diff': -335, 'turnout_pct': -50.15, 'sad_swing': -14.71, 'aap_swing': -5.46, 'inc_swing': 8.89, 'bjp_swing': 9.47}",668,333,-335,-50.15,347,124,-223,51.95,37.24,-14.71,213,88,-125,31.89,26.43,-5.46,73,66,-7,10.93,19.82,8.89,17,40,23,2.54,12.01,9.47,3,0.9,"{'total': 668, 'sad': 347, 'aap': 213, 'inc': 73, 'bjp': 17, 'sad_votes': 347, 'sad_pct': 51.95, 'aap_votes': 213, 'aap_pct': 31.89, 'inc_votes': 73, 'inc_pct': 10.93, 'bjp_votes': 17, 'bjp_pct': 2.54, 'winner_party': 'SAD', 'margin': 134, 'winner_candidate': 'Ganieve Kaur Majithia'}","{'total': 333, 'sad': 124, 'aap': 88, 'inc': 66, 'bjp': 40, 'sada': 3, 'bsp': 1, 'others': 11, 'sad_votes': 124, 'sad_pct': 37.24, 'aap_votes': 88, 'aap_pct': 26.43, 'inc_votes': 66, 'inc_pct': 19.82, 'bjp_votes': 40, 'bjp_pct': 12.01, 'sada_votes': 3, 'sada_pct': 0.9, 'winner_party': 'SAD', 'margin': 36, 'winner_candidate': 'Anil Joshi'}","{'turnout_diff': -335, 'turnout_pct': -50.15, 'sad_shift': -223, 'sad_swing': -14.71, 'aap_shift': -125, 'aap_swing': -5.46, 'inc_shift': -7, 'inc_swing': 8.89, 'bjp_shift': 23, 'bjp_swing': 9.47}",Akali Bastion: Strategic Penetration & Demolition Zone,ਅਕਾਲੀ ਦਲ ਦਾ ਪ੍ਰਭਾਵਿਤ ਖੇਤਰ: ਵਿਸ਼ੇਸ਼ ਘੇਰਾਬੰਦੀ ਜ਼ੋਨ,SAD retained lead here by +36 votes (37.2% share). Target moderate Panthic and farming families in Dhing Nangal disillusioned with traditional leadership. Appoint dedicated block coordinators and highlight direct government procurement and village development works.,ਅਕਾਲੀ ਦਲ ਨੇ ਇੱਥੇ +36 ਵੋਟਾਂ (37.2%) ਨਾਲ ਲੀਡ ਬਣਾਈ ਹੈ। ਢੀਂਗ ਨੰਗਲ ਵਿੱਚ ਰਵਾਇਤੀ ਲੀਡਰਸ਼ਿਪ ਤੋਂ ਨਿਰਾਸ਼ ਕਿਸਾਨ ਅਤੇ ਪੰਥਕ ਪਰਿਵਾਰਾਂ ਨਾਲ ਸੰਵਾਦ ਕਰੋ। ਪਿੰਡਾਂ ਵਿੱਚ ਪੰਜਾਬ ਸਰਕਾਰ ਦੇ ਵਿਕਾਸ ਕਾਰਜਾਂ ਅਤੇ ਨਿਰਪੱਖ ਭਰਤੀਆਂ ਦੇ ਸੁਨੇਹੇ ਨਾਲ ਸੰਨ੍ਹ ਲਗਾਓ।,"{'booth_no': '69', 'village_en': 'Dhing Nangal', 'village_pa': 'ਢੀਂਗ ਨੰਗਲ', 'zone_en': 'Akali Bastion: Strategic Penetration & Demolition Zone', 'zone_pa': 'ਅਕਾਲੀ ਦਲ ਦਾ ਪ੍ਰਭਾਵਿਤ ਖੇਤਰ: ਵਿਸ਼ੇਸ਼ ਘੇਰਾਬੰਦੀ ਜ਼ੋਨ', 'action_en': 'SAD retained lead here by +36 votes (37.2% share). Target moderate Panthic and farming families in Dhing Nangal disillusioned with traditional leadership. Appoint dedicated block coordinators and highlight direct government procurement and village development works.', 'action_pa': 'ਅਕਾਲੀ ਦਲ ਨੇ ਇੱਥੇ +36 ਵੋਟਾਂ (37.2%) ਨਾਲ ਲੀਡ ਬਣਾਈ ਹੈ। ਢੀਂਗ ਨੰਗਲ ਵਿੱਚ ਰਵਾਇਤੀ ਲੀਡਰਸ਼ਿਪ ਤੋਂ ਨਿਰਾਸ਼ ਕਿਸਾਨ ਅਤੇ ਪੰਥਕ ਪਰਿਵਾਰਾਂ ਨਾਲ ਸੰਵਾਦ ਕਰੋ। ਪਿੰਡਾਂ ਵਿੱਚ ਪੰਜਾਬ ਸਰਕਾਰ ਦੇ ਵਿਕਾਸ ਕਾਰਜਾਂ ਅਤੇ ਨਿਰਪੱਖ ਭਰਤੀਆਂ ਦੇ ਸੁਨੇਹੇ ਨਾਲ ਸੰਨ੍ਹ ਲਗਾਓ।', 'action_steps_en': ['Days 1-30: Map the top 30 influential non-committed Panthic families in Dhing Nangal.', 'Days 31-60: Deploy senior constituency leaders for direct home visits to address local disgruntlement.', ""Days 61-90: Neutralize SAD's +36 vote cushion by winning over agricultural youth.""], 'action_steps_pa': ['ਦਿਨ 1-30: ਢੀਂਗ ਨੰਗਲ ਦੇ 30 ਨਿਰਪੱਖ ਅਤੇ ਪ੍ਰਭਾਵਸ਼ਾਲੀ ਪਰਿਵਾਰਾਂ ਦੀ ਸ਼ਨਾਖਤ ਕਰੋ।', 'ਦਿਨ 31-60: ਸੀਨੀਅਰ ਲੀਡਰਸ਼ਿਪ ਰਾਹੀਂ ਘਰ-ਘਰ ਜਾ ਕੇ ਸਰਕਾਰ ਦੀਆਂ ਨਿਰਪੱਖ ਨੀਤੀਆਂ ਸਾਂਝੀਆਂ ਕਰੋ।', 'ਦਿਨ 61-90: ਨੌਜਵਾਨ ਵਰਗ ਨੂੰ ਸਰਕਾਰੀ ਨੌਕਰੀਆਂ ਅਤੇ ਖੇਡ ਕਿੱਟਾਂ ਰਾਹੀਂ ਪਾਰਟੀ ਨਾਲ ਜੋੜ ਕੇ ਲੀਡ ਘਟਾਓ।'], 'action_steps': ['ਦਿਨ 1-30: ਢੀਂਗ ਨੰਗਲ ਦੇ 30 ਨਿਰਪੱਖ ਅਤੇ ਪ੍ਰਭਾਵਸ਼ਾਲੀ ਪਰਿਵਾਰਾਂ ਦੀ ਸ਼ਨਾਖਤ ਕਰੋ।', 'ਦਿਨ 31-60: ਸੀਨੀਅਰ ਲੀਡਰਸ਼ਿਪ ਰਾਹੀਂ ਘਰ-ਘਰ ਜਾ ਕੇ ਸਰਕਾਰ ਦੀਆਂ ਨਿਰਪੱਖ ਨੀਤੀਆਂ ਸਾਂਝੀਆਂ ਕਰੋ।', 'ਦਿਨ 61-90: ਨੌਜਵਾਨ ਵਰਗ ਨੂੰ ਸਰਕਾਰੀ ਨੌਕਰੀਆਂ ਅਤੇ ਖੇਡ ਕਿੱਟਾਂ ਰਾਹੀਂ ਪਾਰਟੀ ਨਾਲ ਜੋੜ ਕੇ ਲੀਡ ਘਟਾਓ।']}"
70,70,69,70,70,False,#70,Booth #70 (Unchanged),ਬੂਥ #70 (ਅਣਬਦਲਿਆ),Bhaini Lidharh,ਭੈਣੀ ਲਿੱਧੜ,ਭੈਣੀ ਲਿੱਧੜ,Bhaini Lidharh,ਭੈਣੀ ਲਿੱਧੜ,Bhaini Lidharh,ਭੈਣੀ ਲਿੱਧੜ,SAD,SAD,53,146,SAD Retained,SAD Retained,AAP Deficit,ਆਪ ਘਾਟ,INC Deficit,"{'AAP': 'WEAK', 'SAD': 'WON_BOTH', 'INC': 'WEAK', 'BJP': 'WEAK'}",False,"{'is_flip': False, 'status_label': 'SAD Retained', 'turnout_diff': -225, 'turnout_pct': -41.98, 'sad_swing': 20.58, 'aap_swing': -16.48, 'inc_swing': -10.37, 'bjp_swing': -0.39}",536,311,-225,-41.98,243,205,-38,45.34,65.92,20.58,190,59,-131,35.45,18.97,-16.48,78,13,-65,14.55,4.18,-10.37,9,4,-5,1.68,1.29,-0.39,18,5.79,"{'total': 536, 'sad': 243, 'aap': 190, 'inc': 78, 'bjp': 9, 'sad_votes': 243, 'sad_pct': 45.34, 'aap_votes': 190, 'aap_pct': 35.45, 'inc_votes': 78, 'inc_pct': 14.55, 'bjp_votes': 9, 'bjp_pct': 1.68, 'winner_party': 'SAD', 'margin': 53, 'winner_candidate': 'Ganieve Kaur Majithia'}","{'total': 311, 'sad': 205, 'aap': 59, 'inc': 13, 'bjp': 4, 'sada': 18, 'bsp': 0, 'others': 9, 'sad_votes': 205, 'sad_pct': 65.92, 'aap_votes': 59, 'aap_pct': 18.97, 'inc_votes': 13, 'inc_pct': 4.18, 'bjp_votes': 4, 'bjp_pct': 1.29, 'sada_votes': 18, 'sada_pct': 5.79, 'winner_party': 'SAD', 'margin': 146, 'winner_candidate': 'Anil Joshi'}","{'turnout_diff': -225, 'turnout_pct': -41.98, 'sad_shift': -38, 'sad_swing': 20.58, 'aap_shift': -131, 'aap_swing': -16.48, 'inc_shift': -65, 'inc_swing': -10.37, 'bjp_shift': -5, 'bjp_swing': -0.39}",Akali Bastion: Strategic Penetration & Demolition Zone,ਅਕਾਲੀ ਦਲ ਦਾ ਪ੍ਰਭਾਵਿਤ ਖੇਤਰ: ਵਿਸ਼ੇਸ਼ ਘੇਰਾਬੰਦੀ ਜ਼ੋਨ,SAD retained lead here by +146 votes (65.9% share). Target moderate Panthic and farming families in Bhaini Lidharh disillusioned with traditional leadership. Appoint dedicated block coordinators and highlight direct government procurement and village development works.,ਅਕਾਲੀ ਦਲ ਨੇ ਇੱਥੇ +146 ਵੋਟਾਂ (65.9%) ਨਾਲ ਲੀਡ ਬਣਾਈ ਹੈ। ਭੈਣੀ ਲਿੱਧੜ ਵਿੱਚ ਰਵਾਇਤੀ ਲੀਡਰਸ਼ਿਪ ਤੋਂ ਨਿਰਾਸ਼ ਕਿਸਾਨ ਅਤੇ ਪੰਥਕ ਪਰਿਵਾਰਾਂ ਨਾਲ ਸੰਵਾਦ ਕਰੋ। ਪਿੰਡਾਂ ਵਿੱਚ ਪੰਜਾਬ ਸਰਕਾਰ ਦੇ ਵਿਕਾਸ ਕਾਰਜਾਂ ਅਤੇ ਨਿਰਪੱਖ ਭਰਤੀਆਂ ਦੇ ਸੁਨੇਹੇ ਨਾਲ ਸੰਨ੍ਹ ਲਗਾਓ।,"{'booth_no': '70', 'village_en': 'Bhaini Lidharh', 'village_pa': 'ਭੈਣੀ ਲਿੱਧੜ', 'zone_en': 'Akali Bastion: Strategic Penetration & Demolition Zone', 'zone_pa': 'ਅਕਾਲੀ ਦਲ ਦਾ ਪ੍ਰਭਾਵਿਤ ਖੇਤਰ: ਵਿਸ਼ੇਸ਼ ਘੇਰਾਬੰਦੀ ਜ਼ੋਨ', 'action_en': 'SAD retained lead here by +146 votes (65.9% share). Target moderate Panthic and farming families in Bhaini Lidharh disillusioned with traditional leadership. Appoint dedicated block coordinators and highlight direct government procurement and village development works.', 'action_pa': 'ਅਕਾਲੀ ਦਲ ਨੇ ਇੱਥੇ +146 ਵੋਟਾਂ (65.9%) ਨਾਲ ਲੀਡ ਬਣਾਈ ਹੈ। ਭੈਣੀ ਲਿੱਧੜ ਵਿੱਚ ਰਵਾਇਤੀ ਲੀਡਰਸ਼ਿਪ ਤੋਂ ਨਿਰਾਸ਼ ਕਿਸਾਨ ਅਤੇ ਪੰਥਕ ਪਰਿਵਾਰਾਂ ਨਾਲ ਸੰਵਾਦ ਕਰੋ। ਪਿੰਡਾਂ ਵਿੱਚ ਪੰਜਾਬ ਸਰਕਾਰ ਦੇ ਵਿਕਾਸ ਕਾਰਜਾਂ ਅਤੇ ਨਿਰਪੱਖ ਭਰਤੀਆਂ ਦੇ ਸੁਨੇਹੇ ਨਾਲ ਸੰਨ੍ਹ ਲਗਾਓ।', 'action_steps_en': ['Days 1-30: Map the top 30 influential non-committed Panthic families in Bhaini Lidharh.', 'Days 31-60: Deploy senior constituency leaders for direct home visits to address local disgruntlement.', ""Days 61-90: Neutralize SAD's +146 vote cushion by winning over agricultural youth.""], 'action_steps_pa': ['ਦਿਨ 1-30: ਭੈਣੀ ਲਿੱਧੜ ਦੇ 30 ਨਿਰਪੱਖ ਅਤੇ ਪ੍ਰਭਾਵਸ਼ਾਲੀ ਪਰਿਵਾਰਾਂ ਦੀ ਸ਼ਨਾਖਤ ਕਰੋ।', 'ਦਿਨ 31-60: ਸੀਨੀਅਰ ਲੀਡਰਸ਼ਿਪ ਰਾਹੀਂ ਘਰ-ਘਰ ਜਾ ਕੇ ਸਰਕਾਰ ਦੀਆਂ ਨਿਰਪੱਖ ਨੀਤੀਆਂ ਸਾਂਝੀਆਂ ਕਰੋ।', 'ਦਿਨ 61-90: ਨੌਜਵਾਨ ਵਰਗ ਨੂੰ ਸਰਕਾਰੀ ਨੌਕਰੀਆਂ ਅਤੇ ਖੇਡ ਕਿੱਟਾਂ ਰਾਹੀਂ ਪਾਰਟੀ ਨਾਲ ਜੋੜ ਕੇ ਲੀਡ ਘਟਾਓ।'], 'action_steps': ['ਦਿਨ 1-30: ਭੈਣੀ ਲਿੱਧੜ ਦੇ 30 ਨਿਰਪੱਖ ਅਤੇ ਪ੍ਰਭਾਵਸ਼ਾਲੀ ਪਰਿਵਾਰਾਂ ਦੀ ਸ਼ਨਾਖਤ ਕਰੋ।', 'ਦਿਨ 31-60: ਸੀਨੀਅਰ ਲੀਡਰਸ਼ਿਪ ਰਾਹੀਂ ਘਰ-ਘਰ ਜਾ ਕੇ ਸਰਕਾਰ ਦੀਆਂ ਨਿਰਪੱਖ ਨੀਤੀਆਂ ਸਾਂਝੀਆਂ ਕਰੋ।', 'ਦਿਨ 61-90: ਨੌਜਵਾਨ ਵਰਗ ਨੂੰ ਸਰਕਾਰੀ ਨੌਕਰੀਆਂ ਅਤੇ ਖੇਡ ਕਿੱਟਾਂ ਰਾਹੀਂ ਪਾਰਟੀ ਨਾਲ ਜੋੜ ਕੇ ਲੀਡ ਘਟਾਓ।']}"
71,71,70,71,71,False,#71,Booth #71 (Unchanged),ਬੂਥ #71 (ਅਣਬਦਲਿਆ),Supariwind,ਸੁਪਾਰੀਵਿੰਡ,ਸੁਪਾਰੀਵਿੰਡ,Supariwind,ਸੁਪਾਰੀਵਿੰਡ,Supariwind,ਸੁਪਾਰੀਵਿੰਡ,SAD,SAD,50,189,SAD Retained,SAD Retained,AAP Deficit,ਆਪ ਘਾਟ,INC Deficit,"{'AAP': 'LOST_BOTH', 'SAD': 'WON_BOTH', 'INC': 'WEAK', 'BJP': 'WEAK'}",False,"{'is_flip': False, 'status_label': 'SAD Retained', 'turnout_diff': 271, 'turnout_pct': 68.61, 'sad_swing': 5.0, 'aap_swing': -10.72, 'inc_swing': -2.6, 'bjp_swing': 4.49}",395,666,271,68.61,189,352,163,47.85,52.85,5.0,139,163,24,35.19,24.47,-10.72,50,67,17,12.66,10.06,-2.6,6,40,34,1.52,6.01,4.49,3,0.45,"{'total': 395, 'sad': 189, 'aap': 139, 'inc': 50, 'bjp': 6, 'sad_votes': 189, 'sad_pct': 47.85, 'aap_votes': 139, 'aap_pct': 35.19, 'inc_votes': 50, 'inc_pct': 12.66, 'bjp_votes': 6, 'bjp_pct': 1.52, 'winner_party': 'SAD', 'margin': 50, 'winner_candidate': 'Ganieve Kaur Majithia'}","{'total': 666, 'sad': 352, 'aap': 163, 'inc': 67, 'bjp': 40, 'sada': 3, 'bsp': 2, 'others': 35, 'sad_votes': 352, 'sad_pct': 52.85, 'aap_votes': 163, 'aap_pct': 24.47, 'inc_votes': 67, 'inc_pct': 10.06, 'bjp_votes': 40, 'bjp_pct': 6.01, 'sada_votes': 3, 'sada_pct': 0.45, 'winner_party': 'SAD', 'margin': 189, 'winner_candidate': 'Anil Joshi'}","{'turnout_diff': 271, 'turnout_pct': 68.61, 'sad_shift': 163, 'sad_swing': 5.0, 'aap_shift': 24, 'aap_swing': -10.72, 'inc_shift': 17, 'inc_swing': -2.6, 'bjp_shift': 34, 'bjp_swing': 4.49}",Akali Bastion: Strategic Penetration & Demolition Zone,ਅਕਾਲੀ ਦਲ ਦਾ ਪ੍ਰਭਾਵਿਤ ਖੇਤਰ: ਵਿਸ਼ੇਸ਼ ਘੇਰਾਬੰਦੀ ਜ਼ੋਨ,SAD retained lead here by +189 votes (52.9% share). Target moderate Panthic and farming families in Supariwind disillusioned with traditional leadership. Appoint dedicated block coordinators and highlight direct government procurement and village development works.,ਅਕਾਲੀ ਦਲ ਨੇ ਇੱਥੇ +189 ਵੋਟਾਂ (52.9%) ਨਾਲ ਲੀਡ ਬਣਾਈ ਹੈ। ਸੁਪਾਰੀਵਿੰਡ ਵਿੱਚ ਰਵਾਇਤੀ ਲੀਡਰਸ਼ਿਪ ਤੋਂ ਨਿਰਾਸ਼ ਕਿਸਾਨ ਅਤੇ ਪੰਥਕ ਪਰਿਵਾਰਾਂ ਨਾਲ ਸੰਵਾਦ ਕਰੋ। ਪਿੰਡਾਂ ਵਿੱਚ ਪੰਜਾਬ ਸਰਕਾਰ ਦੇ ਵਿਕਾਸ ਕਾਰਜਾਂ ਅਤੇ ਨਿਰਪੱਖ ਭਰਤੀਆਂ ਦੇ ਸੁਨੇਹੇ ਨਾਲ ਸੰਨ੍ਹ ਲਗਾਓ।,"{'booth_no': '71', 'village_en': 'Supariwind', 'village_pa': 'ਸੁਪਾਰੀਵਿੰਡ', 'zone_en': 'Akali Bastion: Strategic Penetration & Demolition Zone', 'zone_pa': 'ਅਕਾਲੀ ਦਲ ਦਾ ਪ੍ਰਭਾਵਿਤ ਖੇਤਰ: ਵਿਸ਼ੇਸ਼ ਘੇਰਾਬੰਦੀ ਜ਼ੋਨ', 'action_en': 'SAD retained lead here by +189 votes (52.9% share). Target moderate Panthic and farming families in Supariwind disillusioned with traditional leadership. Appoint dedicated block coordinators and highlight direct government procurement and village development works.', 'action_pa': 'ਅਕਾਲੀ ਦਲ ਨੇ ਇੱਥੇ +189 ਵੋਟਾਂ (52.9%) ਨਾਲ ਲੀਡ ਬਣਾਈ ਹੈ। ਸੁਪਾਰੀਵਿੰਡ ਵਿੱਚ ਰਵਾਇਤੀ ਲੀਡਰਸ਼ਿਪ ਤੋਂ ਨਿਰਾਸ਼ ਕਿਸਾਨ ਅਤੇ ਪੰਥਕ ਪਰਿਵਾਰਾਂ ਨਾਲ ਸੰਵਾਦ ਕਰੋ। ਪਿੰਡਾਂ ਵਿੱਚ ਪੰਜਾਬ ਸਰਕਾਰ ਦੇ ਵਿਕਾਸ ਕਾਰਜਾਂ ਅਤੇ ਨਿਰਪੱਖ ਭਰਤੀਆਂ ਦੇ ਸੁਨੇਹੇ ਨਾਲ ਸੰਨ੍ਹ ਲਗਾਓ।', 'action_steps_en': ['Days 1-30: Map the top 30 influential non-committed Panthic families in Supariwind.', 'Days 31-60: Deploy senior constituency leaders for direct home visits to address local disgruntlement.', ""Days 61-90: Neutralize SAD's +189 vote cushion by winning over agricultural youth.""], 'action_steps_pa': ['ਦਿਨ 1-30: ਸੁਪਾਰੀਵਿੰਡ ਦੇ 30 ਨਿਰਪੱਖ ਅਤੇ ਪ੍ਰਭਾਵਸ਼ਾਲੀ ਪਰਿਵਾਰਾਂ ਦੀ ਸ਼ਨਾਖਤ ਕਰੋ।', 'ਦਿਨ 31-60: ਸੀਨੀਅਰ ਲੀਡਰਸ਼ਿਪ ਰਾਹੀਂ ਘਰ-ਘਰ ਜਾ ਕੇ ਸਰਕਾਰ ਦੀਆਂ ਨਿਰਪੱਖ ਨੀਤੀਆਂ ਸਾਂਝੀਆਂ ਕਰੋ।', 'ਦਿਨ 61-90: ਨੌਜਵਾਨ ਵਰਗ ਨੂੰ ਸਰਕਾਰੀ ਨੌਕਰੀਆਂ ਅਤੇ ਖੇਡ ਕਿੱਟਾਂ ਰਾਹੀਂ ਪਾਰਟੀ ਨਾਲ ਜੋੜ ਕੇ ਲੀਡ ਘਟਾਓ।'], 'action_steps': ['ਦਿਨ 1-30: ਸੁਪਾਰੀਵਿੰਡ ਦੇ 30 ਨਿਰਪੱਖ ਅਤੇ ਪ੍ਰਭਾਵਸ਼ਾਲੀ ਪਰਿਵਾਰਾਂ ਦੀ ਸ਼ਨਾਖਤ ਕਰੋ।', 'ਦਿਨ 31-60: ਸੀਨੀਅਰ ਲੀਡਰਸ਼ਿਪ ਰਾਹੀਂ ਘਰ-ਘਰ ਜਾ ਕੇ ਸਰਕਾਰ ਦੀਆਂ ਨਿਰਪੱਖ ਨੀਤੀਆਂ ਸਾਂਝੀਆਂ ਕਰੋ।', 'ਦਿਨ 61-90: ਨੌਜਵਾਨ ਵਰਗ ਨੂੰ ਸਰਕਾਰੀ ਨੌਕਰੀਆਂ ਅਤੇ ਖੇਡ ਕਿੱਟਾਂ ਰਾਹੀਂ ਪਾਰਟੀ ਨਾਲ ਜੋੜ ਕੇ ਲੀਡ ਘਟਾਓ।']}"
72,72,71,72,72,False,#72,Booth #72 (Unchanged),ਬੂਥ #72 (ਅਣਬਦਲਿਆ),Chande,ਚੰਦੇ,ਚੰਦੇ,Chande,ਚੰਦੇ,Chande,ਚੰਦੇ,SAD,AAP,94,141,SAD → AAP,SAD → AAP,AAP Gain,ਆਪ ਲਾਭ,INC Deficit,"{'AAP': 'GAINED', 'SAD': 'LOST_24', 'INC': 'WEAK', 'BJP': 'WEAK'}",True,"{'is_flip': True, 'status_label': 'SAD → AAP', 'turnout_diff': -31, 'turnout_pct': -5.15, 'sad_swing': -16.39, 'aap_swing': 23.92, 'inc_swing': -6.92, 'bjp_swing': -1.37}",602,571,-31,-5.15,280,172,-108,46.51,30.12,-16.39,186,313,127,30.9,54.82,23.92,87,43,-44,14.45,7.53,-6.92,22,13,-9,3.65,2.28,-1.37,17,2.98,"{'total': 602, 'sad': 280, 'aap': 186, 'inc': 87, 'bjp': 22, 'sad_votes': 280, 'sad_pct': 46.51, 'aap_votes': 186, 'aap_pct': 30.9, 'inc_votes': 87, 'inc_pct': 14.45, 'bjp_votes': 22, 'bjp_pct': 3.65, 'winner_party': 'SAD', 'margin': 94, 'winner_candidate': 'Ganieve Kaur Majithia'}","{'total': 571, 'sad': 172, 'aap': 313, 'inc': 43, 'bjp': 13, 'sada': 17, 'bsp': 1, 'others': 10, 'sad_votes': 172, 'sad_pct': 30.12, 'aap_votes': 313, 'aap_pct': 54.82, 'inc_votes': 43, 'inc_pct': 7.53, 'bjp_votes': 13, 'bjp_pct': 2.28, 'sada_votes': 17, 'sada_pct': 2.98, 'winner_party': 'AAP', 'margin': 141, 'winner_candidate': 'Kuldeep Singh Dhaliwal'}","{'turnout_diff': -31, 'turnout_pct': -5.15, 'sad_shift': -108, 'sad_swing': -16.39, 'aap_shift': 127, 'aap_swing': 23.92, 'inc_shift': -44, 'inc_swing': -6.92, 'bjp_shift': -9, 'bjp_swing': -1.37}",Historic Breakthrough: AAP Flipped Stronghold,ਇਤਿਹਾਸਕ ਪ੍ਰਾਪਤੀ: ਅਕਾਲੀ ਗੜ੍ਹ ਵਿੱਚ ਆਪ ਦੀ ਜਿੱਤ ਜ਼ੋਨ,"Major breakthrough in Chande previously held by SAD. Formally induct local village swing leaders and youth volunteers who backed AAP in 2024. Resolve local village infrastructure, canal tail issues, and cement +141 lead.","ਚੰਦੇ ਵਿੱਚ ਵੱਡੀ ਇਤਿਹਾਸਕ ਸਫ਼ਲਤਾ, ਜਿੱਥੇ SAD ਦਾ ਪੁਰਾਣਾ ਦਬਦਬਾ ਟੁੱਟਿਆ। 2024 ਵਿੱਚ ਆਪ ਨਾਲ ਜੁੜੇ ਨੌਜਵਾਨਾਂ ਅਤੇ ਪੰਚਾਇਤੀ ਆਗੂਆਂ ਨੂੰ ਜਥੇਬੰਦਕ ਜ਼ਿੰਮੇਵਾਰੀਆਂ ਦਿਓ ਅਤੇ +141 ਵੋਟਾਂ ਦੀ ਲੀਡ ਨੂੰ ਸਥਾਈ ਵੋਟ ਬੈਂਕ ਵਿੱਚ ਬਦਲੋ।","{'booth_no': '72', 'village_en': 'Chande', 'village_pa': 'ਚੰਦੇ', 'zone_en': 'Historic Breakthrough: AAP Flipped Stronghold', 'zone_pa': 'ਇਤਿਹਾਸਕ ਪ੍ਰਾਪਤੀ: ਅਕਾਲੀ ਗੜ੍ਹ ਵਿੱਚ ਆਪ ਦੀ ਜਿੱਤ ਜ਼ੋਨ', 'action_en': 'Major breakthrough in Chande previously held by SAD. Formally induct local village swing leaders and youth volunteers who backed AAP in 2024. Resolve local village infrastructure, canal tail issues, and cement +141 lead.', 'action_pa': 'ਚੰਦੇ ਵਿੱਚ ਵੱਡੀ ਇਤਿਹਾਸਕ ਸਫ਼ਲਤਾ, ਜਿੱਥੇ SAD ਦਾ ਪੁਰਾਣਾ ਦਬਦਬਾ ਟੁੱਟਿਆ। 2024 ਵਿੱਚ ਆਪ ਨਾਲ ਜੁੜੇ ਨੌਜਵਾਨਾਂ ਅਤੇ ਪੰਚਾਇਤੀ ਆਗੂਆਂ ਨੂੰ ਜਥੇਬੰਦਕ ਜ਼ਿੰਮੇਵਾਰੀਆਂ ਦਿਓ ਅਤੇ +141 ਵੋਟਾਂ ਦੀ ਲੀਡ ਨੂੰ ਸਥਾਈ ਵੋਟ ਬੈਂਕ ਵਿੱਚ ਬਦਲੋ।', 'action_steps_en': ['Days 1-30: Onboard dynamic swing workers who crossed over from SAD into the formal AAP booth structure.', 'Days 31-60: Prioritize village link road and street light repairs in Chande through rural development grants.', 'Days 61-90: Convert current +141 vote lead into permanent party loyalty before 2027.'], 'action_steps_pa': ['ਦਿਨ 1-30: SAD ਛੱਡ ਕੇ ਆਪ ਵਿੱਚ ਸ਼ਾਮਲ ਹੋਏ ਆਗੂਆਂ ਨੂੰ ਬੂਥ ਕਮੇਟੀ ਵਿੱਚ ਅਹਿਮ ਜ਼ਿੰਮੇਵਾਰੀਆਂ ਦਿਓ।', ""ਦਿਨ 31-60: ਚੰਦੇ ਵਿੱਚ ਪਿੰਡ ਦੀਆਂ ਫਿਰਨੀਆਂ, ਗਲੀਆਂ ਅਤੇ ਲਿੰਕ ਸੜਕਾਂ ਦੇ ਕੰਮ ਤਰਜੀਹ 'ਤੇ ਕਰਵਾਓ।"", 'ਦਿਨ 61-90: +141 ਵੋਟਾਂ ਦੀ ਲੀਡ ਨੂੰ ਪੱਕੇ ਵੋਟ ਬੈਂਕ ਵਿੱਚ ਤਬਦੀਲ ਕਰੋ।'], 'action_steps': ['ਦਿਨ 1-30: SAD ਛੱਡ ਕੇ ਆਪ ਵਿੱਚ ਸ਼ਾਮਲ ਹੋਏ ਆਗੂਆਂ ਨੂੰ ਬੂਥ ਕਮੇਟੀ ਵਿੱਚ ਅਹਿਮ ਜ਼ਿੰਮੇਵਾਰੀਆਂ ਦਿਓ।', ""ਦਿਨ 31-60: ਚੰਦੇ ਵਿੱਚ ਪਿੰਡ ਦੀਆਂ ਫਿਰਨੀਆਂ, ਗਲੀਆਂ ਅਤੇ ਲਿੰਕ ਸੜਕਾਂ ਦੇ ਕੰਮ ਤਰਜੀਹ 'ਤੇ ਕਰਵਾਓ।"", 'ਦਿਨ 61-90: +141 ਵੋਟਾਂ ਦੀ ਲੀਡ ਨੂੰ ਪੱਕੇ ਵੋਟ ਬੈਂਕ ਵਿੱਚ ਤਬਦੀਲ ਕਰੋ।']}"
73,73,72,73,73,False,#73,Booth #73 (Unchanged),ਬੂਥ #73 (ਅਣਬਦਲਿਆ),Begewal,ਬੇਗੇਵਾਲ,ਬੇਗੇਵਾਲ,Begewal,ਬੇਗੇਵਾਲ,Begewal,ਬੇਗੇਵਾਲ,SAD,AAP,69,75,SAD → AAP,SAD → AAP,AAP Gain,ਆਪ ਲਾਭ,INC Deficit,"{'AAP': 'GAINED', 'SAD': 'LOST_24', 'INC': 'WEAK', 'BJP': 'WEAK'}",True,"{'is_flip': True, 'status_label': 'SAD → AAP', 'turnout_diff': -70, 'turnout_pct': -12.92, 'sad_swing': -16.31, 'aap_swing': 12.31, 'inc_swing': -6.85, 'bjp_swing': -6.92}",542,472,-70,-12.92,240,132,-108,44.28,27.97,-16.31,171,207,36,31.55,43.86,12.31,75,33,-42,13.84,6.99,-6.85,41,3,-38,7.56,0.64,-6.92,57,12.08,"{'total': 542, 'sad': 240, 'aap': 171, 'inc': 75, 'bjp': 41, 'sad_votes': 240, 'sad_pct': 44.28, 'aap_votes': 171, 'aap_pct': 31.55, 'inc_votes': 75, 'inc_pct': 13.84, 'bjp_votes': 41, 'bjp_pct': 7.56, 'winner_party': 'SAD', 'margin': 69, 'winner_candidate': 'Ganieve Kaur Majithia'}","{'total': 472, 'sad': 132, 'aap': 207, 'inc': 33, 'bjp': 3, 'sada': 57, 'bsp': 1, 'others': 36, 'sad_votes': 132, 'sad_pct': 27.97, 'aap_votes': 207, 'aap_pct': 43.86, 'inc_votes': 33, 'inc_pct': 6.99, 'bjp_votes': 3, 'bjp_pct': 0.64, 'sada_votes': 57, 'sada_pct': 12.08, 'winner_party': 'AAP', 'margin': 75, 'winner_candidate': 'Kuldeep Singh Dhaliwal'}","{'turnout_diff': -70, 'turnout_pct': -12.92, 'sad_shift': -108, 'sad_swing': -16.31, 'aap_shift': 36, 'aap_swing': 12.31, 'inc_shift': -42, 'inc_swing': -6.85, 'bjp_shift': -38, 'bjp_swing': -6.92}",Historic Breakthrough: AAP Flipped Stronghold,ਇਤਿਹਾਸਕ ਪ੍ਰਾਪਤੀ: ਅਕਾਲੀ ਗੜ੍ਹ ਵਿੱਚ ਆਪ ਦੀ ਜਿੱਤ ਜ਼ੋਨ,"Major breakthrough in Begewal previously held by SAD. Formally induct local village swing leaders and youth volunteers who backed AAP in 2024. Resolve local village infrastructure, canal tail issues, and cement +75 lead.","ਬੇਗੇਵਾਲ ਵਿੱਚ ਵੱਡੀ ਇਤਿਹਾਸਕ ਸਫ਼ਲਤਾ, ਜਿੱਥੇ SAD ਦਾ ਪੁਰਾਣਾ ਦਬਦਬਾ ਟੁੱਟਿਆ। 2024 ਵਿੱਚ ਆਪ ਨਾਲ ਜੁੜੇ ਨੌਜਵਾਨਾਂ ਅਤੇ ਪੰਚਾਇਤੀ ਆਗੂਆਂ ਨੂੰ ਜਥੇਬੰਦਕ ਜ਼ਿੰਮੇਵਾਰੀਆਂ ਦਿਓ ਅਤੇ +75 ਵੋਟਾਂ ਦੀ ਲੀਡ ਨੂੰ ਸਥਾਈ ਵੋਟ ਬੈਂਕ ਵਿੱਚ ਬਦਲੋ।","{'booth_no': '73', 'village_en': 'Begewal', 'village_pa': 'ਬੇਗੇਵਾਲ', 'zone_en': 'Historic Breakthrough: AAP Flipped Stronghold', 'zone_pa': 'ਇਤਿਹਾਸਕ ਪ੍ਰਾਪਤੀ: ਅਕਾਲੀ ਗੜ੍ਹ ਵਿੱਚ ਆਪ ਦੀ ਜਿੱਤ ਜ਼ੋਨ', 'action_en': 'Major breakthrough in Begewal previously held by SAD. Formally induct local village swing leaders and youth volunteers who backed AAP in 2024. Resolve local village infrastructure, canal tail issues, and cement +75 lead.', 'action_pa': 'ਬੇਗੇਵਾਲ ਵਿੱਚ ਵੱਡੀ ਇਤਿਹਾਸਕ ਸਫ਼ਲਤਾ, ਜਿੱਥੇ SAD ਦਾ ਪੁਰਾਣਾ ਦਬਦਬਾ ਟੁੱਟਿਆ। 2024 ਵਿੱਚ ਆਪ ਨਾਲ ਜੁੜੇ ਨੌਜਵਾਨਾਂ ਅਤੇ ਪੰਚਾਇਤੀ ਆਗੂਆਂ ਨੂੰ ਜਥੇਬੰਦਕ ਜ਼ਿੰਮੇਵਾਰੀਆਂ ਦਿਓ ਅਤੇ +75 ਵੋਟਾਂ ਦੀ ਲੀਡ ਨੂੰ ਸਥਾਈ ਵੋਟ ਬੈਂਕ ਵਿੱਚ ਬਦਲੋ।', 'action_steps_en': ['Days 1-30: Onboard dynamic swing workers who crossed over from SAD into the formal AAP booth structure.', 'Days 31-60: Prioritize village link road and street light repairs in Begewal through rural development grants.', 'Days 61-90: Convert current +75 vote lead into permanent party loyalty before 2027.'], 'action_steps_pa': ['ਦਿਨ 1-30: SAD ਛੱਡ ਕੇ ਆਪ ਵਿੱਚ ਸ਼ਾਮਲ ਹੋਏ ਆਗੂਆਂ ਨੂੰ ਬੂਥ ਕਮੇਟੀ ਵਿੱਚ ਅਹਿਮ ਜ਼ਿੰਮੇਵਾਰੀਆਂ ਦਿਓ।', ""ਦਿਨ 31-60: ਬੇਗੇਵਾਲ ਵਿੱਚ ਪਿੰਡ ਦੀਆਂ ਫਿਰਨੀਆਂ, ਗਲੀਆਂ ਅਤੇ ਲਿੰਕ ਸੜਕਾਂ ਦੇ ਕੰਮ ਤਰਜੀਹ 'ਤੇ ਕਰਵਾਓ।"", 'ਦਿਨ 61-90: +75 ਵੋਟਾਂ ਦੀ ਲੀਡ ਨੂੰ ਪੱਕੇ ਵੋਟ ਬੈਂਕ ਵਿੱਚ ਤਬਦੀਲ ਕਰੋ।'], 'action_steps': ['ਦਿਨ 1-30: SAD ਛੱਡ ਕੇ ਆਪ ਵਿੱਚ ਸ਼ਾਮਲ ਹੋਏ ਆਗੂਆਂ ਨੂੰ ਬੂਥ ਕਮੇਟੀ ਵਿੱਚ ਅਹਿਮ ਜ਼ਿੰਮੇਵਾਰੀਆਂ ਦਿਓ।', ""ਦਿਨ 31-60: ਬੇਗੇਵਾਲ ਵਿੱਚ ਪਿੰਡ ਦੀਆਂ ਫਿਰਨੀਆਂ, ਗਲੀਆਂ ਅਤੇ ਲਿੰਕ ਸੜਕਾਂ ਦੇ ਕੰਮ ਤਰਜੀਹ 'ਤੇ ਕਰਵਾਓ।"", 'ਦਿਨ 61-90: +75 ਵੋਟਾਂ ਦੀ ਲੀਡ ਨੂੰ ਪੱਕੇ ਵੋਟ ਬੈਂਕ ਵਿੱਚ ਤਬਦੀਲ ਕਰੋ।']}"
74,74,73,74,74,False,#74,Booth #74 (Unchanged),ਬੂਥ #74 (ਅਣਬਦਲਿਆ),Begewal,ਬੇਗੇਵਾਲ,ਬੇਗੇਵਾਲ,Begewal,ਬੇਗੇਵਾਲ,Begewal,ਬੇਗੇਵਾਲ,SAD,AAP,186,13,SAD → AAP,SAD → AAP,AAP Gain,ਆਪ ਲਾਭ,INC Deficit,"{'AAP': 'GAINED', 'SAD': 'LOST_24', 'INC': 'LOST_BOTH', 'BJP': 'WEAK'}",True,"{'is_flip': True, 'status_label': 'SAD → AAP', 'turnout_diff': -70, 'turnout_pct': -12.37, 'sad_swing': -24.06, 'aap_swing': 11.42, 'inc_swing': 8.91, 'bjp_swing': 0.66}",566,496,-70,-12.37,337,176,-161,59.54,35.48,-24.06,151,189,38,26.68,38.1,11.42,42,81,39,7.42,16.33,8.91,2,5,3,0.35,1.01,0.66,10,2.02,"{'total': 566, 'sad': 337, 'aap': 151, 'inc': 42, 'bjp': 2, 'sad_votes': 337, 'sad_pct': 59.54, 'aap_votes': 151, 'aap_pct': 26.68, 'inc_votes': 42, 'inc_pct': 7.42, 'bjp_votes': 2, 'bjp_pct': 0.35, 'winner_party': 'SAD', 'margin': 186, 'winner_candidate': 'Ganieve Kaur Majithia'}","{'total': 496, 'sad': 176, 'aap': 189, 'inc': 81, 'bjp': 5, 'sada': 10, 'bsp': 5, 'others': 25, 'sad_votes': 176, 'sad_pct': 35.48, 'aap_votes': 189, 'aap_pct': 38.1, 'inc_votes': 81, 'inc_pct': 16.33, 'bjp_votes': 5, 'bjp_pct': 1.01, 'sada_votes': 10, 'sada_pct': 2.02, 'winner_party': 'AAP', 'margin': 13, 'winner_candidate': 'Kuldeep Singh Dhaliwal'}","{'turnout_diff': -70, 'turnout_pct': -12.37, 'sad_shift': -161, 'sad_swing': -24.06, 'aap_shift': 38, 'aap_swing': 11.42, 'inc_shift': 39, 'inc_swing': 8.91, 'bjp_shift': 3, 'bjp_swing': 0.66}",Historic Breakthrough: AAP Flipped Stronghold,ਇਤਿਹਾਸਕ ਪ੍ਰਾਪਤੀ: ਅਕਾਲੀ ਗੜ੍ਹ ਵਿੱਚ ਆਪ ਦੀ ਜਿੱਤ ਜ਼ੋਨ,"Major breakthrough in Begewal previously held by SAD. Formally induct local village swing leaders and youth volunteers who backed AAP in 2024. Resolve local village infrastructure, canal tail issues, and cement +13 lead.","ਬੇਗੇਵਾਲ ਵਿੱਚ ਵੱਡੀ ਇਤਿਹਾਸਕ ਸਫ਼ਲਤਾ, ਜਿੱਥੇ SAD ਦਾ ਪੁਰਾਣਾ ਦਬਦਬਾ ਟੁੱਟਿਆ। 2024 ਵਿੱਚ ਆਪ ਨਾਲ ਜੁੜੇ ਨੌਜਵਾਨਾਂ ਅਤੇ ਪੰਚਾਇਤੀ ਆਗੂਆਂ ਨੂੰ ਜਥੇਬੰਦਕ ਜ਼ਿੰਮੇਵਾਰੀਆਂ ਦਿਓ ਅਤੇ +13 ਵੋਟਾਂ ਦੀ ਲੀਡ ਨੂੰ ਸਥਾਈ ਵੋਟ ਬੈਂਕ ਵਿੱਚ ਬਦਲੋ।","{'booth_no': '74', 'village_en': 'Begewal', 'village_pa': 'ਬੇਗੇਵਾਲ', 'zone_en': 'Historic Breakthrough: AAP Flipped Stronghold', 'zone_pa': 'ਇਤਿਹਾਸਕ ਪ੍ਰਾਪਤੀ: ਅਕਾਲੀ ਗੜ੍ਹ ਵਿੱਚ ਆਪ ਦੀ ਜਿੱਤ ਜ਼ੋਨ', 'action_en': 'Major breakthrough in Begewal previously held by SAD. Formally induct local village swing leaders and youth volunteers who backed AAP in 2024. Resolve local village infrastructure, canal tail issues, and cement +13 lead.', 'action_pa': 'ਬੇਗੇਵਾਲ ਵਿੱਚ ਵੱਡੀ ਇਤਿਹਾਸਕ ਸਫ਼ਲਤਾ, ਜਿੱਥੇ SAD ਦਾ ਪੁਰਾਣਾ ਦਬਦਬਾ ਟੁੱਟਿਆ। 2024 ਵਿੱਚ ਆਪ ਨਾਲ ਜੁੜੇ ਨੌਜਵਾਨਾਂ ਅਤੇ ਪੰਚਾਇਤੀ ਆਗੂਆਂ ਨੂੰ ਜਥੇਬੰਦਕ ਜ਼ਿੰਮੇਵਾਰੀਆਂ ਦਿਓ ਅਤੇ +13 ਵੋਟਾਂ ਦੀ ਲੀਡ ਨੂੰ ਸਥਾਈ ਵੋਟ ਬੈਂਕ ਵਿੱਚ ਬਦਲੋ।', 'action_steps_en': ['Days 1-30: Onboard dynamic swing workers who crossed over from SAD into the formal AAP booth structure.', 'Days 31-60: Prioritize village link road and street light repairs in Begewal through rural development grants.', 'Days 61-90: Convert current +13 vote lead into permanent party loyalty before 2027.'], 'action_steps_pa': ['ਦਿਨ 1-30: SAD ਛੱਡ ਕੇ ਆਪ ਵਿੱਚ ਸ਼ਾਮਲ ਹੋਏ ਆਗੂਆਂ ਨੂੰ ਬੂਥ ਕਮੇਟੀ ਵਿੱਚ ਅਹਿਮ ਜ਼ਿੰਮੇਵਾਰੀਆਂ ਦਿਓ।', ""ਦਿਨ 31-60: ਬੇਗੇਵਾਲ ਵਿੱਚ ਪਿੰਡ ਦੀਆਂ ਫਿਰਨੀਆਂ, ਗਲੀਆਂ ਅਤੇ ਲਿੰਕ ਸੜਕਾਂ ਦੇ ਕੰਮ ਤਰਜੀਹ 'ਤੇ ਕਰਵਾਓ।"", 'ਦਿਨ 61-90: +13 ਵੋਟਾਂ ਦੀ ਲੀਡ ਨੂੰ ਪੱਕੇ ਵੋਟ ਬੈਂਕ ਵਿੱਚ ਤਬਦੀਲ ਕਰੋ।'], 'action_steps': ['ਦਿਨ 1-30: SAD ਛੱਡ ਕੇ ਆਪ ਵਿੱਚ ਸ਼ਾਮਲ ਹੋਏ ਆਗੂਆਂ ਨੂੰ ਬੂਥ ਕਮੇਟੀ ਵਿੱਚ ਅਹਿਮ ਜ਼ਿੰਮੇਵਾਰੀਆਂ ਦਿਓ।', ""ਦਿਨ 31-60: ਬੇਗੇਵਾਲ ਵਿੱਚ ਪਿੰਡ ਦੀਆਂ ਫਿਰਨੀਆਂ, ਗਲੀਆਂ ਅਤੇ ਲਿੰਕ ਸੜਕਾਂ ਦੇ ਕੰਮ ਤਰਜੀਹ 'ਤੇ ਕਰਵਾਓ।"", 'ਦਿਨ 61-90: +13 ਵੋਟਾਂ ਦੀ ਲੀਡ ਨੂੰ ਪੱਕੇ ਵੋਟ ਬੈਂਕ ਵਿੱਚ ਤਬਦੀਲ ਕਰੋ।']}"
75,75,74,75,75,False,#75,Booth #75 (Unchanged),ਬੂਥ #75 (ਅਣਬਦਲਿਆ),Harian,ਹਰੀਆਂ,ਹਰੀਆਂ,Harian,ਹਰੀਆਂ,Harian,ਹਰੀਆਂ,SAD,SAD,22,189,SAD Retained,SAD Retained,AAP Deficit,ਆਪ ਘਾਟ,INC Deficit,"{'AAP': 'WEAK', 'SAD': 'WON_BOTH', 'INC': 'LOST_BOTH', 'BJP': 'WEAK'}",False,"{'is_flip': False, 'status_label': 'SAD Retained', 'turnout_diff': 295, 'turnout_pct': 93.65, 'sad_swing': 0.89, 'aap_swing': -23.11, 'inc_swing': 9.89, 'bjp_swing': 4.27}",315,610,295,93.65,148,292,144,46.98,47.87,0.89,126,103,-23,40.0,16.89,-23.11,21,101,80,6.67,16.56,9.89,1,28,27,0.32,4.59,4.27,53,8.69,"{'total': 315, 'sad': 148, 'aap': 126, 'inc': 21, 'bjp': 1, 'sad_votes': 148, 'sad_pct': 46.98, 'aap_votes': 126, 'aap_pct': 40.0, 'inc_votes': 21, 'inc_pct': 6.67, 'bjp_votes': 1, 'bjp_pct': 0.32, 'winner_party': 'SAD', 'margin': 22, 'winner_candidate': 'Ganieve Kaur Majithia'}","{'total': 610, 'sad': 292, 'aap': 103, 'inc': 101, 'bjp': 28, 'sada': 53, 'bsp': 2, 'others': 26, 'sad_votes': 292, 'sad_pct': 47.87, 'aap_votes': 103, 'aap_pct': 16.89, 'inc_votes': 101, 'inc_pct': 16.56, 'bjp_votes': 28, 'bjp_pct': 4.59, 'sada_votes': 53, 'sada_pct': 8.69, 'winner_party': 'SAD', 'margin': 189, 'winner_candidate': 'Anil Joshi'}","{'turnout_diff': 295, 'turnout_pct': 93.65, 'sad_shift': 144, 'sad_swing': 0.89, 'aap_shift': -23, 'aap_swing': -23.11, 'inc_shift': 80, 'inc_swing': 9.89, 'bjp_shift': 27, 'bjp_swing': 4.27}",Akali Bastion: Strategic Penetration & Demolition Zone,ਅਕਾਲੀ ਦਲ ਦਾ ਪ੍ਰਭਾਵਿਤ ਖੇਤਰ: ਵਿਸ਼ੇਸ਼ ਘੇਰਾਬੰਦੀ ਜ਼ੋਨ,SAD retained lead here by +189 votes (47.9% share). Target moderate Panthic and farming families in Harian disillusioned with traditional leadership. Appoint dedicated block coordinators and highlight direct government procurement and village development works.,ਅਕਾਲੀ ਦਲ ਨੇ ਇੱਥੇ +189 ਵੋਟਾਂ (47.9%) ਨਾਲ ਲੀਡ ਬਣਾਈ ਹੈ। ਹਰੀਆਂ ਵਿੱਚ ਰਵਾਇਤੀ ਲੀਡਰਸ਼ਿਪ ਤੋਂ ਨਿਰਾਸ਼ ਕਿਸਾਨ ਅਤੇ ਪੰਥਕ ਪਰਿਵਾਰਾਂ ਨਾਲ ਸੰਵਾਦ ਕਰੋ। ਪਿੰਡਾਂ ਵਿੱਚ ਪੰਜਾਬ ਸਰਕਾਰ ਦੇ ਵਿਕਾਸ ਕਾਰਜਾਂ ਅਤੇ ਨਿਰਪੱਖ ਭਰਤੀਆਂ ਦੇ ਸੁਨੇਹੇ ਨਾਲ ਸੰਨ੍ਹ ਲਗਾਓ।,"{'booth_no': '75', 'village_en': 'Harian', 'village_pa': 'ਹਰੀਆਂ', 'zone_en': 'Akali Bastion: Strategic Penetration & Demolition Zone', 'zone_pa': 'ਅਕਾਲੀ ਦਲ ਦਾ ਪ੍ਰਭਾਵਿਤ ਖੇਤਰ: ਵਿਸ਼ੇਸ਼ ਘੇਰਾਬੰਦੀ ਜ਼ੋਨ', 'action_en': 'SAD retained lead here by +189 votes (47.9% share). Target moderate Panthic and farming families in Harian disillusioned with traditional leadership. Appoint dedicated block coordinators and highlight direct government procurement and village development works.', 'action_pa': 'ਅਕਾਲੀ ਦਲ ਨੇ ਇੱਥੇ +189 ਵੋਟਾਂ (47.9%) ਨਾਲ ਲੀਡ ਬਣਾਈ ਹੈ। ਹਰੀਆਂ ਵਿੱਚ ਰਵਾਇਤੀ ਲੀਡਰਸ਼ਿਪ ਤੋਂ ਨਿਰਾਸ਼ ਕਿਸਾਨ ਅਤੇ ਪੰਥਕ ਪਰਿਵਾਰਾਂ ਨਾਲ ਸੰਵਾਦ ਕਰੋ। ਪਿੰਡਾਂ ਵਿੱਚ ਪੰਜਾਬ ਸਰਕਾਰ ਦੇ ਵਿਕਾਸ ਕਾਰਜਾਂ ਅਤੇ ਨਿਰਪੱਖ ਭਰਤੀਆਂ ਦੇ ਸੁਨੇਹੇ ਨਾਲ ਸੰਨ੍ਹ ਲਗਾਓ।', 'action_steps_en': ['Days 1-30: Map the top 30 influential non-committed Panthic families in Harian.', 'Days 31-60: Deploy senior constituency leaders for direct home visits to address local disgruntlement.', ""Days 61-90: Neutralize SAD's +189 vote cushion by winning over agricultural youth.""], 'action_steps_pa': ['ਦਿਨ 1-30: ਹਰੀਆਂ ਦੇ 30 ਨਿਰਪੱਖ ਅਤੇ ਪ੍ਰਭਾਵਸ਼ਾਲੀ ਪਰਿਵਾਰਾਂ ਦੀ ਸ਼ਨਾਖਤ ਕਰੋ।', 'ਦਿਨ 31-60: ਸੀਨੀਅਰ ਲੀਡਰਸ਼ਿਪ ਰਾਹੀਂ ਘਰ-ਘਰ ਜਾ ਕੇ ਸਰਕਾਰ ਦੀਆਂ ਨਿਰਪੱਖ ਨੀਤੀਆਂ ਸਾਂਝੀਆਂ ਕਰੋ।', 'ਦਿਨ 61-90: ਨੌਜਵਾਨ ਵਰਗ ਨੂੰ ਸਰਕਾਰੀ ਨੌਕਰੀਆਂ ਅਤੇ ਖੇਡ ਕਿੱਟਾਂ ਰਾਹੀਂ ਪਾਰਟੀ ਨਾਲ ਜੋੜ ਕੇ ਲੀਡ ਘਟਾਓ।'], 'action_steps': ['ਦਿਨ 1-30: ਹਰੀਆਂ ਦੇ 30 ਨਿਰਪੱਖ ਅਤੇ ਪ੍ਰਭਾਵਸ਼ਾਲੀ ਪਰਿਵਾਰਾਂ ਦੀ ਸ਼ਨਾਖਤ ਕਰੋ।', 'ਦਿਨ 31-60: ਸੀਨੀਅਰ ਲੀਡਰਸ਼ਿਪ ਰਾਹੀਂ ਘਰ-ਘਰ ਜਾ ਕੇ ਸਰਕਾਰ ਦੀਆਂ ਨਿਰਪੱਖ ਨੀਤੀਆਂ ਸਾਂਝੀਆਂ ਕਰੋ।', 'ਦਿਨ 61-90: ਨੌਜਵਾਨ ਵਰਗ ਨੂੰ ਸਰਕਾਰੀ ਨੌਕਰੀਆਂ ਅਤੇ ਖੇਡ ਕਿੱਟਾਂ ਰਾਹੀਂ ਪਾਰਟੀ ਨਾਲ ਜੋੜ ਕੇ ਲੀਡ ਘਟਾਓ।']}"
76,76,75,76,76,False,#76,Booth #76 (Unchanged),ਬੂਥ #76 (ਅਣਬਦਲਿਆ),Daddian,ਡੱਡੀਆਂ,ਡੱਡੀਆਂ,Daddian,ਡੱਡੀਆਂ,Daddian,ਡੱਡੀਆਂ,SAD,SAD,160,277,SAD Retained,SAD Retained,AAP Deficit,ਆਪ ਘਾਟ,INC Deficit,"{'AAP': 'LOST_BOTH', 'SAD': 'WON_BOTH', 'INC': 'WEAK', 'BJP': 'WEAK'}",False,"{'is_flip': False, 'status_label': 'SAD Retained', 'turnout_diff': 292, 'turnout_pct': 83.43, 'sad_swing': 0.26, 'aap_swing': 7.39, 'inc_swing': -10.42, 'bjp_swing': 3.48}",350,642,292,83.43,221,407,186,63.14,63.4,0.26,45,130,85,12.86,20.25,7.39,61,45,-16,17.43,7.01,-10.42,2,26,24,0.57,4.05,3.48,17,2.65,"{'total': 350, 'sad': 221, 'aap': 45, 'inc': 61, 'bjp': 2, 'sad_votes': 221, 'sad_pct': 63.14, 'aap_votes': 45, 'aap_pct': 12.86, 'inc_votes': 61, 'inc_pct': 17.43, 'bjp_votes': 2, 'bjp_pct': 0.57, 'winner_party': 'SAD', 'margin': 160, 'winner_candidate': 'Ganieve Kaur Majithia'}","{'total': 642, 'sad': 407, 'aap': 130, 'inc': 45, 'bjp': 26, 'sada': 17, 'bsp': 0, 'others': 13, 'sad_votes': 407, 'sad_pct': 63.4, 'aap_votes': 130, 'aap_pct': 20.25, 'inc_votes': 45, 'inc_pct': 7.01, 'bjp_votes': 26, 'bjp_pct': 4.05, 'sada_votes': 17, 'sada_pct': 2.65, 'winner_party': 'SAD', 'margin': 277, 'winner_candidate': 'Anil Joshi'}","{'turnout_diff': 292, 'turnout_pct': 83.43, 'sad_shift': 186, 'sad_swing': 0.26, 'aap_shift': 85, 'aap_swing': 7.39, 'inc_shift': -16, 'inc_swing': -10.42, 'bjp_shift': 24, 'bjp_swing': 3.48}",Akali Bastion: Strategic Penetration & Demolition Zone,ਅਕਾਲੀ ਦਲ ਦਾ ਪ੍ਰਭਾਵਿਤ ਖੇਤਰ: ਵਿਸ਼ੇਸ਼ ਘੇਰਾਬੰਦੀ ਜ਼ੋਨ,SAD retained lead here by +277 votes (63.4% share). Target moderate Panthic and farming families in Daddian disillusioned with traditional leadership. Appoint dedicated block coordinators and highlight direct government procurement and village development works.,ਅਕਾਲੀ ਦਲ ਨੇ ਇੱਥੇ +277 ਵੋਟਾਂ (63.4%) ਨਾਲ ਲੀਡ ਬਣਾਈ ਹੈ। ਡੱਡੀਆਂ ਵਿੱਚ ਰਵਾਇਤੀ ਲੀਡਰਸ਼ਿਪ ਤੋਂ ਨਿਰਾਸ਼ ਕਿਸਾਨ ਅਤੇ ਪੰਥਕ ਪਰਿਵਾਰਾਂ ਨਾਲ ਸੰਵਾਦ ਕਰੋ। ਪਿੰਡਾਂ ਵਿੱਚ ਪੰਜਾਬ ਸਰਕਾਰ ਦੇ ਵਿਕਾਸ ਕਾਰਜਾਂ ਅਤੇ ਨਿਰਪੱਖ ਭਰਤੀਆਂ ਦੇ ਸੁਨੇਹੇ ਨਾਲ ਸੰਨ੍ਹ ਲਗਾਓ।,"{'booth_no': '76', 'village_en': 'Daddian', 'village_pa': 'ਡੱਡੀਆਂ', 'zone_en': 'Akali Bastion: Strategic Penetration & Demolition Zone', 'zone_pa': 'ਅਕਾਲੀ ਦਲ ਦਾ ਪ੍ਰਭਾਵਿਤ ਖੇਤਰ: ਵਿਸ਼ੇਸ਼ ਘੇਰਾਬੰਦੀ ਜ਼ੋਨ', 'action_en': 'SAD retained lead here by +277 votes (63.4% share). Target moderate Panthic and farming families in Daddian disillusioned with traditional leadership. Appoint dedicated block coordinators and highlight direct government procurement and village development works.', 'action_pa': 'ਅਕਾਲੀ ਦਲ ਨੇ ਇੱਥੇ +277 ਵੋਟਾਂ (63.4%) ਨਾਲ ਲੀਡ ਬਣਾਈ ਹੈ। ਡੱਡੀਆਂ ਵਿੱਚ ਰਵਾਇਤੀ ਲੀਡਰਸ਼ਿਪ ਤੋਂ ਨਿਰਾਸ਼ ਕਿਸਾਨ ਅਤੇ ਪੰਥਕ ਪਰਿਵਾਰਾਂ ਨਾਲ ਸੰਵਾਦ ਕਰੋ। ਪਿੰਡਾਂ ਵਿੱਚ ਪੰਜਾਬ ਸਰਕਾਰ ਦੇ ਵਿਕਾਸ ਕਾਰਜਾਂ ਅਤੇ ਨਿਰਪੱਖ ਭਰਤੀਆਂ ਦੇ ਸੁਨੇਹੇ ਨਾਲ ਸੰਨ੍ਹ ਲਗਾਓ।', 'action_steps_en': ['Days 1-30: Map the top 30 influential non-committed Panthic families in Daddian.', 'Days 31-60: Deploy senior constituency leaders for direct home visits to address local disgruntlement.', ""Days 61-90: Neutralize SAD's +277 vote cushion by winning over agricultural youth.""], 'action_steps_pa': ['ਦਿਨ 1-30: ਡੱਡੀਆਂ ਦੇ 30 ਨਿਰਪੱਖ ਅਤੇ ਪ੍ਰਭਾਵਸ਼ਾਲੀ ਪਰਿਵਾਰਾਂ ਦੀ ਸ਼ਨਾਖਤ ਕਰੋ।', 'ਦਿਨ 31-60: ਸੀਨੀਅਰ ਲੀਡਰਸ਼ਿਪ ਰਾਹੀਂ ਘਰ-ਘਰ ਜਾ ਕੇ ਸਰਕਾਰ ਦੀਆਂ ਨਿਰਪੱਖ ਨੀਤੀਆਂ ਸਾਂਝੀਆਂ ਕਰੋ।', 'ਦਿਨ 61-90: ਨੌਜਵਾਨ ਵਰਗ ਨੂੰ ਸਰਕਾਰੀ ਨੌਕਰੀਆਂ ਅਤੇ ਖੇਡ ਕਿੱਟਾਂ ਰਾਹੀਂ ਪਾਰਟੀ ਨਾਲ ਜੋੜ ਕੇ ਲੀਡ ਘਟਾਓ।'], 'action_steps': ['ਦਿਨ 1-30: ਡੱਡੀਆਂ ਦੇ 30 ਨਿਰਪੱਖ ਅਤੇ ਪ੍ਰਭਾਵਸ਼ਾਲੀ ਪਰਿਵਾਰਾਂ ਦੀ ਸ਼ਨਾਖਤ ਕਰੋ।', 'ਦਿਨ 31-60: ਸੀਨੀਅਰ ਲੀਡਰਸ਼ਿਪ ਰਾਹੀਂ ਘਰ-ਘਰ ਜਾ ਕੇ ਸਰਕਾਰ ਦੀਆਂ ਨਿਰਪੱਖ ਨੀਤੀਆਂ ਸਾਂਝੀਆਂ ਕਰੋ।', 'ਦਿਨ 61-90: ਨੌਜਵਾਨ ਵਰਗ ਨੂੰ ਸਰਕਾਰੀ ਨੌਕਰੀਆਂ ਅਤੇ ਖੇਡ ਕਿੱਟਾਂ ਰਾਹੀਂ ਪਾਰਟੀ ਨਾਲ ਜੋੜ ਕੇ ਲੀਡ ਘਟਾਓ।']}"
77,77,76,77,77,False,#77,Booth #77 (Unchanged),ਬੂਥ #77 (ਅਣਬਦਲਿਆ),Nag Nave,ਨਾਗ ਨਵੇਂ,ਨਾਗ ਨਵੇਂ,Nag Nave,ਨਾਗ ਨਵੇਂ,Nag Nave,ਨਾਗ ਨਵੇਂ,SAD,SAD,96,77,SAD Retained,SAD Retained,AAP Deficit,ਆਪ ਘਾਟ,INC Deficit,"{'AAP': 'LOST_BOTH', 'SAD': 'WON_BOTH', 'INC': 'WEAK', 'BJP': 'LOST_BOTH'}",False,"{'is_flip': False, 'status_label': 'SAD Retained', 'turnout_diff': 454, 'turnout_pct': 119.79, 'sad_swing': -9.12, 'aap_swing': 19.89, 'inc_swing': -21.85, 'bjp_swing': 10.88}",379,833,454,119.79,197,357,160,51.98,42.86,-9.12,52,280,228,13.72,33.61,19.89,101,40,-61,26.65,4.8,-21.85,12,117,105,3.17,14.05,10.88,12,1.44,"{'total': 379, 'sad': 197, 'aap': 52, 'inc': 101, 'bjp': 12, 'sad_votes': 197, 'sad_pct': 51.98, 'aap_votes': 52, 'aap_pct': 13.72, 'inc_votes': 101, 'inc_pct': 26.65, 'bjp_votes': 12, 'bjp_pct': 3.17, 'winner_party': 'SAD', 'margin': 96, 'winner_candidate': 'Ganieve Kaur Majithia'}","{'total': 833, 'sad': 357, 'aap': 280, 'inc': 40, 'bjp': 117, 'sada': 12, 'bsp': 0, 'others': 18, 'sad_votes': 357, 'sad_pct': 42.86, 'aap_votes': 280, 'aap_pct': 33.61, 'inc_votes': 40, 'inc_pct': 4.8, 'bjp_votes': 117, 'bjp_pct': 14.05, 'sada_votes': 12, 'sada_pct': 1.44, 'winner_party': 'SAD', 'margin': 77, 'winner_candidate': 'Anil Joshi'}","{'turnout_diff': 454, 'turnout_pct': 119.79, 'sad_shift': 160, 'sad_swing': -9.12, 'aap_shift': 228, 'aap_swing': 19.89, 'inc_shift': -61, 'inc_swing': -21.85, 'bjp_shift': 105, 'bjp_swing': 10.88}",Akali Bastion: Strategic Penetration & Demolition Zone,ਅਕਾਲੀ ਦਲ ਦਾ ਪ੍ਰਭਾਵਿਤ ਖੇਤਰ: ਵਿਸ਼ੇਸ਼ ਘੇਰਾਬੰਦੀ ਜ਼ੋਨ,SAD retained lead here by +77 votes (42.9% share). Target moderate Panthic and farming families in Nag Nave disillusioned with traditional leadership. Appoint dedicated block coordinators and highlight direct government procurement and village development works.,ਅਕਾਲੀ ਦਲ ਨੇ ਇੱਥੇ +77 ਵੋਟਾਂ (42.9%) ਨਾਲ ਲੀਡ ਬਣਾਈ ਹੈ। ਨਾਗ ਨਵੇਂ ਵਿੱਚ ਰਵਾਇਤੀ ਲੀਡਰਸ਼ਿਪ ਤੋਂ ਨਿਰਾਸ਼ ਕਿਸਾਨ ਅਤੇ ਪੰਥਕ ਪਰਿਵਾਰਾਂ ਨਾਲ ਸੰਵਾਦ ਕਰੋ। ਪਿੰਡਾਂ ਵਿੱਚ ਪੰਜਾਬ ਸਰਕਾਰ ਦੇ ਵਿਕਾਸ ਕਾਰਜਾਂ ਅਤੇ ਨਿਰਪੱਖ ਭਰਤੀਆਂ ਦੇ ਸੁਨੇਹੇ ਨਾਲ ਸੰਨ੍ਹ ਲਗਾਓ।,"{'booth_no': '77', 'village_en': 'Nag Nave', 'village_pa': 'ਨਾਗ ਨਵੇਂ', 'zone_en': 'Akali Bastion: Strategic Penetration & Demolition Zone', 'zone_pa': 'ਅਕਾਲੀ ਦਲ ਦਾ ਪ੍ਰਭਾਵਿਤ ਖੇਤਰ: ਵਿਸ਼ੇਸ਼ ਘੇਰਾਬੰਦੀ ਜ਼ੋਨ', 'action_en': 'SAD retained lead here by +77 votes (42.9% share). Target moderate Panthic and farming families in Nag Nave disillusioned with traditional leadership. Appoint dedicated block coordinators and highlight direct government procurement and village development works.', 'action_pa': 'ਅਕਾਲੀ ਦਲ ਨੇ ਇੱਥੇ +77 ਵੋਟਾਂ (42.9%) ਨਾਲ ਲੀਡ ਬਣਾਈ ਹੈ। ਨਾਗ ਨਵੇਂ ਵਿੱਚ ਰਵਾਇਤੀ ਲੀਡਰਸ਼ਿਪ ਤੋਂ ਨਿਰਾਸ਼ ਕਿਸਾਨ ਅਤੇ ਪੰਥਕ ਪਰਿਵਾਰਾਂ ਨਾਲ ਸੰਵਾਦ ਕਰੋ। ਪਿੰਡਾਂ ਵਿੱਚ ਪੰਜਾਬ ਸਰਕਾਰ ਦੇ ਵਿਕਾਸ ਕਾਰਜਾਂ ਅਤੇ ਨਿਰਪੱਖ ਭਰਤੀਆਂ ਦੇ ਸੁਨੇਹੇ ਨਾਲ ਸੰਨ੍ਹ ਲਗਾਓ।', 'action_steps_en': ['Days 1-30: Map the top 30 influential non-committed Panthic families in Nag Nave.', 'Days 31-60: Deploy senior constituency leaders for direct home visits to address local disgruntlement.', ""Days 61-90: Neutralize SAD's +77 vote cushion by winning over agricultural youth.""], 'action_steps_pa': ['ਦਿਨ 1-30: ਨਾਗ ਨਵੇਂ ਦੇ 30 ਨਿਰਪੱਖ ਅਤੇ ਪ੍ਰਭਾਵਸ਼ਾਲੀ ਪਰਿਵਾਰਾਂ ਦੀ ਸ਼ਨਾਖਤ ਕਰੋ।', 'ਦਿਨ 31-60: ਸੀਨੀਅਰ ਲੀਡਰਸ਼ਿਪ ਰਾਹੀਂ ਘਰ-ਘਰ ਜਾ ਕੇ ਸਰਕਾਰ ਦੀਆਂ ਨਿਰਪੱਖ ਨੀਤੀਆਂ ਸਾਂਝੀਆਂ ਕਰੋ।', 'ਦਿਨ 61-90: ਨੌਜਵਾਨ ਵਰਗ ਨੂੰ ਸਰਕਾਰੀ ਨੌਕਰੀਆਂ ਅਤੇ ਖੇਡ ਕਿੱਟਾਂ ਰਾਹੀਂ ਪਾਰਟੀ ਨਾਲ ਜੋੜ ਕੇ ਲੀਡ ਘਟਾਓ।'], 'action_steps': ['ਦਿਨ 1-30: ਨਾਗ ਨਵੇਂ ਦੇ 30 ਨਿਰਪੱਖ ਅਤੇ ਪ੍ਰਭਾਵਸ਼ਾਲੀ ਪਰਿਵਾਰਾਂ ਦੀ ਸ਼ਨਾਖਤ ਕਰੋ।', 'ਦਿਨ 31-60: ਸੀਨੀਅਰ ਲੀਡਰਸ਼ਿਪ ਰਾਹੀਂ ਘਰ-ਘਰ ਜਾ ਕੇ ਸਰਕਾਰ ਦੀਆਂ ਨਿਰਪੱਖ ਨੀਤੀਆਂ ਸਾਂਝੀਆਂ ਕਰੋ।', 'ਦਿਨ 61-90: ਨੌਜਵਾਨ ਵਰਗ ਨੂੰ ਸਰਕਾਰੀ ਨੌਕਰੀਆਂ ਅਤੇ ਖੇਡ ਕਿੱਟਾਂ ਰਾਹੀਂ ਪਾਰਟੀ ਨਾਲ ਜੋੜ ਕੇ ਲੀਡ ਘਟਾਓ।']}"
78,78,77,78,78,False,#78,Booth #78 (Unchanged),ਬੂਥ #78 (ਅਣਬਦਲਿਆ),Nag Kalan,ਨਾਗ ਕਲਾਂ,ਨਾਗ ਕਲਾਂ,Nag Kalan,ਨਾਗ ਕਲਾਂ,Nag Kalan,ਨਾਗ ਕਲਾਂ,SAD,INC,168,18,SAD → INC,SAD → INC,AAP Deficit,ਆਪ ਘਾਟ,INC Gain,"{'AAP': 'LOST_BOTH', 'SAD': 'LOST_24', 'INC': 'GAINED', 'BJP': 'WEAK'}",True,"{'is_flip': True, 'status_label': 'SAD → INC', 'turnout_diff': 405, 'turnout_pct': 118.42, 'sad_swing': -45.32, 'aap_swing': 19.37, 'inc_swing': 8.63, 'bjp_swing': 9.91}",342,747,405,118.42,236,177,-59,69.01,23.69,-45.32,23,195,172,6.73,26.1,19.37,68,213,145,19.88,28.51,8.63,0,74,74,0.0,9.91,9.91,10,1.34,"{'total': 342, 'sad': 236, 'aap': 23, 'inc': 68, 'bjp': 0, 'sad_votes': 236, 'sad_pct': 69.01, 'aap_votes': 23, 'aap_pct': 6.73, 'inc_votes': 68, 'inc_pct': 19.88, 'bjp_votes': 0, 'bjp_pct': 0.0, 'winner_party': 'SAD', 'margin': 168, 'winner_candidate': 'Ganieve Kaur Majithia'}","{'total': 747, 'sad': 177, 'aap': 195, 'inc': 213, 'bjp': 74, 'sada': 10, 'bsp': 21, 'others': 51, 'sad_votes': 177, 'sad_pct': 23.69, 'aap_votes': 195, 'aap_pct': 26.1, 'inc_votes': 213, 'inc_pct': 28.51, 'bjp_votes': 74, 'bjp_pct': 9.91, 'sada_votes': 10, 'sada_pct': 1.34, 'winner_party': 'INC', 'margin': 18, 'winner_candidate': 'Gurjeet Singh Aujla'}","{'turnout_diff': 405, 'turnout_pct': 118.42, 'sad_shift': -59, 'sad_swing': -45.32, 'aap_shift': 172, 'aap_swing': 19.37, 'inc_shift': 145, 'inc_swing': 8.63, 'bjp_shift': 74, 'bjp_swing': 9.91}",Congress Belt: High-Intensity Reclamation Zone,ਕਾਂਗਰਸੀ ਪ੍ਰਭਾਵ ਵਾਲਾ ਹਲਕਾ: ਮੁੜ-ਬਹਾਲੀ ਜ਼ੋਨ,INC led by +18 votes with 28.5% vote share in Nag Kalan. Neutralize traditional Congress sarpanch networks. Appoint 2 booth captains and directly onboard dynamic rural youth.,ਕਾਂਗਰਸ ਨੇ ਇੱਥੇ +18 ਵੋਟਾਂ (28.5%) ਦੀ ਲੀਡ ਲਈ ਹੈ। ਨਾਗ ਕਲਾਂ ਵਿੱਚ ਪੁਰਾਣੇ ਸਰਪੰਚੀ ਪ੍ਰਭਾਵ ਨੂੰ ਘਟਾਉਣ ਲਈ ਦੋ ਨਵੇਂ ਯੂਥ ਬੂਥ ਇੰਚਾਰਜ ਲਗਾਓ ਅਤੇ ਘਰ-ਘਰ ਸੰਪਰਕ ਮੁਹਿੰਮ ਚਲਾਓ।,"{'booth_no': '78', 'village_en': 'Nag Kalan', 'village_pa': 'ਨਾਗ ਕਲਾਂ', 'zone_en': 'Congress Belt: High-Intensity Reclamation Zone', 'zone_pa': 'ਕਾਂਗਰਸੀ ਪ੍ਰਭਾਵ ਵਾਲਾ ਹਲਕਾ: ਮੁੜ-ਬਹਾਲੀ ਜ਼ੋਨ', 'action_en': 'INC led by +18 votes with 28.5% vote share in Nag Kalan. Neutralize traditional Congress sarpanch networks. Appoint 2 booth captains and directly onboard dynamic rural youth.', 'action_pa': 'ਕਾਂਗਰਸ ਨੇ ਇੱਥੇ +18 ਵੋਟਾਂ (28.5%) ਦੀ ਲੀਡ ਲਈ ਹੈ। ਨਾਗ ਕਲਾਂ ਵਿੱਚ ਪੁਰਾਣੇ ਸਰਪੰਚੀ ਪ੍ਰਭਾਵ ਨੂੰ ਘਟਾਉਣ ਲਈ ਦੋ ਨਵੇਂ ਯੂਥ ਬੂਥ ਇੰਚਾਰਜ ਲਗਾਓ ਅਤੇ ਘਰ-ਘਰ ਸੰਪਰਕ ਮੁਹਿੰਮ ਚਲਾਓ।', 'action_steps_en': ['Days 1-30: Identify active vs inactive Congress booth workers in Nag Kalan.', 'Days 31-60: Form rural welfare monitoring committee to connect village elders with state pensions.', ""Days 61-90: Overcome Congress's +18 vote lead through door-to-door cadre contact.""], 'action_steps_pa': ['ਦਿਨ 1-30: ਨਾਗ ਕਲਾਂ ਵਿੱਚ ਕਾਂਗਰਸੀ ਸਰਪੰਚਾਂ ਅਤੇ ਆਗੂਆਂ ਦੇ ਪ੍ਰਭਾਵ ਦਾ ਵਿਸ਼ਲੇਸ਼ਣ ਕਰੋ।', 'ਦਿਨ 31-60: ਬਜ਼ੁਰਗਾਂ ਅਤੇ ਔਰਤਾਂ ਨੂੰ ਪੈਨਸ਼ਨਾਂ ਤੇ ਭਲਾਈ ਸਕੀਮਾਂ ਨਾਲ ਜੋੜਨ ਲਈ ਕੈਂਪ ਲਗਾਓ।', 'ਦਿਨ 61-90: ਨੌਜਵਾਨਾਂ ਦੀ ਟੀਮ ਰਾਹੀਂ ਕਾਂਗਰਸ ਦੀ +18 ਵੋਟਾਂ ਦੀ ਲੀਡ ਖ਼ਤਮ ਕਰੋ।'], 'action_steps': ['ਦਿਨ 1-30: ਨਾਗ ਕਲਾਂ ਵਿੱਚ ਕਾਂਗਰਸੀ ਸਰਪੰਚਾਂ ਅਤੇ ਆਗੂਆਂ ਦੇ ਪ੍ਰਭਾਵ ਦਾ ਵਿਸ਼ਲੇਸ਼ਣ ਕਰੋ।', 'ਦਿਨ 31-60: ਬਜ਼ੁਰਗਾਂ ਅਤੇ ਔਰਤਾਂ ਨੂੰ ਪੈਨਸ਼ਨਾਂ ਤੇ ਭਲਾਈ ਸਕੀਮਾਂ ਨਾਲ ਜੋੜਨ ਲਈ ਕੈਂਪ ਲਗਾਓ।', 'ਦਿਨ 61-90: ਨੌਜਵਾਨਾਂ ਦੀ ਟੀਮ ਰਾਹੀਂ ਕਾਂਗਰਸ ਦੀ +18 ਵੋਟਾਂ ਦੀ ਲੀਡ ਖ਼ਤਮ ਕਰੋ।']}"
79,79,78,79,79,False,#79,Booth #79 (Unchanged),ਬੂਥ #79 (ਅਣਬਦਲਿਆ),Nag Kalan,ਨਾਗ ਕਲਾਂ,ਨਾਗ ਕਲਾਂ,Nag Kalan,ਨਾਗ ਕਲਾਂ,Nag Kalan,ਨਾਗ ਕਲਾਂ,SAD,SAD,270,25,SAD Retained,SAD Retained,AAP Deficit,ਆਪ ਘਾਟ,INC Deficit,"{'AAP': 'LOST_BOTH', 'SAD': 'WON_BOTH', 'INC': 'LOST_BOTH', 'BJP': 'LOST_BOTH'}",False,"{'is_flip': False, 'status_label': 'SAD Retained', 'turnout_diff': -26, 'turnout_pct': -3.55, 'sad_swing': -34.44, 'aap_swing': 16.73, 'inc_swing': -1.85, 'bjp_swing': 11.47}",733,707,-26,-3.55,465,205,-260,63.44,29.0,-34.44,64,180,116,8.73,25.46,16.73,195,175,-20,26.6,24.75,-1.85,2,83,81,0.27,11.74,11.47,17,2.4,"{'total': 733, 'sad': 465, 'aap': 64, 'inc': 195, 'bjp': 2, 'sad_votes': 465, 'sad_pct': 63.44, 'aap_votes': 64, 'aap_pct': 8.73, 'inc_votes': 195, 'inc_pct': 26.6, 'bjp_votes': 2, 'bjp_pct': 0.27, 'winner_party': 'SAD', 'margin': 270, 'winner_candidate': 'Ganieve Kaur Majithia'}","{'total': 707, 'sad': 205, 'aap': 180, 'inc': 175, 'bjp': 83, 'sada': 17, 'bsp': 5, 'others': 37, 'sad_votes': 205, 'sad_pct': 29.0, 'aap_votes': 180, 'aap_pct': 25.46, 'inc_votes': 175, 'inc_pct': 24.75, 'bjp_votes': 83, 'bjp_pct': 11.74, 'sada_votes': 17, 'sada_pct': 2.4, 'winner_party': 'SAD', 'margin': 25, 'winner_candidate': 'Anil Joshi'}","{'turnout_diff': -26, 'turnout_pct': -3.55, 'sad_shift': -260, 'sad_swing': -34.44, 'aap_shift': 116, 'aap_swing': 16.73, 'inc_shift': -20, 'inc_swing': -1.85, 'bjp_shift': 81, 'bjp_swing': 11.47}",Akali Bastion: Strategic Penetration & Demolition Zone,ਅਕਾਲੀ ਦਲ ਦਾ ਪ੍ਰਭਾਵਿਤ ਖੇਤਰ: ਵਿਸ਼ੇਸ਼ ਘੇਰਾਬੰਦੀ ਜ਼ੋਨ,SAD retained lead here by +25 votes (29.0% share). Target moderate Panthic and farming families in Nag Kalan disillusioned with traditional leadership. Appoint dedicated block coordinators and highlight direct government procurement and village development works.,ਅਕਾਲੀ ਦਲ ਨੇ ਇੱਥੇ +25 ਵੋਟਾਂ (29.0%) ਨਾਲ ਲੀਡ ਬਣਾਈ ਹੈ। ਨਾਗ ਕਲਾਂ ਵਿੱਚ ਰਵਾਇਤੀ ਲੀਡਰਸ਼ਿਪ ਤੋਂ ਨਿਰਾਸ਼ ਕਿਸਾਨ ਅਤੇ ਪੰਥਕ ਪਰਿਵਾਰਾਂ ਨਾਲ ਸੰਵਾਦ ਕਰੋ। ਪਿੰਡਾਂ ਵਿੱਚ ਪੰਜਾਬ ਸਰਕਾਰ ਦੇ ਵਿਕਾਸ ਕਾਰਜਾਂ ਅਤੇ ਨਿਰਪੱਖ ਭਰਤੀਆਂ ਦੇ ਸੁਨੇਹੇ ਨਾਲ ਸੰਨ੍ਹ ਲਗਾਓ।,"{'booth_no': '79', 'village_en': 'Nag Kalan', 'village_pa': 'ਨਾਗ ਕਲਾਂ', 'zone_en': 'Akali Bastion: Strategic Penetration & Demolition Zone', 'zone_pa': 'ਅਕਾਲੀ ਦਲ ਦਾ ਪ੍ਰਭਾਵਿਤ ਖੇਤਰ: ਵਿਸ਼ੇਸ਼ ਘੇਰਾਬੰਦੀ ਜ਼ੋਨ', 'action_en': 'SAD retained lead here by +25 votes (29.0% share). Target moderate Panthic and farming families in Nag Kalan disillusioned with traditional leadership. Appoint dedicated block coordinators and highlight direct government procurement and village development works.', 'action_pa': 'ਅਕਾਲੀ ਦਲ ਨੇ ਇੱਥੇ +25 ਵੋਟਾਂ (29.0%) ਨਾਲ ਲੀਡ ਬਣਾਈ ਹੈ। ਨਾਗ ਕਲਾਂ ਵਿੱਚ ਰਵਾਇਤੀ ਲੀਡਰਸ਼ਿਪ ਤੋਂ ਨਿਰਾਸ਼ ਕਿਸਾਨ ਅਤੇ ਪੰਥਕ ਪਰਿਵਾਰਾਂ ਨਾਲ ਸੰਵਾਦ ਕਰੋ। ਪਿੰਡਾਂ ਵਿੱਚ ਪੰਜਾਬ ਸਰਕਾਰ ਦੇ ਵਿਕਾਸ ਕਾਰਜਾਂ ਅਤੇ ਨਿਰਪੱਖ ਭਰਤੀਆਂ ਦੇ ਸੁਨੇਹੇ ਨਾਲ ਸੰਨ੍ਹ ਲਗਾਓ।', 'action_steps_en': ['Days 1-30: Map the top 30 influential non-committed Panthic families in Nag Kalan.', 'Days 31-60: Deploy senior constituency leaders for direct home visits to address local disgruntlement.', ""Days 61-90: Neutralize SAD's +25 vote cushion by winning over agricultural youth.""], 'action_steps_pa': ['ਦਿਨ 1-30: ਨਾਗ ਕਲਾਂ ਦੇ 30 ਨਿਰਪੱਖ ਅਤੇ ਪ੍ਰਭਾਵਸ਼ਾਲੀ ਪਰਿਵਾਰਾਂ ਦੀ ਸ਼ਨਾਖਤ ਕਰੋ।', 'ਦਿਨ 31-60: ਸੀਨੀਅਰ ਲੀਡਰਸ਼ਿਪ ਰਾਹੀਂ ਘਰ-ਘਰ ਜਾ ਕੇ ਸਰਕਾਰ ਦੀਆਂ ਨਿਰਪੱਖ ਨੀਤੀਆਂ ਸਾਂਝੀਆਂ ਕਰੋ।', 'ਦਿਨ 61-90: ਨੌਜਵਾਨ ਵਰਗ ਨੂੰ ਸਰਕਾਰੀ ਨੌਕਰੀਆਂ ਅਤੇ ਖੇਡ ਕਿੱਟਾਂ ਰਾਹੀਂ ਪਾਰਟੀ ਨਾਲ ਜੋੜ ਕੇ ਲੀਡ ਘਟਾਓ।'], 'action_steps': ['ਦਿਨ 1-30: ਨਾਗ ਕਲਾਂ ਦੇ 30 ਨਿਰਪੱਖ ਅਤੇ ਪ੍ਰਭਾਵਸ਼ਾਲੀ ਪਰਿਵਾਰਾਂ ਦੀ ਸ਼ਨਾਖਤ ਕਰੋ।', 'ਦਿਨ 31-60: ਸੀਨੀਅਰ ਲੀਡਰਸ਼ਿਪ ਰਾਹੀਂ ਘਰ-ਘਰ ਜਾ ਕੇ ਸਰਕਾਰ ਦੀਆਂ ਨਿਰਪੱਖ ਨੀਤੀਆਂ ਸਾਂਝੀਆਂ ਕਰੋ।', 'ਦਿਨ 61-90: ਨੌਜਵਾਨ ਵਰਗ ਨੂੰ ਸਰਕਾਰੀ ਨੌਕਰੀਆਂ ਅਤੇ ਖੇਡ ਕਿੱਟਾਂ ਰਾਹੀਂ ਪਾਰਟੀ ਨਾਲ ਜੋੜ ਕੇ ਲੀਡ ਘਟਾਓ।']}"
80,80,79,80,80,False,#80,Booth #80 (Unchanged),ਬੂਥ #80 (ਅਣਬਦਲਿਆ),Nag Kalan,ਨਾਗ ਕਲਾਂ,ਨਾਗ ਕਲਾਂ,Nag Kalan,ਨਾਗ ਕਲਾਂ,Nag Kalan,ਨਾਗ ਕਲਾਂ,SAD,SAD,7,118,SAD Retained,SAD Retained,AAP Deficit,ਆਪ ਘਾਟ,INC Deficit,"{'AAP': 'WEAK', 'SAD': 'WON_BOTH', 'INC': 'LOST_BOTH', 'BJP': 'LOST_BOTH'}",False,"{'is_flip': False, 'status_label': 'SAD Retained', 'turnout_diff': -102, 'turnout_pct': -17.0, 'sad_swing': 10.95, 'aap_swing': -14.0, 'inc_swing': -8.92, 'bjp_swing': 13.03}",600,498,-102,-17.0,197,218,21,32.83,43.78,10.95,190,88,-102,31.67,17.67,-14.0,174,100,-74,29.0,20.08,-8.92,11,74,63,1.83,14.86,13.03,7,1.41,"{'total': 600, 'sad': 197, 'aap': 190, 'inc': 174, 'bjp': 11, 'sad_votes': 197, 'sad_pct': 32.83, 'aap_votes': 190, 'aap_pct': 31.67, 'inc_votes': 174, 'inc_pct': 29.0, 'bjp_votes': 11, 'bjp_pct': 1.83, 'winner_party': 'SAD', 'margin': 7, 'winner_candidate': 'Ganieve Kaur Majithia'}","{'total': 498, 'sad': 218, 'aap': 88, 'inc': 100, 'bjp': 74, 'sada': 7, 'bsp': 1, 'others': 10, 'sad_votes': 218, 'sad_pct': 43.78, 'aap_votes': 88, 'aap_pct': 17.67, 'inc_votes': 100, 'inc_pct': 20.08, 'bjp_votes': 74, 'bjp_pct': 14.86, 'sada_votes': 7, 'sada_pct': 1.41, 'winner_party': 'SAD', 'margin': 118, 'winner_candidate': 'Anil Joshi'}","{'turnout_diff': -102, 'turnout_pct': -17.0, 'sad_shift': 21, 'sad_swing': 10.95, 'aap_shift': -102, 'aap_swing': -14.0, 'inc_shift': -74, 'inc_swing': -8.92, 'bjp_shift': 63, 'bjp_swing': 13.03}",Akali Bastion: Strategic Penetration & Demolition Zone,ਅਕਾਲੀ ਦਲ ਦਾ ਪ੍ਰਭਾਵਿਤ ਖੇਤਰ: ਵਿਸ਼ੇਸ਼ ਘੇਰਾਬੰਦੀ ਜ਼ੋਨ,SAD retained lead here by +118 votes (43.8% share). Target moderate Panthic and farming families in Nag Kalan disillusioned with traditional leadership. Appoint dedicated block coordinators and highlight direct government procurement and village development works.,ਅਕਾਲੀ ਦਲ ਨੇ ਇੱਥੇ +118 ਵੋਟਾਂ (43.8%) ਨਾਲ ਲੀਡ ਬਣਾਈ ਹੈ। ਨਾਗ ਕਲਾਂ ਵਿੱਚ ਰਵਾਇਤੀ ਲੀਡਰਸ਼ਿਪ ਤੋਂ ਨਿਰਾਸ਼ ਕਿਸਾਨ ਅਤੇ ਪੰਥਕ ਪਰਿਵਾਰਾਂ ਨਾਲ ਸੰਵਾਦ ਕਰੋ। ਪਿੰਡਾਂ ਵਿੱਚ ਪੰਜਾਬ ਸਰਕਾਰ ਦੇ ਵਿਕਾਸ ਕਾਰਜਾਂ ਅਤੇ ਨਿਰਪੱਖ ਭਰਤੀਆਂ ਦੇ ਸੁਨੇਹੇ ਨਾਲ ਸੰਨ੍ਹ ਲਗਾਓ।,"{'booth_no': '80', 'village_en': 'Nag Kalan', 'village_pa': 'ਨਾਗ ਕਲਾਂ', 'zone_en': 'Akali Bastion: Strategic Penetration & Demolition Zone', 'zone_pa': 'ਅਕਾਲੀ ਦਲ ਦਾ ਪ੍ਰਭਾਵਿਤ ਖੇਤਰ: ਵਿਸ਼ੇਸ਼ ਘੇਰਾਬੰਦੀ ਜ਼ੋਨ', 'action_en': 'SAD retained lead here by +118 votes (43.8% share). Target moderate Panthic and farming families in Nag Kalan disillusioned with traditional leadership. Appoint dedicated block coordinators and highlight direct government procurement and village development works.', 'action_pa': 'ਅਕਾਲੀ ਦਲ ਨੇ ਇੱਥੇ +118 ਵੋਟਾਂ (43.8%) ਨਾਲ ਲੀਡ ਬਣਾਈ ਹੈ। ਨਾਗ ਕਲਾਂ ਵਿੱਚ ਰਵਾਇਤੀ ਲੀਡਰਸ਼ਿਪ ਤੋਂ ਨਿਰਾਸ਼ ਕਿਸਾਨ ਅਤੇ ਪੰਥਕ ਪਰਿਵਾਰਾਂ ਨਾਲ ਸੰਵਾਦ ਕਰੋ। ਪਿੰਡਾਂ ਵਿੱਚ ਪੰਜਾਬ ਸਰਕਾਰ ਦੇ ਵਿਕਾਸ ਕਾਰਜਾਂ ਅਤੇ ਨਿਰਪੱਖ ਭਰਤੀਆਂ ਦੇ ਸੁਨੇਹੇ ਨਾਲ ਸੰਨ੍ਹ ਲਗਾਓ।', 'action_steps_en': ['Days 1-30: Map the top 30 influential non-committed Panthic families in Nag Kalan.', 'Days 31-60: Deploy senior constituency leaders for direct home visits to address local disgruntlement.', ""Days 61-90: Neutralize SAD's +118 vote cushion by winning over agricultural youth.""], 'action_steps_pa': ['ਦਿਨ 1-30: ਨਾਗ ਕਲਾਂ ਦੇ 30 ਨਿਰਪੱਖ ਅਤੇ ਪ੍ਰਭਾਵਸ਼ਾਲੀ ਪਰਿਵਾਰਾਂ ਦੀ ਸ਼ਨਾਖਤ ਕਰੋ।', 'ਦਿਨ 31-60: ਸੀਨੀਅਰ ਲੀਡਰਸ਼ਿਪ ਰਾਹੀਂ ਘਰ-ਘਰ ਜਾ ਕੇ ਸਰਕਾਰ ਦੀਆਂ ਨਿਰਪੱਖ ਨੀਤੀਆਂ ਸਾਂਝੀਆਂ ਕਰੋ।', 'ਦਿਨ 61-90: ਨੌਜਵਾਨ ਵਰਗ ਨੂੰ ਸਰਕਾਰੀ ਨੌਕਰੀਆਂ ਅਤੇ ਖੇਡ ਕਿੱਟਾਂ ਰਾਹੀਂ ਪਾਰਟੀ ਨਾਲ ਜੋੜ ਕੇ ਲੀਡ ਘਟਾਓ।'], 'action_steps': ['ਦਿਨ 1-30: ਨਾਗ ਕਲਾਂ ਦੇ 30 ਨਿਰਪੱਖ ਅਤੇ ਪ੍ਰਭਾਵਸ਼ਾਲੀ ਪਰਿਵਾਰਾਂ ਦੀ ਸ਼ਨਾਖਤ ਕਰੋ।', 'ਦਿਨ 31-60: ਸੀਨੀਅਰ ਲੀਡਰਸ਼ਿਪ ਰਾਹੀਂ ਘਰ-ਘਰ ਜਾ ਕੇ ਸਰਕਾਰ ਦੀਆਂ ਨਿਰਪੱਖ ਨੀਤੀਆਂ ਸਾਂਝੀਆਂ ਕਰੋ।', 'ਦਿਨ 61-90: ਨੌਜਵਾਨ ਵਰਗ ਨੂੰ ਸਰਕਾਰੀ ਨੌਕਰੀਆਂ ਅਤੇ ਖੇਡ ਕਿੱਟਾਂ ਰਾਹੀਂ ਪਾਰਟੀ ਨਾਲ ਜੋੜ ਕੇ ਲੀਡ ਘਟਾਓ।']}"
81,81,80,81,81,False,#81,Booth #81 (Unchanged),ਬੂਥ #81 (ਅਣਬਦਲਿਆ),Nag Kalan,ਨਾਗ ਕਲਾਂ,ਨਾਗ ਕਲਾਂ,Nag Kalan,ਨਾਗ ਕਲਾਂ,Nag Kalan,ਨਾਗ ਕਲਾਂ,AAP,AAP,47,3,AAP Retained,AAP Retained,AAP Win,ਆਪ ਜਿੱਤ,INC Deficit,"{'AAP': 'WON_BOTH', 'SAD': 'WEAK', 'INC': 'LOST_BOTH', 'BJP': 'LOST_BOTH'}",False,"{'is_flip': False, 'status_label': 'AAP Retained', 'turnout_diff': -10, 'turnout_pct': -1.99, 'sad_swing': -12.46, 'aap_swing': -21.21, 'inc_swing': 20.61, 'bjp_swing': 16.07}",502,492,-10,-1.99,186,121,-65,37.05,24.59,-12.46,233,124,-109,46.41,25.2,-21.21,20,121,101,3.98,24.59,20.61,4,83,79,0.8,16.87,16.07,11,2.24,"{'total': 502, 'sad': 186, 'aap': 233, 'inc': 20, 'bjp': 4, 'sad_votes': 186, 'sad_pct': 37.05, 'aap_votes': 233, 'aap_pct': 46.41, 'inc_votes': 20, 'inc_pct': 3.98, 'bjp_votes': 4, 'bjp_pct': 0.8, 'winner_party': 'AAP', 'margin': 47, 'winner_candidate': 'Sukhjinder Raj Singh (Lalli)'}","{'total': 492, 'sad': 121, 'aap': 124, 'inc': 121, 'bjp': 83, 'sada': 11, 'bsp': 2, 'others': 19, 'sad_votes': 121, 'sad_pct': 24.59, 'aap_votes': 124, 'aap_pct': 25.2, 'inc_votes': 121, 'inc_pct': 24.59, 'bjp_votes': 83, 'bjp_pct': 16.87, 'sada_votes': 11, 'sada_pct': 2.24, 'winner_party': 'AAP', 'margin': 3, 'winner_candidate': 'Kuldeep Singh Dhaliwal'}","{'turnout_diff': -10, 'turnout_pct': -1.99, 'sad_shift': -65, 'sad_swing': -12.46, 'aap_shift': -109, 'aap_swing': -21.21, 'inc_shift': 101, 'inc_swing': 20.61, 'bjp_shift': 79, 'bjp_swing': 16.07}",Core AAP Citadel (Retention & Reinforcement Zone),ਆਪ ਦਾ ਪੱਕਾ ਗੜ੍ਹ (ਸਾਂਭ-ਸੰਭਾਲ ਅਤੇ ਮਜ਼ਬੂਤੀ ਜ਼ੋਨ),"Deploy 12-member active booth cadre in Nag Kalan. Consolidate agricultural and youth voter base. Protect and expand the current +3 vote lead through welfare scheme outreach (free electricity, canal water access, health clinics).","ਨਾਗ ਕਲਾਂ ਵਿੱਚ 12 ਮੈਂਬਰੀ ਸਰਗਰਮ ਬੂਥ ਟੀਮ ਤਾਇਨਾਤ ਕਰੋ। ਕਿਸਾਨੀ ਅਤੇ ਨੌਜਵਾਨ ਵਰਗ ਨਾਲ ਨਿੱਜੀ ਰਾਬਤਾ ਵਧਾਓ। ਪੰਜਾਬ ਸਰਕਾਰ ਦੀਆਂ ਭਲਾਈ ਸਕੀਮਾਂ (ਮੁਫ਼ਤ ਬਿਜਲੀ, ਨਹਿਰੀ ਪਾਣੀ, ਆਮ ਆਦਮੀ ਕਲੀਨਿਕ) ਰਾਹੀਂ +3 ਵੋਟਾਂ ਦੀ ਲੀਡ ਨੂੰ ਹੋਰ ਪੱਕਾ ਕਰੋ।","{'booth_no': '81', 'village_en': 'Nag Kalan', 'village_pa': 'ਨਾਗ ਕਲਾਂ', 'zone_en': 'Core AAP Citadel (Retention & Reinforcement Zone)', 'zone_pa': 'ਆਪ ਦਾ ਪੱਕਾ ਗੜ੍ਹ (ਸਾਂਭ-ਸੰਭਾਲ ਅਤੇ ਮਜ਼ਬੂਤੀ ਜ਼ੋਨ)', 'action_en': 'Deploy 12-member active booth cadre in Nag Kalan. Consolidate agricultural and youth voter base. Protect and expand the current +3 vote lead through welfare scheme outreach (free electricity, canal water access, health clinics).', 'action_pa': 'ਨਾਗ ਕਲਾਂ ਵਿੱਚ 12 ਮੈਂਬਰੀ ਸਰਗਰਮ ਬੂਥ ਟੀਮ ਤਾਇਨਾਤ ਕਰੋ। ਕਿਸਾਨੀ ਅਤੇ ਨੌਜਵਾਨ ਵਰਗ ਨਾਲ ਨਿੱਜੀ ਰਾਬਤਾ ਵਧਾਓ। ਪੰਜਾਬ ਸਰਕਾਰ ਦੀਆਂ ਭਲਾਈ ਸਕੀਮਾਂ (ਮੁਫ਼ਤ ਬਿਜਲੀ, ਨਹਿਰੀ ਪਾਣੀ, ਆਮ ਆਦਮੀ ਕਲੀਨਿਕ) ਰਾਹੀਂ +3 ਵੋਟਾਂ ਦੀ ਲੀਡ ਨੂੰ ਹੋਰ ਪੱਕਾ ਕਰੋ।', 'action_steps_en': ['Days 1-30: Verify all beneficiaries of 300 units free power and state health schemes in Nag Kalan.', 'Days 31-60: Conduct small farmer dialogues addressing canal water tail-end irrigation concerns.', 'Days 61-90: Fortify booth committee with 12 youth mobilizers to protect +3 vote lead.'], 'action_steps_pa': ['ਦਿਨ 1-30: ਨਾਗ ਕਲਾਂ ਵਿੱਚ 300 ਯੂਨਿਟ ਮੁਫ਼ਤ ਬਿਜਲੀ ਅਤੇ ਸਿਹਤ ਸਕੀਮਾਂ ਦੇ ਲਾਭਪਾਤਰੀਆਂ ਨਾਲ ਸੰਪਰਕ ਕਰੋ।', ""ਦਿਨ 31-60: ਨਹਿਰੀ ਪਾਣੀ ਅਤੇ ਖੇਤੀਬਾੜੀ ਮਸਲਿਆਂ 'ਤੇ ਕਿਸਾਨਾਂ ਨਾਲ ਸਿੱਧਾ ਸੰਵਾਦ ਰਚਾਓ।"", 'ਦਿਨ 61-90: +3 ਵੋਟਾਂ ਦੀ ਲੀਡ ਬਰਕਰਾਰ ਰੱਖਣ ਲਈ 12 ਮੈਂਬਰੀ ਯੂਥ ਕਮੇਟੀ ਬਣਾਓ।'], 'action_steps': ['ਦਿਨ 1-30: ਨਾਗ ਕਲਾਂ ਵਿੱਚ 300 ਯੂਨਿਟ ਮੁਫ਼ਤ ਬਿਜਲੀ ਅਤੇ ਸਿਹਤ ਸਕੀਮਾਂ ਦੇ ਲਾਭਪਾਤਰੀਆਂ ਨਾਲ ਸੰਪਰਕ ਕਰੋ।', ""ਦਿਨ 31-60: ਨਹਿਰੀ ਪਾਣੀ ਅਤੇ ਖੇਤੀਬਾੜੀ ਮਸਲਿਆਂ 'ਤੇ ਕਿਸਾਨਾਂ ਨਾਲ ਸਿੱਧਾ ਸੰਵਾਦ ਰਚਾਓ।"", 'ਦਿਨ 61-90: +3 ਵੋਟਾਂ ਦੀ ਲੀਡ ਬਰਕਰਾਰ ਰੱਖਣ ਲਈ 12 ਮੈਂਬਰੀ ਯੂਥ ਕਮੇਟੀ ਬਣਾਓ।']}"
82,82,81,82,82,False,#82,Booth #82 (Unchanged),ਬੂਥ #82 (ਅਣਬਦਲਿਆ),Nag Khurd,ਨਾਗ ਖੁਰਦ,ਨਾਗ ਖੁਰਦ,Nag Khurd,ਨਾਗ ਖੁਰਦ,Nag Khurd,ਨਾਗ ਖੁਰਦ,SAD,SAD,19,9,SAD Retained,SAD Retained,AAP Deficit,ਆਪ ਘਾਟ,INC Deficit,"{'AAP': 'LOST_BOTH', 'SAD': 'WON_BOTH', 'INC': 'WEAK', 'BJP': 'WEAK'}",False,"{'is_flip': False, 'status_label': 'SAD Retained', 'turnout_diff': -25, 'turnout_pct': -4.27, 'sad_swing': -2.47, 'aap_swing': -0.84, 'inc_swing': 1.48, 'bjp_swing': 2.32}",586,561,-25,-4.27,261,236,-25,44.54,42.07,-2.47,242,227,-15,41.3,40.46,-0.84,55,61,6,9.39,10.87,1.48,0,13,13,0.0,2.32,2.32,4,0.71,"{'total': 586, 'sad': 261, 'aap': 242, 'inc': 55, 'bjp': 0, 'sad_votes': 261, 'sad_pct': 44.54, 'aap_votes': 242, 'aap_pct': 41.3, 'inc_votes': 55, 'inc_pct': 9.39, 'bjp_votes': 0, 'bjp_pct': 0.0, 'winner_party': 'SAD', 'margin': 19, 'winner_candidate': 'Ganieve Kaur Majithia'}","{'total': 561, 'sad': 236, 'aap': 227, 'inc': 61, 'bjp': 13, 'sada': 4, 'bsp': 0, 'others': 18, 'sad_votes': 236, 'sad_pct': 42.07, 'aap_votes': 227, 'aap_pct': 40.46, 'inc_votes': 61, 'inc_pct': 10.87, 'bjp_votes': 13, 'bjp_pct': 2.32, 'sada_votes': 4, 'sada_pct': 0.71, 'winner_party': 'SAD', 'margin': 9, 'winner_candidate': 'Anil Joshi'}","{'turnout_diff': -25, 'turnout_pct': -4.27, 'sad_shift': -25, 'sad_swing': -2.47, 'aap_shift': -15, 'aap_swing': -0.84, 'inc_shift': 6, 'inc_swing': 1.48, 'bjp_shift': 13, 'bjp_swing': 2.32}",Akali Bastion: Strategic Penetration & Demolition Zone,ਅਕਾਲੀ ਦਲ ਦਾ ਪ੍ਰਭਾਵਿਤ ਖੇਤਰ: ਵਿਸ਼ੇਸ਼ ਘੇਰਾਬੰਦੀ ਜ਼ੋਨ,SAD retained lead here by +9 votes (42.1% share). Target moderate Panthic and farming families in Nag Khurd disillusioned with traditional leadership. Appoint dedicated block coordinators and highlight direct government procurement and village development works.,ਅਕਾਲੀ ਦਲ ਨੇ ਇੱਥੇ +9 ਵੋਟਾਂ (42.1%) ਨਾਲ ਲੀਡ ਬਣਾਈ ਹੈ। ਨਾਗ ਖੁਰਦ ਵਿੱਚ ਰਵਾਇਤੀ ਲੀਡਰਸ਼ਿਪ ਤੋਂ ਨਿਰਾਸ਼ ਕਿਸਾਨ ਅਤੇ ਪੰਥਕ ਪਰਿਵਾਰਾਂ ਨਾਲ ਸੰਵਾਦ ਕਰੋ। ਪਿੰਡਾਂ ਵਿੱਚ ਪੰਜਾਬ ਸਰਕਾਰ ਦੇ ਵਿਕਾਸ ਕਾਰਜਾਂ ਅਤੇ ਨਿਰਪੱਖ ਭਰਤੀਆਂ ਦੇ ਸੁਨੇਹੇ ਨਾਲ ਸੰਨ੍ਹ ਲਗਾਓ।,"{'booth_no': '82', 'village_en': 'Nag Khurd', 'village_pa': 'ਨਾਗ ਖੁਰਦ', 'zone_en': 'Akali Bastion: Strategic Penetration & Demolition Zone', 'zone_pa': 'ਅਕਾਲੀ ਦਲ ਦਾ ਪ੍ਰਭਾਵਿਤ ਖੇਤਰ: ਵਿਸ਼ੇਸ਼ ਘੇਰਾਬੰਦੀ ਜ਼ੋਨ', 'action_en': 'SAD retained lead here by +9 votes (42.1% share). Target moderate Panthic and farming families in Nag Khurd disillusioned with traditional leadership. Appoint dedicated block coordinators and highlight direct government procurement and village development works.', 'action_pa': 'ਅਕਾਲੀ ਦਲ ਨੇ ਇੱਥੇ +9 ਵੋਟਾਂ (42.1%) ਨਾਲ ਲੀਡ ਬਣਾਈ ਹੈ। ਨਾਗ ਖੁਰਦ ਵਿੱਚ ਰਵਾਇਤੀ ਲੀਡਰਸ਼ਿਪ ਤੋਂ ਨਿਰਾਸ਼ ਕਿਸਾਨ ਅਤੇ ਪੰਥਕ ਪਰਿਵਾਰਾਂ ਨਾਲ ਸੰਵਾਦ ਕਰੋ। ਪਿੰਡਾਂ ਵਿੱਚ ਪੰਜਾਬ ਸਰਕਾਰ ਦੇ ਵਿਕਾਸ ਕਾਰਜਾਂ ਅਤੇ ਨਿਰਪੱਖ ਭਰਤੀਆਂ ਦੇ ਸੁਨੇਹੇ ਨਾਲ ਸੰਨ੍ਹ ਲਗਾਓ।', 'action_steps_en': ['Days 1-30: Map the top 30 influential non-committed Panthic families in Nag Khurd.', 'Days 31-60: Deploy senior constituency leaders for direct home visits to address local disgruntlement.', ""Days 61-90: Neutralize SAD's +9 vote cushion by winning over agricultural youth.""], 'action_steps_pa': ['ਦਿਨ 1-30: ਨਾਗ ਖੁਰਦ ਦੇ 30 ਨਿਰਪੱਖ ਅਤੇ ਪ੍ਰਭਾਵਸ਼ਾਲੀ ਪਰਿਵਾਰਾਂ ਦੀ ਸ਼ਨਾਖਤ ਕਰੋ।', 'ਦਿਨ 31-60: ਸੀਨੀਅਰ ਲੀਡਰਸ਼ਿਪ ਰਾਹੀਂ ਘਰ-ਘਰ ਜਾ ਕੇ ਸਰਕਾਰ ਦੀਆਂ ਨਿਰਪੱਖ ਨੀਤੀਆਂ ਸਾਂਝੀਆਂ ਕਰੋ।', 'ਦਿਨ 61-90: ਨੌਜਵਾਨ ਵਰਗ ਨੂੰ ਸਰਕਾਰੀ ਨੌਕਰੀਆਂ ਅਤੇ ਖੇਡ ਕਿੱਟਾਂ ਰਾਹੀਂ ਪਾਰਟੀ ਨਾਲ ਜੋੜ ਕੇ ਲੀਡ ਘਟਾਓ।'], 'action_steps': ['ਦਿਨ 1-30: ਨਾਗ ਖੁਰਦ ਦੇ 30 ਨਿਰਪੱਖ ਅਤੇ ਪ੍ਰਭਾਵਸ਼ਾਲੀ ਪਰਿਵਾਰਾਂ ਦੀ ਸ਼ਨਾਖਤ ਕਰੋ।', 'ਦਿਨ 31-60: ਸੀਨੀਅਰ ਲੀਡਰਸ਼ਿਪ ਰਾਹੀਂ ਘਰ-ਘਰ ਜਾ ਕੇ ਸਰਕਾਰ ਦੀਆਂ ਨਿਰਪੱਖ ਨੀਤੀਆਂ ਸਾਂਝੀਆਂ ਕਰੋ।', 'ਦਿਨ 61-90: ਨੌਜਵਾਨ ਵਰਗ ਨੂੰ ਸਰਕਾਰੀ ਨੌਕਰੀਆਂ ਅਤੇ ਖੇਡ ਕਿੱਟਾਂ ਰਾਹੀਂ ਪਾਰਟੀ ਨਾਲ ਜੋੜ ਕੇ ਲੀਡ ਘਟਾਓ।']}"
83,83,82,83,83,False,#83,Booth #83 (Unchanged),ਬੂਥ #83 (ਅਣਬਦਲਿਆ),Nag Khurd,ਨਾਗ ਖੁਰਦ,ਨਾਗ ਖੁਰਦ,Nag Khurd,ਨਾਗ ਖੁਰਦ,Nag Khurd,ਨਾਗ ਖੁਰਦ,SAD,SAD,14,83,SAD Retained,SAD Retained,AAP Deficit,ਆਪ ਘਾਟ,INC Deficit,"{'AAP': 'LOST_BOTH', 'SAD': 'WON_BOTH', 'INC': 'WEAK', 'BJP': 'WEAK'}",False,"{'is_flip': False, 'status_label': 'SAD Retained', 'turnout_diff': -155, 'turnout_pct': -20.26, 'sad_swing': 3.19, 'aap_swing': -8.59, 'inc_swing': -0.74, 'bjp_swing': 3.15}",765,610,-155,-20.26,323,277,-46,42.22,45.41,3.19,309,194,-115,40.39,31.8,-8.59,101,76,-25,13.2,12.46,-0.74,1,20,19,0.13,3.28,3.15,12,1.97,"{'total': 765, 'sad': 323, 'aap': 309, 'inc': 101, 'bjp': 1, 'sad_votes': 323, 'sad_pct': 42.22, 'aap_votes': 309, 'aap_pct': 40.39, 'inc_votes': 101, 'inc_pct': 13.2, 'bjp_votes': 1, 'bjp_pct': 0.13, 'winner_party': 'SAD', 'margin': 14, 'winner_candidate': 'Ganieve Kaur Majithia'}","{'total': 610, 'sad': 277, 'aap': 194, 'inc': 76, 'bjp': 20, 'sada': 12, 'bsp': 0, 'others': 30, 'sad_votes': 277, 'sad_pct': 45.41, 'aap_votes': 194, 'aap_pct': 31.8, 'inc_votes': 76, 'inc_pct': 12.46, 'bjp_votes': 20, 'bjp_pct': 3.28, 'sada_votes': 12, 'sada_pct': 1.97, 'winner_party': 'SAD', 'margin': 83, 'winner_candidate': 'Anil Joshi'}","{'turnout_diff': -155, 'turnout_pct': -20.26, 'sad_shift': -46, 'sad_swing': 3.19, 'aap_shift': -115, 'aap_swing': -8.59, 'inc_shift': -25, 'inc_swing': -0.74, 'bjp_shift': 19, 'bjp_swing': 3.15}",Akali Bastion: Strategic Penetration & Demolition Zone,ਅਕਾਲੀ ਦਲ ਦਾ ਪ੍ਰਭਾਵਿਤ ਖੇਤਰ: ਵਿਸ਼ੇਸ਼ ਘੇਰਾਬੰਦੀ ਜ਼ੋਨ,SAD retained lead here by +83 votes (45.4% share). Target moderate Panthic and farming families in Nag Khurd disillusioned with traditional leadership. Appoint dedicated block coordinators and highlight direct government procurement and village development works.,ਅਕਾਲੀ ਦਲ ਨੇ ਇੱਥੇ +83 ਵੋਟਾਂ (45.4%) ਨਾਲ ਲੀਡ ਬਣਾਈ ਹੈ। ਨਾਗ ਖੁਰਦ ਵਿੱਚ ਰਵਾਇਤੀ ਲੀਡਰਸ਼ਿਪ ਤੋਂ ਨਿਰਾਸ਼ ਕਿਸਾਨ ਅਤੇ ਪੰਥਕ ਪਰਿਵਾਰਾਂ ਨਾਲ ਸੰਵਾਦ ਕਰੋ। ਪਿੰਡਾਂ ਵਿੱਚ ਪੰਜਾਬ ਸਰਕਾਰ ਦੇ ਵਿਕਾਸ ਕਾਰਜਾਂ ਅਤੇ ਨਿਰਪੱਖ ਭਰਤੀਆਂ ਦੇ ਸੁਨੇਹੇ ਨਾਲ ਸੰਨ੍ਹ ਲਗਾਓ।,"{'booth_no': '83', 'village_en': 'Nag Khurd', 'village_pa': 'ਨਾਗ ਖੁਰਦ', 'zone_en': 'Akali Bastion: Strategic Penetration & Demolition Zone', 'zone_pa': 'ਅਕਾਲੀ ਦਲ ਦਾ ਪ੍ਰਭਾਵਿਤ ਖੇਤਰ: ਵਿਸ਼ੇਸ਼ ਘੇਰਾਬੰਦੀ ਜ਼ੋਨ', 'action_en': 'SAD retained lead here by +83 votes (45.4% share). Target moderate Panthic and farming families in Nag Khurd disillusioned with traditional leadership. Appoint dedicated block coordinators and highlight direct government procurement and village development works.', 'action_pa': 'ਅਕਾਲੀ ਦਲ ਨੇ ਇੱਥੇ +83 ਵੋਟਾਂ (45.4%) ਨਾਲ ਲੀਡ ਬਣਾਈ ਹੈ। ਨਾਗ ਖੁਰਦ ਵਿੱਚ ਰਵਾਇਤੀ ਲੀਡਰਸ਼ਿਪ ਤੋਂ ਨਿਰਾਸ਼ ਕਿਸਾਨ ਅਤੇ ਪੰਥਕ ਪਰਿਵਾਰਾਂ ਨਾਲ ਸੰਵਾਦ ਕਰੋ। ਪਿੰਡਾਂ ਵਿੱਚ ਪੰਜਾਬ ਸਰਕਾਰ ਦੇ ਵਿਕਾਸ ਕਾਰਜਾਂ ਅਤੇ ਨਿਰਪੱਖ ਭਰਤੀਆਂ ਦੇ ਸੁਨੇਹੇ ਨਾਲ ਸੰਨ੍ਹ ਲਗਾਓ।', 'action_steps_en': ['Days 1-30: Map the top 30 influential non-committed Panthic families in Nag Khurd.', 'Days 31-60: Deploy senior constituency leaders for direct home visits to address local disgruntlement.', ""Days 61-90: Neutralize SAD's +83 vote cushion by winning over agricultural youth.""], 'action_steps_pa': ['ਦਿਨ 1-30: ਨਾਗ ਖੁਰਦ ਦੇ 30 ਨਿਰਪੱਖ ਅਤੇ ਪ੍ਰਭਾਵਸ਼ਾਲੀ ਪਰਿਵਾਰਾਂ ਦੀ ਸ਼ਨਾਖਤ ਕਰੋ।', 'ਦਿਨ 31-60: ਸੀਨੀਅਰ ਲੀਡਰਸ਼ਿਪ ਰਾਹੀਂ ਘਰ-ਘਰ ਜਾ ਕੇ ਸਰਕਾਰ ਦੀਆਂ ਨਿਰਪੱਖ ਨੀਤੀਆਂ ਸਾਂਝੀਆਂ ਕਰੋ।', 'ਦਿਨ 61-90: ਨੌਜਵਾਨ ਵਰਗ ਨੂੰ ਸਰਕਾਰੀ ਨੌਕਰੀਆਂ ਅਤੇ ਖੇਡ ਕਿੱਟਾਂ ਰਾਹੀਂ ਪਾਰਟੀ ਨਾਲ ਜੋੜ ਕੇ ਲੀਡ ਘਟਾਓ।'], 'action_steps': ['ਦਿਨ 1-30: ਨਾਗ ਖੁਰਦ ਦੇ 30 ਨਿਰਪੱਖ ਅਤੇ ਪ੍ਰਭਾਵਸ਼ਾਲੀ ਪਰਿਵਾਰਾਂ ਦੀ ਸ਼ਨਾਖਤ ਕਰੋ।', 'ਦਿਨ 31-60: ਸੀਨੀਅਰ ਲੀਡਰਸ਼ਿਪ ਰਾਹੀਂ ਘਰ-ਘਰ ਜਾ ਕੇ ਸਰਕਾਰ ਦੀਆਂ ਨਿਰਪੱਖ ਨੀਤੀਆਂ ਸਾਂਝੀਆਂ ਕਰੋ।', 'ਦਿਨ 61-90: ਨੌਜਵਾਨ ਵਰਗ ਨੂੰ ਸਰਕਾਰੀ ਨੌਕਰੀਆਂ ਅਤੇ ਖੇਡ ਕਿੱਟਾਂ ਰਾਹੀਂ ਪਾਰਟੀ ਨਾਲ ਜੋੜ ਕੇ ਲੀਡ ਘਟਾਓ।']}"
84,84,83,84,84,False,#84,Booth #84 (Unchanged),ਬੂਥ #84 (ਅਣਬਦਲਿਆ),Ludhar,ਲੁੱਧੜ,ਲੁੱਧੜ,Ludhar,ਲੁੱਧੜ,Ludhar,ਲੁੱਧੜ,SAD,AAP,249,21,SAD → AAP,SAD → AAP,AAP Gain,ਆਪ ਲਾਭ,INC Deficit,"{'AAP': 'GAINED', 'SAD': 'LOST_24', 'INC': 'WEAK', 'BJP': 'WEAK'}",True,"{'is_flip': True, 'status_label': 'SAD → AAP', 'turnout_diff': 32, 'turnout_pct': 4.73, 'sad_swing': -22.81, 'aap_swing': 35.19, 'inc_swing': -11.95, 'bjp_swing': 0.94}",676,708,32,4.73,411,269,-142,60.8,37.99,-22.81,39,290,251,5.77,40.96,35.19,162,85,-77,23.96,12.01,-11.95,8,15,7,1.18,2.12,0.94,4,0.56,"{'total': 676, 'sad': 411, 'aap': 39, 'inc': 162, 'bjp': 8, 'sad_votes': 411, 'sad_pct': 60.8, 'aap_votes': 39, 'aap_pct': 5.77, 'inc_votes': 162, 'inc_pct': 23.96, 'bjp_votes': 8, 'bjp_pct': 1.18, 'winner_party': 'SAD', 'margin': 249, 'winner_candidate': 'Ganieve Kaur Majithia'}","{'total': 708, 'sad': 269, 'aap': 290, 'inc': 85, 'bjp': 15, 'sada': 4, 'bsp': 1, 'others': 40, 'sad_votes': 269, 'sad_pct': 37.99, 'aap_votes': 290, 'aap_pct': 40.96, 'inc_votes': 85, 'inc_pct': 12.01, 'bjp_votes': 15, 'bjp_pct': 2.12, 'sada_votes': 4, 'sada_pct': 0.56, 'winner_party': 'AAP', 'margin': 21, 'winner_candidate': 'Kuldeep Singh Dhaliwal'}","{'turnout_diff': 32, 'turnout_pct': 4.73, 'sad_shift': -142, 'sad_swing': -22.81, 'aap_shift': 251, 'aap_swing': 35.19, 'inc_shift': -77, 'inc_swing': -11.95, 'bjp_shift': 7, 'bjp_swing': 0.94}",Historic Breakthrough: AAP Flipped Stronghold,ਇਤਿਹਾਸਕ ਪ੍ਰਾਪਤੀ: ਅਕਾਲੀ ਗੜ੍ਹ ਵਿੱਚ ਆਪ ਦੀ ਜਿੱਤ ਜ਼ੋਨ,"Major breakthrough in Ludhar previously held by SAD. Formally induct local village swing leaders and youth volunteers who backed AAP in 2024. Resolve local village infrastructure, canal tail issues, and cement +21 lead.","ਲੁੱਧੜ ਵਿੱਚ ਵੱਡੀ ਇਤਿਹਾਸਕ ਸਫ਼ਲਤਾ, ਜਿੱਥੇ SAD ਦਾ ਪੁਰਾਣਾ ਦਬਦਬਾ ਟੁੱਟਿਆ। 2024 ਵਿੱਚ ਆਪ ਨਾਲ ਜੁੜੇ ਨੌਜਵਾਨਾਂ ਅਤੇ ਪੰਚਾਇਤੀ ਆਗੂਆਂ ਨੂੰ ਜਥੇਬੰਦਕ ਜ਼ਿੰਮੇਵਾਰੀਆਂ ਦਿਓ ਅਤੇ +21 ਵੋਟਾਂ ਦੀ ਲੀਡ ਨੂੰ ਸਥਾਈ ਵੋਟ ਬੈਂਕ ਵਿੱਚ ਬਦਲੋ।","{'booth_no': '84', 'village_en': 'Ludhar', 'village_pa': 'ਲੁੱਧੜ', 'zone_en': 'Historic Breakthrough: AAP Flipped Stronghold', 'zone_pa': 'ਇਤਿਹਾਸਕ ਪ੍ਰਾਪਤੀ: ਅਕਾਲੀ ਗੜ੍ਹ ਵਿੱਚ ਆਪ ਦੀ ਜਿੱਤ ਜ਼ੋਨ', 'action_en': 'Major breakthrough in Ludhar previously held by SAD. Formally induct local village swing leaders and youth volunteers who backed AAP in 2024. Resolve local village infrastructure, canal tail issues, and cement +21 lead.', 'action_pa': 'ਲੁੱਧੜ ਵਿੱਚ ਵੱਡੀ ਇਤਿਹਾਸਕ ਸਫ਼ਲਤਾ, ਜਿੱਥੇ SAD ਦਾ ਪੁਰਾਣਾ ਦਬਦਬਾ ਟੁੱਟਿਆ। 2024 ਵਿੱਚ ਆਪ ਨਾਲ ਜੁੜੇ ਨੌਜਵਾਨਾਂ ਅਤੇ ਪੰਚਾਇਤੀ ਆਗੂਆਂ ਨੂੰ ਜਥੇਬੰਦਕ ਜ਼ਿੰਮੇਵਾਰੀਆਂ ਦਿਓ ਅਤੇ +21 ਵੋਟਾਂ ਦੀ ਲੀਡ ਨੂੰ ਸਥਾਈ ਵੋਟ ਬੈਂਕ ਵਿੱਚ ਬਦਲੋ।', 'action_steps_en': ['Days 1-30: Onboard dynamic swing workers who crossed over from SAD into the formal AAP booth structure.', 'Days 31-60: Prioritize village link road and street light repairs in Ludhar through rural development grants.', 'Days 61-90: Convert current +21 vote lead into permanent party loyalty before 2027.'], 'action_steps_pa': ['ਦਿਨ 1-30: SAD ਛੱਡ ਕੇ ਆਪ ਵਿੱਚ ਸ਼ਾਮਲ ਹੋਏ ਆਗੂਆਂ ਨੂੰ ਬੂਥ ਕਮੇਟੀ ਵਿੱਚ ਅਹਿਮ ਜ਼ਿੰਮੇਵਾਰੀਆਂ ਦਿਓ।', ""ਦਿਨ 31-60: ਲੁੱਧੜ ਵਿੱਚ ਪਿੰਡ ਦੀਆਂ ਫਿਰਨੀਆਂ, ਗਲੀਆਂ ਅਤੇ ਲਿੰਕ ਸੜਕਾਂ ਦੇ ਕੰਮ ਤਰਜੀਹ 'ਤੇ ਕਰਵਾਓ।"", 'ਦਿਨ 61-90: +21 ਵੋਟਾਂ ਦੀ ਲੀਡ ਨੂੰ ਪੱਕੇ ਵੋਟ ਬੈਂਕ ਵਿੱਚ ਤਬਦੀਲ ਕਰੋ।'], 'action_steps': ['ਦਿਨ 1-30: SAD ਛੱਡ ਕੇ ਆਪ ਵਿੱਚ ਸ਼ਾਮਲ ਹੋਏ ਆਗੂਆਂ ਨੂੰ ਬੂਥ ਕਮੇਟੀ ਵਿੱਚ ਅਹਿਮ ਜ਼ਿੰਮੇਵਾਰੀਆਂ ਦਿਓ।', ""ਦਿਨ 31-60: ਲੁੱਧੜ ਵਿੱਚ ਪਿੰਡ ਦੀਆਂ ਫਿਰਨੀਆਂ, ਗਲੀਆਂ ਅਤੇ ਲਿੰਕ ਸੜਕਾਂ ਦੇ ਕੰਮ ਤਰਜੀਹ 'ਤੇ ਕਰਵਾਓ।"", 'ਦਿਨ 61-90: +21 ਵੋਟਾਂ ਦੀ ਲੀਡ ਨੂੰ ਪੱਕੇ ਵੋਟ ਬੈਂਕ ਵਿੱਚ ਤਬਦੀਲ ਕਰੋ।']}"
85,85,84,85,85,False,#85,Booth #85 (Unchanged),ਬੂਥ #85 (ਅਣਬਦਲਿਆ),Ludhar,ਲੁੱਧੜ,ਲੁੱਧੜ,Ludhar,ਲੁੱਧੜ,Ludhar,ਲੁੱਧੜ,SAD,SAD,90,0,SAD Retained,SAD Retained,AAP Deficit,ਆਪ ਘਾਟ,INC Deficit,"{'AAP': 'LOST_BOTH', 'SAD': 'WON_BOTH', 'INC': 'WEAK', 'BJP': 'WEAK'}",False,"{'is_flip': False, 'status_label': 'SAD Retained', 'turnout_diff': -317, 'turnout_pct': -33.62, 'sad_swing': -6.03, 'aap_swing': 24.83, 'inc_swing': -23.65, 'bjp_swing': 1.12}",943,626,-317,-33.62,432,249,-183,45.81,39.78,-6.03,141,249,108,14.95,39.78,24.83,342,79,-263,36.27,12.62,-23.65,6,11,5,0.64,1.76,1.12,9,1.44,"{'total': 943, 'sad': 432, 'aap': 141, 'inc': 342, 'bjp': 6, 'sad_votes': 432, 'sad_pct': 45.81, 'aap_votes': 141, 'aap_pct': 14.95, 'inc_votes': 342, 'inc_pct': 36.27, 'bjp_votes': 6, 'bjp_pct': 0.64, 'winner_party': 'SAD', 'margin': 90, 'winner_candidate': 'Ganieve Kaur Majithia'}","{'total': 626, 'sad': 249, 'aap': 249, 'inc': 79, 'bjp': 11, 'sada': 9, 'bsp': 0, 'others': 26, 'sad_votes': 249, 'sad_pct': 39.78, 'aap_votes': 249, 'aap_pct': 39.78, 'inc_votes': 79, 'inc_pct': 12.62, 'bjp_votes': 11, 'bjp_pct': 1.76, 'sada_votes': 9, 'sada_pct': 1.44, 'winner_party': 'SAD', 'margin': 0, 'winner_candidate': 'Anil Joshi'}","{'turnout_diff': -317, 'turnout_pct': -33.62, 'sad_shift': -183, 'sad_swing': -6.03, 'aap_shift': 108, 'aap_swing': 24.83, 'inc_shift': -263, 'inc_swing': -23.65, 'bjp_shift': 5, 'bjp_swing': 1.12}",Akali Bastion: Strategic Penetration & Demolition Zone,ਅਕਾਲੀ ਦਲ ਦਾ ਪ੍ਰਭਾਵਿਤ ਖੇਤਰ: ਵਿਸ਼ੇਸ਼ ਘੇਰਾਬੰਦੀ ਜ਼ੋਨ,SAD retained lead here by +0 votes (39.8% share). Target moderate Panthic and farming families in Ludhar disillusioned with traditional leadership. Appoint dedicated block coordinators and highlight direct government procurement and village development works.,ਅਕਾਲੀ ਦਲ ਨੇ ਇੱਥੇ +0 ਵੋਟਾਂ (39.8%) ਨਾਲ ਲੀਡ ਬਣਾਈ ਹੈ। ਲੁੱਧੜ ਵਿੱਚ ਰਵਾਇਤੀ ਲੀਡਰਸ਼ਿਪ ਤੋਂ ਨਿਰਾਸ਼ ਕਿਸਾਨ ਅਤੇ ਪੰਥਕ ਪਰਿਵਾਰਾਂ ਨਾਲ ਸੰਵਾਦ ਕਰੋ। ਪਿੰਡਾਂ ਵਿੱਚ ਪੰਜਾਬ ਸਰਕਾਰ ਦੇ ਵਿਕਾਸ ਕਾਰਜਾਂ ਅਤੇ ਨਿਰਪੱਖ ਭਰਤੀਆਂ ਦੇ ਸੁਨੇਹੇ ਨਾਲ ਸੰਨ੍ਹ ਲਗਾਓ।,"{'booth_no': '85', 'village_en': 'Ludhar', 'village_pa': 'ਲੁੱਧੜ', 'zone_en': 'Akali Bastion: Strategic Penetration & Demolition Zone', 'zone_pa': 'ਅਕਾਲੀ ਦਲ ਦਾ ਪ੍ਰਭਾਵਿਤ ਖੇਤਰ: ਵਿਸ਼ੇਸ਼ ਘੇਰਾਬੰਦੀ ਜ਼ੋਨ', 'action_en': 'SAD retained lead here by +0 votes (39.8% share). Target moderate Panthic and farming families in Ludhar disillusioned with traditional leadership. Appoint dedicated block coordinators and highlight direct government procurement and village development works.', 'action_pa': 'ਅਕਾਲੀ ਦਲ ਨੇ ਇੱਥੇ +0 ਵੋਟਾਂ (39.8%) ਨਾਲ ਲੀਡ ਬਣਾਈ ਹੈ। ਲੁੱਧੜ ਵਿੱਚ ਰਵਾਇਤੀ ਲੀਡਰਸ਼ਿਪ ਤੋਂ ਨਿਰਾਸ਼ ਕਿਸਾਨ ਅਤੇ ਪੰਥਕ ਪਰਿਵਾਰਾਂ ਨਾਲ ਸੰਵਾਦ ਕਰੋ। ਪਿੰਡਾਂ ਵਿੱਚ ਪੰਜਾਬ ਸਰਕਾਰ ਦੇ ਵਿਕਾਸ ਕਾਰਜਾਂ ਅਤੇ ਨਿਰਪੱਖ ਭਰਤੀਆਂ ਦੇ ਸੁਨੇਹੇ ਨਾਲ ਸੰਨ੍ਹ ਲਗਾਓ।', 'action_steps_en': ['Days 1-30: Map the top 30 influential non-committed Panthic families in Ludhar.', 'Days 31-60: Deploy senior constituency leaders for direct home visits to address local disgruntlement.', ""Days 61-90: Neutralize SAD's +0 vote cushion by winning over agricultural youth.""], 'action_steps_pa': ['ਦਿਨ 1-30: ਲੁੱਧੜ ਦੇ 30 ਨਿਰਪੱਖ ਅਤੇ ਪ੍ਰਭਾਵਸ਼ਾਲੀ ਪਰਿਵਾਰਾਂ ਦੀ ਸ਼ਨਾਖਤ ਕਰੋ।', 'ਦਿਨ 31-60: ਸੀਨੀਅਰ ਲੀਡਰਸ਼ਿਪ ਰਾਹੀਂ ਘਰ-ਘਰ ਜਾ ਕੇ ਸਰਕਾਰ ਦੀਆਂ ਨਿਰਪੱਖ ਨੀਤੀਆਂ ਸਾਂਝੀਆਂ ਕਰੋ।', 'ਦਿਨ 61-90: ਨੌਜਵਾਨ ਵਰਗ ਨੂੰ ਸਰਕਾਰੀ ਨੌਕਰੀਆਂ ਅਤੇ ਖੇਡ ਕਿੱਟਾਂ ਰਾਹੀਂ ਪਾਰਟੀ ਨਾਲ ਜੋੜ ਕੇ ਲੀਡ ਘਟਾਓ।'], 'action_steps': ['ਦਿਨ 1-30: ਲੁੱਧੜ ਦੇ 30 ਨਿਰਪੱਖ ਅਤੇ ਪ੍ਰਭਾਵਸ਼ਾਲੀ ਪਰਿਵਾਰਾਂ ਦੀ ਸ਼ਨਾਖਤ ਕਰੋ।', 'ਦਿਨ 31-60: ਸੀਨੀਅਰ ਲੀਡਰਸ਼ਿਪ ਰਾਹੀਂ ਘਰ-ਘਰ ਜਾ ਕੇ ਸਰਕਾਰ ਦੀਆਂ ਨਿਰਪੱਖ ਨੀਤੀਆਂ ਸਾਂਝੀਆਂ ਕਰੋ।', 'ਦਿਨ 61-90: ਨੌਜਵਾਨ ਵਰਗ ਨੂੰ ਸਰਕਾਰੀ ਨੌਕਰੀਆਂ ਅਤੇ ਖੇਡ ਕਿੱਟਾਂ ਰਾਹੀਂ ਪਾਰਟੀ ਨਾਲ ਜੋੜ ਕੇ ਲੀਡ ਘਟਾਓ।']}"
86,86,85,86,86,False,#86,Booth #86 (Unchanged),ਬੂਥ #86 (ਅਣਬਦਲਿਆ),Kaler Mangat,ਕਲੇਰ ਮਾਂਗਟ,ਕਲੇਰ ਮਾਂਗਟ,Kaler Mangat,ਕਲੇਰ ਮਾਂਗਟ,Kaler Mangat,ਕਲੇਰ ਮਾਂਗਟ,SAD,INC,14,31,SAD → INC,SAD → INC,AAP Deficit,ਆਪ ਘਾਟ,INC Gain,"{'AAP': 'WEAK', 'SAD': 'LOST_24', 'INC': 'GAINED', 'BJP': 'WEAK'}",True,"{'is_flip': True, 'status_label': 'SAD → INC', 'turnout_diff': -452, 'turnout_pct': -57.8, 'sad_swing': -6.16, 'aap_swing': -3.9, 'inc_swing': 5.03, 'bjp_swing': -1.23}",782,330,-452,-57.8,278,97,-181,35.55,29.39,-6.16,168,58,-110,21.48,17.58,-3.9,264,128,-136,33.76,38.79,5.03,31,9,-22,3.96,2.73,-1.23,27,8.18,"{'total': 782, 'sad': 278, 'aap': 168, 'inc': 264, 'bjp': 31, 'sad_votes': 278, 'sad_pct': 35.55, 'aap_votes': 168, 'aap_pct': 21.48, 'inc_votes': 264, 'inc_pct': 33.76, 'bjp_votes': 31, 'bjp_pct': 3.96, 'winner_party': 'SAD', 'margin': 14, 'winner_candidate': 'Ganieve Kaur Majithia'}","{'total': 330, 'sad': 97, 'aap': 58, 'inc': 128, 'bjp': 9, 'sada': 27, 'bsp': 0, 'others': 11, 'sad_votes': 97, 'sad_pct': 29.39, 'aap_votes': 58, 'aap_pct': 17.58, 'inc_votes': 128, 'inc_pct': 38.79, 'bjp_votes': 9, 'bjp_pct': 2.73, 'sada_votes': 27, 'sada_pct': 8.18, 'winner_party': 'INC', 'margin': 31, 'winner_candidate': 'Gurjeet Singh Aujla'}","{'turnout_diff': -452, 'turnout_pct': -57.8, 'sad_shift': -181, 'sad_swing': -6.16, 'aap_shift': -110, 'aap_swing': -3.9, 'inc_shift': -136, 'inc_swing': 5.03, 'bjp_shift': -22, 'bjp_swing': -1.23}",Congress Belt: High-Intensity Reclamation Zone,ਕਾਂਗਰਸੀ ਪ੍ਰਭਾਵ ਵਾਲਾ ਹਲਕਾ: ਮੁੜ-ਬਹਾਲੀ ਜ਼ੋਨ,INC led by +31 votes with 38.8% vote share in Kaler Mangat. Neutralize traditional Congress sarpanch networks. Appoint 2 booth captains and directly onboard dynamic rural youth.,ਕਾਂਗਰਸ ਨੇ ਇੱਥੇ +31 ਵੋਟਾਂ (38.8%) ਦੀ ਲੀਡ ਲਈ ਹੈ। ਕਲੇਰ ਮਾਂਗਟ ਵਿੱਚ ਪੁਰਾਣੇ ਸਰਪੰਚੀ ਪ੍ਰਭਾਵ ਨੂੰ ਘਟਾਉਣ ਲਈ ਦੋ ਨਵੇਂ ਯੂਥ ਬੂਥ ਇੰਚਾਰਜ ਲਗਾਓ ਅਤੇ ਘਰ-ਘਰ ਸੰਪਰਕ ਮੁਹਿੰਮ ਚਲਾਓ।,"{'booth_no': '86', 'village_en': 'Kaler Mangat', 'village_pa': 'ਕਲੇਰ ਮਾਂਗਟ', 'zone_en': 'Congress Belt: High-Intensity Reclamation Zone', 'zone_pa': 'ਕਾਂਗਰਸੀ ਪ੍ਰਭਾਵ ਵਾਲਾ ਹਲਕਾ: ਮੁੜ-ਬਹਾਲੀ ਜ਼ੋਨ', 'action_en': 'INC led by +31 votes with 38.8% vote share in Kaler Mangat. Neutralize traditional Congress sarpanch networks. Appoint 2 booth captains and directly onboard dynamic rural youth.', 'action_pa': 'ਕਾਂਗਰਸ ਨੇ ਇੱਥੇ +31 ਵੋਟਾਂ (38.8%) ਦੀ ਲੀਡ ਲਈ ਹੈ। ਕਲੇਰ ਮਾਂਗਟ ਵਿੱਚ ਪੁਰਾਣੇ ਸਰਪੰਚੀ ਪ੍ਰਭਾਵ ਨੂੰ ਘਟਾਉਣ ਲਈ ਦੋ ਨਵੇਂ ਯੂਥ ਬੂਥ ਇੰਚਾਰਜ ਲਗਾਓ ਅਤੇ ਘਰ-ਘਰ ਸੰਪਰਕ ਮੁਹਿੰਮ ਚਲਾਓ।', 'action_steps_en': ['Days 1-30: Identify active vs inactive Congress booth workers in Kaler Mangat.', 'Days 31-60: Form rural welfare monitoring committee to connect village elders with state pensions.', ""Days 61-90: Overcome Congress's +31 vote lead through door-to-door cadre contact.""], 'action_steps_pa': ['ਦਿਨ 1-30: ਕਲੇਰ ਮਾਂਗਟ ਵਿੱਚ ਕਾਂਗਰਸੀ ਸਰਪੰਚਾਂ ਅਤੇ ਆਗੂਆਂ ਦੇ ਪ੍ਰਭਾਵ ਦਾ ਵਿਸ਼ਲੇਸ਼ਣ ਕਰੋ।', 'ਦਿਨ 31-60: ਬਜ਼ੁਰਗਾਂ ਅਤੇ ਔਰਤਾਂ ਨੂੰ ਪੈਨਸ਼ਨਾਂ ਤੇ ਭਲਾਈ ਸਕੀਮਾਂ ਨਾਲ ਜੋੜਨ ਲਈ ਕੈਂਪ ਲਗਾਓ।', 'ਦਿਨ 61-90: ਨੌਜਵਾਨਾਂ ਦੀ ਟੀਮ ਰਾਹੀਂ ਕਾਂਗਰਸ ਦੀ +31 ਵੋਟਾਂ ਦੀ ਲੀਡ ਖ਼ਤਮ ਕਰੋ।'], 'action_steps': ['ਦਿਨ 1-30: ਕਲੇਰ ਮਾਂਗਟ ਵਿੱਚ ਕਾਂਗਰਸੀ ਸਰਪੰਚਾਂ ਅਤੇ ਆਗੂਆਂ ਦੇ ਪ੍ਰਭਾਵ ਦਾ ਵਿਸ਼ਲੇਸ਼ਣ ਕਰੋ।', 'ਦਿਨ 31-60: ਬਜ਼ੁਰਗਾਂ ਅਤੇ ਔਰਤਾਂ ਨੂੰ ਪੈਨਸ਼ਨਾਂ ਤੇ ਭਲਾਈ ਸਕੀਮਾਂ ਨਾਲ ਜੋੜਨ ਲਈ ਕੈਂਪ ਲਗਾਓ।', 'ਦਿਨ 61-90: ਨੌਜਵਾਨਾਂ ਦੀ ਟੀਮ ਰਾਹੀਂ ਕਾਂਗਰਸ ਦੀ +31 ਵੋਟਾਂ ਦੀ ਲੀਡ ਖ਼ਤਮ ਕਰੋ।']}"
87,87,86,87,87,False,#87,Booth #87 (Unchanged),ਬੂਥ #87 (ਅਣਬਦਲਿਆ),Kaler Mangat,ਕਲੇਰ ਮਾਂਗਟ,ਕਲੇਰ ਮਾਂਗਟ,Kaler Mangat,ਕਲੇਰ ਮਾਂਗਟ,Kaler Mangat,ਕਲੇਰ ਮਾਂਗਟ,SAD,SAD,117,120,SAD Retained,SAD Retained,AAP Deficit,ਆਪ ਘਾਟ,INC Deficit,"{'AAP': 'WEAK', 'SAD': 'WON_BOTH', 'INC': 'LOST_BOTH', 'BJP': 'WEAK'}",False,"{'is_flip': False, 'status_label': 'SAD Retained', 'turnout_diff': -486, 'turnout_pct': -58.34, 'sad_swing': 6.83, 'aap_swing': -0.02, 'inc_swing': -16.01, 'bjp_swing': -0.41}",833,347,-486,-58.34,380,182,-198,45.62,52.45,6.83,149,62,-87,17.89,17.87,-0.02,263,54,-209,31.57,15.56,-16.01,13,4,-9,1.56,1.15,-0.41,30,8.65,"{'total': 833, 'sad': 380, 'aap': 149, 'inc': 263, 'bjp': 13, 'sad_votes': 380, 'sad_pct': 45.62, 'aap_votes': 149, 'aap_pct': 17.89, 'inc_votes': 263, 'inc_pct': 31.57, 'bjp_votes': 13, 'bjp_pct': 1.56, 'winner_party': 'SAD', 'margin': 117, 'winner_candidate': 'Ganieve Kaur Majithia'}","{'total': 347, 'sad': 182, 'aap': 62, 'inc': 54, 'bjp': 4, 'sada': 30, 'bsp': 0, 'others': 15, 'sad_votes': 182, 'sad_pct': 52.45, 'aap_votes': 62, 'aap_pct': 17.87, 'inc_votes': 54, 'inc_pct': 15.56, 'bjp_votes': 4, 'bjp_pct': 1.15, 'sada_votes': 30, 'sada_pct': 8.65, 'winner_party': 'SAD', 'margin': 120, 'winner_candidate': 'Anil Joshi'}","{'turnout_diff': -486, 'turnout_pct': -58.34, 'sad_shift': -198, 'sad_swing': 6.83, 'aap_shift': -87, 'aap_swing': -0.02, 'inc_shift': -209, 'inc_swing': -16.01, 'bjp_shift': -9, 'bjp_swing': -0.41}",Akali Bastion: Strategic Penetration & Demolition Zone,ਅਕਾਲੀ ਦਲ ਦਾ ਪ੍ਰਭਾਵਿਤ ਖੇਤਰ: ਵਿਸ਼ੇਸ਼ ਘੇਰਾਬੰਦੀ ਜ਼ੋਨ,SAD retained lead here by +120 votes (52.5% share). Target moderate Panthic and farming families in Kaler Mangat disillusioned with traditional leadership. Appoint dedicated block coordinators and highlight direct government procurement and village development works.,ਅਕਾਲੀ ਦਲ ਨੇ ਇੱਥੇ +120 ਵੋਟਾਂ (52.5%) ਨਾਲ ਲੀਡ ਬਣਾਈ ਹੈ। ਕਲੇਰ ਮਾਂਗਟ ਵਿੱਚ ਰਵਾਇਤੀ ਲੀਡਰਸ਼ਿਪ ਤੋਂ ਨਿਰਾਸ਼ ਕਿਸਾਨ ਅਤੇ ਪੰਥਕ ਪਰਿਵਾਰਾਂ ਨਾਲ ਸੰਵਾਦ ਕਰੋ। ਪਿੰਡਾਂ ਵਿੱਚ ਪੰਜਾਬ ਸਰਕਾਰ ਦੇ ਵਿਕਾਸ ਕਾਰਜਾਂ ਅਤੇ ਨਿਰਪੱਖ ਭਰਤੀਆਂ ਦੇ ਸੁਨੇਹੇ ਨਾਲ ਸੰਨ੍ਹ ਲਗਾਓ।,"{'booth_no': '87', 'village_en': 'Kaler Mangat', 'village_pa': 'ਕਲੇਰ ਮਾਂਗਟ', 'zone_en': 'Akali Bastion: Strategic Penetration & Demolition Zone', 'zone_pa': 'ਅਕਾਲੀ ਦਲ ਦਾ ਪ੍ਰਭਾਵਿਤ ਖੇਤਰ: ਵਿਸ਼ੇਸ਼ ਘੇਰਾਬੰਦੀ ਜ਼ੋਨ', 'action_en': 'SAD retained lead here by +120 votes (52.5% share). Target moderate Panthic and farming families in Kaler Mangat disillusioned with traditional leadership. Appoint dedicated block coordinators and highlight direct government procurement and village development works.', 'action_pa': 'ਅਕਾਲੀ ਦਲ ਨੇ ਇੱਥੇ +120 ਵੋਟਾਂ (52.5%) ਨਾਲ ਲੀਡ ਬਣਾਈ ਹੈ। ਕਲੇਰ ਮਾਂਗਟ ਵਿੱਚ ਰਵਾਇਤੀ ਲੀਡਰਸ਼ਿਪ ਤੋਂ ਨਿਰਾਸ਼ ਕਿਸਾਨ ਅਤੇ ਪੰਥਕ ਪਰਿਵਾਰਾਂ ਨਾਲ ਸੰਵਾਦ ਕਰੋ। ਪਿੰਡਾਂ ਵਿੱਚ ਪੰਜਾਬ ਸਰਕਾਰ ਦੇ ਵਿਕਾਸ ਕਾਰਜਾਂ ਅਤੇ ਨਿਰਪੱਖ ਭਰਤੀਆਂ ਦੇ ਸੁਨੇਹੇ ਨਾਲ ਸੰਨ੍ਹ ਲਗਾਓ।', 'action_steps_en': ['Days 1-30: Map the top 30 influential non-committed Panthic families in Kaler Mangat.', 'Days 31-60: Deploy senior constituency leaders for direct home visits to address local disgruntlement.', ""Days 61-90: Neutralize SAD's +120 vote cushion by winning over agricultural youth.""], 'action_steps_pa': ['ਦਿਨ 1-30: ਕਲੇਰ ਮਾਂਗਟ ਦੇ 30 ਨਿਰਪੱਖ ਅਤੇ ਪ੍ਰਭਾਵਸ਼ਾਲੀ ਪਰਿਵਾਰਾਂ ਦੀ ਸ਼ਨਾਖਤ ਕਰੋ।', 'ਦਿਨ 31-60: ਸੀਨੀਅਰ ਲੀਡਰਸ਼ਿਪ ਰਾਹੀਂ ਘਰ-ਘਰ ਜਾ ਕੇ ਸਰਕਾਰ ਦੀਆਂ ਨਿਰਪੱਖ ਨੀਤੀਆਂ ਸਾਂਝੀਆਂ ਕਰੋ।', 'ਦਿਨ 61-90: ਨੌਜਵਾਨ ਵਰਗ ਨੂੰ ਸਰਕਾਰੀ ਨੌਕਰੀਆਂ ਅਤੇ ਖੇਡ ਕਿੱਟਾਂ ਰਾਹੀਂ ਪਾਰਟੀ ਨਾਲ ਜੋੜ ਕੇ ਲੀਡ ਘਟਾਓ।'], 'action_steps': ['ਦਿਨ 1-30: ਕਲੇਰ ਮਾਂਗਟ ਦੇ 30 ਨਿਰਪੱਖ ਅਤੇ ਪ੍ਰਭਾਵਸ਼ਾਲੀ ਪਰਿਵਾਰਾਂ ਦੀ ਸ਼ਨਾਖਤ ਕਰੋ।', 'ਦਿਨ 31-60: ਸੀਨੀਅਰ ਲੀਡਰਸ਼ਿਪ ਰਾਹੀਂ ਘਰ-ਘਰ ਜਾ ਕੇ ਸਰਕਾਰ ਦੀਆਂ ਨਿਰਪੱਖ ਨੀਤੀਆਂ ਸਾਂਝੀਆਂ ਕਰੋ।', 'ਦਿਨ 61-90: ਨੌਜਵਾਨ ਵਰਗ ਨੂੰ ਸਰਕਾਰੀ ਨੌਕਰੀਆਂ ਅਤੇ ਖੇਡ ਕਿੱਟਾਂ ਰਾਹੀਂ ਪਾਰਟੀ ਨਾਲ ਜੋੜ ਕੇ ਲੀਡ ਘਟਾਓ।']}"
88,88,87,88,88,False,#88,Booth #88 (Unchanged),ਬੂਥ #88 (ਅਣਬਦਲਿਆ),Gopalpura,ਗੋਪਾਲਪੁਰਾ,ਗੋਪਾਲਪੁਰਾ,Gopalpura,ਗੋਪਾਲਪੁਰਾ,Gopalpura,ਗੋਪਾਲਪੁਰਾ,SAD,SAD,128,113,SAD Retained,SAD Retained,AAP Deficit,ਆਪ ਘਾਟ,INC Deficit,"{'AAP': 'WEAK', 'SAD': 'WON_BOTH', 'INC': 'LOST_BOTH', 'BJP': 'LOST_BOTH'}",False,"{'is_flip': False, 'status_label': 'SAD Retained', 'turnout_diff': -53, 'turnout_pct': -8.2, 'sad_swing': -9.66, 'aap_swing': -17.68, 'inc_swing': 2.08, 'bjp_swing': 12.05}",646,593,-53,-8.2,313,230,-83,48.45,38.79,-9.66,185,65,-120,28.64,10.96,-17.68,114,117,3,17.65,19.73,2.08,6,77,71,0.93,12.98,12.05,9,1.52,"{'total': 646, 'sad': 313, 'aap': 185, 'inc': 114, 'bjp': 6, 'sad_votes': 313, 'sad_pct': 48.45, 'aap_votes': 185, 'aap_pct': 28.64, 'inc_votes': 114, 'inc_pct': 17.65, 'bjp_votes': 6, 'bjp_pct': 0.93, 'winner_party': 'SAD', 'margin': 128, 'winner_candidate': 'Ganieve Kaur Majithia'}","{'total': 593, 'sad': 230, 'aap': 65, 'inc': 117, 'bjp': 77, 'sada': 9, 'bsp': 3, 'others': 91, 'sad_votes': 230, 'sad_pct': 38.79, 'aap_votes': 65, 'aap_pct': 10.96, 'inc_votes': 117, 'inc_pct': 19.73, 'bjp_votes': 77, 'bjp_pct': 12.98, 'sada_votes': 9, 'sada_pct': 1.52, 'winner_party': 'SAD', 'margin': 113, 'winner_candidate': 'Anil Joshi'}","{'turnout_diff': -53, 'turnout_pct': -8.2, 'sad_shift': -83, 'sad_swing': -9.66, 'aap_shift': -120, 'aap_swing': -17.68, 'inc_shift': 3, 'inc_swing': 2.08, 'bjp_shift': 71, 'bjp_swing': 12.05}",Akali Bastion: Strategic Penetration & Demolition Zone,ਅਕਾਲੀ ਦਲ ਦਾ ਪ੍ਰਭਾਵਿਤ ਖੇਤਰ: ਵਿਸ਼ੇਸ਼ ਘੇਰਾਬੰਦੀ ਜ਼ੋਨ,SAD retained lead here by +113 votes (38.8% share). Target moderate Panthic and farming families in Gopalpura disillusioned with traditional leadership. Appoint dedicated block coordinators and highlight direct government procurement and village development works.,ਅਕਾਲੀ ਦਲ ਨੇ ਇੱਥੇ +113 ਵੋਟਾਂ (38.8%) ਨਾਲ ਲੀਡ ਬਣਾਈ ਹੈ। ਗੋਪਾਲਪੁਰਾ ਵਿੱਚ ਰਵਾਇਤੀ ਲੀਡਰਸ਼ਿਪ ਤੋਂ ਨਿਰਾਸ਼ ਕਿਸਾਨ ਅਤੇ ਪੰਥਕ ਪਰਿਵਾਰਾਂ ਨਾਲ ਸੰਵਾਦ ਕਰੋ। ਪਿੰਡਾਂ ਵਿੱਚ ਪੰਜਾਬ ਸਰਕਾਰ ਦੇ ਵਿਕਾਸ ਕਾਰਜਾਂ ਅਤੇ ਨਿਰਪੱਖ ਭਰਤੀਆਂ ਦੇ ਸੁਨੇਹੇ ਨਾਲ ਸੰਨ੍ਹ ਲਗਾਓ।,"{'booth_no': '88', 'village_en': 'Gopalpura', 'village_pa': 'ਗੋਪਾਲਪੁਰਾ', 'zone_en': 'Akali Bastion: Strategic Penetration & Demolition Zone', 'zone_pa': 'ਅਕਾਲੀ ਦਲ ਦਾ ਪ੍ਰਭਾਵਿਤ ਖੇਤਰ: ਵਿਸ਼ੇਸ਼ ਘੇਰਾਬੰਦੀ ਜ਼ੋਨ', 'action_en': 'SAD retained lead here by +113 votes (38.8% share). Target moderate Panthic and farming families in Gopalpura disillusioned with traditional leadership. Appoint dedicated block coordinators and highlight direct government procurement and village development works.', 'action_pa': 'ਅਕਾਲੀ ਦਲ ਨੇ ਇੱਥੇ +113 ਵੋਟਾਂ (38.8%) ਨਾਲ ਲੀਡ ਬਣਾਈ ਹੈ। ਗੋਪਾਲਪੁਰਾ ਵਿੱਚ ਰਵਾਇਤੀ ਲੀਡਰਸ਼ਿਪ ਤੋਂ ਨਿਰਾਸ਼ ਕਿਸਾਨ ਅਤੇ ਪੰਥਕ ਪਰਿਵਾਰਾਂ ਨਾਲ ਸੰਵਾਦ ਕਰੋ। ਪਿੰਡਾਂ ਵਿੱਚ ਪੰਜਾਬ ਸਰਕਾਰ ਦੇ ਵਿਕਾਸ ਕਾਰਜਾਂ ਅਤੇ ਨਿਰਪੱਖ ਭਰਤੀਆਂ ਦੇ ਸੁਨੇਹੇ ਨਾਲ ਸੰਨ੍ਹ ਲਗਾਓ।', 'action_steps_en': ['Days 1-30: Map the top 30 influential non-committed Panthic families in Gopalpura.', 'Days 31-60: Deploy senior constituency leaders for direct home visits to address local disgruntlement.', ""Days 61-90: Neutralize SAD's +113 vote cushion by winning over agricultural youth.""], 'action_steps_pa': ['ਦਿਨ 1-30: ਗੋਪਾਲਪੁਰਾ ਦੇ 30 ਨਿਰਪੱਖ ਅਤੇ ਪ੍ਰਭਾਵਸ਼ਾਲੀ ਪਰਿਵਾਰਾਂ ਦੀ ਸ਼ਨਾਖਤ ਕਰੋ।', 'ਦਿਨ 31-60: ਸੀਨੀਅਰ ਲੀਡਰਸ਼ਿਪ ਰਾਹੀਂ ਘਰ-ਘਰ ਜਾ ਕੇ ਸਰਕਾਰ ਦੀਆਂ ਨਿਰਪੱਖ ਨੀਤੀਆਂ ਸਾਂਝੀਆਂ ਕਰੋ।', 'ਦਿਨ 61-90: ਨੌਜਵਾਨ ਵਰਗ ਨੂੰ ਸਰਕਾਰੀ ਨੌਕਰੀਆਂ ਅਤੇ ਖੇਡ ਕਿੱਟਾਂ ਰਾਹੀਂ ਪਾਰਟੀ ਨਾਲ ਜੋੜ ਕੇ ਲੀਡ ਘਟਾਓ।'], 'action_steps': ['ਦਿਨ 1-30: ਗੋਪਾਲਪੁਰਾ ਦੇ 30 ਨਿਰਪੱਖ ਅਤੇ ਪ੍ਰਭਾਵਸ਼ਾਲੀ ਪਰਿਵਾਰਾਂ ਦੀ ਸ਼ਨਾਖਤ ਕਰੋ।', 'ਦਿਨ 31-60: ਸੀਨੀਅਰ ਲੀਡਰਸ਼ਿਪ ਰਾਹੀਂ ਘਰ-ਘਰ ਜਾ ਕੇ ਸਰਕਾਰ ਦੀਆਂ ਨਿਰਪੱਖ ਨੀਤੀਆਂ ਸਾਂਝੀਆਂ ਕਰੋ।', 'ਦਿਨ 61-90: ਨੌਜਵਾਨ ਵਰਗ ਨੂੰ ਸਰਕਾਰੀ ਨੌਕਰੀਆਂ ਅਤੇ ਖੇਡ ਕਿੱਟਾਂ ਰਾਹੀਂ ਪਾਰਟੀ ਨਾਲ ਜੋੜ ਕੇ ਲੀਡ ਘਟਾਓ।']}"
89,89,88,89,89,False,#89,Booth #89 (Unchanged),ਬੂਥ #89 (ਅਣਬਦਲਿਆ),Gopalpura,ਗੋਪਾਲਪੁਰਾ,ਗੋਪਾਲਪੁਰਾ,Gopalpura,ਗੋਪਾਲਪੁਰਾ,Gopalpura,ਗੋਪਾਲਪੁਰਾ,SAD,SAD,33,90,SAD Retained,SAD Retained,AAP Deficit,ਆਪ ਘਾਟ,INC Deficit,"{'AAP': 'LOST_BOTH', 'SAD': 'WON_BOTH', 'INC': 'WEAK', 'BJP': 'WEAK'}",False,"{'is_flip': False, 'status_label': 'SAD Retained', 'turnout_diff': -336, 'turnout_pct': -48.07, 'sad_swing': 14.87, 'aap_swing': 3.52, 'inc_swing': -20.62, 'bjp_swing': -0.9}",699,363,-336,-48.07,260,189,-71,37.2,52.07,14.87,166,99,-67,23.75,27.27,3.52,227,43,-184,32.47,11.85,-20.62,14,4,-10,2.0,1.1,-0.9,7,1.93,"{'total': 699, 'sad': 260, 'aap': 166, 'inc': 227, 'bjp': 14, 'sad_votes': 260, 'sad_pct': 37.2, 'aap_votes': 166, 'aap_pct': 23.75, 'inc_votes': 227, 'inc_pct': 32.47, 'bjp_votes': 14, 'bjp_pct': 2.0, 'winner_party': 'SAD', 'margin': 33, 'winner_candidate': 'Ganieve Kaur Majithia'}","{'total': 363, 'sad': 189, 'aap': 99, 'inc': 43, 'bjp': 4, 'sada': 7, 'bsp': 1, 'others': 12, 'sad_votes': 189, 'sad_pct': 52.07, 'aap_votes': 99, 'aap_pct': 27.27, 'inc_votes': 43, 'inc_pct': 11.85, 'bjp_votes': 4, 'bjp_pct': 1.1, 'sada_votes': 7, 'sada_pct': 1.93, 'winner_party': 'SAD', 'margin': 90, 'winner_candidate': 'Anil Joshi'}","{'turnout_diff': -336, 'turnout_pct': -48.07, 'sad_shift': -71, 'sad_swing': 14.87, 'aap_shift': -67, 'aap_swing': 3.52, 'inc_shift': -184, 'inc_swing': -20.62, 'bjp_shift': -10, 'bjp_swing': -0.9}",Akali Bastion: Strategic Penetration & Demolition Zone,ਅਕਾਲੀ ਦਲ ਦਾ ਪ੍ਰਭਾਵਿਤ ਖੇਤਰ: ਵਿਸ਼ੇਸ਼ ਘੇਰਾਬੰਦੀ ਜ਼ੋਨ,SAD retained lead here by +90 votes (52.1% share). Target moderate Panthic and farming families in Gopalpura disillusioned with traditional leadership. Appoint dedicated block coordinators and highlight direct government procurement and village development works.,ਅਕਾਲੀ ਦਲ ਨੇ ਇੱਥੇ +90 ਵੋਟਾਂ (52.1%) ਨਾਲ ਲੀਡ ਬਣਾਈ ਹੈ। ਗੋਪਾਲਪੁਰਾ ਵਿੱਚ ਰਵਾਇਤੀ ਲੀਡਰਸ਼ਿਪ ਤੋਂ ਨਿਰਾਸ਼ ਕਿਸਾਨ ਅਤੇ ਪੰਥਕ ਪਰਿਵਾਰਾਂ ਨਾਲ ਸੰਵਾਦ ਕਰੋ। ਪਿੰਡਾਂ ਵਿੱਚ ਪੰਜਾਬ ਸਰਕਾਰ ਦੇ ਵਿਕਾਸ ਕਾਰਜਾਂ ਅਤੇ ਨਿਰਪੱਖ ਭਰਤੀਆਂ ਦੇ ਸੁਨੇਹੇ ਨਾਲ ਸੰਨ੍ਹ ਲਗਾਓ।,"{'booth_no': '89', 'village_en': 'Gopalpura', 'village_pa': 'ਗੋਪਾਲਪੁਰਾ', 'zone_en': 'Akali Bastion: Strategic Penetration & Demolition Zone', 'zone_pa': 'ਅਕਾਲੀ ਦਲ ਦਾ ਪ੍ਰਭਾਵਿਤ ਖੇਤਰ: ਵਿਸ਼ੇਸ਼ ਘੇਰਾਬੰਦੀ ਜ਼ੋਨ', 'action_en': 'SAD retained lead here by +90 votes (52.1% share). Target moderate Panthic and farming families in Gopalpura disillusioned with traditional leadership. Appoint dedicated block coordinators and highlight direct government procurement and village development works.', 'action_pa': 'ਅਕਾਲੀ ਦਲ ਨੇ ਇੱਥੇ +90 ਵੋਟਾਂ (52.1%) ਨਾਲ ਲੀਡ ਬਣਾਈ ਹੈ। ਗੋਪਾਲਪੁਰਾ ਵਿੱਚ ਰਵਾਇਤੀ ਲੀਡਰਸ਼ਿਪ ਤੋਂ ਨਿਰਾਸ਼ ਕਿਸਾਨ ਅਤੇ ਪੰਥਕ ਪਰਿਵਾਰਾਂ ਨਾਲ ਸੰਵਾਦ ਕਰੋ। ਪਿੰਡਾਂ ਵਿੱਚ ਪੰਜਾਬ ਸਰਕਾਰ ਦੇ ਵਿਕਾਸ ਕਾਰਜਾਂ ਅਤੇ ਨਿਰਪੱਖ ਭਰਤੀਆਂ ਦੇ ਸੁਨੇਹੇ ਨਾਲ ਸੰਨ੍ਹ ਲਗਾਓ।', 'action_steps_en': ['Days 1-30: Map the top 30 influential non-committed Panthic families in Gopalpura.', 'Days 31-60: Deploy senior constituency leaders for direct home visits to address local disgruntlement.', ""Days 61-90: Neutralize SAD's +90 vote cushion by winning over agricultural youth.""], 'action_steps_pa': ['ਦਿਨ 1-30: ਗੋਪਾਲਪੁਰਾ ਦੇ 30 ਨਿਰਪੱਖ ਅਤੇ ਪ੍ਰਭਾਵਸ਼ਾਲੀ ਪਰਿਵਾਰਾਂ ਦੀ ਸ਼ਨਾਖਤ ਕਰੋ।', 'ਦਿਨ 31-60: ਸੀਨੀਅਰ ਲੀਡਰਸ਼ਿਪ ਰਾਹੀਂ ਘਰ-ਘਰ ਜਾ ਕੇ ਸਰਕਾਰ ਦੀਆਂ ਨਿਰਪੱਖ ਨੀਤੀਆਂ ਸਾਂਝੀਆਂ ਕਰੋ।', 'ਦਿਨ 61-90: ਨੌਜਵਾਨ ਵਰਗ ਨੂੰ ਸਰਕਾਰੀ ਨੌਕਰੀਆਂ ਅਤੇ ਖੇਡ ਕਿੱਟਾਂ ਰਾਹੀਂ ਪਾਰਟੀ ਨਾਲ ਜੋੜ ਕੇ ਲੀਡ ਘਟਾਓ।'], 'action_steps': ['ਦਿਨ 1-30: ਗੋਪਾਲਪੁਰਾ ਦੇ 30 ਨਿਰਪੱਖ ਅਤੇ ਪ੍ਰਭਾਵਸ਼ਾਲੀ ਪਰਿਵਾਰਾਂ ਦੀ ਸ਼ਨਾਖਤ ਕਰੋ।', 'ਦਿਨ 31-60: ਸੀਨੀਅਰ ਲੀਡਰਸ਼ਿਪ ਰਾਹੀਂ ਘਰ-ਘਰ ਜਾ ਕੇ ਸਰਕਾਰ ਦੀਆਂ ਨਿਰਪੱਖ ਨੀਤੀਆਂ ਸਾਂਝੀਆਂ ਕਰੋ।', 'ਦਿਨ 61-90: ਨੌਜਵਾਨ ਵਰਗ ਨੂੰ ਸਰਕਾਰੀ ਨੌਕਰੀਆਂ ਅਤੇ ਖੇਡ ਕਿੱਟਾਂ ਰਾਹੀਂ ਪਾਰਟੀ ਨਾਲ ਜੋੜ ਕੇ ਲੀਡ ਘਟਾਓ।']}"
90,90,89,90,90,False,#90,Booth #90 (Unchanged),ਬੂਥ #90 (ਅਣਬਦਲਿਆ),Kotla Khurd,ਕੋਟਲਾ ਖੁਰਦ,ਕੋਟਲਾ ਖੁਰਦ,Kotla Khurd,ਕੋਟਲਾ ਖੁਰਦ,Kotla Khurd,ਕੋਟਲਾ ਖੁਰਦ,SAD,SAD,100,67,SAD Retained,SAD Retained,AAP Deficit,ਆਪ ਘਾਟ,INC Deficit,"{'AAP': 'LOST_BOTH', 'SAD': 'WON_BOTH', 'INC': 'LOST_BOTH', 'BJP': 'WEAK'}",False,"{'is_flip': False, 'status_label': 'SAD Retained', 'turnout_diff': -195, 'turnout_pct': -31.86, 'sad_swing': -12.01, 'aap_swing': 15.55, 'inc_swing': -17.73, 'bjp_swing': 4.88}",612,417,-195,-31.86,323,170,-153,52.78,40.77,-12.01,56,103,47,9.15,24.7,15.55,223,78,-145,36.44,18.71,-17.73,1,21,20,0.16,5.04,4.88,17,4.08,"{'total': 612, 'sad': 323, 'aap': 56, 'inc': 223, 'bjp': 1, 'sad_votes': 323, 'sad_pct': 52.78, 'aap_votes': 56, 'aap_pct': 9.15, 'inc_votes': 223, 'inc_pct': 36.44, 'bjp_votes': 1, 'bjp_pct': 0.16, 'winner_party': 'SAD', 'margin': 100, 'winner_candidate': 'Ganieve Kaur Majithia'}","{'total': 417, 'sad': 170, 'aap': 103, 'inc': 78, 'bjp': 21, 'sada': 17, 'bsp': 0, 'others': 25, 'sad_votes': 170, 'sad_pct': 40.77, 'aap_votes': 103, 'aap_pct': 24.7, 'inc_votes': 78, 'inc_pct': 18.71, 'bjp_votes': 21, 'bjp_pct': 5.04, 'sada_votes': 17, 'sada_pct': 4.08, 'winner_party': 'SAD', 'margin': 67, 'winner_candidate': 'Anil Joshi'}","{'turnout_diff': -195, 'turnout_pct': -31.86, 'sad_shift': -153, 'sad_swing': -12.01, 'aap_shift': 47, 'aap_swing': 15.55, 'inc_shift': -145, 'inc_swing': -17.73, 'bjp_shift': 20, 'bjp_swing': 4.88}",Akali Bastion: Strategic Penetration & Demolition Zone,ਅਕਾਲੀ ਦਲ ਦਾ ਪ੍ਰਭਾਵਿਤ ਖੇਤਰ: ਵਿਸ਼ੇਸ਼ ਘੇਰਾਬੰਦੀ ਜ਼ੋਨ,SAD retained lead here by +67 votes (40.8% share). Target moderate Panthic and farming families in Kotla Khurd disillusioned with traditional leadership. Appoint dedicated block coordinators and highlight direct government procurement and village development works.,ਅਕਾਲੀ ਦਲ ਨੇ ਇੱਥੇ +67 ਵੋਟਾਂ (40.8%) ਨਾਲ ਲੀਡ ਬਣਾਈ ਹੈ। ਕੋਟਲਾ ਖੁਰਦ ਵਿੱਚ ਰਵਾਇਤੀ ਲੀਡਰਸ਼ਿਪ ਤੋਂ ਨਿਰਾਸ਼ ਕਿਸਾਨ ਅਤੇ ਪੰਥਕ ਪਰਿਵਾਰਾਂ ਨਾਲ ਸੰਵਾਦ ਕਰੋ। ਪਿੰਡਾਂ ਵਿੱਚ ਪੰਜਾਬ ਸਰਕਾਰ ਦੇ ਵਿਕਾਸ ਕਾਰਜਾਂ ਅਤੇ ਨਿਰਪੱਖ ਭਰਤੀਆਂ ਦੇ ਸੁਨੇਹੇ ਨਾਲ ਸੰਨ੍ਹ ਲਗਾਓ।,"{'booth_no': '90', 'village_en': 'Kotla Khurd', 'village_pa': 'ਕੋਟਲਾ ਖੁਰਦ', 'zone_en': 'Akali Bastion: Strategic Penetration & Demolition Zone', 'zone_pa': 'ਅਕਾਲੀ ਦਲ ਦਾ ਪ੍ਰਭਾਵਿਤ ਖੇਤਰ: ਵਿਸ਼ੇਸ਼ ਘੇਰਾਬੰਦੀ ਜ਼ੋਨ', 'action_en': 'SAD retained lead here by +67 votes (40.8% share). Target moderate Panthic and farming families in Kotla Khurd disillusioned with traditional leadership. Appoint dedicated block coordinators and highlight direct government procurement and village development works.', 'action_pa': 'ਅਕਾਲੀ ਦਲ ਨੇ ਇੱਥੇ +67 ਵੋਟਾਂ (40.8%) ਨਾਲ ਲੀਡ ਬਣਾਈ ਹੈ। ਕੋਟਲਾ ਖੁਰਦ ਵਿੱਚ ਰਵਾਇਤੀ ਲੀਡਰਸ਼ਿਪ ਤੋਂ ਨਿਰਾਸ਼ ਕਿਸਾਨ ਅਤੇ ਪੰਥਕ ਪਰਿਵਾਰਾਂ ਨਾਲ ਸੰਵਾਦ ਕਰੋ। ਪਿੰਡਾਂ ਵਿੱਚ ਪੰਜਾਬ ਸਰਕਾਰ ਦੇ ਵਿਕਾਸ ਕਾਰਜਾਂ ਅਤੇ ਨਿਰਪੱਖ ਭਰਤੀਆਂ ਦੇ ਸੁਨੇਹੇ ਨਾਲ ਸੰਨ੍ਹ ਲਗਾਓ।', 'action_steps_en': ['Days 1-30: Map the top 30 influential non-committed Panthic families in Kotla Khurd.', 'Days 31-60: Deploy senior constituency leaders for direct home visits to address local disgruntlement.', ""Days 61-90: Neutralize SAD's +67 vote cushion by winning over agricultural youth.""], 'action_steps_pa': ['ਦਿਨ 1-30: ਕੋਟਲਾ ਖੁਰਦ ਦੇ 30 ਨਿਰਪੱਖ ਅਤੇ ਪ੍ਰਭਾਵਸ਼ਾਲੀ ਪਰਿਵਾਰਾਂ ਦੀ ਸ਼ਨਾਖਤ ਕਰੋ।', 'ਦਿਨ 31-60: ਸੀਨੀਅਰ ਲੀਡਰਸ਼ਿਪ ਰਾਹੀਂ ਘਰ-ਘਰ ਜਾ ਕੇ ਸਰਕਾਰ ਦੀਆਂ ਨਿਰਪੱਖ ਨੀਤੀਆਂ ਸਾਂਝੀਆਂ ਕਰੋ।', 'ਦਿਨ 61-90: ਨੌਜਵਾਨ ਵਰਗ ਨੂੰ ਸਰਕਾਰੀ ਨੌਕਰੀਆਂ ਅਤੇ ਖੇਡ ਕਿੱਟਾਂ ਰਾਹੀਂ ਪਾਰਟੀ ਨਾਲ ਜੋੜ ਕੇ ਲੀਡ ਘਟਾਓ।'], 'action_steps': ['ਦਿਨ 1-30: ਕੋਟਲਾ ਖੁਰਦ ਦੇ 30 ਨਿਰਪੱਖ ਅਤੇ ਪ੍ਰਭਾਵਸ਼ਾਲੀ ਪਰਿਵਾਰਾਂ ਦੀ ਸ਼ਨਾਖਤ ਕਰੋ।', 'ਦਿਨ 31-60: ਸੀਨੀਅਰ ਲੀਡਰਸ਼ਿਪ ਰਾਹੀਂ ਘਰ-ਘਰ ਜਾ ਕੇ ਸਰਕਾਰ ਦੀਆਂ ਨਿਰਪੱਖ ਨੀਤੀਆਂ ਸਾਂਝੀਆਂ ਕਰੋ।', 'ਦਿਨ 61-90: ਨੌਜਵਾਨ ਵਰਗ ਨੂੰ ਸਰਕਾਰੀ ਨੌਕਰੀਆਂ ਅਤੇ ਖੇਡ ਕਿੱਟਾਂ ਰਾਹੀਂ ਪਾਰਟੀ ਨਾਲ ਜੋੜ ਕੇ ਲੀਡ ਘਟਾਓ।']}"
91,91,90,91,91,False,#91,Booth #91 (Unchanged),ਬੂਥ #91 (ਅਣਬਦਲਿਆ),Kotla Saida,ਕੋਟਲਾ ਸੈਦਾਂ,ਕੋਟਲਾ ਸੈਦਾਂ,Kotla Saida,ਕੋਟਲਾ ਸੈਦਾਂ,Kotla Saida,ਕੋਟਲਾ ਸੈਦਾਂ,SAD,SAD,35,127,SAD Retained,SAD Retained,AAP Deficit,ਆਪ ਘਾਟ,INC Deficit,"{'AAP': 'WEAK', 'SAD': 'WON_BOTH', 'INC': 'WEAK', 'BJP': 'LOST_BOTH'}",False,"{'is_flip': False, 'status_label': 'SAD Retained', 'turnout_diff': -317, 'turnout_pct': -46.08, 'sad_swing': 4.7, 'aap_swing': 3.22, 'inc_swing': -36.57, 'bjp_swing': 16.4}",688,371,-317,-46.08,320,190,-130,46.51,51.21,4.7,65,47,-18,9.45,12.67,3.22,285,18,-267,41.42,4.85,-36.57,4,63,59,0.58,16.98,16.4,3,0.81,"{'total': 688, 'sad': 320, 'aap': 65, 'inc': 285, 'bjp': 4, 'sad_votes': 320, 'sad_pct': 46.51, 'aap_votes': 65, 'aap_pct': 9.45, 'inc_votes': 285, 'inc_pct': 41.42, 'bjp_votes': 4, 'bjp_pct': 0.58, 'winner_party': 'SAD', 'margin': 35, 'winner_candidate': 'Ganieve Kaur Majithia'}","{'total': 371, 'sad': 190, 'aap': 47, 'inc': 18, 'bjp': 63, 'sada': 3, 'bsp': 1, 'others': 47, 'sad_votes': 190, 'sad_pct': 51.21, 'aap_votes': 47, 'aap_pct': 12.67, 'inc_votes': 18, 'inc_pct': 4.85, 'bjp_votes': 63, 'bjp_pct': 16.98, 'sada_votes': 3, 'sada_pct': 0.81, 'winner_party': 'SAD', 'margin': 127, 'winner_candidate': 'Anil Joshi'}","{'turnout_diff': -317, 'turnout_pct': -46.08, 'sad_shift': -130, 'sad_swing': 4.7, 'aap_shift': -18, 'aap_swing': 3.22, 'inc_shift': -267, 'inc_swing': -36.57, 'bjp_shift': 59, 'bjp_swing': 16.4}",Akali Bastion: Strategic Penetration & Demolition Zone,ਅਕਾਲੀ ਦਲ ਦਾ ਪ੍ਰਭਾਵਿਤ ਖੇਤਰ: ਵਿਸ਼ੇਸ਼ ਘੇਰਾਬੰਦੀ ਜ਼ੋਨ,SAD retained lead here by +127 votes (51.2% share). Target moderate Panthic and farming families in Kotla Saida disillusioned with traditional leadership. Appoint dedicated block coordinators and highlight direct government procurement and village development works.,ਅਕਾਲੀ ਦਲ ਨੇ ਇੱਥੇ +127 ਵੋਟਾਂ (51.2%) ਨਾਲ ਲੀਡ ਬਣਾਈ ਹੈ। ਕੋਟਲਾ ਸੈਦਾਂ ਵਿੱਚ ਰਵਾਇਤੀ ਲੀਡਰਸ਼ਿਪ ਤੋਂ ਨਿਰਾਸ਼ ਕਿਸਾਨ ਅਤੇ ਪੰਥਕ ਪਰਿਵਾਰਾਂ ਨਾਲ ਸੰਵਾਦ ਕਰੋ। ਪਿੰਡਾਂ ਵਿੱਚ ਪੰਜਾਬ ਸਰਕਾਰ ਦੇ ਵਿਕਾਸ ਕਾਰਜਾਂ ਅਤੇ ਨਿਰਪੱਖ ਭਰਤੀਆਂ ਦੇ ਸੁਨੇਹੇ ਨਾਲ ਸੰਨ੍ਹ ਲਗਾਓ।,"{'booth_no': '91', 'village_en': 'Kotla Saida', 'village_pa': 'ਕੋਟਲਾ ਸੈਦਾਂ', 'zone_en': 'Akali Bastion: Strategic Penetration & Demolition Zone', 'zone_pa': 'ਅਕਾਲੀ ਦਲ ਦਾ ਪ੍ਰਭਾਵਿਤ ਖੇਤਰ: ਵਿਸ਼ੇਸ਼ ਘੇਰਾਬੰਦੀ ਜ਼ੋਨ', 'action_en': 'SAD retained lead here by +127 votes (51.2% share). Target moderate Panthic and farming families in Kotla Saida disillusioned with traditional leadership. Appoint dedicated block coordinators and highlight direct government procurement and village development works.', 'action_pa': 'ਅਕਾਲੀ ਦਲ ਨੇ ਇੱਥੇ +127 ਵੋਟਾਂ (51.2%) ਨਾਲ ਲੀਡ ਬਣਾਈ ਹੈ। ਕੋਟਲਾ ਸੈਦਾਂ ਵਿੱਚ ਰਵਾਇਤੀ ਲੀਡਰਸ਼ਿਪ ਤੋਂ ਨਿਰਾਸ਼ ਕਿਸਾਨ ਅਤੇ ਪੰਥਕ ਪਰਿਵਾਰਾਂ ਨਾਲ ਸੰਵਾਦ ਕਰੋ। ਪਿੰਡਾਂ ਵਿੱਚ ਪੰਜਾਬ ਸਰਕਾਰ ਦੇ ਵਿਕਾਸ ਕਾਰਜਾਂ ਅਤੇ ਨਿਰਪੱਖ ਭਰਤੀਆਂ ਦੇ ਸੁਨੇਹੇ ਨਾਲ ਸੰਨ੍ਹ ਲਗਾਓ।', 'action_steps_en': ['Days 1-30: Map the top 30 influential non-committed Panthic families in Kotla Saida.', 'Days 31-60: Deploy senior constituency leaders for direct home visits to address local disgruntlement.', ""Days 61-90: Neutralize SAD's +127 vote cushion by winning over agricultural youth.""], 'action_steps_pa': ['ਦਿਨ 1-30: ਕੋਟਲਾ ਸੈਦਾਂ ਦੇ 30 ਨਿਰਪੱਖ ਅਤੇ ਪ੍ਰਭਾਵਸ਼ਾਲੀ ਪਰਿਵਾਰਾਂ ਦੀ ਸ਼ਨਾਖਤ ਕਰੋ।', 'ਦਿਨ 31-60: ਸੀਨੀਅਰ ਲੀਡਰਸ਼ਿਪ ਰਾਹੀਂ ਘਰ-ਘਰ ਜਾ ਕੇ ਸਰਕਾਰ ਦੀਆਂ ਨਿਰਪੱਖ ਨੀਤੀਆਂ ਸਾਂਝੀਆਂ ਕਰੋ।', 'ਦਿਨ 61-90: ਨੌਜਵਾਨ ਵਰਗ ਨੂੰ ਸਰਕਾਰੀ ਨੌਕਰੀਆਂ ਅਤੇ ਖੇਡ ਕਿੱਟਾਂ ਰਾਹੀਂ ਪਾਰਟੀ ਨਾਲ ਜੋੜ ਕੇ ਲੀਡ ਘਟਾਓ।'], 'action_steps': ['ਦਿਨ 1-30: ਕੋਟਲਾ ਸੈਦਾਂ ਦੇ 30 ਨਿਰਪੱਖ ਅਤੇ ਪ੍ਰਭਾਵਸ਼ਾਲੀ ਪਰਿਵਾਰਾਂ ਦੀ ਸ਼ਨਾਖਤ ਕਰੋ।', 'ਦਿਨ 31-60: ਸੀਨੀਅਰ ਲੀਡਰਸ਼ਿਪ ਰਾਹੀਂ ਘਰ-ਘਰ ਜਾ ਕੇ ਸਰਕਾਰ ਦੀਆਂ ਨਿਰਪੱਖ ਨੀਤੀਆਂ ਸਾਂਝੀਆਂ ਕਰੋ।', 'ਦਿਨ 61-90: ਨੌਜਵਾਨ ਵਰਗ ਨੂੰ ਸਰਕਾਰੀ ਨੌਕਰੀਆਂ ਅਤੇ ਖੇਡ ਕਿੱਟਾਂ ਰਾਹੀਂ ਪਾਰਟੀ ਨਾਲ ਜੋੜ ਕੇ ਲੀਡ ਘਟਾਓ।']}"
92,92,91,92,92,False,#92,Booth #92 (Unchanged),ਬੂਥ #92 (ਅਣਬਦਲਿਆ),Kotla Tarkhana,ਕੋਟਲਾ ਤਰਖਾਣਾ,ਕੋਟਲਾ ਤਰਖਾਣਾ,Kotla Tarkhana,ਕੋਟਲਾ ਤਰਖਾਣਾ,Kotla Tarkhana,ਕੋਟਲਾ ਤਰਖਾਣਾ,AAP,AAP,50,17,AAP Retained,AAP Retained,AAP Win,ਆਪ ਜਿੱਤ,INC Deficit,"{'AAP': 'WON_BOTH', 'SAD': 'LOST_BOTH', 'INC': 'LOST_BOTH', 'BJP': 'WEAK'}",False,"{'is_flip': False, 'status_label': 'AAP Retained', 'turnout_diff': -223, 'turnout_pct': -30.01, 'sad_swing': -0.28, 'aap_swing': -3.74, 'inc_swing': -2.48, 'bjp_swing': 3.27}",743,520,-223,-30.01,245,170,-75,32.97,32.69,-0.28,295,187,-108,39.7,35.96,-3.74,157,97,-60,21.13,18.65,-2.48,10,24,14,1.35,4.62,3.27,6,1.15,"{'total': 743, 'sad': 245, 'aap': 295, 'inc': 157, 'bjp': 10, 'sad_votes': 245, 'sad_pct': 32.97, 'aap_votes': 295, 'aap_pct': 39.7, 'inc_votes': 157, 'inc_pct': 21.13, 'bjp_votes': 10, 'bjp_pct': 1.35, 'winner_party': 'AAP', 'margin': 50, 'winner_candidate': 'Sukhjinder Raj Singh (Lalli)'}","{'total': 520, 'sad': 170, 'aap': 187, 'inc': 97, 'bjp': 24, 'sada': 6, 'bsp': 1, 'others': 31, 'sad_votes': 170, 'sad_pct': 32.69, 'aap_votes': 187, 'aap_pct': 35.96, 'inc_votes': 97, 'inc_pct': 18.65, 'bjp_votes': 24, 'bjp_pct': 4.62, 'sada_votes': 6, 'sada_pct': 1.15, 'winner_party': 'AAP', 'margin': 17, 'winner_candidate': 'Kuldeep Singh Dhaliwal'}","{'turnout_diff': -223, 'turnout_pct': -30.01, 'sad_shift': -75, 'sad_swing': -0.28, 'aap_shift': -108, 'aap_swing': -3.74, 'inc_shift': -60, 'inc_swing': -2.48, 'bjp_shift': 14, 'bjp_swing': 3.27}",Core AAP Citadel (Retention & Reinforcement Zone),ਆਪ ਦਾ ਪੱਕਾ ਗੜ੍ਹ (ਸਾਂਭ-ਸੰਭਾਲ ਅਤੇ ਮਜ਼ਬੂਤੀ ਜ਼ੋਨ),"Deploy 12-member active booth cadre in Kotla Tarkhana. Consolidate agricultural and youth voter base. Protect and expand the current +17 vote lead through welfare scheme outreach (free electricity, canal water access, health clinics).","ਕੋਟਲਾ ਤਰਖਾਣਾ ਵਿੱਚ 12 ਮੈਂਬਰੀ ਸਰਗਰਮ ਬੂਥ ਟੀਮ ਤਾਇਨਾਤ ਕਰੋ। ਕਿਸਾਨੀ ਅਤੇ ਨੌਜਵਾਨ ਵਰਗ ਨਾਲ ਨਿੱਜੀ ਰਾਬਤਾ ਵਧਾਓ। ਪੰਜਾਬ ਸਰਕਾਰ ਦੀਆਂ ਭਲਾਈ ਸਕੀਮਾਂ (ਮੁਫ਼ਤ ਬਿਜਲੀ, ਨਹਿਰੀ ਪਾਣੀ, ਆਮ ਆਦਮੀ ਕਲੀਨਿਕ) ਰਾਹੀਂ +17 ਵੋਟਾਂ ਦੀ ਲੀਡ ਨੂੰ ਹੋਰ ਪੱਕਾ ਕਰੋ।","{'booth_no': '92', 'village_en': 'Kotla Tarkhana', 'village_pa': 'ਕੋਟਲਾ ਤਰਖਾਣਾ', 'zone_en': 'Core AAP Citadel (Retention & Reinforcement Zone)', 'zone_pa': 'ਆਪ ਦਾ ਪੱਕਾ ਗੜ੍ਹ (ਸਾਂਭ-ਸੰਭਾਲ ਅਤੇ ਮਜ਼ਬੂਤੀ ਜ਼ੋਨ)', 'action_en': 'Deploy 12-member active booth cadre in Kotla Tarkhana. Consolidate agricultural and youth voter base. Protect and expand the current +17 vote lead through welfare scheme outreach (free electricity, canal water access, health clinics).', 'action_pa': 'ਕੋਟਲਾ ਤਰਖਾਣਾ ਵਿੱਚ 12 ਮੈਂਬਰੀ ਸਰਗਰਮ ਬੂਥ ਟੀਮ ਤਾਇਨਾਤ ਕਰੋ। ਕਿਸਾਨੀ ਅਤੇ ਨੌਜਵਾਨ ਵਰਗ ਨਾਲ ਨਿੱਜੀ ਰਾਬਤਾ ਵਧਾਓ। ਪੰਜਾਬ ਸਰਕਾਰ ਦੀਆਂ ਭਲਾਈ ਸਕੀਮਾਂ (ਮੁਫ਼ਤ ਬਿਜਲੀ, ਨਹਿਰੀ ਪਾਣੀ, ਆਮ ਆਦਮੀ ਕਲੀਨਿਕ) ਰਾਹੀਂ +17 ਵੋਟਾਂ ਦੀ ਲੀਡ ਨੂੰ ਹੋਰ ਪੱਕਾ ਕਰੋ।', 'action_steps_en': ['Days 1-30: Verify all beneficiaries of 300 units free power and state health schemes in Kotla Tarkhana.', 'Days 31-60: Conduct small farmer dialogues addressing canal water tail-end irrigation concerns.', 'Days 61-90: Fortify booth committee with 12 youth mobilizers to protect +17 vote lead.'], 'action_steps_pa': ['ਦਿਨ 1-30: ਕੋਟਲਾ ਤਰਖਾਣਾ ਵਿੱਚ 300 ਯੂਨਿਟ ਮੁਫ਼ਤ ਬਿਜਲੀ ਅਤੇ ਸਿਹਤ ਸਕੀਮਾਂ ਦੇ ਲਾਭਪਾਤਰੀਆਂ ਨਾਲ ਸੰਪਰਕ ਕਰੋ।', ""ਦਿਨ 31-60: ਨਹਿਰੀ ਪਾਣੀ ਅਤੇ ਖੇਤੀਬਾੜੀ ਮਸਲਿਆਂ 'ਤੇ ਕਿਸਾਨਾਂ ਨਾਲ ਸਿੱਧਾ ਸੰਵਾਦ ਰਚਾਓ।"", 'ਦਿਨ 61-90: +17 ਵੋਟਾਂ ਦੀ ਲੀਡ ਬਰਕਰਾਰ ਰੱਖਣ ਲਈ 12 ਮੈਂਬਰੀ ਯੂਥ ਕਮੇਟੀ ਬਣਾਓ।'], 'action_steps': ['ਦਿਨ 1-30: ਕੋਟਲਾ ਤਰਖਾਣਾ ਵਿੱਚ 300 ਯੂਨਿਟ ਮੁਫ਼ਤ ਬਿਜਲੀ ਅਤੇ ਸਿਹਤ ਸਕੀਮਾਂ ਦੇ ਲਾਭਪਾਤਰੀਆਂ ਨਾਲ ਸੰਪਰਕ ਕਰੋ।', ""ਦਿਨ 31-60: ਨਹਿਰੀ ਪਾਣੀ ਅਤੇ ਖੇਤੀਬਾੜੀ ਮਸਲਿਆਂ 'ਤੇ ਕਿਸਾਨਾਂ ਨਾਲ ਸਿੱਧਾ ਸੰਵਾਦ ਰਚਾਓ।"", 'ਦਿਨ 61-90: +17 ਵੋਟਾਂ ਦੀ ਲੀਡ ਬਰਕਰਾਰ ਰੱਖਣ ਲਈ 12 ਮੈਂਬਰੀ ਯੂਥ ਕਮੇਟੀ ਬਣਾਓ।']}"
93,93,92,93,93,False,#93,Booth #93 (Unchanged),ਬੂਥ #93 (ਅਣਬਦਲਿਆ),Ajaibwali,ਅਜਾਇਬਵਾਲੀ,ਅਜਾਇਬਵਾਲੀ,Ajaibwali,ਅਜਾਇਬਵਾਲੀ,Ajaibwali,ਅਜਾਇਬਵਾਲੀ,SAD,AAP,74,125,SAD → AAP,SAD → AAP,AAP Gain,ਆਪ ਲਾਭ,INC Deficit,"{'AAP': 'GAINED', 'SAD': 'LOST_24', 'INC': 'LOST_BOTH', 'BJP': 'WEAK'}",True,"{'is_flip': True, 'status_label': 'SAD → AAP', 'turnout_diff': 115, 'turnout_pct': 16.2, 'sad_swing': -16.46, 'aap_swing': 9.11, 'inc_swing': 3.9, 'bjp_swing': 0.67}",710,825,115,16.2,320,236,-84,45.07,28.61,-16.46,246,361,115,34.65,43.76,9.11,110,160,50,15.49,19.39,3.9,9,16,7,1.27,1.94,0.67,10,1.21,"{'total': 710, 'sad': 320, 'aap': 246, 'inc': 110, 'bjp': 9, 'sad_votes': 320, 'sad_pct': 45.07, 'aap_votes': 246, 'aap_pct': 34.65, 'inc_votes': 110, 'inc_pct': 15.49, 'bjp_votes': 9, 'bjp_pct': 1.27, 'winner_party': 'SAD', 'margin': 74, 'winner_candidate': 'Ganieve Kaur Majithia'}","{'total': 825, 'sad': 236, 'aap': 361, 'inc': 160, 'bjp': 16, 'sada': 10, 'bsp': 2, 'others': 40, 'sad_votes': 236, 'sad_pct': 28.61, 'aap_votes': 361, 'aap_pct': 43.76, 'inc_votes': 160, 'inc_pct': 19.39, 'bjp_votes': 16, 'bjp_pct': 1.94, 'sada_votes': 10, 'sada_pct': 1.21, 'winner_party': 'AAP', 'margin': 125, 'winner_candidate': 'Kuldeep Singh Dhaliwal'}","{'turnout_diff': 115, 'turnout_pct': 16.2, 'sad_shift': -84, 'sad_swing': -16.46, 'aap_shift': 115, 'aap_swing': 9.11, 'inc_shift': 50, 'inc_swing': 3.9, 'bjp_shift': 7, 'bjp_swing': 0.67}",Historic Breakthrough: AAP Flipped Stronghold,ਇਤਿਹਾਸਕ ਪ੍ਰਾਪਤੀ: ਅਕਾਲੀ ਗੜ੍ਹ ਵਿੱਚ ਆਪ ਦੀ ਜਿੱਤ ਜ਼ੋਨ,"Major breakthrough in Ajaibwali previously held by SAD. Formally induct local village swing leaders and youth volunteers who backed AAP in 2024. Resolve local village infrastructure, canal tail issues, and cement +125 lead.","ਅਜਾਇਬਵਾਲੀ ਵਿੱਚ ਵੱਡੀ ਇਤਿਹਾਸਕ ਸਫ਼ਲਤਾ, ਜਿੱਥੇ SAD ਦਾ ਪੁਰਾਣਾ ਦਬਦਬਾ ਟੁੱਟਿਆ। 2024 ਵਿੱਚ ਆਪ ਨਾਲ ਜੁੜੇ ਨੌਜਵਾਨਾਂ ਅਤੇ ਪੰਚਾਇਤੀ ਆਗੂਆਂ ਨੂੰ ਜਥੇਬੰਦਕ ਜ਼ਿੰਮੇਵਾਰੀਆਂ ਦਿਓ ਅਤੇ +125 ਵੋਟਾਂ ਦੀ ਲੀਡ ਨੂੰ ਸਥਾਈ ਵੋਟ ਬੈਂਕ ਵਿੱਚ ਬਦਲੋ।","{'booth_no': '93', 'village_en': 'Ajaibwali', 'village_pa': 'ਅਜਾਇਬਵਾਲੀ', 'zone_en': 'Historic Breakthrough: AAP Flipped Stronghold', 'zone_pa': 'ਇਤਿਹਾਸਕ ਪ੍ਰਾਪਤੀ: ਅਕਾਲੀ ਗੜ੍ਹ ਵਿੱਚ ਆਪ ਦੀ ਜਿੱਤ ਜ਼ੋਨ', 'action_en': 'Major breakthrough in Ajaibwali previously held by SAD. Formally induct local village swing leaders and youth volunteers who backed AAP in 2024. Resolve local village infrastructure, canal tail issues, and cement +125 lead.', 'action_pa': 'ਅਜਾਇਬਵਾਲੀ ਵਿੱਚ ਵੱਡੀ ਇਤਿਹਾਸਕ ਸਫ਼ਲਤਾ, ਜਿੱਥੇ SAD ਦਾ ਪੁਰਾਣਾ ਦਬਦਬਾ ਟੁੱਟਿਆ। 2024 ਵਿੱਚ ਆਪ ਨਾਲ ਜੁੜੇ ਨੌਜਵਾਨਾਂ ਅਤੇ ਪੰਚਾਇਤੀ ਆਗੂਆਂ ਨੂੰ ਜਥੇਬੰਦਕ ਜ਼ਿੰਮੇਵਾਰੀਆਂ ਦਿਓ ਅਤੇ +125 ਵੋਟਾਂ ਦੀ ਲੀਡ ਨੂੰ ਸਥਾਈ ਵੋਟ ਬੈਂਕ ਵਿੱਚ ਬਦਲੋ।', 'action_steps_en': ['Days 1-30: Onboard dynamic swing workers who crossed over from SAD into the formal AAP booth structure.', 'Days 31-60: Prioritize village link road and street light repairs in Ajaibwali through rural development grants.', 'Days 61-90: Convert current +125 vote lead into permanent party loyalty before 2027.'], 'action_steps_pa': ['ਦਿਨ 1-30: SAD ਛੱਡ ਕੇ ਆਪ ਵਿੱਚ ਸ਼ਾਮਲ ਹੋਏ ਆਗੂਆਂ ਨੂੰ ਬੂਥ ਕਮੇਟੀ ਵਿੱਚ ਅਹਿਮ ਜ਼ਿੰਮੇਵਾਰੀਆਂ ਦਿਓ।', ""ਦਿਨ 31-60: ਅਜਾਇਬਵਾਲੀ ਵਿੱਚ ਪਿੰਡ ਦੀਆਂ ਫਿਰਨੀਆਂ, ਗਲੀਆਂ ਅਤੇ ਲਿੰਕ ਸੜਕਾਂ ਦੇ ਕੰਮ ਤਰਜੀਹ 'ਤੇ ਕਰਵਾਓ।"", 'ਦਿਨ 61-90: +125 ਵੋਟਾਂ ਦੀ ਲੀਡ ਨੂੰ ਪੱਕੇ ਵੋਟ ਬੈਂਕ ਵਿੱਚ ਤਬਦੀਲ ਕਰੋ।'], 'action_steps': ['ਦਿਨ 1-30: SAD ਛੱਡ ਕੇ ਆਪ ਵਿੱਚ ਸ਼ਾਮਲ ਹੋਏ ਆਗੂਆਂ ਨੂੰ ਬੂਥ ਕਮੇਟੀ ਵਿੱਚ ਅਹਿਮ ਜ਼ਿੰਮੇਵਾਰੀਆਂ ਦਿਓ।', ""ਦਿਨ 31-60: ਅਜਾਇਬਵਾਲੀ ਵਿੱਚ ਪਿੰਡ ਦੀਆਂ ਫਿਰਨੀਆਂ, ਗਲੀਆਂ ਅਤੇ ਲਿੰਕ ਸੜਕਾਂ ਦੇ ਕੰਮ ਤਰਜੀਹ 'ਤੇ ਕਰਵਾਓ।"", 'ਦਿਨ 61-90: +125 ਵੋਟਾਂ ਦੀ ਲੀਡ ਨੂੰ ਪੱਕੇ ਵੋਟ ਬੈਂਕ ਵਿੱਚ ਤਬਦੀਲ ਕਰੋ।']}"
94,94,93,94,94,False,#94,Booth #94 (Unchanged),ਬੂਥ #94 (ਅਣਬਦਲਿਆ),Kathunangal Khurd,ਕੱਥੂਨੰਗਲ ਖੁਰਦ,ਕੱਥੂਨੰਗਲ ਖੁਰਦ,Kathunangal Khurd,ਕੱਥੂਨੰਗਲ ਖੁਰਦ,Kathunangal Khurd,ਕੱਥੂਨੰਗਲ ਖੁਰਦ,INC,SAD,14,66,INC → SAD,INC → SAD,AAP Deficit,ਆਪ ਘਾਟ,INC Loss,"{'AAP': 'LOST_BOTH', 'SAD': 'GAINED', 'INC': 'LOST_24', 'BJP': 'WEAK'}",True,"{'is_flip': True, 'status_label': 'INC → SAD', 'turnout_diff': -5, 'turnout_pct': -1.0, 'sad_swing': 9.01, 'aap_swing': -1.19, 'inc_swing': -7.13, 'bjp_swing': 3.66}",500,495,-5,-1.0,158,201,43,31.6,40.61,9.01,113,106,-7,22.6,21.41,-1.19,172,135,-37,34.4,27.27,-7.13,11,29,18,2.2,5.86,3.66,5,1.01,"{'total': 500, 'sad': 158, 'aap': 113, 'inc': 172, 'bjp': 11, 'sad_votes': 158, 'sad_pct': 31.6, 'aap_votes': 113, 'aap_pct': 22.6, 'inc_votes': 172, 'inc_pct': 34.4, 'bjp_votes': 11, 'bjp_pct': 2.2, 'winner_party': 'INC', 'margin': 14, 'winner_candidate': 'Jagwinder Pal Singh (Jagga)'}","{'total': 495, 'sad': 201, 'aap': 106, 'inc': 135, 'bjp': 29, 'sada': 5, 'bsp': 2, 'others': 17, 'sad_votes': 201, 'sad_pct': 40.61, 'aap_votes': 106, 'aap_pct': 21.41, 'inc_votes': 135, 'inc_pct': 27.27, 'bjp_votes': 29, 'bjp_pct': 5.86, 'sada_votes': 5, 'sada_pct': 1.01, 'winner_party': 'SAD', 'margin': 66, 'winner_candidate': 'Anil Joshi'}","{'turnout_diff': -5, 'turnout_pct': -1.0, 'sad_shift': 43, 'sad_swing': 9.01, 'aap_shift': -7, 'aap_swing': -1.19, 'inc_shift': -37, 'inc_swing': -7.13, 'bjp_shift': 18, 'bjp_swing': 3.66}",Akali Bastion: Strategic Penetration & Demolition Zone,ਅਕਾਲੀ ਦਲ ਦਾ ਪ੍ਰਭਾਵਿਤ ਖੇਤਰ: ਵਿਸ਼ੇਸ਼ ਘੇਰਾਬੰਦੀ ਜ਼ੋਨ,SAD retained lead here by +66 votes (40.6% share). Target moderate Panthic and farming families in Kathunangal Khurd disillusioned with traditional leadership. Appoint dedicated block coordinators and highlight direct government procurement and village development works.,ਅਕਾਲੀ ਦਲ ਨੇ ਇੱਥੇ +66 ਵੋਟਾਂ (40.6%) ਨਾਲ ਲੀਡ ਬਣਾਈ ਹੈ। ਕੱਥੂਨੰਗਲ ਖੁਰਦ ਵਿੱਚ ਰਵਾਇਤੀ ਲੀਡਰਸ਼ਿਪ ਤੋਂ ਨਿਰਾਸ਼ ਕਿਸਾਨ ਅਤੇ ਪੰਥਕ ਪਰਿਵਾਰਾਂ ਨਾਲ ਸੰਵਾਦ ਕਰੋ। ਪਿੰਡਾਂ ਵਿੱਚ ਪੰਜਾਬ ਸਰਕਾਰ ਦੇ ਵਿਕਾਸ ਕਾਰਜਾਂ ਅਤੇ ਨਿਰਪੱਖ ਭਰਤੀਆਂ ਦੇ ਸੁਨੇਹੇ ਨਾਲ ਸੰਨ੍ਹ ਲਗਾਓ।,"{'booth_no': '94', 'village_en': 'Kathunangal Khurd', 'village_pa': 'ਕੱਥੂਨੰਗਲ ਖੁਰਦ', 'zone_en': 'Akali Bastion: Strategic Penetration & Demolition Zone', 'zone_pa': 'ਅਕਾਲੀ ਦਲ ਦਾ ਪ੍ਰਭਾਵਿਤ ਖੇਤਰ: ਵਿਸ਼ੇਸ਼ ਘੇਰਾਬੰਦੀ ਜ਼ੋਨ', 'action_en': 'SAD retained lead here by +66 votes (40.6% share). Target moderate Panthic and farming families in Kathunangal Khurd disillusioned with traditional leadership. Appoint dedicated block coordinators and highlight direct government procurement and village development works.', 'action_pa': 'ਅਕਾਲੀ ਦਲ ਨੇ ਇੱਥੇ +66 ਵੋਟਾਂ (40.6%) ਨਾਲ ਲੀਡ ਬਣਾਈ ਹੈ। ਕੱਥੂਨੰਗਲ ਖੁਰਦ ਵਿੱਚ ਰਵਾਇਤੀ ਲੀਡਰਸ਼ਿਪ ਤੋਂ ਨਿਰਾਸ਼ ਕਿਸਾਨ ਅਤੇ ਪੰਥਕ ਪਰਿਵਾਰਾਂ ਨਾਲ ਸੰਵਾਦ ਕਰੋ। ਪਿੰਡਾਂ ਵਿੱਚ ਪੰਜਾਬ ਸਰਕਾਰ ਦੇ ਵਿਕਾਸ ਕਾਰਜਾਂ ਅਤੇ ਨਿਰਪੱਖ ਭਰਤੀਆਂ ਦੇ ਸੁਨੇਹੇ ਨਾਲ ਸੰਨ੍ਹ ਲਗਾਓ।', 'action_steps_en': ['Days 1-30: Map the top 30 influential non-committed Panthic families in Kathunangal Khurd.', 'Days 31-60: Deploy senior constituency leaders for direct home visits to address local disgruntlement.', ""Days 61-90: Neutralize SAD's +66 vote cushion by winning over agricultural youth.""], 'action_steps_pa': ['ਦਿਨ 1-30: ਕੱਥੂਨੰਗਲ ਖੁਰਦ ਦੇ 30 ਨਿਰਪੱਖ ਅਤੇ ਪ੍ਰਭਾਵਸ਼ਾਲੀ ਪਰਿਵਾਰਾਂ ਦੀ ਸ਼ਨਾਖਤ ਕਰੋ।', 'ਦਿਨ 31-60: ਸੀਨੀਅਰ ਲੀਡਰਸ਼ਿਪ ਰਾਹੀਂ ਘਰ-ਘਰ ਜਾ ਕੇ ਸਰਕਾਰ ਦੀਆਂ ਨਿਰਪੱਖ ਨੀਤੀਆਂ ਸਾਂਝੀਆਂ ਕਰੋ।', 'ਦਿਨ 61-90: ਨੌਜਵਾਨ ਵਰਗ ਨੂੰ ਸਰਕਾਰੀ ਨੌਕਰੀਆਂ ਅਤੇ ਖੇਡ ਕਿੱਟਾਂ ਰਾਹੀਂ ਪਾਰਟੀ ਨਾਲ ਜੋੜ ਕੇ ਲੀਡ ਘਟਾਓ।'], 'action_steps': ['ਦਿਨ 1-30: ਕੱਥੂਨੰਗਲ ਖੁਰਦ ਦੇ 30 ਨਿਰਪੱਖ ਅਤੇ ਪ੍ਰਭਾਵਸ਼ਾਲੀ ਪਰਿਵਾਰਾਂ ਦੀ ਸ਼ਨਾਖਤ ਕਰੋ।', 'ਦਿਨ 31-60: ਸੀਨੀਅਰ ਲੀਡਰਸ਼ਿਪ ਰਾਹੀਂ ਘਰ-ਘਰ ਜਾ ਕੇ ਸਰਕਾਰ ਦੀਆਂ ਨਿਰਪੱਖ ਨੀਤੀਆਂ ਸਾਂਝੀਆਂ ਕਰੋ।', 'ਦਿਨ 61-90: ਨੌਜਵਾਨ ਵਰਗ ਨੂੰ ਸਰਕਾਰੀ ਨੌਕਰੀਆਂ ਅਤੇ ਖੇਡ ਕਿੱਟਾਂ ਰਾਹੀਂ ਪਾਰਟੀ ਨਾਲ ਜੋੜ ਕੇ ਲੀਡ ਘਟਾਓ।']}"
95,95,94,95,95,False,#95,Booth #95 (Unchanged),ਬੂਥ #95 (ਅਣਬਦਲਿਆ),Kathunangal,ਕੱਥੂਨੰਗਲ,ਕੱਥੂਨੰਗਲ,Kathunangal,ਕੱਥੂਨੰਗਲ,Kathunangal,ਕੱਥੂਨੰਗਲ,SAD,AAP,135,27,SAD → AAP,SAD → AAP,AAP Gain,ਆਪ ਲਾਭ,INC Deficit,"{'AAP': 'GAINED', 'SAD': 'LOST_24', 'INC': 'LOST_BOTH', 'BJP': 'WEAK'}",True,"{'is_flip': True, 'status_label': 'SAD → AAP', 'turnout_diff': 273, 'turnout_pct': 60.53, 'sad_swing': -29.6, 'aap_swing': 8.9, 'inc_swing': 15.81, 'bjp_swing': 7.54}",451,724,273,60.53,240,171,-69,53.22,23.62,-29.6,105,233,128,23.28,32.18,8.9,57,206,149,12.64,28.45,15.81,4,61,57,0.89,8.43,7.54,27,3.73,"{'total': 451, 'sad': 240, 'aap': 105, 'inc': 57, 'bjp': 4, 'sad_votes': 240, 'sad_pct': 53.22, 'aap_votes': 105, 'aap_pct': 23.28, 'inc_votes': 57, 'inc_pct': 12.64, 'bjp_votes': 4, 'bjp_pct': 0.89, 'winner_party': 'SAD', 'margin': 135, 'winner_candidate': 'Ganieve Kaur Majithia'}","{'total': 724, 'sad': 171, 'aap': 233, 'inc': 206, 'bjp': 61, 'sada': 27, 'bsp': 2, 'others': 21, 'sad_votes': 171, 'sad_pct': 23.62, 'aap_votes': 233, 'aap_pct': 32.18, 'inc_votes': 206, 'inc_pct': 28.45, 'bjp_votes': 61, 'bjp_pct': 8.43, 'sada_votes': 27, 'sada_pct': 3.73, 'winner_party': 'AAP', 'margin': 27, 'winner_candidate': 'Kuldeep Singh Dhaliwal'}","{'turnout_diff': 273, 'turnout_pct': 60.53, 'sad_shift': -69, 'sad_swing': -29.6, 'aap_shift': 128, 'aap_swing': 8.9, 'inc_shift': 149, 'inc_swing': 15.81, 'bjp_shift': 57, 'bjp_swing': 7.54}",Historic Breakthrough: AAP Flipped Stronghold,ਇਤਿਹਾਸਕ ਪ੍ਰਾਪਤੀ: ਅਕਾਲੀ ਗੜ੍ਹ ਵਿੱਚ ਆਪ ਦੀ ਜਿੱਤ ਜ਼ੋਨ,"Major breakthrough in Kathunangal previously held by SAD. Formally induct local village swing leaders and youth volunteers who backed AAP in 2024. Resolve local village infrastructure, canal tail issues, and cement +27 lead.","ਕੱਥੂਨੰਗਲ ਵਿੱਚ ਵੱਡੀ ਇਤਿਹਾਸਕ ਸਫ਼ਲਤਾ, ਜਿੱਥੇ SAD ਦਾ ਪੁਰਾਣਾ ਦਬਦਬਾ ਟੁੱਟਿਆ। 2024 ਵਿੱਚ ਆਪ ਨਾਲ ਜੁੜੇ ਨੌਜਵਾਨਾਂ ਅਤੇ ਪੰਚਾਇਤੀ ਆਗੂਆਂ ਨੂੰ ਜਥੇਬੰਦਕ ਜ਼ਿੰਮੇਵਾਰੀਆਂ ਦਿਓ ਅਤੇ +27 ਵੋਟਾਂ ਦੀ ਲੀਡ ਨੂੰ ਸਥਾਈ ਵੋਟ ਬੈਂਕ ਵਿੱਚ ਬਦਲੋ।","{'booth_no': '95', 'village_en': 'Kathunangal', 'village_pa': 'ਕੱਥੂਨੰਗਲ', 'zone_en': 'Historic Breakthrough: AAP Flipped Stronghold', 'zone_pa': 'ਇਤਿਹਾਸਕ ਪ੍ਰਾਪਤੀ: ਅਕਾਲੀ ਗੜ੍ਹ ਵਿੱਚ ਆਪ ਦੀ ਜਿੱਤ ਜ਼ੋਨ', 'action_en': 'Major breakthrough in Kathunangal previously held by SAD. Formally induct local village swing leaders and youth volunteers who backed AAP in 2024. Resolve local village infrastructure, canal tail issues, and cement +27 lead.', 'action_pa': 'ਕੱਥੂਨੰਗਲ ਵਿੱਚ ਵੱਡੀ ਇਤਿਹਾਸਕ ਸਫ਼ਲਤਾ, ਜਿੱਥੇ SAD ਦਾ ਪੁਰਾਣਾ ਦਬਦਬਾ ਟੁੱਟਿਆ। 2024 ਵਿੱਚ ਆਪ ਨਾਲ ਜੁੜੇ ਨੌਜਵਾਨਾਂ ਅਤੇ ਪੰਚਾਇਤੀ ਆਗੂਆਂ ਨੂੰ ਜਥੇਬੰਦਕ ਜ਼ਿੰਮੇਵਾਰੀਆਂ ਦਿਓ ਅਤੇ +27 ਵੋਟਾਂ ਦੀ ਲੀਡ ਨੂੰ ਸਥਾਈ ਵੋਟ ਬੈਂਕ ਵਿੱਚ ਬਦਲੋ।', 'action_steps_en': ['Days 1-30: Onboard dynamic swing workers who crossed over from SAD into the formal AAP booth structure.', 'Days 31-60: Prioritize village link road and street light repairs in Kathunangal through rural development grants.', 'Days 61-90: Convert current +27 vote lead into permanent party loyalty before 2027.'], 'action_steps_pa': ['ਦਿਨ 1-30: SAD ਛੱਡ ਕੇ ਆਪ ਵਿੱਚ ਸ਼ਾਮਲ ਹੋਏ ਆਗੂਆਂ ਨੂੰ ਬੂਥ ਕਮੇਟੀ ਵਿੱਚ ਅਹਿਮ ਜ਼ਿੰਮੇਵਾਰੀਆਂ ਦਿਓ।', ""ਦਿਨ 31-60: ਕੱਥੂਨੰਗਲ ਵਿੱਚ ਪਿੰਡ ਦੀਆਂ ਫਿਰਨੀਆਂ, ਗਲੀਆਂ ਅਤੇ ਲਿੰਕ ਸੜਕਾਂ ਦੇ ਕੰਮ ਤਰਜੀਹ 'ਤੇ ਕਰਵਾਓ।"", 'ਦਿਨ 61-90: +27 ਵੋਟਾਂ ਦੀ ਲੀਡ ਨੂੰ ਪੱਕੇ ਵੋਟ ਬੈਂਕ ਵਿੱਚ ਤਬਦੀਲ ਕਰੋ।'], 'action_steps': ['ਦਿਨ 1-30: SAD ਛੱਡ ਕੇ ਆਪ ਵਿੱਚ ਸ਼ਾਮਲ ਹੋਏ ਆਗੂਆਂ ਨੂੰ ਬੂਥ ਕਮੇਟੀ ਵਿੱਚ ਅਹਿਮ ਜ਼ਿੰਮੇਵਾਰੀਆਂ ਦਿਓ।', ""ਦਿਨ 31-60: ਕੱਥੂਨੰਗਲ ਵਿੱਚ ਪਿੰਡ ਦੀਆਂ ਫਿਰਨੀਆਂ, ਗਲੀਆਂ ਅਤੇ ਲਿੰਕ ਸੜਕਾਂ ਦੇ ਕੰਮ ਤਰਜੀਹ 'ਤੇ ਕਰਵਾਓ।"", 'ਦਿਨ 61-90: +27 ਵੋਟਾਂ ਦੀ ਲੀਡ ਨੂੰ ਪੱਕੇ ਵੋਟ ਬੈਂਕ ਵਿੱਚ ਤਬਦੀਲ ਕਰੋ।']}"
96,96,95,96,96,False,#96,Booth #96 (Unchanged),ਬੂਥ #96 (ਅਣਬਦਲਿਆ),Kathu Nangal,ਕੱਥੂਨੰਗਲ,ਕੱਥੂਨੰਗਲ,Kathu Nangal,ਕੱਥੂਨੰਗਲ,Kathu Nangal,ਕੱਥੂਨੰਗਲ,SAD,AAP,85,2,SAD → AAP,SAD → AAP,AAP Gain,ਆਪ ਲਾਭ,INC Deficit,"{'AAP': 'GAINED', 'SAD': 'LOST_24', 'INC': 'LOST_BOTH', 'BJP': 'LOST_BOTH'}",True,"{'is_flip': True, 'status_label': 'SAD → AAP', 'turnout_diff': -16, 'turnout_pct': -2.35, 'sad_swing': -19.56, 'aap_swing': 9.18, 'inc_swing': -2.57, 'bjp_swing': 6.85}",681,665,-16,-2.35,293,156,-137,43.02,23.46,-19.56,130,188,58,19.09,28.27,9.18,208,186,-22,30.54,27.97,-2.57,23,68,45,3.38,10.23,6.85,45,6.77,"{'total': 681, 'sad': 293, 'aap': 130, 'inc': 208, 'bjp': 23, 'sad_votes': 293, 'sad_pct': 43.02, 'aap_votes': 130, 'aap_pct': 19.09, 'inc_votes': 208, 'inc_pct': 30.54, 'bjp_votes': 23, 'bjp_pct': 3.38, 'winner_party': 'SAD', 'margin': 85, 'winner_candidate': 'Ganieve Kaur Majithia'}","{'total': 665, 'sad': 156, 'aap': 188, 'inc': 186, 'bjp': 68, 'sada': 45, 'bsp': 1, 'others': 17, 'sad_votes': 156, 'sad_pct': 23.46, 'aap_votes': 188, 'aap_pct': 28.27, 'inc_votes': 186, 'inc_pct': 27.97, 'bjp_votes': 68, 'bjp_pct': 10.23, 'sada_votes': 45, 'sada_pct': 6.77, 'winner_party': 'AAP', 'margin': 2, 'winner_candidate': 'Kuldeep Singh Dhaliwal'}","{'turnout_diff': -16, 'turnout_pct': -2.35, 'sad_shift': -137, 'sad_swing': -19.56, 'aap_shift': 58, 'aap_swing': 9.18, 'inc_shift': -22, 'inc_swing': -2.57, 'bjp_shift': 45, 'bjp_swing': 6.85}",Historic Breakthrough: AAP Flipped Stronghold,ਇਤਿਹਾਸਕ ਪ੍ਰਾਪਤੀ: ਅਕਾਲੀ ਗੜ੍ਹ ਵਿੱਚ ਆਪ ਦੀ ਜਿੱਤ ਜ਼ੋਨ,"Major breakthrough in Kathu Nangal previously held by SAD. Formally induct local village swing leaders and youth volunteers who backed AAP in 2024. Resolve local village infrastructure, canal tail issues, and cement +2 lead.","ਕੱਥੂਨੰਗਲ ਵਿੱਚ ਵੱਡੀ ਇਤਿਹਾਸਕ ਸਫ਼ਲਤਾ, ਜਿੱਥੇ SAD ਦਾ ਪੁਰਾਣਾ ਦਬਦਬਾ ਟੁੱਟਿਆ। 2024 ਵਿੱਚ ਆਪ ਨਾਲ ਜੁੜੇ ਨੌਜਵਾਨਾਂ ਅਤੇ ਪੰਚਾਇਤੀ ਆਗੂਆਂ ਨੂੰ ਜਥੇਬੰਦਕ ਜ਼ਿੰਮੇਵਾਰੀਆਂ ਦਿਓ ਅਤੇ +2 ਵੋਟਾਂ ਦੀ ਲੀਡ ਨੂੰ ਸਥਾਈ ਵੋਟ ਬੈਂਕ ਵਿੱਚ ਬਦਲੋ।","{'booth_no': '96', 'village_en': 'Kathu Nangal', 'village_pa': 'ਕੱਥੂਨੰਗਲ', 'zone_en': 'Historic Breakthrough: AAP Flipped Stronghold', 'zone_pa': 'ਇਤਿਹਾਸਕ ਪ੍ਰਾਪਤੀ: ਅਕਾਲੀ ਗੜ੍ਹ ਵਿੱਚ ਆਪ ਦੀ ਜਿੱਤ ਜ਼ੋਨ', 'action_en': 'Major breakthrough in Kathu Nangal previously held by SAD. Formally induct local village swing leaders and youth volunteers who backed AAP in 2024. Resolve local village infrastructure, canal tail issues, and cement +2 lead.', 'action_pa': 'ਕੱਥੂਨੰਗਲ ਵਿੱਚ ਵੱਡੀ ਇਤਿਹਾਸਕ ਸਫ਼ਲਤਾ, ਜਿੱਥੇ SAD ਦਾ ਪੁਰਾਣਾ ਦਬਦਬਾ ਟੁੱਟਿਆ। 2024 ਵਿੱਚ ਆਪ ਨਾਲ ਜੁੜੇ ਨੌਜਵਾਨਾਂ ਅਤੇ ਪੰਚਾਇਤੀ ਆਗੂਆਂ ਨੂੰ ਜਥੇਬੰਦਕ ਜ਼ਿੰਮੇਵਾਰੀਆਂ ਦਿਓ ਅਤੇ +2 ਵੋਟਾਂ ਦੀ ਲੀਡ ਨੂੰ ਸਥਾਈ ਵੋਟ ਬੈਂਕ ਵਿੱਚ ਬਦਲੋ।', 'action_steps_en': ['Days 1-30: Onboard dynamic swing workers who crossed over from SAD into the formal AAP booth structure.', 'Days 31-60: Prioritize village link road and street light repairs in Kathu Nangal through rural development grants.', 'Days 61-90: Convert current +2 vote lead into permanent party loyalty before 2027.'], 'action_steps_pa': ['ਦਿਨ 1-30: SAD ਛੱਡ ਕੇ ਆਪ ਵਿੱਚ ਸ਼ਾਮਲ ਹੋਏ ਆਗੂਆਂ ਨੂੰ ਬੂਥ ਕਮੇਟੀ ਵਿੱਚ ਅਹਿਮ ਜ਼ਿੰਮੇਵਾਰੀਆਂ ਦਿਓ।', ""ਦਿਨ 31-60: ਕੱਥੂਨੰਗਲ ਵਿੱਚ ਪਿੰਡ ਦੀਆਂ ਫਿਰਨੀਆਂ, ਗਲੀਆਂ ਅਤੇ ਲਿੰਕ ਸੜਕਾਂ ਦੇ ਕੰਮ ਤਰਜੀਹ 'ਤੇ ਕਰਵਾਓ।"", 'ਦਿਨ 61-90: +2 ਵੋਟਾਂ ਦੀ ਲੀਡ ਨੂੰ ਪੱਕੇ ਵੋਟ ਬੈਂਕ ਵਿੱਚ ਤਬਦੀਲ ਕਰੋ।'], 'action_steps': ['ਦਿਨ 1-30: SAD ਛੱਡ ਕੇ ਆਪ ਵਿੱਚ ਸ਼ਾਮਲ ਹੋਏ ਆਗੂਆਂ ਨੂੰ ਬੂਥ ਕਮੇਟੀ ਵਿੱਚ ਅਹਿਮ ਜ਼ਿੰਮੇਵਾਰੀਆਂ ਦਿਓ।', ""ਦਿਨ 31-60: ਕੱਥੂਨੰਗਲ ਵਿੱਚ ਪਿੰਡ ਦੀਆਂ ਫਿਰਨੀਆਂ, ਗਲੀਆਂ ਅਤੇ ਲਿੰਕ ਸੜਕਾਂ ਦੇ ਕੰਮ ਤਰਜੀਹ 'ਤੇ ਕਰਵਾਓ।"", 'ਦਿਨ 61-90: +2 ਵੋਟਾਂ ਦੀ ਲੀਡ ਨੂੰ ਪੱਕੇ ਵੋਟ ਬੈਂਕ ਵਿੱਚ ਤਬਦੀਲ ਕਰੋ।']}"
97,97,96,97,97,False,#97,Booth #97 (Unchanged),ਬੂਥ #97 (ਅਣਬਦਲਿਆ),Maan,ਮਾਨ,ਮਾਨ,Maan,ਮਾਨ,Maan,ਮਾਨ,SAD,AAP,88,157,SAD → AAP,SAD → AAP,AAP Gain,ਆਪ ਲਾਭ,INC Deficit,"{'AAP': 'GAINED', 'SAD': 'LOST_24', 'INC': 'WEAK', 'BJP': 'WEAK'}",True,"{'is_flip': True, 'status_label': 'SAD → AAP', 'turnout_diff': 323, 'turnout_pct': 79.56, 'sad_swing': -18.21, 'aap_swing': 25.0, 'inc_swing': -10.95, 'bjp_swing': 0.63}",406,729,323,79.56,192,212,20,47.29,29.08,-18.21,104,369,265,25.62,50.62,25.0,89,80,-9,21.92,10.97,-10.95,3,10,7,0.74,1.37,0.63,27,3.7,"{'total': 406, 'sad': 192, 'aap': 104, 'inc': 89, 'bjp': 3, 'sad_votes': 192, 'sad_pct': 47.29, 'aap_votes': 104, 'aap_pct': 25.62, 'inc_votes': 89, 'inc_pct': 21.92, 'bjp_votes': 3, 'bjp_pct': 0.74, 'winner_party': 'SAD', 'margin': 88, 'winner_candidate': 'Ganieve Kaur Majithia'}","{'total': 729, 'sad': 212, 'aap': 369, 'inc': 80, 'bjp': 10, 'sada': 27, 'bsp': 8, 'others': 20, 'sad_votes': 212, 'sad_pct': 29.08, 'aap_votes': 369, 'aap_pct': 50.62, 'inc_votes': 80, 'inc_pct': 10.97, 'bjp_votes': 10, 'bjp_pct': 1.37, 'sada_votes': 27, 'sada_pct': 3.7, 'winner_party': 'AAP', 'margin': 157, 'winner_candidate': 'Kuldeep Singh Dhaliwal'}","{'turnout_diff': 323, 'turnout_pct': 79.56, 'sad_shift': 20, 'sad_swing': -18.21, 'aap_shift': 265, 'aap_swing': 25.0, 'inc_shift': -9, 'inc_swing': -10.95, 'bjp_shift': 7, 'bjp_swing': 0.63}",Historic Breakthrough: AAP Flipped Stronghold,ਇਤਿਹਾਸਕ ਪ੍ਰਾਪਤੀ: ਅਕਾਲੀ ਗੜ੍ਹ ਵਿੱਚ ਆਪ ਦੀ ਜਿੱਤ ਜ਼ੋਨ,"Major breakthrough in Maan previously held by SAD. Formally induct local village swing leaders and youth volunteers who backed AAP in 2024. Resolve local village infrastructure, canal tail issues, and cement +157 lead.","ਮਾਨ ਵਿੱਚ ਵੱਡੀ ਇਤਿਹਾਸਕ ਸਫ਼ਲਤਾ, ਜਿੱਥੇ SAD ਦਾ ਪੁਰਾਣਾ ਦਬਦਬਾ ਟੁੱਟਿਆ। 2024 ਵਿੱਚ ਆਪ ਨਾਲ ਜੁੜੇ ਨੌਜਵਾਨਾਂ ਅਤੇ ਪੰਚਾਇਤੀ ਆਗੂਆਂ ਨੂੰ ਜਥੇਬੰਦਕ ਜ਼ਿੰਮੇਵਾਰੀਆਂ ਦਿਓ ਅਤੇ +157 ਵੋਟਾਂ ਦੀ ਲੀਡ ਨੂੰ ਸਥਾਈ ਵੋਟ ਬੈਂਕ ਵਿੱਚ ਬਦਲੋ।","{'booth_no': '97', 'village_en': 'Maan', 'village_pa': 'ਮਾਨ', 'zone_en': 'Historic Breakthrough: AAP Flipped Stronghold', 'zone_pa': 'ਇਤਿਹਾਸਕ ਪ੍ਰਾਪਤੀ: ਅਕਾਲੀ ਗੜ੍ਹ ਵਿੱਚ ਆਪ ਦੀ ਜਿੱਤ ਜ਼ੋਨ', 'action_en': 'Major breakthrough in Maan previously held by SAD. Formally induct local village swing leaders and youth volunteers who backed AAP in 2024. Resolve local village infrastructure, canal tail issues, and cement +157 lead.', 'action_pa': 'ਮਾਨ ਵਿੱਚ ਵੱਡੀ ਇਤਿਹਾਸਕ ਸਫ਼ਲਤਾ, ਜਿੱਥੇ SAD ਦਾ ਪੁਰਾਣਾ ਦਬਦਬਾ ਟੁੱਟਿਆ। 2024 ਵਿੱਚ ਆਪ ਨਾਲ ਜੁੜੇ ਨੌਜਵਾਨਾਂ ਅਤੇ ਪੰਚਾਇਤੀ ਆਗੂਆਂ ਨੂੰ ਜਥੇਬੰਦਕ ਜ਼ਿੰਮੇਵਾਰੀਆਂ ਦਿਓ ਅਤੇ +157 ਵੋਟਾਂ ਦੀ ਲੀਡ ਨੂੰ ਸਥਾਈ ਵੋਟ ਬੈਂਕ ਵਿੱਚ ਬਦਲੋ।', 'action_steps_en': ['Days 1-30: Onboard dynamic swing workers who crossed over from SAD into the formal AAP booth structure.', 'Days 31-60: Prioritize village link road and street light repairs in Maan through rural development grants.', 'Days 61-90: Convert current +157 vote lead into permanent party loyalty before 2027.'], 'action_steps_pa': ['ਦਿਨ 1-30: SAD ਛੱਡ ਕੇ ਆਪ ਵਿੱਚ ਸ਼ਾਮਲ ਹੋਏ ਆਗੂਆਂ ਨੂੰ ਬੂਥ ਕਮੇਟੀ ਵਿੱਚ ਅਹਿਮ ਜ਼ਿੰਮੇਵਾਰੀਆਂ ਦਿਓ।', ""ਦਿਨ 31-60: ਮਾਨ ਵਿੱਚ ਪਿੰਡ ਦੀਆਂ ਫਿਰਨੀਆਂ, ਗਲੀਆਂ ਅਤੇ ਲਿੰਕ ਸੜਕਾਂ ਦੇ ਕੰਮ ਤਰਜੀਹ 'ਤੇ ਕਰਵਾਓ।"", 'ਦਿਨ 61-90: +157 ਵੋਟਾਂ ਦੀ ਲੀਡ ਨੂੰ ਪੱਕੇ ਵੋਟ ਬੈਂਕ ਵਿੱਚ ਤਬਦੀਲ ਕਰੋ।'], 'action_steps': ['ਦਿਨ 1-30: SAD ਛੱਡ ਕੇ ਆਪ ਵਿੱਚ ਸ਼ਾਮਲ ਹੋਏ ਆਗੂਆਂ ਨੂੰ ਬੂਥ ਕਮੇਟੀ ਵਿੱਚ ਅਹਿਮ ਜ਼ਿੰਮੇਵਾਰੀਆਂ ਦਿਓ।', ""ਦਿਨ 31-60: ਮਾਨ ਵਿੱਚ ਪਿੰਡ ਦੀਆਂ ਫਿਰਨੀਆਂ, ਗਲੀਆਂ ਅਤੇ ਲਿੰਕ ਸੜਕਾਂ ਦੇ ਕੰਮ ਤਰਜੀਹ 'ਤੇ ਕਰਵਾਓ।"", 'ਦਿਨ 61-90: +157 ਵੋਟਾਂ ਦੀ ਲੀਡ ਨੂੰ ਪੱਕੇ ਵੋਟ ਬੈਂਕ ਵਿੱਚ ਤਬਦੀਲ ਕਰੋ।']}"
98,98,97,98,98,False,#98,Booth #98 (Unchanged),ਬੂਥ #98 (ਅਣਬਦਲਿਆ),Waryam Nangal,ਵਰਿਆਮ ਨੰਗਲ,ਵਰਿਆਮ ਨੰਗਲ,Waryam Nangal,ਵਰਿਆਮ ਨੰਗਲ,Waryam Nangal,ਵਰਿਆਮ ਨੰਗਲ,SAD,BJP,181,82,SAD → BJP,SAD → BJP,AAP Deficit,ਆਪ ਘਾਟ,INC Deficit,"{'AAP': 'LOST_BOTH', 'SAD': 'LOST_24', 'INC': 'WEAK', 'BJP': 'GAINED'}",True,"{'is_flip': True, 'status_label': 'SAD → BJP', 'turnout_diff': -55, 'turnout_pct': -10.22, 'sad_swing': -38.0, 'aap_swing': -1.25, 'inc_swing': -3.69, 'bjp_swing': 36.54}",538,483,-55,-10.22,298,84,-214,55.39,17.39,-38.0,117,99,-18,21.75,20.5,-1.25,80,54,-26,14.87,11.18,-3.69,5,181,176,0.93,37.47,36.54,20,4.14,"{'total': 538, 'sad': 298, 'aap': 117, 'inc': 80, 'bjp': 5, 'sad_votes': 298, 'sad_pct': 55.39, 'aap_votes': 117, 'aap_pct': 21.75, 'inc_votes': 80, 'inc_pct': 14.87, 'bjp_votes': 5, 'bjp_pct': 0.93, 'winner_party': 'SAD', 'margin': 181, 'winner_candidate': 'Ganieve Kaur Majithia'}","{'total': 483, 'sad': 84, 'aap': 99, 'inc': 54, 'bjp': 181, 'sada': 20, 'bsp': 9, 'others': 31, 'sad_votes': 84, 'sad_pct': 17.39, 'aap_votes': 99, 'aap_pct': 20.5, 'inc_votes': 54, 'inc_pct': 11.18, 'bjp_votes': 181, 'bjp_pct': 37.47, 'sada_votes': 20, 'sada_pct': 4.14, 'winner_party': 'BJP', 'margin': 82, 'winner_candidate': 'Taranjit Singh Sandhu Samundri'}","{'turnout_diff': -55, 'turnout_pct': -10.22, 'sad_shift': -214, 'sad_swing': -38.0, 'aap_shift': -18, 'aap_swing': -1.25, 'inc_shift': -26, 'inc_swing': -3.69, 'bjp_shift': 176, 'bjp_swing': 36.54}",Urban Infiltration: BJP Containment & Counter-Offensive,ਸ਼ਹਿਰੀ ਸੰਵੇਦਨਸ਼ੀਲ ਖੇਤਰ: ਭਾਜਪਾ ਕਾਊਂਟਰ-ਮੁਹਿੰਮ ਜ਼ੋਨ,"BJP led here by +82 votes with 37.5% vote share in urban pockets of Waryam Nangal. Conduct structured dialogues with local shopkeepers, commission agents, and urban families. Emphasize state guarantees vs central economic policies.","ਭਾਜਪਾ ਨੇ ਵਰਿਆਮ ਨੰਗਲ ਦੇ ਸ਼ਹਿਰੀ ਹਿੱਸਿਆਂ ਵਿੱਚ +82 ਵੋਟਾਂ (37.5%) ਹਾਸਲ ਕੀਤੇ ਹਨ। ਵਪਾਰੀਆਂ, ਦੁਕਾਨਦਾਰਾਂ ਅਤੇ ਮੁਹੱਲਾ ਕਮੇਟੀਆਂ ਨਾਲ ਮੀਟਿੰਗਾਂ ਕਰਕੇ ਸਿੱਧਾ ਸੰਵਾਦ ਕਰੋ ਅਤੇ ਲੋਕ-ਪੱਖੀ ਨੀਤੀਆਂ ਬਾਰੇ ਜਾਗਰੂਕ ਕਰੋ।","{'booth_no': '98', 'village_en': 'Waryam Nangal', 'village_pa': 'ਵਰਿਆਮ ਨੰਗਲ', 'zone_en': 'Urban Infiltration: BJP Containment & Counter-Offensive', 'zone_pa': 'ਸ਼ਹਿਰੀ ਸੰਵੇਦਨਸ਼ੀਲ ਖੇਤਰ: ਭਾਜਪਾ ਕਾਊਂਟਰ-ਮੁਹਿੰਮ ਜ਼ੋਨ', 'action_en': 'BJP led here by +82 votes with 37.5% vote share in urban pockets of Waryam Nangal. Conduct structured dialogues with local shopkeepers, commission agents, and urban families. Emphasize state guarantees vs central economic policies.', 'action_pa': 'ਭਾਜਪਾ ਨੇ ਵਰਿਆਮ ਨੰਗਲ ਦੇ ਸ਼ਹਿਰੀ ਹਿੱਸਿਆਂ ਵਿੱਚ +82 ਵੋਟਾਂ (37.5%) ਹਾਸਲ ਕੀਤੇ ਹਨ। ਵਪਾਰੀਆਂ, ਦੁਕਾਨਦਾਰਾਂ ਅਤੇ ਮੁਹੱਲਾ ਕਮੇਟੀਆਂ ਨਾਲ ਮੀਟਿੰਗਾਂ ਕਰਕੇ ਸਿੱਧਾ ਸੰਵਾਦ ਕਰੋ ਅਤੇ ਲੋਕ-ਪੱਖੀ ਨੀਤੀਆਂ ਬਾਰੇ ਜਾਗਰੂਕ ਕਰੋ।', 'action_steps_en': ['Days 1-30: Organize urban merchant and shopkeeper roundtables in Waryam Nangal.', 'Days 31-60: Counter central economic propaganda with Punjab business facilitation policies.', ""Days 61-90: Establish active urban ward cell to dismantle BJP's +82 vote pocket.""], 'action_steps_pa': ['ਦਿਨ 1-30: ਵਰਿਆਮ ਨੰਗਲ ਦੇ ਦੁਕਾਨਦਾਰਾਂ ਅਤੇ ਵਪਾਰੀ ਭਾਈਚਾਰੇ ਨਾਲ ਮੀਟਿੰਗਾਂ ਦਾ ਸਿਲਸਿਲਾ ਸ਼ੁਰੂ ਕਰੋ।', 'ਦਿਨ 31-60: ਕੇਂਦਰ ਸਰਕਾਰ ਦੀਆਂ ਆਰਥਿਕ ਨੀਤੀਆਂ ਬਨਾਮ ਪੰਜਾਬ ਸਰਕਾਰ ਦੀ ਵਪਾਰੀ ਪੱਖੀ ਪਹੁੰਚ ਬਾਰੇ ਦੱਸੋ।', 'ਦਿਨ 61-90: ਸ਼ਹਿਰੀ ਵਾਰਡਾਂ ਵਿੱਚ ਆਪ ਦਾ ਮਜ਼ਬੂਤ ਯੂਨਿਟ ਸਥਾਪਿਤ ਕਰੋ।'], 'action_steps': ['ਦਿਨ 1-30: ਵਰਿਆਮ ਨੰਗਲ ਦੇ ਦੁਕਾਨਦਾਰਾਂ ਅਤੇ ਵਪਾਰੀ ਭਾਈਚਾਰੇ ਨਾਲ ਮੀਟਿੰਗਾਂ ਦਾ ਸਿਲਸਿਲਾ ਸ਼ੁਰੂ ਕਰੋ।', 'ਦਿਨ 31-60: ਕੇਂਦਰ ਸਰਕਾਰ ਦੀਆਂ ਆਰਥਿਕ ਨੀਤੀਆਂ ਬਨਾਮ ਪੰਜਾਬ ਸਰਕਾਰ ਦੀ ਵਪਾਰੀ ਪੱਖੀ ਪਹੁੰਚ ਬਾਰੇ ਦੱਸੋ।', 'ਦਿਨ 61-90: ਸ਼ਹਿਰੀ ਵਾਰਡਾਂ ਵਿੱਚ ਆਪ ਦਾ ਮਜ਼ਬੂਤ ਯੂਨਿਟ ਸਥਾਪਿਤ ਕਰੋ।']}"
99,99,98,99,99,False,#99,Booth #99 (Unchanged),ਬੂਥ #99 (ਅਣਬਦਲਿਆ),Waryam Nangal,ਵਰਿਆਮ ਨੰਗਲ,ਵਰਿਆਮ ਨੰਗਲ,Waryam Nangal,ਵਰਿਆਮ ਨੰਗਲ,Waryam Nangal,ਵਰਿਆਮ ਨੰਗਲ,INC,SAD,24,39,INC → SAD,INC → SAD,AAP Deficit,ਆਪ ਘਾਟ,INC Loss,"{'AAP': 'LOST_BOTH', 'SAD': 'GAINED', 'INC': 'LOST_24', 'BJP': 'LOST_BOTH'}",True,"{'is_flip': True, 'status_label': 'INC → SAD', 'turnout_diff': -17, 'turnout_pct': -4.12, 'sad_swing': -4.77, 'aap_swing': 1.12, 'inc_swing': -32.55, 'bjp_swing': 18.21}",413,396,-17,-4.12,149,124,-25,36.08,31.31,-4.77,84,85,1,20.34,21.46,1.12,173,37,-136,41.89,9.34,-32.55,2,74,72,0.48,18.69,18.21,55,13.89,"{'total': 413, 'sad': 149, 'aap': 84, 'inc': 173, 'bjp': 2, 'sad_votes': 149, 'sad_pct': 36.08, 'aap_votes': 84, 'aap_pct': 20.34, 'inc_votes': 173, 'inc_pct': 41.89, 'bjp_votes': 2, 'bjp_pct': 0.48, 'winner_party': 'INC', 'margin': 24, 'winner_candidate': 'Jagwinder Pal Singh (Jagga)'}","{'total': 396, 'sad': 124, 'aap': 85, 'inc': 37, 'bjp': 74, 'sada': 55, 'bsp': 1, 'others': 17, 'sad_votes': 124, 'sad_pct': 31.31, 'aap_votes': 85, 'aap_pct': 21.46, 'inc_votes': 37, 'inc_pct': 9.34, 'bjp_votes': 74, 'bjp_pct': 18.69, 'sada_votes': 55, 'sada_pct': 13.89, 'winner_party': 'SAD', 'margin': 39, 'winner_candidate': 'Anil Joshi'}","{'turnout_diff': -17, 'turnout_pct': -4.12, 'sad_shift': -25, 'sad_swing': -4.77, 'aap_shift': 1, 'aap_swing': 1.12, 'inc_shift': -136, 'inc_swing': -32.55, 'bjp_shift': 72, 'bjp_swing': 18.21}",Akali Bastion: Strategic Penetration & Demolition Zone,ਅਕਾਲੀ ਦਲ ਦਾ ਪ੍ਰਭਾਵਿਤ ਖੇਤਰ: ਵਿਸ਼ੇਸ਼ ਘੇਰਾਬੰਦੀ ਜ਼ੋਨ,SAD retained lead here by +39 votes (31.3% share). Target moderate Panthic and farming families in Waryam Nangal disillusioned with traditional leadership. Appoint dedicated block coordinators and highlight direct government procurement and village development works.,ਅਕਾਲੀ ਦਲ ਨੇ ਇੱਥੇ +39 ਵੋਟਾਂ (31.3%) ਨਾਲ ਲੀਡ ਬਣਾਈ ਹੈ। ਵਰਿਆਮ ਨੰਗਲ ਵਿੱਚ ਰਵਾਇਤੀ ਲੀਡਰਸ਼ਿਪ ਤੋਂ ਨਿਰਾਸ਼ ਕਿਸਾਨ ਅਤੇ ਪੰਥਕ ਪਰਿਵਾਰਾਂ ਨਾਲ ਸੰਵਾਦ ਕਰੋ। ਪਿੰਡਾਂ ਵਿੱਚ ਪੰਜਾਬ ਸਰਕਾਰ ਦੇ ਵਿਕਾਸ ਕਾਰਜਾਂ ਅਤੇ ਨਿਰਪੱਖ ਭਰਤੀਆਂ ਦੇ ਸੁਨੇਹੇ ਨਾਲ ਸੰਨ੍ਹ ਲਗਾਓ।,"{'booth_no': '99', 'village_en': 'Waryam Nangal', 'village_pa': 'ਵਰਿਆਮ ਨੰਗਲ', 'zone_en': 'Akali Bastion: Strategic Penetration & Demolition Zone', 'zone_pa': 'ਅਕਾਲੀ ਦਲ ਦਾ ਪ੍ਰਭਾਵਿਤ ਖੇਤਰ: ਵਿਸ਼ੇਸ਼ ਘੇਰਾਬੰਦੀ ਜ਼ੋਨ', 'action_en': 'SAD retained lead here by +39 votes (31.3% share). Target moderate Panthic and farming families in Waryam Nangal disillusioned with traditional leadership. Appoint dedicated block coordinators and highlight direct government procurement and village development works.', 'action_pa': 'ਅਕਾਲੀ ਦਲ ਨੇ ਇੱਥੇ +39 ਵੋਟਾਂ (31.3%) ਨਾਲ ਲੀਡ ਬਣਾਈ ਹੈ। ਵਰਿਆਮ ਨੰਗਲ ਵਿੱਚ ਰਵਾਇਤੀ ਲੀਡਰਸ਼ਿਪ ਤੋਂ ਨਿਰਾਸ਼ ਕਿਸਾਨ ਅਤੇ ਪੰਥਕ ਪਰਿਵਾਰਾਂ ਨਾਲ ਸੰਵਾਦ ਕਰੋ। ਪਿੰਡਾਂ ਵਿੱਚ ਪੰਜਾਬ ਸਰਕਾਰ ਦੇ ਵਿਕਾਸ ਕਾਰਜਾਂ ਅਤੇ ਨਿਰਪੱਖ ਭਰਤੀਆਂ ਦੇ ਸੁਨੇਹੇ ਨਾਲ ਸੰਨ੍ਹ ਲਗਾਓ।', 'action_steps_en': ['Days 1-30: Map the top 30 influential non-committed Panthic families in Waryam Nangal.', 'Days 31-60: Deploy senior constituency leaders for direct home visits to address local disgruntlement.', ""Days 61-90: Neutralize SAD's +39 vote cushion by winning over agricultural youth.""], 'action_steps_pa': ['ਦਿਨ 1-30: ਵਰਿਆਮ ਨੰਗਲ ਦੇ 30 ਨਿਰਪੱਖ ਅਤੇ ਪ੍ਰਭਾਵਸ਼ਾਲੀ ਪਰਿਵਾਰਾਂ ਦੀ ਸ਼ਨਾਖਤ ਕਰੋ।', 'ਦਿਨ 31-60: ਸੀਨੀਅਰ ਲੀਡਰਸ਼ਿਪ ਰਾਹੀਂ ਘਰ-ਘਰ ਜਾ ਕੇ ਸਰਕਾਰ ਦੀਆਂ ਨਿਰਪੱਖ ਨੀਤੀਆਂ ਸਾਂਝੀਆਂ ਕਰੋ।', 'ਦਿਨ 61-90: ਨੌਜਵਾਨ ਵਰਗ ਨੂੰ ਸਰਕਾਰੀ ਨੌਕਰੀਆਂ ਅਤੇ ਖੇਡ ਕਿੱਟਾਂ ਰਾਹੀਂ ਪਾਰਟੀ ਨਾਲ ਜੋੜ ਕੇ ਲੀਡ ਘਟਾਓ।'], 'action_steps': ['ਦਿਨ 1-30: ਵਰਿਆਮ ਨੰਗਲ ਦੇ 30 ਨਿਰਪੱਖ ਅਤੇ ਪ੍ਰਭਾਵਸ਼ਾਲੀ ਪਰਿਵਾਰਾਂ ਦੀ ਸ਼ਨਾਖਤ ਕਰੋ।', 'ਦਿਨ 31-60: ਸੀਨੀਅਰ ਲੀਡਰਸ਼ਿਪ ਰਾਹੀਂ ਘਰ-ਘਰ ਜਾ ਕੇ ਸਰਕਾਰ ਦੀਆਂ ਨਿਰਪੱਖ ਨੀਤੀਆਂ ਸਾਂਝੀਆਂ ਕਰੋ।', 'ਦਿਨ 61-90: ਨੌਜਵਾਨ ਵਰਗ ਨੂੰ ਸਰਕਾਰੀ ਨੌਕਰੀਆਂ ਅਤੇ ਖੇਡ ਕਿੱਟਾਂ ਰਾਹੀਂ ਪਾਰਟੀ ਨਾਲ ਜੋੜ ਕੇ ਲੀਡ ਘਟਾਓ।']}"
100,100,99,100,100,False,#100,Booth #100 (Unchanged),ਬੂਥ #100 (ਅਣਬਦਲਿਆ),Jhande,ਝੰਡੇ,ਝੰਡੇ,Jhande,ਝੰਡੇ,Jhande,ਝੰਡੇ,SAD,SAD,65,95,SAD Retained,SAD Retained,AAP Deficit,ਆਪ ਘਾਟ,INC Deficit,"{'AAP': 'LOST_BOTH', 'SAD': 'WON_BOTH', 'INC': 'WEAK', 'BJP': 'WEAK'}",False,"{'is_flip': False, 'status_label': 'SAD Retained', 'turnout_diff': 27, 'turnout_pct': 4.55, 'sad_swing': 0.23, 'aap_swing': 9.18, 'inc_swing': -20.1, 'bjp_swing': 2.99}",593,620,27,4.55,255,268,13,43.0,43.23,0.23,111,173,62,18.72,27.9,9.18,190,74,-116,32.04,11.94,-20.1,10,29,19,1.69,4.68,2.99,45,7.26,"{'total': 593, 'sad': 255, 'aap': 111, 'inc': 190, 'bjp': 10, 'sad_votes': 255, 'sad_pct': 43.0, 'aap_votes': 111, 'aap_pct': 18.72, 'inc_votes': 190, 'inc_pct': 32.04, 'bjp_votes': 10, 'bjp_pct': 1.69, 'winner_party': 'SAD', 'margin': 65, 'winner_candidate': 'Ganieve Kaur Majithia'}","{'total': 620, 'sad': 268, 'aap': 173, 'inc': 74, 'bjp': 29, 'sada': 45, 'bsp': 5, 'others': 25, 'sad_votes': 268, 'sad_pct': 43.23, 'aap_votes': 173, 'aap_pct': 27.9, 'inc_votes': 74, 'inc_pct': 11.94, 'bjp_votes': 29, 'bjp_pct': 4.68, 'sada_votes': 45, 'sada_pct': 7.26, 'winner_party': 'SAD', 'margin': 95, 'winner_candidate': 'Anil Joshi'}","{'turnout_diff': 27, 'turnout_pct': 4.55, 'sad_shift': 13, 'sad_swing': 0.23, 'aap_shift': 62, 'aap_swing': 9.18, 'inc_shift': -116, 'inc_swing': -20.1, 'bjp_shift': 19, 'bjp_swing': 2.99}",Akali Bastion: Strategic Penetration & Demolition Zone,ਅਕਾਲੀ ਦਲ ਦਾ ਪ੍ਰਭਾਵਿਤ ਖੇਤਰ: ਵਿਸ਼ੇਸ਼ ਘੇਰਾਬੰਦੀ ਜ਼ੋਨ,SAD retained lead here by +95 votes (43.2% share). Target moderate Panthic and farming families in Jhande disillusioned with traditional leadership. Appoint dedicated block coordinators and highlight direct government procurement and village development works.,ਅਕਾਲੀ ਦਲ ਨੇ ਇੱਥੇ +95 ਵੋਟਾਂ (43.2%) ਨਾਲ ਲੀਡ ਬਣਾਈ ਹੈ। ਝੰਡੇ ਵਿੱਚ ਰਵਾਇਤੀ ਲੀਡਰਸ਼ਿਪ ਤੋਂ ਨਿਰਾਸ਼ ਕਿਸਾਨ ਅਤੇ ਪੰਥਕ ਪਰਿਵਾਰਾਂ ਨਾਲ ਸੰਵਾਦ ਕਰੋ। ਪਿੰਡਾਂ ਵਿੱਚ ਪੰਜਾਬ ਸਰਕਾਰ ਦੇ ਵਿਕਾਸ ਕਾਰਜਾਂ ਅਤੇ ਨਿਰਪੱਖ ਭਰਤੀਆਂ ਦੇ ਸੁਨੇਹੇ ਨਾਲ ਸੰਨ੍ਹ ਲਗਾਓ।,"{'booth_no': '100', 'village_en': 'Jhande', 'village_pa': 'ਝੰਡੇ', 'zone_en': 'Akali Bastion: Strategic Penetration & Demolition Zone', 'zone_pa': 'ਅਕਾਲੀ ਦਲ ਦਾ ਪ੍ਰਭਾਵਿਤ ਖੇਤਰ: ਵਿਸ਼ੇਸ਼ ਘੇਰਾਬੰਦੀ ਜ਼ੋਨ', 'action_en': 'SAD retained lead here by +95 votes (43.2% share). Target moderate Panthic and farming families in Jhande disillusioned with traditional leadership. Appoint dedicated block coordinators and highlight direct government procurement and village development works.', 'action_pa': 'ਅਕਾਲੀ ਦਲ ਨੇ ਇੱਥੇ +95 ਵੋਟਾਂ (43.2%) ਨਾਲ ਲੀਡ ਬਣਾਈ ਹੈ। ਝੰਡੇ ਵਿੱਚ ਰਵਾਇਤੀ ਲੀਡਰਸ਼ਿਪ ਤੋਂ ਨਿਰਾਸ਼ ਕਿਸਾਨ ਅਤੇ ਪੰਥਕ ਪਰਿਵਾਰਾਂ ਨਾਲ ਸੰਵਾਦ ਕਰੋ। ਪਿੰਡਾਂ ਵਿੱਚ ਪੰਜਾਬ ਸਰਕਾਰ ਦੇ ਵਿਕਾਸ ਕਾਰਜਾਂ ਅਤੇ ਨਿਰਪੱਖ ਭਰਤੀਆਂ ਦੇ ਸੁਨੇਹੇ ਨਾਲ ਸੰਨ੍ਹ ਲਗਾਓ।', 'action_steps_en': ['Days 1-30: Map the top 30 influential non-committed Panthic families in Jhande.', 'Days 31-60: Deploy senior constituency leaders for direct home visits to address local disgruntlement.', ""Days 61-90: Neutralize SAD's +95 vote cushion by winning over agricultural youth.""], 'action_steps_pa': ['ਦਿਨ 1-30: ਝੰਡੇ ਦੇ 30 ਨਿਰਪੱਖ ਅਤੇ ਪ੍ਰਭਾਵਸ਼ਾਲੀ ਪਰਿਵਾਰਾਂ ਦੀ ਸ਼ਨਾਖਤ ਕਰੋ।', 'ਦਿਨ 31-60: ਸੀਨੀਅਰ ਲੀਡਰਸ਼ਿਪ ਰਾਹੀਂ ਘਰ-ਘਰ ਜਾ ਕੇ ਸਰਕਾਰ ਦੀਆਂ ਨਿਰਪੱਖ ਨੀਤੀਆਂ ਸਾਂਝੀਆਂ ਕਰੋ।', 'ਦਿਨ 61-90: ਨੌਜਵਾਨ ਵਰਗ ਨੂੰ ਸਰਕਾਰੀ ਨੌਕਰੀਆਂ ਅਤੇ ਖੇਡ ਕਿੱਟਾਂ ਰਾਹੀਂ ਪਾਰਟੀ ਨਾਲ ਜੋੜ ਕੇ ਲੀਡ ਘਟਾਓ।'], 'action_steps': ['ਦਿਨ 1-30: ਝੰਡੇ ਦੇ 30 ਨਿਰਪੱਖ ਅਤੇ ਪ੍ਰਭਾਵਸ਼ਾਲੀ ਪਰਿਵਾਰਾਂ ਦੀ ਸ਼ਨਾਖਤ ਕਰੋ।', 'ਦਿਨ 31-60: ਸੀਨੀਅਰ ਲੀਡਰਸ਼ਿਪ ਰਾਹੀਂ ਘਰ-ਘਰ ਜਾ ਕੇ ਸਰਕਾਰ ਦੀਆਂ ਨਿਰਪੱਖ ਨੀਤੀਆਂ ਸਾਂਝੀਆਂ ਕਰੋ।', 'ਦਿਨ 61-90: ਨੌਜਵਾਨ ਵਰਗ ਨੂੰ ਸਰਕਾਰੀ ਨੌਕਰੀਆਂ ਅਤੇ ਖੇਡ ਕਿੱਟਾਂ ਰਾਹੀਂ ਪਾਰਟੀ ਨਾਲ ਜੋੜ ਕੇ ਲੀਡ ਘਟਾਓ।']}"
101,101,100,101,101,False,#101,Booth #101 (Unchanged),ਬੂਥ #101 (ਅਣਬਦਲਿਆ),Alkare,ਅਲਕੜੇ,ਅਲਕੜੇ,Alkare,ਅਲਕੜੇ,Alkare,ਅਲਕੜੇ,SAD,SAD,62,156,SAD Retained,SAD Retained,AAP Deficit,ਆਪ ਘਾਟ,INC Deficit,"{'AAP': 'LOST_BOTH', 'SAD': 'WON_BOTH', 'INC': 'WEAK', 'BJP': 'WEAK'}",False,"{'is_flip': False, 'status_label': 'SAD Retained', 'turnout_diff': 17, 'turnout_pct': 3.59, 'sad_swing': 19.97, 'aap_swing': 5.25, 'inc_swing': -28.55, 'bjp_swing': 0.19}",473,490,17,3.59,199,304,105,42.07,62.04,19.97,118,148,30,24.95,30.2,5.25,137,2,-135,28.96,0.41,-28.55,3,4,1,0.63,0.82,0.19,14,2.86,"{'total': 473, 'sad': 199, 'aap': 118, 'inc': 137, 'bjp': 3, 'sad_votes': 199, 'sad_pct': 42.07, 'aap_votes': 118, 'aap_pct': 24.95, 'inc_votes': 137, 'inc_pct': 28.96, 'bjp_votes': 3, 'bjp_pct': 0.63, 'winner_party': 'SAD', 'margin': 62, 'winner_candidate': 'Ganieve Kaur Majithia'}","{'total': 490, 'sad': 304, 'aap': 148, 'inc': 2, 'bjp': 4, 'sada': 14, 'bsp': 0, 'others': 17, 'sad_votes': 304, 'sad_pct': 62.04, 'aap_votes': 148, 'aap_pct': 30.2, 'inc_votes': 2, 'inc_pct': 0.41, 'bjp_votes': 4, 'bjp_pct': 0.82, 'sada_votes': 14, 'sada_pct': 2.86, 'winner_party': 'SAD', 'margin': 156, 'winner_candidate': 'Anil Joshi'}","{'turnout_diff': 17, 'turnout_pct': 3.59, 'sad_shift': 105, 'sad_swing': 19.97, 'aap_shift': 30, 'aap_swing': 5.25, 'inc_shift': -135, 'inc_swing': -28.55, 'bjp_shift': 1, 'bjp_swing': 0.19}",Akali Bastion: Strategic Penetration & Demolition Zone,ਅਕਾਲੀ ਦਲ ਦਾ ਪ੍ਰਭਾਵਿਤ ਖੇਤਰ: ਵਿਸ਼ੇਸ਼ ਘੇਰਾਬੰਦੀ ਜ਼ੋਨ,SAD retained lead here by +156 votes (62.0% share). Target moderate Panthic and farming families in Alkare disillusioned with traditional leadership. Appoint dedicated block coordinators and highlight direct government procurement and village development works.,ਅਕਾਲੀ ਦਲ ਨੇ ਇੱਥੇ +156 ਵੋਟਾਂ (62.0%) ਨਾਲ ਲੀਡ ਬਣਾਈ ਹੈ। ਅਲਕੜੇ ਵਿੱਚ ਰਵਾਇਤੀ ਲੀਡਰਸ਼ਿਪ ਤੋਂ ਨਿਰਾਸ਼ ਕਿਸਾਨ ਅਤੇ ਪੰਥਕ ਪਰਿਵਾਰਾਂ ਨਾਲ ਸੰਵਾਦ ਕਰੋ। ਪਿੰਡਾਂ ਵਿੱਚ ਪੰਜਾਬ ਸਰਕਾਰ ਦੇ ਵਿਕਾਸ ਕਾਰਜਾਂ ਅਤੇ ਨਿਰਪੱਖ ਭਰਤੀਆਂ ਦੇ ਸੁਨੇਹੇ ਨਾਲ ਸੰਨ੍ਹ ਲਗਾਓ।,"{'booth_no': '101', 'village_en': 'Alkare', 'village_pa': 'ਅਲਕੜੇ', 'zone_en': 'Akali Bastion: Strategic Penetration & Demolition Zone', 'zone_pa': 'ਅਕਾਲੀ ਦਲ ਦਾ ਪ੍ਰਭਾਵਿਤ ਖੇਤਰ: ਵਿਸ਼ੇਸ਼ ਘੇਰਾਬੰਦੀ ਜ਼ੋਨ', 'action_en': 'SAD retained lead here by +156 votes (62.0% share). Target moderate Panthic and farming families in Alkare disillusioned with traditional leadership. Appoint dedicated block coordinators and highlight direct government procurement and village development works.', 'action_pa': 'ਅਕਾਲੀ ਦਲ ਨੇ ਇੱਥੇ +156 ਵੋਟਾਂ (62.0%) ਨਾਲ ਲੀਡ ਬਣਾਈ ਹੈ। ਅਲਕੜੇ ਵਿੱਚ ਰਵਾਇਤੀ ਲੀਡਰਸ਼ਿਪ ਤੋਂ ਨਿਰਾਸ਼ ਕਿਸਾਨ ਅਤੇ ਪੰਥਕ ਪਰਿਵਾਰਾਂ ਨਾਲ ਸੰਵਾਦ ਕਰੋ। ਪਿੰਡਾਂ ਵਿੱਚ ਪੰਜਾਬ ਸਰਕਾਰ ਦੇ ਵਿਕਾਸ ਕਾਰਜਾਂ ਅਤੇ ਨਿਰਪੱਖ ਭਰਤੀਆਂ ਦੇ ਸੁਨੇਹੇ ਨਾਲ ਸੰਨ੍ਹ ਲਗਾਓ।', 'action_steps_en': ['Days 1-30: Map the top 30 influential non-committed Panthic families in Alkare.', 'Days 31-60: Deploy senior constituency leaders for direct home visits to address local disgruntlement.', ""Days 61-90: Neutralize SAD's +156 vote cushion by winning over agricultural youth.""], 'action_steps_pa': ['ਦਿਨ 1-30: ਅਲਕੜੇ ਦੇ 30 ਨਿਰਪੱਖ ਅਤੇ ਪ੍ਰਭਾਵਸ਼ਾਲੀ ਪਰਿਵਾਰਾਂ ਦੀ ਸ਼ਨਾਖਤ ਕਰੋ।', 'ਦਿਨ 31-60: ਸੀਨੀਅਰ ਲੀਡਰਸ਼ਿਪ ਰਾਹੀਂ ਘਰ-ਘਰ ਜਾ ਕੇ ਸਰਕਾਰ ਦੀਆਂ ਨਿਰਪੱਖ ਨੀਤੀਆਂ ਸਾਂਝੀਆਂ ਕਰੋ।', 'ਦਿਨ 61-90: ਨੌਜਵਾਨ ਵਰਗ ਨੂੰ ਸਰਕਾਰੀ ਨੌਕਰੀਆਂ ਅਤੇ ਖੇਡ ਕਿੱਟਾਂ ਰਾਹੀਂ ਪਾਰਟੀ ਨਾਲ ਜੋੜ ਕੇ ਲੀਡ ਘਟਾਓ।'], 'action_steps': ['ਦਿਨ 1-30: ਅਲਕੜੇ ਦੇ 30 ਨਿਰਪੱਖ ਅਤੇ ਪ੍ਰਭਾਵਸ਼ਾਲੀ ਪਰਿਵਾਰਾਂ ਦੀ ਸ਼ਨਾਖਤ ਕਰੋ।', 'ਦਿਨ 31-60: ਸੀਨੀਅਰ ਲੀਡਰਸ਼ਿਪ ਰਾਹੀਂ ਘਰ-ਘਰ ਜਾ ਕੇ ਸਰਕਾਰ ਦੀਆਂ ਨਿਰਪੱਖ ਨੀਤੀਆਂ ਸਾਂਝੀਆਂ ਕਰੋ।', 'ਦਿਨ 61-90: ਨੌਜਵਾਨ ਵਰਗ ਨੂੰ ਸਰਕਾਰੀ ਨੌਕਰੀਆਂ ਅਤੇ ਖੇਡ ਕਿੱਟਾਂ ਰਾਹੀਂ ਪਾਰਟੀ ਨਾਲ ਜੋੜ ਕੇ ਲੀਡ ਘਟਾਓ।']}"
102,102,101,102,102,False,#102,Booth #102 (Unchanged),ਬੂਥ #102 (ਅਣਬਦਲਿਆ),Bhoya Fatehgarh,ਭੋਇਆ ਫ਼ਤਿਹਗੜ੍ਹ,ਭੋਇਆ ਫ਼ਤਿਹਗੜ੍ਹ,Bhoya Fatehgarh,ਭੋਇਆ ਫ਼ਤਿਹਗੜ੍ਹ,Bhoya Fatehgarh,ਭੋਇਆ ਫ਼ਤਿਹਗੜ੍ਹ,SAD,SAD,13,199,SAD Retained,SAD Retained,AAP Deficit,ਆਪ ਘਾਟ,INC Deficit,"{'AAP': 'LOST_BOTH', 'SAD': 'WON_BOTH', 'INC': 'WEAK', 'BJP': 'LOST_BOTH'}",False,"{'is_flip': False, 'status_label': 'SAD Retained', 'turnout_diff': 195, 'turnout_pct': 38.01, 'sad_swing': 15.0, 'aap_swing': 2.29, 'inc_swing': -27.25, 'bjp_swing': 8.67}",513,708,195,38.01,189,367,178,36.84,51.84,15.0,110,168,58,21.44,23.73,2.29,176,50,-126,34.31,7.06,-27.25,20,89,69,3.9,12.57,8.67,11,1.55,"{'total': 513, 'sad': 189, 'aap': 110, 'inc': 176, 'bjp': 20, 'sad_votes': 189, 'sad_pct': 36.84, 'aap_votes': 110, 'aap_pct': 21.44, 'inc_votes': 176, 'inc_pct': 34.31, 'bjp_votes': 20, 'bjp_pct': 3.9, 'winner_party': 'SAD', 'margin': 13, 'winner_candidate': 'Ganieve Kaur Majithia'}","{'total': 708, 'sad': 367, 'aap': 168, 'inc': 50, 'bjp': 89, 'sada': 11, 'bsp': 2, 'others': 19, 'sad_votes': 367, 'sad_pct': 51.84, 'aap_votes': 168, 'aap_pct': 23.73, 'inc_votes': 50, 'inc_pct': 7.06, 'bjp_votes': 89, 'bjp_pct': 12.57, 'sada_votes': 11, 'sada_pct': 1.55, 'winner_party': 'SAD', 'margin': 199, 'winner_candidate': 'Anil Joshi'}","{'turnout_diff': 195, 'turnout_pct': 38.01, 'sad_shift': 178, 'sad_swing': 15.0, 'aap_shift': 58, 'aap_swing': 2.29, 'inc_shift': -126, 'inc_swing': -27.25, 'bjp_shift': 69, 'bjp_swing': 8.67}",Akali Bastion: Strategic Penetration & Demolition Zone,ਅਕਾਲੀ ਦਲ ਦਾ ਪ੍ਰਭਾਵਿਤ ਖੇਤਰ: ਵਿਸ਼ੇਸ਼ ਘੇਰਾਬੰਦੀ ਜ਼ੋਨ,SAD retained lead here by +199 votes (51.8% share). Target moderate Panthic and farming families in Bhoya Fatehgarh disillusioned with traditional leadership. Appoint dedicated block coordinators and highlight direct government procurement and village development works.,ਅਕਾਲੀ ਦਲ ਨੇ ਇੱਥੇ +199 ਵੋਟਾਂ (51.8%) ਨਾਲ ਲੀਡ ਬਣਾਈ ਹੈ। ਭੋਇਆ ਫ਼ਤਿਹਗੜ੍ਹ ਵਿੱਚ ਰਵਾਇਤੀ ਲੀਡਰਸ਼ਿਪ ਤੋਂ ਨਿਰਾਸ਼ ਕਿਸਾਨ ਅਤੇ ਪੰਥਕ ਪਰਿਵਾਰਾਂ ਨਾਲ ਸੰਵਾਦ ਕਰੋ। ਪਿੰਡਾਂ ਵਿੱਚ ਪੰਜਾਬ ਸਰਕਾਰ ਦੇ ਵਿਕਾਸ ਕਾਰਜਾਂ ਅਤੇ ਨਿਰਪੱਖ ਭਰਤੀਆਂ ਦੇ ਸੁਨੇਹੇ ਨਾਲ ਸੰਨ੍ਹ ਲਗਾਓ।,"{'booth_no': '102', 'village_en': 'Bhoya Fatehgarh', 'village_pa': 'ਭੋਇਆ ਫ਼ਤਿਹਗੜ੍ਹ', 'zone_en': 'Akali Bastion: Strategic Penetration & Demolition Zone', 'zone_pa': 'ਅਕਾਲੀ ਦਲ ਦਾ ਪ੍ਰਭਾਵਿਤ ਖੇਤਰ: ਵਿਸ਼ੇਸ਼ ਘੇਰਾਬੰਦੀ ਜ਼ੋਨ', 'action_en': 'SAD retained lead here by +199 votes (51.8% share). Target moderate Panthic and farming families in Bhoya Fatehgarh disillusioned with traditional leadership. Appoint dedicated block coordinators and highlight direct government procurement and village development works.', 'action_pa': 'ਅਕਾਲੀ ਦਲ ਨੇ ਇੱਥੇ +199 ਵੋਟਾਂ (51.8%) ਨਾਲ ਲੀਡ ਬਣਾਈ ਹੈ। ਭੋਇਆ ਫ਼ਤਿਹਗੜ੍ਹ ਵਿੱਚ ਰਵਾਇਤੀ ਲੀਡਰਸ਼ਿਪ ਤੋਂ ਨਿਰਾਸ਼ ਕਿਸਾਨ ਅਤੇ ਪੰਥਕ ਪਰਿਵਾਰਾਂ ਨਾਲ ਸੰਵਾਦ ਕਰੋ। ਪਿੰਡਾਂ ਵਿੱਚ ਪੰਜਾਬ ਸਰਕਾਰ ਦੇ ਵਿਕਾਸ ਕਾਰਜਾਂ ਅਤੇ ਨਿਰਪੱਖ ਭਰਤੀਆਂ ਦੇ ਸੁਨੇਹੇ ਨਾਲ ਸੰਨ੍ਹ ਲਗਾਓ।', 'action_steps_en': ['Days 1-30: Map the top 30 influential non-committed Panthic families in Bhoya Fatehgarh.', 'Days 31-60: Deploy senior constituency leaders for direct home visits to address local disgruntlement.', ""Days 61-90: Neutralize SAD's +199 vote cushion by winning over agricultural youth.""], 'action_steps_pa': ['ਦਿਨ 1-30: ਭੋਇਆ ਫ਼ਤਿਹਗੜ੍ਹ ਦੇ 30 ਨਿਰਪੱਖ ਅਤੇ ਪ੍ਰਭਾਵਸ਼ਾਲੀ ਪਰਿਵਾਰਾਂ ਦੀ ਸ਼ਨਾਖਤ ਕਰੋ।', 'ਦਿਨ 31-60: ਸੀਨੀਅਰ ਲੀਡਰਸ਼ਿਪ ਰਾਹੀਂ ਘਰ-ਘਰ ਜਾ ਕੇ ਸਰਕਾਰ ਦੀਆਂ ਨਿਰਪੱਖ ਨੀਤੀਆਂ ਸਾਂਝੀਆਂ ਕਰੋ।', 'ਦਿਨ 61-90: ਨੌਜਵਾਨ ਵਰਗ ਨੂੰ ਸਰਕਾਰੀ ਨੌਕਰੀਆਂ ਅਤੇ ਖੇਡ ਕਿੱਟਾਂ ਰਾਹੀਂ ਪਾਰਟੀ ਨਾਲ ਜੋੜ ਕੇ ਲੀਡ ਘਟਾਓ।'], 'action_steps': ['ਦਿਨ 1-30: ਭੋਇਆ ਫ਼ਤਿਹਗੜ੍ਹ ਦੇ 30 ਨਿਰਪੱਖ ਅਤੇ ਪ੍ਰਭਾਵਸ਼ਾਲੀ ਪਰਿਵਾਰਾਂ ਦੀ ਸ਼ਨਾਖਤ ਕਰੋ।', 'ਦਿਨ 31-60: ਸੀਨੀਅਰ ਲੀਡਰਸ਼ਿਪ ਰਾਹੀਂ ਘਰ-ਘਰ ਜਾ ਕੇ ਸਰਕਾਰ ਦੀਆਂ ਨਿਰਪੱਖ ਨੀਤੀਆਂ ਸਾਂਝੀਆਂ ਕਰੋ।', 'ਦਿਨ 61-90: ਨੌਜਵਾਨ ਵਰਗ ਨੂੰ ਸਰਕਾਰੀ ਨੌਕਰੀਆਂ ਅਤੇ ਖੇਡ ਕਿੱਟਾਂ ਰਾਹੀਂ ਪਾਰਟੀ ਨਾਲ ਜੋੜ ਕੇ ਲੀਡ ਘਟਾਓ।']}"
103,103,102,103,103,False,#103,Booth #103 (Unchanged),ਬੂਥ #103 (ਅਣਬਦਲਿਆ),Sehnewali,ਸਹਿਣੇਵਾਲੀ,ਸਹਿਣੇਵਾਲੀ,Sehnewali,ਸਹਿਣੇਵਾਲੀ,Sehnewali,ਸਹਿਣੇਵਾਲੀ,SAD,SAD,98,67,SAD Retained,SAD Retained,AAP Deficit,ਆਪ ਘਾਟ,INC Deficit,"{'AAP': 'WEAK', 'SAD': 'WON_BOTH', 'INC': 'LOST_BOTH', 'BJP': 'WEAK'}",False,"{'is_flip': False, 'status_label': 'SAD Retained', 'turnout_diff': 299, 'turnout_pct': 57.83, 'sad_swing': -7.86, 'aap_swing': -1.51, 'inc_swing': 2.89, 'bjp_swing': 1.99}",517,816,299,57.83,263,351,88,50.87,43.01,-7.86,68,95,27,13.15,11.64,-1.51,165,284,119,31.91,34.8,2.89,3,21,18,0.58,2.57,1.99,34,4.17,"{'total': 517, 'sad': 263, 'aap': 68, 'inc': 165, 'bjp': 3, 'sad_votes': 263, 'sad_pct': 50.87, 'aap_votes': 68, 'aap_pct': 13.15, 'inc_votes': 165, 'inc_pct': 31.91, 'bjp_votes': 3, 'bjp_pct': 0.58, 'winner_party': 'SAD', 'margin': 98, 'winner_candidate': 'Ganieve Kaur Majithia'}","{'total': 816, 'sad': 351, 'aap': 95, 'inc': 284, 'bjp': 21, 'sada': 34, 'bsp': 4, 'others': 24, 'sad_votes': 351, 'sad_pct': 43.01, 'aap_votes': 95, 'aap_pct': 11.64, 'inc_votes': 284, 'inc_pct': 34.8, 'bjp_votes': 21, 'bjp_pct': 2.57, 'sada_votes': 34, 'sada_pct': 4.17, 'winner_party': 'SAD', 'margin': 67, 'winner_candidate': 'Anil Joshi'}","{'turnout_diff': 299, 'turnout_pct': 57.83, 'sad_shift': 88, 'sad_swing': -7.86, 'aap_shift': 27, 'aap_swing': -1.51, 'inc_shift': 119, 'inc_swing': 2.89, 'bjp_shift': 18, 'bjp_swing': 1.99}",Akali Bastion: Strategic Penetration & Demolition Zone,ਅਕਾਲੀ ਦਲ ਦਾ ਪ੍ਰਭਾਵਿਤ ਖੇਤਰ: ਵਿਸ਼ੇਸ਼ ਘੇਰਾਬੰਦੀ ਜ਼ੋਨ,SAD retained lead here by +67 votes (43.0% share). Target moderate Panthic and farming families in Sehnewali disillusioned with traditional leadership. Appoint dedicated block coordinators and highlight direct government procurement and village development works.,ਅਕਾਲੀ ਦਲ ਨੇ ਇੱਥੇ +67 ਵੋਟਾਂ (43.0%) ਨਾਲ ਲੀਡ ਬਣਾਈ ਹੈ। ਸਹਿਣੇਵਾਲੀ ਵਿੱਚ ਰਵਾਇਤੀ ਲੀਡਰਸ਼ਿਪ ਤੋਂ ਨਿਰਾਸ਼ ਕਿਸਾਨ ਅਤੇ ਪੰਥਕ ਪਰਿਵਾਰਾਂ ਨਾਲ ਸੰਵਾਦ ਕਰੋ। ਪਿੰਡਾਂ ਵਿੱਚ ਪੰਜਾਬ ਸਰਕਾਰ ਦੇ ਵਿਕਾਸ ਕਾਰਜਾਂ ਅਤੇ ਨਿਰਪੱਖ ਭਰਤੀਆਂ ਦੇ ਸੁਨੇਹੇ ਨਾਲ ਸੰਨ੍ਹ ਲਗਾਓ।,"{'booth_no': '103', 'village_en': 'Sehnewali', 'village_pa': 'ਸਹਿਣੇਵਾਲੀ', 'zone_en': 'Akali Bastion: Strategic Penetration & Demolition Zone', 'zone_pa': 'ਅਕਾਲੀ ਦਲ ਦਾ ਪ੍ਰਭਾਵਿਤ ਖੇਤਰ: ਵਿਸ਼ੇਸ਼ ਘੇਰਾਬੰਦੀ ਜ਼ੋਨ', 'action_en': 'SAD retained lead here by +67 votes (43.0% share). Target moderate Panthic and farming families in Sehnewali disillusioned with traditional leadership. Appoint dedicated block coordinators and highlight direct government procurement and village development works.', 'action_pa': 'ਅਕਾਲੀ ਦਲ ਨੇ ਇੱਥੇ +67 ਵੋਟਾਂ (43.0%) ਨਾਲ ਲੀਡ ਬਣਾਈ ਹੈ। ਸਹਿਣੇਵਾਲੀ ਵਿੱਚ ਰਵਾਇਤੀ ਲੀਡਰਸ਼ਿਪ ਤੋਂ ਨਿਰਾਸ਼ ਕਿਸਾਨ ਅਤੇ ਪੰਥਕ ਪਰਿਵਾਰਾਂ ਨਾਲ ਸੰਵਾਦ ਕਰੋ। ਪਿੰਡਾਂ ਵਿੱਚ ਪੰਜਾਬ ਸਰਕਾਰ ਦੇ ਵਿਕਾਸ ਕਾਰਜਾਂ ਅਤੇ ਨਿਰਪੱਖ ਭਰਤੀਆਂ ਦੇ ਸੁਨੇਹੇ ਨਾਲ ਸੰਨ੍ਹ ਲਗਾਓ।', 'action_steps_en': ['Days 1-30: Map the top 30 influential non-committed Panthic families in Sehnewali.', 'Days 31-60: Deploy senior constituency leaders for direct home visits to address local disgruntlement.', ""Days 61-90: Neutralize SAD's +67 vote cushion by winning over agricultural youth.""], 'action_steps_pa': ['ਦਿਨ 1-30: ਸਹਿਣੇਵਾਲੀ ਦੇ 30 ਨਿਰਪੱਖ ਅਤੇ ਪ੍ਰਭਾਵਸ਼ਾਲੀ ਪਰਿਵਾਰਾਂ ਦੀ ਸ਼ਨਾਖਤ ਕਰੋ।', 'ਦਿਨ 31-60: ਸੀਨੀਅਰ ਲੀਡਰਸ਼ਿਪ ਰਾਹੀਂ ਘਰ-ਘਰ ਜਾ ਕੇ ਸਰਕਾਰ ਦੀਆਂ ਨਿਰਪੱਖ ਨੀਤੀਆਂ ਸਾਂਝੀਆਂ ਕਰੋ।', 'ਦਿਨ 61-90: ਨੌਜਵਾਨ ਵਰਗ ਨੂੰ ਸਰਕਾਰੀ ਨੌਕਰੀਆਂ ਅਤੇ ਖੇਡ ਕਿੱਟਾਂ ਰਾਹੀਂ ਪਾਰਟੀ ਨਾਲ ਜੋੜ ਕੇ ਲੀਡ ਘਟਾਓ।'], 'action_steps': ['ਦਿਨ 1-30: ਸਹਿਣੇਵਾਲੀ ਦੇ 30 ਨਿਰਪੱਖ ਅਤੇ ਪ੍ਰਭਾਵਸ਼ਾਲੀ ਪਰਿਵਾਰਾਂ ਦੀ ਸ਼ਨਾਖਤ ਕਰੋ।', 'ਦਿਨ 31-60: ਸੀਨੀਅਰ ਲੀਡਰਸ਼ਿਪ ਰਾਹੀਂ ਘਰ-ਘਰ ਜਾ ਕੇ ਸਰਕਾਰ ਦੀਆਂ ਨਿਰਪੱਖ ਨੀਤੀਆਂ ਸਾਂਝੀਆਂ ਕਰੋ।', 'ਦਿਨ 61-90: ਨੌਜਵਾਨ ਵਰਗ ਨੂੰ ਸਰਕਾਰੀ ਨੌਕਰੀਆਂ ਅਤੇ ਖੇਡ ਕਿੱਟਾਂ ਰਾਹੀਂ ਪਾਰਟੀ ਨਾਲ ਜੋੜ ਕੇ ਲੀਡ ਘਟਾਓ।']}"
104,104,103,104,104,False,#104,Booth #104 (Unchanged),ਬੂਥ #104 (ਅਣਬਦਲਿਆ),Mughosohi,ਮੁਗੋਸੋਹੀ,ਮੁਗੋਸੋਹੀ,Mughosohi,ਮੁਗੋਸੋਹੀ,Mughosohi,ਮੁਗੋਸੋਹੀ,SAD,SAD,0,240,SAD Retained,SAD Retained,AAP Deficit,ਆਪ ਘਾਟ,INC Deficit,"{'AAP': 'WEAK', 'SAD': 'WON_BOTH', 'INC': 'WEAK', 'BJP': 'WEAK'}",False,"{'is_flip': False, 'status_label': 'SAD Retained', 'turnout_diff': -7, 'turnout_pct': -1.08, 'sad_swing': 19.48, 'aap_swing': -18.02, 'inc_swing': -7.92, 'bjp_swing': 1.57}",647,640,-7,-1.08,244,366,122,37.71,57.19,19.48,244,126,-118,37.71,19.69,-18.02,119,67,-52,18.39,10.47,-7.92,5,15,10,0.77,2.34,1.57,43,6.72,"{'total': 647, 'sad': 244, 'aap': 244, 'inc': 119, 'bjp': 5, 'sad_votes': 244, 'sad_pct': 37.71, 'aap_votes': 244, 'aap_pct': 37.71, 'inc_votes': 119, 'inc_pct': 18.39, 'bjp_votes': 5, 'bjp_pct': 0.77, 'winner_party': 'SAD', 'margin': 0, 'winner_candidate': 'Ganieve Kaur Majithia'}","{'total': 640, 'sad': 366, 'aap': 126, 'inc': 67, 'bjp': 15, 'sada': 43, 'bsp': 0, 'others': 20, 'sad_votes': 366, 'sad_pct': 57.19, 'aap_votes': 126, 'aap_pct': 19.69, 'inc_votes': 67, 'inc_pct': 10.47, 'bjp_votes': 15, 'bjp_pct': 2.34, 'sada_votes': 43, 'sada_pct': 6.72, 'winner_party': 'SAD', 'margin': 240, 'winner_candidate': 'Anil Joshi'}","{'turnout_diff': -7, 'turnout_pct': -1.08, 'sad_shift': 122, 'sad_swing': 19.48, 'aap_shift': -118, 'aap_swing': -18.02, 'inc_shift': -52, 'inc_swing': -7.92, 'bjp_shift': 10, 'bjp_swing': 1.57}",Akali Bastion: Strategic Penetration & Demolition Zone,ਅਕਾਲੀ ਦਲ ਦਾ ਪ੍ਰਭਾਵਿਤ ਖੇਤਰ: ਵਿਸ਼ੇਸ਼ ਘੇਰਾਬੰਦੀ ਜ਼ੋਨ,SAD retained lead here by +240 votes (57.2% share). Target moderate Panthic and farming families in Mughosohi disillusioned with traditional leadership. Appoint dedicated block coordinators and highlight direct government procurement and village development works.,ਅਕਾਲੀ ਦਲ ਨੇ ਇੱਥੇ +240 ਵੋਟਾਂ (57.2%) ਨਾਲ ਲੀਡ ਬਣਾਈ ਹੈ। ਮੁਗੋਸੋਹੀ ਵਿੱਚ ਰਵਾਇਤੀ ਲੀਡਰਸ਼ਿਪ ਤੋਂ ਨਿਰਾਸ਼ ਕਿਸਾਨ ਅਤੇ ਪੰਥਕ ਪਰਿਵਾਰਾਂ ਨਾਲ ਸੰਵਾਦ ਕਰੋ। ਪਿੰਡਾਂ ਵਿੱਚ ਪੰਜਾਬ ਸਰਕਾਰ ਦੇ ਵਿਕਾਸ ਕਾਰਜਾਂ ਅਤੇ ਨਿਰਪੱਖ ਭਰਤੀਆਂ ਦੇ ਸੁਨੇਹੇ ਨਾਲ ਸੰਨ੍ਹ ਲਗਾਓ।,"{'booth_no': '104', 'village_en': 'Mughosohi', 'village_pa': 'ਮੁਗੋਸੋਹੀ', 'zone_en': 'Akali Bastion: Strategic Penetration & Demolition Zone', 'zone_pa': 'ਅਕਾਲੀ ਦਲ ਦਾ ਪ੍ਰਭਾਵਿਤ ਖੇਤਰ: ਵਿਸ਼ੇਸ਼ ਘੇਰਾਬੰਦੀ ਜ਼ੋਨ', 'action_en': 'SAD retained lead here by +240 votes (57.2% share). Target moderate Panthic and farming families in Mughosohi disillusioned with traditional leadership. Appoint dedicated block coordinators and highlight direct government procurement and village development works.', 'action_pa': 'ਅਕਾਲੀ ਦਲ ਨੇ ਇੱਥੇ +240 ਵੋਟਾਂ (57.2%) ਨਾਲ ਲੀਡ ਬਣਾਈ ਹੈ। ਮੁਗੋਸੋਹੀ ਵਿੱਚ ਰਵਾਇਤੀ ਲੀਡਰਸ਼ਿਪ ਤੋਂ ਨਿਰਾਸ਼ ਕਿਸਾਨ ਅਤੇ ਪੰਥਕ ਪਰਿਵਾਰਾਂ ਨਾਲ ਸੰਵਾਦ ਕਰੋ। ਪਿੰਡਾਂ ਵਿੱਚ ਪੰਜਾਬ ਸਰਕਾਰ ਦੇ ਵਿਕਾਸ ਕਾਰਜਾਂ ਅਤੇ ਨਿਰਪੱਖ ਭਰਤੀਆਂ ਦੇ ਸੁਨੇਹੇ ਨਾਲ ਸੰਨ੍ਹ ਲਗਾਓ।', 'action_steps_en': ['Days 1-30: Map the top 30 influential non-committed Panthic families in Mughosohi.', 'Days 31-60: Deploy senior constituency leaders for direct home visits to address local disgruntlement.', ""Days 61-90: Neutralize SAD's +240 vote cushion by winning over agricultural youth.""], 'action_steps_pa': ['ਦਿਨ 1-30: ਮੁਗੋਸੋਹੀ ਦੇ 30 ਨਿਰਪੱਖ ਅਤੇ ਪ੍ਰਭਾਵਸ਼ਾਲੀ ਪਰਿਵਾਰਾਂ ਦੀ ਸ਼ਨਾਖਤ ਕਰੋ।', 'ਦਿਨ 31-60: ਸੀਨੀਅਰ ਲੀਡਰਸ਼ਿਪ ਰਾਹੀਂ ਘਰ-ਘਰ ਜਾ ਕੇ ਸਰਕਾਰ ਦੀਆਂ ਨਿਰਪੱਖ ਨੀਤੀਆਂ ਸਾਂਝੀਆਂ ਕਰੋ।', 'ਦਿਨ 61-90: ਨੌਜਵਾਨ ਵਰਗ ਨੂੰ ਸਰਕਾਰੀ ਨੌਕਰੀਆਂ ਅਤੇ ਖੇਡ ਕਿੱਟਾਂ ਰਾਹੀਂ ਪਾਰਟੀ ਨਾਲ ਜੋੜ ਕੇ ਲੀਡ ਘਟਾਓ।'], 'action_steps': ['ਦਿਨ 1-30: ਮੁਗੋਸੋਹੀ ਦੇ 30 ਨਿਰਪੱਖ ਅਤੇ ਪ੍ਰਭਾਵਸ਼ਾਲੀ ਪਰਿਵਾਰਾਂ ਦੀ ਸ਼ਨਾਖਤ ਕਰੋ।', 'ਦਿਨ 31-60: ਸੀਨੀਅਰ ਲੀਡਰਸ਼ਿਪ ਰਾਹੀਂ ਘਰ-ਘਰ ਜਾ ਕੇ ਸਰਕਾਰ ਦੀਆਂ ਨਿਰਪੱਖ ਨੀਤੀਆਂ ਸਾਂਝੀਆਂ ਕਰੋ।', 'ਦਿਨ 61-90: ਨੌਜਵਾਨ ਵਰਗ ਨੂੰ ਸਰਕਾਰੀ ਨੌਕਰੀਆਂ ਅਤੇ ਖੇਡ ਕਿੱਟਾਂ ਰਾਹੀਂ ਪਾਰਟੀ ਨਾਲ ਜੋੜ ਕੇ ਲੀਡ ਘਟਾਓ।']}"
105,105,104,105,105,False,#105,Booth #105 (Unchanged),ਬੂਥ #105 (ਅਣਬਦਲਿਆ),Pakhapura,ਪੱਖਾਪੁਰਾ,ਪੱਖਾਪੁਰਾ,Pakhapura,ਪੱਖਾਪੁਰਾ,Pakhapura,ਪੱਖਾਪੁਰਾ,SAD,INC,1,60,SAD → INC,SAD → INC,AAP Deficit,ਆਪ ਘਾਟ,INC Gain,"{'AAP': 'WEAK', 'SAD': 'LOST_24', 'INC': 'GAINED', 'BJP': 'WEAK'}",True,"{'is_flip': True, 'status_label': 'SAD → INC', 'turnout_diff': 76, 'turnout_pct': 12.9, 'sad_swing': -3.11, 'aap_swing': -8.91, 'inc_swing': 6.08, 'bjp_swing': 2.38}",589,665,76,12.9,207,213,6,35.14,32.03,-3.11,149,109,-40,25.3,16.39,-8.91,206,273,67,34.97,41.05,6.08,9,26,17,1.53,3.91,2.38,26,3.91,"{'total': 589, 'sad': 207, 'aap': 149, 'inc': 206, 'bjp': 9, 'sad_votes': 207, 'sad_pct': 35.14, 'aap_votes': 149, 'aap_pct': 25.3, 'inc_votes': 206, 'inc_pct': 34.97, 'bjp_votes': 9, 'bjp_pct': 1.53, 'winner_party': 'SAD', 'margin': 1, 'winner_candidate': 'Ganieve Kaur Majithia'}","{'total': 665, 'sad': 213, 'aap': 109, 'inc': 273, 'bjp': 26, 'sada': 26, 'bsp': 0, 'others': 16, 'sad_votes': 213, 'sad_pct': 32.03, 'aap_votes': 109, 'aap_pct': 16.39, 'inc_votes': 273, 'inc_pct': 41.05, 'bjp_votes': 26, 'bjp_pct': 3.91, 'sada_votes': 26, 'sada_pct': 3.91, 'winner_party': 'INC', 'margin': 60, 'winner_candidate': 'Gurjeet Singh Aujla'}","{'turnout_diff': 76, 'turnout_pct': 12.9, 'sad_shift': 6, 'sad_swing': -3.11, 'aap_shift': -40, 'aap_swing': -8.91, 'inc_shift': 67, 'inc_swing': 6.08, 'bjp_shift': 17, 'bjp_swing': 2.38}",Congress Belt: High-Intensity Reclamation Zone,ਕਾਂਗਰਸੀ ਪ੍ਰਭਾਵ ਵਾਲਾ ਹਲਕਾ: ਮੁੜ-ਬਹਾਲੀ ਜ਼ੋਨ,INC led by +60 votes with 41.0% vote share in Pakhapura. Neutralize traditional Congress sarpanch networks. Appoint 2 booth captains and directly onboard dynamic rural youth.,ਕਾਂਗਰਸ ਨੇ ਇੱਥੇ +60 ਵੋਟਾਂ (41.0%) ਦੀ ਲੀਡ ਲਈ ਹੈ। ਪੱਖਾਪੁਰਾ ਵਿੱਚ ਪੁਰਾਣੇ ਸਰਪੰਚੀ ਪ੍ਰਭਾਵ ਨੂੰ ਘਟਾਉਣ ਲਈ ਦੋ ਨਵੇਂ ਯੂਥ ਬੂਥ ਇੰਚਾਰਜ ਲਗਾਓ ਅਤੇ ਘਰ-ਘਰ ਸੰਪਰਕ ਮੁਹਿੰਮ ਚਲਾਓ।,"{'booth_no': '105', 'village_en': 'Pakhapura', 'village_pa': 'ਪੱਖਾਪੁਰਾ', 'zone_en': 'Congress Belt: High-Intensity Reclamation Zone', 'zone_pa': 'ਕਾਂਗਰਸੀ ਪ੍ਰਭਾਵ ਵਾਲਾ ਹਲਕਾ: ਮੁੜ-ਬਹਾਲੀ ਜ਼ੋਨ', 'action_en': 'INC led by +60 votes with 41.0% vote share in Pakhapura. Neutralize traditional Congress sarpanch networks. Appoint 2 booth captains and directly onboard dynamic rural youth.', 'action_pa': 'ਕਾਂਗਰਸ ਨੇ ਇੱਥੇ +60 ਵੋਟਾਂ (41.0%) ਦੀ ਲੀਡ ਲਈ ਹੈ। ਪੱਖਾਪੁਰਾ ਵਿੱਚ ਪੁਰਾਣੇ ਸਰਪੰਚੀ ਪ੍ਰਭਾਵ ਨੂੰ ਘਟਾਉਣ ਲਈ ਦੋ ਨਵੇਂ ਯੂਥ ਬੂਥ ਇੰਚਾਰਜ ਲਗਾਓ ਅਤੇ ਘਰ-ਘਰ ਸੰਪਰਕ ਮੁਹਿੰਮ ਚਲਾਓ।', 'action_steps_en': ['Days 1-30: Identify active vs inactive Congress booth workers in Pakhapura.', 'Days 31-60: Form rural welfare monitoring committee to connect village elders with state pensions.', ""Days 61-90: Overcome Congress's +60 vote lead through door-to-door cadre contact.""], 'action_steps_pa': ['ਦਿਨ 1-30: ਪੱਖਾਪੁਰਾ ਵਿੱਚ ਕਾਂਗਰਸੀ ਸਰਪੰਚਾਂ ਅਤੇ ਆਗੂਆਂ ਦੇ ਪ੍ਰਭਾਵ ਦਾ ਵਿਸ਼ਲੇਸ਼ਣ ਕਰੋ।', 'ਦਿਨ 31-60: ਬਜ਼ੁਰਗਾਂ ਅਤੇ ਔਰਤਾਂ ਨੂੰ ਪੈਨਸ਼ਨਾਂ ਤੇ ਭਲਾਈ ਸਕੀਮਾਂ ਨਾਲ ਜੋੜਨ ਲਈ ਕੈਂਪ ਲਗਾਓ।', 'ਦਿਨ 61-90: ਨੌਜਵਾਨਾਂ ਦੀ ਟੀਮ ਰਾਹੀਂ ਕਾਂਗਰਸ ਦੀ +60 ਵੋਟਾਂ ਦੀ ਲੀਡ ਖ਼ਤਮ ਕਰੋ।'], 'action_steps': ['ਦਿਨ 1-30: ਪੱਖਾਪੁਰਾ ਵਿੱਚ ਕਾਂਗਰਸੀ ਸਰਪੰਚਾਂ ਅਤੇ ਆਗੂਆਂ ਦੇ ਪ੍ਰਭਾਵ ਦਾ ਵਿਸ਼ਲੇਸ਼ਣ ਕਰੋ।', 'ਦਿਨ 31-60: ਬਜ਼ੁਰਗਾਂ ਅਤੇ ਔਰਤਾਂ ਨੂੰ ਪੈਨਸ਼ਨਾਂ ਤੇ ਭਲਾਈ ਸਕੀਮਾਂ ਨਾਲ ਜੋੜਨ ਲਈ ਕੈਂਪ ਲਗਾਓ।', 'ਦਿਨ 61-90: ਨੌਜਵਾਨਾਂ ਦੀ ਟੀਮ ਰਾਹੀਂ ਕਾਂਗਰਸ ਦੀ +60 ਵੋਟਾਂ ਦੀ ਲੀਡ ਖ਼ਤਮ ਕਰੋ।']}"
106,106,105,106,106,False,#106,Booth #106 (Unchanged),ਬੂਥ #106 (ਅਣਬਦਲਿਆ),Pakhapura,ਪੱਖਾਪੁਰਾ,ਪੱਖਾਪੁਰਾ,Pakhapura,ਪੱਖਾਪੁਰਾ,Pakhapura,ਪੱਖਾਪੁਰਾ,AAP,INC,32,171,AAP → INC,AAP → INC,AAP Loss,ਆਪ ਨੁਕਸਾਨ,INC Gain,"{'AAP': 'LOST_24', 'SAD': 'WEAK', 'INC': 'GAINED', 'BJP': 'WEAK'}",True,"{'is_flip': True, 'status_label': 'AAP → INC', 'turnout_diff': 117, 'turnout_pct': 23.83, 'sad_swing': -9.96, 'aap_swing': -23.72, 'inc_swing': 36.29, 'bjp_swing': -1.41}",491,608,117,23.83,166,145,-21,33.81,23.85,-9.96,198,101,-97,40.33,16.61,-23.72,77,316,239,15.68,51.97,36.29,15,10,-5,3.05,1.64,-1.41,9,1.48,"{'total': 491, 'sad': 166, 'aap': 198, 'inc': 77, 'bjp': 15, 'sad_votes': 166, 'sad_pct': 33.81, 'aap_votes': 198, 'aap_pct': 40.33, 'inc_votes': 77, 'inc_pct': 15.68, 'bjp_votes': 15, 'bjp_pct': 3.05, 'winner_party': 'AAP', 'margin': 32, 'winner_candidate': 'Sukhjinder Raj Singh (Lalli)'}","{'total': 608, 'sad': 145, 'aap': 101, 'inc': 316, 'bjp': 10, 'sada': 9, 'bsp': 0, 'others': 24, 'sad_votes': 145, 'sad_pct': 23.85, 'aap_votes': 101, 'aap_pct': 16.61, 'inc_votes': 316, 'inc_pct': 51.97, 'bjp_votes': 10, 'bjp_pct': 1.64, 'sada_votes': 9, 'sada_pct': 1.48, 'winner_party': 'INC', 'margin': 171, 'winner_candidate': 'Gurjeet Singh Aujla'}","{'turnout_diff': 117, 'turnout_pct': 23.83, 'sad_shift': -21, 'sad_swing': -9.96, 'aap_shift': -97, 'aap_swing': -23.72, 'inc_shift': 239, 'inc_swing': 36.29, 'bjp_shift': -5, 'bjp_swing': -1.41}",Congress Belt: High-Intensity Reclamation Zone,ਕਾਂਗਰਸੀ ਪ੍ਰਭਾਵ ਵਾਲਾ ਹਲਕਾ: ਮੁੜ-ਬਹਾਲੀ ਜ਼ੋਨ,INC led by +171 votes with 52.0% vote share in Pakhapura. Neutralize traditional Congress sarpanch networks. Appoint 2 booth captains and directly onboard dynamic rural youth.,ਕਾਂਗਰਸ ਨੇ ਇੱਥੇ +171 ਵੋਟਾਂ (52.0%) ਦੀ ਲੀਡ ਲਈ ਹੈ। ਪੱਖਾਪੁਰਾ ਵਿੱਚ ਪੁਰਾਣੇ ਸਰਪੰਚੀ ਪ੍ਰਭਾਵ ਨੂੰ ਘਟਾਉਣ ਲਈ ਦੋ ਨਵੇਂ ਯੂਥ ਬੂਥ ਇੰਚਾਰਜ ਲਗਾਓ ਅਤੇ ਘਰ-ਘਰ ਸੰਪਰਕ ਮੁਹਿੰਮ ਚਲਾਓ।,"{'booth_no': '106', 'village_en': 'Pakhapura', 'village_pa': 'ਪੱਖਾਪੁਰਾ', 'zone_en': 'Congress Belt: High-Intensity Reclamation Zone', 'zone_pa': 'ਕਾਂਗਰਸੀ ਪ੍ਰਭਾਵ ਵਾਲਾ ਹਲਕਾ: ਮੁੜ-ਬਹਾਲੀ ਜ਼ੋਨ', 'action_en': 'INC led by +171 votes with 52.0% vote share in Pakhapura. Neutralize traditional Congress sarpanch networks. Appoint 2 booth captains and directly onboard dynamic rural youth.', 'action_pa': 'ਕਾਂਗਰਸ ਨੇ ਇੱਥੇ +171 ਵੋਟਾਂ (52.0%) ਦੀ ਲੀਡ ਲਈ ਹੈ। ਪੱਖਾਪੁਰਾ ਵਿੱਚ ਪੁਰਾਣੇ ਸਰਪੰਚੀ ਪ੍ਰਭਾਵ ਨੂੰ ਘਟਾਉਣ ਲਈ ਦੋ ਨਵੇਂ ਯੂਥ ਬੂਥ ਇੰਚਾਰਜ ਲਗਾਓ ਅਤੇ ਘਰ-ਘਰ ਸੰਪਰਕ ਮੁਹਿੰਮ ਚਲਾਓ।', 'action_steps_en': ['Days 1-30: Identify active vs inactive Congress booth workers in Pakhapura.', 'Days 31-60: Form rural welfare monitoring committee to connect village elders with state pensions.', ""Days 61-90: Overcome Congress's +171 vote lead through door-to-door cadre contact.""], 'action_steps_pa': ['ਦਿਨ 1-30: ਪੱਖਾਪੁਰਾ ਵਿੱਚ ਕਾਂਗਰਸੀ ਸਰਪੰਚਾਂ ਅਤੇ ਆਗੂਆਂ ਦੇ ਪ੍ਰਭਾਵ ਦਾ ਵਿਸ਼ਲੇਸ਼ਣ ਕਰੋ।', 'ਦਿਨ 31-60: ਬਜ਼ੁਰਗਾਂ ਅਤੇ ਔਰਤਾਂ ਨੂੰ ਪੈਨਸ਼ਨਾਂ ਤੇ ਭਲਾਈ ਸਕੀਮਾਂ ਨਾਲ ਜੋੜਨ ਲਈ ਕੈਂਪ ਲਗਾਓ।', 'ਦਿਨ 61-90: ਨੌਜਵਾਨਾਂ ਦੀ ਟੀਮ ਰਾਹੀਂ ਕਾਂਗਰਸ ਦੀ +171 ਵੋਟਾਂ ਦੀ ਲੀਡ ਖ਼ਤਮ ਕਰੋ।'], 'action_steps': ['ਦਿਨ 1-30: ਪੱਖਾਪੁਰਾ ਵਿੱਚ ਕਾਂਗਰਸੀ ਸਰਪੰਚਾਂ ਅਤੇ ਆਗੂਆਂ ਦੇ ਪ੍ਰਭਾਵ ਦਾ ਵਿਸ਼ਲੇਸ਼ਣ ਕਰੋ।', 'ਦਿਨ 31-60: ਬਜ਼ੁਰਗਾਂ ਅਤੇ ਔਰਤਾਂ ਨੂੰ ਪੈਨਸ਼ਨਾਂ ਤੇ ਭਲਾਈ ਸਕੀਮਾਂ ਨਾਲ ਜੋੜਨ ਲਈ ਕੈਂਪ ਲਗਾਓ।', 'ਦਿਨ 61-90: ਨੌਜਵਾਨਾਂ ਦੀ ਟੀਮ ਰਾਹੀਂ ਕਾਂਗਰਸ ਦੀ +171 ਵੋਟਾਂ ਦੀ ਲੀਡ ਖ਼ਤਮ ਕਰੋ।']}"
107,107,106,107,107,False,#107,Booth #107 (Unchanged),ਬੂਥ #107 (ਅਣਬਦਲਿਆ),Pakhar Pura,ਪੱਖਰ ਪੁਰਾ,ਪੱਖਰ ਪੁਰਾ,Pakhar Pura,ਪੱਖਰ ਪੁਰਾ,Pakhar Pura,ਪੱਖਰ ਪੁਰਾ,SAD,SAD,106,130,SAD Retained,SAD Retained,AAP Deficit,ਆਪ ਘਾਟ,INC Deficit,"{'AAP': 'LOST_BOTH', 'SAD': 'WON_BOTH', 'INC': 'LOST_BOTH', 'BJP': 'LOST_BOTH'}",False,"{'is_flip': False, 'status_label': 'SAD Retained', 'turnout_diff': 24, 'turnout_pct': 2.91, 'sad_swing': -10.29, 'aap_swing': 12.19, 'inc_swing': -19.34, 'bjp_swing': 19.62}",826,850,24,2.91,393,317,-76,47.58,37.29,-10.29,81,187,106,9.81,22.0,12.19,287,131,-156,34.75,15.41,-19.34,7,174,167,0.85,20.47,19.62,14,1.65,"{'total': 826, 'sad': 393, 'aap': 81, 'inc': 287, 'bjp': 7, 'sad_votes': 393, 'sad_pct': 47.58, 'aap_votes': 81, 'aap_pct': 9.81, 'inc_votes': 287, 'inc_pct': 34.75, 'bjp_votes': 7, 'bjp_pct': 0.85, 'winner_party': 'SAD', 'margin': 106, 'winner_candidate': 'Ganieve Kaur Majithia'}","{'total': 850, 'sad': 317, 'aap': 187, 'inc': 131, 'bjp': 174, 'sada': 14, 'bsp': 5, 'others': 22, 'sad_votes': 317, 'sad_pct': 37.29, 'aap_votes': 187, 'aap_pct': 22.0, 'inc_votes': 131, 'inc_pct': 15.41, 'bjp_votes': 174, 'bjp_pct': 20.47, 'sada_votes': 14, 'sada_pct': 1.65, 'winner_party': 'SAD', 'margin': 130, 'winner_candidate': 'Anil Joshi'}","{'turnout_diff': 24, 'turnout_pct': 2.91, 'sad_shift': -76, 'sad_swing': -10.29, 'aap_shift': 106, 'aap_swing': 12.19, 'inc_shift': -156, 'inc_swing': -19.34, 'bjp_shift': 167, 'bjp_swing': 19.62}",Akali Bastion: Strategic Penetration & Demolition Zone,ਅਕਾਲੀ ਦਲ ਦਾ ਪ੍ਰਭਾਵਿਤ ਖੇਤਰ: ਵਿਸ਼ੇਸ਼ ਘੇਰਾਬੰਦੀ ਜ਼ੋਨ,SAD retained lead here by +130 votes (37.3% share). Target moderate Panthic and farming families in Pakhar Pura disillusioned with traditional leadership. Appoint dedicated block coordinators and highlight direct government procurement and village development works.,ਅਕਾਲੀ ਦਲ ਨੇ ਇੱਥੇ +130 ਵੋਟਾਂ (37.3%) ਨਾਲ ਲੀਡ ਬਣਾਈ ਹੈ। ਪੱਖਰ ਪੁਰਾ ਵਿੱਚ ਰਵਾਇਤੀ ਲੀਡਰਸ਼ਿਪ ਤੋਂ ਨਿਰਾਸ਼ ਕਿਸਾਨ ਅਤੇ ਪੰਥਕ ਪਰਿਵਾਰਾਂ ਨਾਲ ਸੰਵਾਦ ਕਰੋ। ਪਿੰਡਾਂ ਵਿੱਚ ਪੰਜਾਬ ਸਰਕਾਰ ਦੇ ਵਿਕਾਸ ਕਾਰਜਾਂ ਅਤੇ ਨਿਰਪੱਖ ਭਰਤੀਆਂ ਦੇ ਸੁਨੇਹੇ ਨਾਲ ਸੰਨ੍ਹ ਲਗਾਓ।,"{'booth_no': '107', 'village_en': 'Pakhar Pura', 'village_pa': 'ਪੱਖਰ ਪੁਰਾ', 'zone_en': 'Akali Bastion: Strategic Penetration & Demolition Zone', 'zone_pa': 'ਅਕਾਲੀ ਦਲ ਦਾ ਪ੍ਰਭਾਵਿਤ ਖੇਤਰ: ਵਿਸ਼ੇਸ਼ ਘੇਰਾਬੰਦੀ ਜ਼ੋਨ', 'action_en': 'SAD retained lead here by +130 votes (37.3% share). Target moderate Panthic and farming families in Pakhar Pura disillusioned with traditional leadership. Appoint dedicated block coordinators and highlight direct government procurement and village development works.', 'action_pa': 'ਅਕਾਲੀ ਦਲ ਨੇ ਇੱਥੇ +130 ਵੋਟਾਂ (37.3%) ਨਾਲ ਲੀਡ ਬਣਾਈ ਹੈ। ਪੱਖਰ ਪੁਰਾ ਵਿੱਚ ਰਵਾਇਤੀ ਲੀਡਰਸ਼ਿਪ ਤੋਂ ਨਿਰਾਸ਼ ਕਿਸਾਨ ਅਤੇ ਪੰਥਕ ਪਰਿਵਾਰਾਂ ਨਾਲ ਸੰਵਾਦ ਕਰੋ। ਪਿੰਡਾਂ ਵਿੱਚ ਪੰਜਾਬ ਸਰਕਾਰ ਦੇ ਵਿਕਾਸ ਕਾਰਜਾਂ ਅਤੇ ਨਿਰਪੱਖ ਭਰਤੀਆਂ ਦੇ ਸੁਨੇਹੇ ਨਾਲ ਸੰਨ੍ਹ ਲਗਾਓ।', 'action_steps_en': ['Days 1-30: Map the top 30 influential non-committed Panthic families in Pakhar Pura.', 'Days 31-60: Deploy senior constituency leaders for direct home visits to address local disgruntlement.', ""Days 61-90: Neutralize SAD's +130 vote cushion by winning over agricultural youth.""], 'action_steps_pa': ['ਦਿਨ 1-30: ਪੱਖਰ ਪੁਰਾ ਦੇ 30 ਨਿਰਪੱਖ ਅਤੇ ਪ੍ਰਭਾਵਸ਼ਾਲੀ ਪਰਿਵਾਰਾਂ ਦੀ ਸ਼ਨਾਖਤ ਕਰੋ।', 'ਦਿਨ 31-60: ਸੀਨੀਅਰ ਲੀਡਰਸ਼ਿਪ ਰਾਹੀਂ ਘਰ-ਘਰ ਜਾ ਕੇ ਸਰਕਾਰ ਦੀਆਂ ਨਿਰਪੱਖ ਨੀਤੀਆਂ ਸਾਂਝੀਆਂ ਕਰੋ।', 'ਦਿਨ 61-90: ਨੌਜਵਾਨ ਵਰਗ ਨੂੰ ਸਰਕਾਰੀ ਨੌਕਰੀਆਂ ਅਤੇ ਖੇਡ ਕਿੱਟਾਂ ਰਾਹੀਂ ਪਾਰਟੀ ਨਾਲ ਜੋੜ ਕੇ ਲੀਡ ਘਟਾਓ।'], 'action_steps': ['ਦਿਨ 1-30: ਪੱਖਰ ਪੁਰਾ ਦੇ 30 ਨਿਰਪੱਖ ਅਤੇ ਪ੍ਰਭਾਵਸ਼ਾਲੀ ਪਰਿਵਾਰਾਂ ਦੀ ਸ਼ਨਾਖਤ ਕਰੋ।', 'ਦਿਨ 31-60: ਸੀਨੀਅਰ ਲੀਡਰਸ਼ਿਪ ਰਾਹੀਂ ਘਰ-ਘਰ ਜਾ ਕੇ ਸਰਕਾਰ ਦੀਆਂ ਨਿਰਪੱਖ ਨੀਤੀਆਂ ਸਾਂਝੀਆਂ ਕਰੋ।', 'ਦਿਨ 61-90: ਨੌਜਵਾਨ ਵਰਗ ਨੂੰ ਸਰਕਾਰੀ ਨੌਕਰੀਆਂ ਅਤੇ ਖੇਡ ਕਿੱਟਾਂ ਰਾਹੀਂ ਪਾਰਟੀ ਨਾਲ ਜੋੜ ਕੇ ਲੀਡ ਘਟਾਓ।']}"
108,108,107,108,108,False,#108,Booth #108 (Unchanged),ਬੂਥ #108 (ਅਣਬਦਲਿਆ),Jaintipur,ਜੈੰਤੀਪੁਰ,ਜੈੰਤੀਪੁਰ,Jaintipur,ਜੈੰਤੀਪੁਰ,Jaintipur,ਜੈੰਤੀਪੁਰ,SAD,INC,12,44,SAD → INC,SAD → INC,AAP Deficit,ਆਪ ਘਾਟ,INC Gain,"{'AAP': 'WEAK', 'SAD': 'LOST_24', 'INC': 'GAINED', 'BJP': 'WEAK'}",True,"{'is_flip': True, 'status_label': 'SAD → INC', 'turnout_diff': 427, 'turnout_pct': 75.84, 'sad_swing': 1.24, 'aap_swing': -43.18, 'inc_swing': 47.79, 'bjp_swing': -0.08}",563,990,427,75.84,258,466,208,45.83,47.07,1.24,246,5,-241,43.69,0.51,-43.18,21,510,489,3.73,51.52,47.79,5,8,3,0.89,0.81,-0.08,0,0.0,"{'total': 563, 'sad': 258, 'aap': 246, 'inc': 21, 'bjp': 5, 'sad_votes': 258, 'sad_pct': 45.83, 'aap_votes': 246, 'aap_pct': 43.69, 'inc_votes': 21, 'inc_pct': 3.73, 'bjp_votes': 5, 'bjp_pct': 0.89, 'winner_party': 'SAD', 'margin': 12, 'winner_candidate': 'Ganieve Kaur Majithia'}","{'total': 990, 'sad': 466, 'aap': 5, 'inc': 510, 'bjp': 8, 'sada': 0, 'bsp': 0, 'others': 1, 'sad_votes': 466, 'sad_pct': 47.07, 'aap_votes': 5, 'aap_pct': 0.51, 'inc_votes': 510, 'inc_pct': 51.52, 'bjp_votes': 8, 'bjp_pct': 0.81, 'sada_votes': 0, 'sada_pct': 0.0, 'winner_party': 'INC', 'margin': 44, 'winner_candidate': 'Gurjeet Singh Aujla'}","{'turnout_diff': 427, 'turnout_pct': 75.84, 'sad_shift': 208, 'sad_swing': 1.24, 'aap_shift': -241, 'aap_swing': -43.18, 'inc_shift': 489, 'inc_swing': 47.79, 'bjp_shift': 3, 'bjp_swing': -0.08}",Congress Belt: High-Intensity Reclamation Zone,ਕਾਂਗਰਸੀ ਪ੍ਰਭਾਵ ਵਾਲਾ ਹਲਕਾ: ਮੁੜ-ਬਹਾਲੀ ਜ਼ੋਨ,INC led by +44 votes with 51.5% vote share in Jaintipur. Neutralize traditional Congress sarpanch networks. Appoint 2 booth captains and directly onboard dynamic rural youth.,ਕਾਂਗਰਸ ਨੇ ਇੱਥੇ +44 ਵੋਟਾਂ (51.5%) ਦੀ ਲੀਡ ਲਈ ਹੈ। ਜੈੰਤੀਪੁਰ ਵਿੱਚ ਪੁਰਾਣੇ ਸਰਪੰਚੀ ਪ੍ਰਭਾਵ ਨੂੰ ਘਟਾਉਣ ਲਈ ਦੋ ਨਵੇਂ ਯੂਥ ਬੂਥ ਇੰਚਾਰਜ ਲਗਾਓ ਅਤੇ ਘਰ-ਘਰ ਸੰਪਰਕ ਮੁਹਿੰਮ ਚਲਾਓ।,"{'booth_no': '108', 'village_en': 'Jaintipur', 'village_pa': 'ਜੈੰਤੀਪੁਰ', 'zone_en': 'Congress Belt: High-Intensity Reclamation Zone', 'zone_pa': 'ਕਾਂਗਰਸੀ ਪ੍ਰਭਾਵ ਵਾਲਾ ਹਲਕਾ: ਮੁੜ-ਬਹਾਲੀ ਜ਼ੋਨ', 'action_en': 'INC led by +44 votes with 51.5% vote share in Jaintipur. Neutralize traditional Congress sarpanch networks. Appoint 2 booth captains and directly onboard dynamic rural youth.', 'action_pa': 'ਕਾਂਗਰਸ ਨੇ ਇੱਥੇ +44 ਵੋਟਾਂ (51.5%) ਦੀ ਲੀਡ ਲਈ ਹੈ। ਜੈੰਤੀਪੁਰ ਵਿੱਚ ਪੁਰਾਣੇ ਸਰਪੰਚੀ ਪ੍ਰਭਾਵ ਨੂੰ ਘਟਾਉਣ ਲਈ ਦੋ ਨਵੇਂ ਯੂਥ ਬੂਥ ਇੰਚਾਰਜ ਲਗਾਓ ਅਤੇ ਘਰ-ਘਰ ਸੰਪਰਕ ਮੁਹਿੰਮ ਚਲਾਓ।', 'action_steps_en': ['Days 1-30: Identify active vs inactive Congress booth workers in Jaintipur.', 'Days 31-60: Form rural welfare monitoring committee to connect village elders with state pensions.', ""Days 61-90: Overcome Congress's +44 vote lead through door-to-door cadre contact.""], 'action_steps_pa': ['ਦਿਨ 1-30: ਜੈੰਤੀਪੁਰ ਵਿੱਚ ਕਾਂਗਰਸੀ ਸਰਪੰਚਾਂ ਅਤੇ ਆਗੂਆਂ ਦੇ ਪ੍ਰਭਾਵ ਦਾ ਵਿਸ਼ਲੇਸ਼ਣ ਕਰੋ।', 'ਦਿਨ 31-60: ਬਜ਼ੁਰਗਾਂ ਅਤੇ ਔਰਤਾਂ ਨੂੰ ਪੈਨਸ਼ਨਾਂ ਤੇ ਭਲਾਈ ਸਕੀਮਾਂ ਨਾਲ ਜੋੜਨ ਲਈ ਕੈਂਪ ਲਗਾਓ।', 'ਦਿਨ 61-90: ਨੌਜਵਾਨਾਂ ਦੀ ਟੀਮ ਰਾਹੀਂ ਕਾਂਗਰਸ ਦੀ +44 ਵੋਟਾਂ ਦੀ ਲੀਡ ਖ਼ਤਮ ਕਰੋ।'], 'action_steps': ['ਦਿਨ 1-30: ਜੈੰਤੀਪੁਰ ਵਿੱਚ ਕਾਂਗਰਸੀ ਸਰਪੰਚਾਂ ਅਤੇ ਆਗੂਆਂ ਦੇ ਪ੍ਰਭਾਵ ਦਾ ਵਿਸ਼ਲੇਸ਼ਣ ਕਰੋ।', 'ਦਿਨ 31-60: ਬਜ਼ੁਰਗਾਂ ਅਤੇ ਔਰਤਾਂ ਨੂੰ ਪੈਨਸ਼ਨਾਂ ਤੇ ਭਲਾਈ ਸਕੀਮਾਂ ਨਾਲ ਜੋੜਨ ਲਈ ਕੈਂਪ ਲਗਾਓ।', 'ਦਿਨ 61-90: ਨੌਜਵਾਨਾਂ ਦੀ ਟੀਮ ਰਾਹੀਂ ਕਾਂਗਰਸ ਦੀ +44 ਵੋਟਾਂ ਦੀ ਲੀਡ ਖ਼ਤਮ ਕਰੋ।']}"
109,109,108A,109,109,False,#109,Booth #109 (Unchanged),ਬੂਥ #109 (ਅਣਬਦਲਿਆ),Talwandi Khuman,ਤਲਵੰਡੀ ਖੁਮਣ,ਤਲਵੰਡੀ ਖੁਮਣ,Talwandi Khuman,ਤਲਵੰਡੀ ਖੁਮਣ,Talwandi Khuman,ਤਲਵੰਡੀ ਖੁਮਣ,SAD,SAD,4,25,SAD Retained,SAD Retained,AAP Deficit,ਆਪ ਘਾਟ,INC Deficit,"{'AAP': 'LOST_BOTH', 'SAD': 'WON_BOTH', 'INC': 'LOST_BOTH', 'BJP': 'WEAK'}",False,"{'is_flip': False, 'status_label': 'SAD Retained', 'turnout_diff': 30, 'turnout_pct': 6.33, 'sad_swing': -1.91, 'aap_swing': -6.03, 'inc_swing': 11.28, 'bjp_swing': 0.58}",474,504,30,6.33,200,203,3,42.19,40.28,-1.91,196,178,-18,41.35,35.32,-6.03,18,76,58,3.8,15.08,11.28,1,4,3,0.21,0.79,0.58,24,4.76,"{'total': 474, 'sad': 200, 'aap': 196, 'inc': 18, 'bjp': 1, 'sad_votes': 200, 'sad_pct': 42.19, 'aap_votes': 196, 'aap_pct': 41.35, 'inc_votes': 18, 'inc_pct': 3.8, 'bjp_votes': 1, 'bjp_pct': 0.21, 'winner_party': 'SAD', 'margin': 4, 'winner_candidate': 'Ganieve Kaur Majithia'}","{'total': 504, 'sad': 203, 'aap': 178, 'inc': 76, 'bjp': 4, 'sada': 24, 'bsp': 2, 'others': 14, 'sad_votes': 203, 'sad_pct': 40.28, 'aap_votes': 178, 'aap_pct': 35.32, 'inc_votes': 76, 'inc_pct': 15.08, 'bjp_votes': 4, 'bjp_pct': 0.79, 'sada_votes': 24, 'sada_pct': 4.76, 'winner_party': 'SAD', 'margin': 25, 'winner_candidate': 'Anil Joshi'}","{'turnout_diff': 30, 'turnout_pct': 6.33, 'sad_shift': 3, 'sad_swing': -1.91, 'aap_shift': -18, 'aap_swing': -6.03, 'inc_shift': 58, 'inc_swing': 11.28, 'bjp_shift': 3, 'bjp_swing': 0.58}",Akali Bastion: Strategic Penetration & Demolition Zone,ਅਕਾਲੀ ਦਲ ਦਾ ਪ੍ਰਭਾਵਿਤ ਖੇਤਰ: ਵਿਸ਼ੇਸ਼ ਘੇਰਾਬੰਦੀ ਜ਼ੋਨ,SAD retained lead here by +25 votes (40.3% share). Target moderate Panthic and farming families in Talwandi Khuman disillusioned with traditional leadership. Appoint dedicated block coordinators and highlight direct government procurement and village development works.,ਅਕਾਲੀ ਦਲ ਨੇ ਇੱਥੇ +25 ਵੋਟਾਂ (40.3%) ਨਾਲ ਲੀਡ ਬਣਾਈ ਹੈ। ਤਲਵੰਡੀ ਖੁਮਣ ਵਿੱਚ ਰਵਾਇਤੀ ਲੀਡਰਸ਼ਿਪ ਤੋਂ ਨਿਰਾਸ਼ ਕਿਸਾਨ ਅਤੇ ਪੰਥਕ ਪਰਿਵਾਰਾਂ ਨਾਲ ਸੰਵਾਦ ਕਰੋ। ਪਿੰਡਾਂ ਵਿੱਚ ਪੰਜਾਬ ਸਰਕਾਰ ਦੇ ਵਿਕਾਸ ਕਾਰਜਾਂ ਅਤੇ ਨਿਰਪੱਖ ਭਰਤੀਆਂ ਦੇ ਸੁਨੇਹੇ ਨਾਲ ਸੰਨ੍ਹ ਲਗਾਓ।,"{'booth_no': '109', 'village_en': 'Talwandi Khuman', 'village_pa': 'ਤਲਵੰਡੀ ਖੁਮਣ', 'zone_en': 'Akali Bastion: Strategic Penetration & Demolition Zone', 'zone_pa': 'ਅਕਾਲੀ ਦਲ ਦਾ ਪ੍ਰਭਾਵਿਤ ਖੇਤਰ: ਵਿਸ਼ੇਸ਼ ਘੇਰਾਬੰਦੀ ਜ਼ੋਨ', 'action_en': 'SAD retained lead here by +25 votes (40.3% share). Target moderate Panthic and farming families in Talwandi Khuman disillusioned with traditional leadership. Appoint dedicated block coordinators and highlight direct government procurement and village development works.', 'action_pa': 'ਅਕਾਲੀ ਦਲ ਨੇ ਇੱਥੇ +25 ਵੋਟਾਂ (40.3%) ਨਾਲ ਲੀਡ ਬਣਾਈ ਹੈ। ਤਲਵੰਡੀ ਖੁਮਣ ਵਿੱਚ ਰਵਾਇਤੀ ਲੀਡਰਸ਼ਿਪ ਤੋਂ ਨਿਰਾਸ਼ ਕਿਸਾਨ ਅਤੇ ਪੰਥਕ ਪਰਿਵਾਰਾਂ ਨਾਲ ਸੰਵਾਦ ਕਰੋ। ਪਿੰਡਾਂ ਵਿੱਚ ਪੰਜਾਬ ਸਰਕਾਰ ਦੇ ਵਿਕਾਸ ਕਾਰਜਾਂ ਅਤੇ ਨਿਰਪੱਖ ਭਰਤੀਆਂ ਦੇ ਸੁਨੇਹੇ ਨਾਲ ਸੰਨ੍ਹ ਲਗਾਓ।', 'action_steps_en': ['Days 1-30: Map the top 30 influential non-committed Panthic families in Talwandi Khuman.', 'Days 31-60: Deploy senior constituency leaders for direct home visits to address local disgruntlement.', ""Days 61-90: Neutralize SAD's +25 vote cushion by winning over agricultural youth.""], 'action_steps_pa': ['ਦਿਨ 1-30: ਤਲਵੰਡੀ ਖੁਮਣ ਦੇ 30 ਨਿਰਪੱਖ ਅਤੇ ਪ੍ਰਭਾਵਸ਼ਾਲੀ ਪਰਿਵਾਰਾਂ ਦੀ ਸ਼ਨਾਖਤ ਕਰੋ।', 'ਦਿਨ 31-60: ਸੀਨੀਅਰ ਲੀਡਰਸ਼ਿਪ ਰਾਹੀਂ ਘਰ-ਘਰ ਜਾ ਕੇ ਸਰਕਾਰ ਦੀਆਂ ਨਿਰਪੱਖ ਨੀਤੀਆਂ ਸਾਂਝੀਆਂ ਕਰੋ।', 'ਦਿਨ 61-90: ਨੌਜਵਾਨ ਵਰਗ ਨੂੰ ਸਰਕਾਰੀ ਨੌਕਰੀਆਂ ਅਤੇ ਖੇਡ ਕਿੱਟਾਂ ਰਾਹੀਂ ਪਾਰਟੀ ਨਾਲ ਜੋੜ ਕੇ ਲੀਡ ਘਟਾਓ।'], 'action_steps': ['ਦਿਨ 1-30: ਤਲਵੰਡੀ ਖੁਮਣ ਦੇ 30 ਨਿਰਪੱਖ ਅਤੇ ਪ੍ਰਭਾਵਸ਼ਾਲੀ ਪਰਿਵਾਰਾਂ ਦੀ ਸ਼ਨਾਖਤ ਕਰੋ।', 'ਦਿਨ 31-60: ਸੀਨੀਅਰ ਲੀਡਰਸ਼ਿਪ ਰਾਹੀਂ ਘਰ-ਘਰ ਜਾ ਕੇ ਸਰਕਾਰ ਦੀਆਂ ਨਿਰਪੱਖ ਨੀਤੀਆਂ ਸਾਂਝੀਆਂ ਕਰੋ।', 'ਦਿਨ 61-90: ਨੌਜਵਾਨ ਵਰਗ ਨੂੰ ਸਰਕਾਰੀ ਨੌਕਰੀਆਂ ਅਤੇ ਖੇਡ ਕਿੱਟਾਂ ਰਾਹੀਂ ਪਾਰਟੀ ਨਾਲ ਜੋੜ ਕੇ ਲੀਡ ਘਟਾਓ।']}"
110,110,108,110,110,False,#110,Booth #110 (Unchanged),ਬੂਥ #110 (ਅਣਬਦਲਿਆ),Talwandi Khuman,ਤਲਵੰਡੀ ਖੁਮਣ,ਤਲਵੰਡੀ ਖੁਮਣ,Talwandi Khuman,ਤਲਵੰਡੀ ਖੁਮਣ,Talwandi Khuman,ਤਲਵੰਡੀ ਖੁਮਣ,SAD,SAD,65,43,SAD Retained,SAD Retained,AAP Deficit,ਆਪ ਘਾਟ,INC Deficit,"{'AAP': 'LOST_BOTH', 'SAD': 'WON_BOTH', 'INC': 'WEAK', 'BJP': 'WEAK'}",False,"{'is_flip': False, 'status_label': 'SAD Retained', 'turnout_diff': -296, 'turnout_pct': -37.8, 'sad_swing': 4.77, 'aap_swing': 4.24, 'inc_swing': -9.24, 'bjp_swing': 0.52}",783,487,-296,-37.8,318,221,-97,40.61,45.38,4.77,253,178,-75,32.31,36.55,4.24,156,52,-104,19.92,10.68,-9.24,4,5,1,0.51,1.03,0.52,4,0.82,"{'total': 783, 'sad': 318, 'aap': 253, 'inc': 156, 'bjp': 4, 'sad_votes': 318, 'sad_pct': 40.61, 'aap_votes': 253, 'aap_pct': 32.31, 'inc_votes': 156, 'inc_pct': 19.92, 'bjp_votes': 4, 'bjp_pct': 0.51, 'winner_party': 'SAD', 'margin': 65, 'winner_candidate': 'Ganieve Kaur Majithia'}","{'total': 487, 'sad': 221, 'aap': 178, 'inc': 52, 'bjp': 5, 'sada': 4, 'bsp': 3, 'others': 22, 'sad_votes': 221, 'sad_pct': 45.38, 'aap_votes': 178, 'aap_pct': 36.55, 'inc_votes': 52, 'inc_pct': 10.68, 'bjp_votes': 5, 'bjp_pct': 1.03, 'sada_votes': 4, 'sada_pct': 0.82, 'winner_party': 'SAD', 'margin': 43, 'winner_candidate': 'Anil Joshi'}","{'turnout_diff': -296, 'turnout_pct': -37.8, 'sad_shift': -97, 'sad_swing': 4.77, 'aap_shift': -75, 'aap_swing': 4.24, 'inc_shift': -104, 'inc_swing': -9.24, 'bjp_shift': 1, 'bjp_swing': 0.52}",Akali Bastion: Strategic Penetration & Demolition Zone,ਅਕਾਲੀ ਦਲ ਦਾ ਪ੍ਰਭਾਵਿਤ ਖੇਤਰ: ਵਿਸ਼ੇਸ਼ ਘੇਰਾਬੰਦੀ ਜ਼ੋਨ,SAD retained lead here by +43 votes (45.4% share). Target moderate Panthic and farming families in Talwandi Khuman disillusioned with traditional leadership. Appoint dedicated block coordinators and highlight direct government procurement and village development works.,ਅਕਾਲੀ ਦਲ ਨੇ ਇੱਥੇ +43 ਵੋਟਾਂ (45.4%) ਨਾਲ ਲੀਡ ਬਣਾਈ ਹੈ। ਤਲਵੰਡੀ ਖੁਮਣ ਵਿੱਚ ਰਵਾਇਤੀ ਲੀਡਰਸ਼ਿਪ ਤੋਂ ਨਿਰਾਸ਼ ਕਿਸਾਨ ਅਤੇ ਪੰਥਕ ਪਰਿਵਾਰਾਂ ਨਾਲ ਸੰਵਾਦ ਕਰੋ। ਪਿੰਡਾਂ ਵਿੱਚ ਪੰਜਾਬ ਸਰਕਾਰ ਦੇ ਵਿਕਾਸ ਕਾਰਜਾਂ ਅਤੇ ਨਿਰਪੱਖ ਭਰਤੀਆਂ ਦੇ ਸੁਨੇਹੇ ਨਾਲ ਸੰਨ੍ਹ ਲਗਾਓ।,"{'booth_no': '110', 'village_en': 'Talwandi Khuman', 'village_pa': 'ਤਲਵੰਡੀ ਖੁਮਣ', 'zone_en': 'Akali Bastion: Strategic Penetration & Demolition Zone', 'zone_pa': 'ਅਕਾਲੀ ਦਲ ਦਾ ਪ੍ਰਭਾਵਿਤ ਖੇਤਰ: ਵਿਸ਼ੇਸ਼ ਘੇਰਾਬੰਦੀ ਜ਼ੋਨ', 'action_en': 'SAD retained lead here by +43 votes (45.4% share). Target moderate Panthic and farming families in Talwandi Khuman disillusioned with traditional leadership. Appoint dedicated block coordinators and highlight direct government procurement and village development works.', 'action_pa': 'ਅਕਾਲੀ ਦਲ ਨੇ ਇੱਥੇ +43 ਵੋਟਾਂ (45.4%) ਨਾਲ ਲੀਡ ਬਣਾਈ ਹੈ। ਤਲਵੰਡੀ ਖੁਮਣ ਵਿੱਚ ਰਵਾਇਤੀ ਲੀਡਰਸ਼ਿਪ ਤੋਂ ਨਿਰਾਸ਼ ਕਿਸਾਨ ਅਤੇ ਪੰਥਕ ਪਰਿਵਾਰਾਂ ਨਾਲ ਸੰਵਾਦ ਕਰੋ। ਪਿੰਡਾਂ ਵਿੱਚ ਪੰਜਾਬ ਸਰਕਾਰ ਦੇ ਵਿਕਾਸ ਕਾਰਜਾਂ ਅਤੇ ਨਿਰਪੱਖ ਭਰਤੀਆਂ ਦੇ ਸੁਨੇਹੇ ਨਾਲ ਸੰਨ੍ਹ ਲਗਾਓ।', 'action_steps_en': ['Days 1-30: Map the top 30 influential non-committed Panthic families in Talwandi Khuman.', 'Days 31-60: Deploy senior constituency leaders for direct home visits to address local disgruntlement.', ""Days 61-90: Neutralize SAD's +43 vote cushion by winning over agricultural youth.""], 'action_steps_pa': ['ਦਿਨ 1-30: ਤਲਵੰਡੀ ਖੁਮਣ ਦੇ 30 ਨਿਰਪੱਖ ਅਤੇ ਪ੍ਰਭਾਵਸ਼ਾਲੀ ਪਰਿਵਾਰਾਂ ਦੀ ਸ਼ਨਾਖਤ ਕਰੋ।', 'ਦਿਨ 31-60: ਸੀਨੀਅਰ ਲੀਡਰਸ਼ਿਪ ਰਾਹੀਂ ਘਰ-ਘਰ ਜਾ ਕੇ ਸਰਕਾਰ ਦੀਆਂ ਨਿਰਪੱਖ ਨੀਤੀਆਂ ਸਾਂਝੀਆਂ ਕਰੋ।', 'ਦਿਨ 61-90: ਨੌਜਵਾਨ ਵਰਗ ਨੂੰ ਸਰਕਾਰੀ ਨੌਕਰੀਆਂ ਅਤੇ ਖੇਡ ਕਿੱਟਾਂ ਰਾਹੀਂ ਪਾਰਟੀ ਨਾਲ ਜੋੜ ਕੇ ਲੀਡ ਘਟਾਓ।'], 'action_steps': ['ਦਿਨ 1-30: ਤਲਵੰਡੀ ਖੁਮਣ ਦੇ 30 ਨਿਰਪੱਖ ਅਤੇ ਪ੍ਰਭਾਵਸ਼ਾਲੀ ਪਰਿਵਾਰਾਂ ਦੀ ਸ਼ਨਾਖਤ ਕਰੋ।', 'ਦਿਨ 31-60: ਸੀਨੀਅਰ ਲੀਡਰਸ਼ਿਪ ਰਾਹੀਂ ਘਰ-ਘਰ ਜਾ ਕੇ ਸਰਕਾਰ ਦੀਆਂ ਨਿਰਪੱਖ ਨੀਤੀਆਂ ਸਾਂਝੀਆਂ ਕਰੋ।', 'ਦਿਨ 61-90: ਨੌਜਵਾਨ ਵਰਗ ਨੂੰ ਸਰਕਾਰੀ ਨੌਕਰੀਆਂ ਅਤੇ ਖੇਡ ਕਿੱਟਾਂ ਰਾਹੀਂ ਪਾਰਟੀ ਨਾਲ ਜੋੜ ਕੇ ਲੀਡ ਘਟਾਓ।']}"
111,111,109,111,111,False,#111,Booth #111 (Unchanged),ਬੂਥ #111 (ਅਣਬਦਲਿਆ),Abdal,ਅਬਦਾਲ,ਅਬਦਾਲ,Abdal,ਅਬਦਾਲ,Abdal,ਅਬਦਾਲ,SAD,SAD,155,21,SAD Retained,SAD Retained,AAP Deficit,ਆਪ ਘਾਟ,INC Deficit,"{'AAP': 'LOST_BOTH', 'SAD': 'WON_BOTH', 'INC': 'WEAK', 'BJP': 'WEAK'}",False,"{'is_flip': False, 'status_label': 'SAD Retained', 'turnout_diff': 194, 'turnout_pct': 37.82, 'sad_swing': -19.62, 'aap_swing': 32.38, 'inc_swing': -16.98, 'bjp_swing': 1.48}",513,707,194,37.82,306,283,-23,59.65,40.03,-19.62,24,262,238,4.68,37.06,32.38,151,88,-63,29.43,12.45,-16.98,4,16,12,0.78,2.26,1.48,20,2.83,"{'total': 513, 'sad': 306, 'aap': 24, 'inc': 151, 'bjp': 4, 'sad_votes': 306, 'sad_pct': 59.65, 'aap_votes': 24, 'aap_pct': 4.68, 'inc_votes': 151, 'inc_pct': 29.43, 'bjp_votes': 4, 'bjp_pct': 0.78, 'winner_party': 'SAD', 'margin': 155, 'winner_candidate': 'Ganieve Kaur Majithia'}","{'total': 707, 'sad': 283, 'aap': 262, 'inc': 88, 'bjp': 16, 'sada': 20, 'bsp': 15, 'others': 21, 'sad_votes': 283, 'sad_pct': 40.03, 'aap_votes': 262, 'aap_pct': 37.06, 'inc_votes': 88, 'inc_pct': 12.45, 'bjp_votes': 16, 'bjp_pct': 2.26, 'sada_votes': 20, 'sada_pct': 2.83, 'winner_party': 'SAD', 'margin': 21, 'winner_candidate': 'Anil Joshi'}","{'turnout_diff': 194, 'turnout_pct': 37.82, 'sad_shift': -23, 'sad_swing': -19.62, 'aap_shift': 238, 'aap_swing': 32.38, 'inc_shift': -63, 'inc_swing': -16.98, 'bjp_shift': 12, 'bjp_swing': 1.48}",Akali Bastion: Strategic Penetration & Demolition Zone,ਅਕਾਲੀ ਦਲ ਦਾ ਪ੍ਰਭਾਵਿਤ ਖੇਤਰ: ਵਿਸ਼ੇਸ਼ ਘੇਰਾਬੰਦੀ ਜ਼ੋਨ,SAD retained lead here by +21 votes (40.0% share). Target moderate Panthic and farming families in Abdal disillusioned with traditional leadership. Appoint dedicated block coordinators and highlight direct government procurement and village development works.,ਅਕਾਲੀ ਦਲ ਨੇ ਇੱਥੇ +21 ਵੋਟਾਂ (40.0%) ਨਾਲ ਲੀਡ ਬਣਾਈ ਹੈ। ਅਬਦਾਲ ਵਿੱਚ ਰਵਾਇਤੀ ਲੀਡਰਸ਼ਿਪ ਤੋਂ ਨਿਰਾਸ਼ ਕਿਸਾਨ ਅਤੇ ਪੰਥਕ ਪਰਿਵਾਰਾਂ ਨਾਲ ਸੰਵਾਦ ਕਰੋ। ਪਿੰਡਾਂ ਵਿੱਚ ਪੰਜਾਬ ਸਰਕਾਰ ਦੇ ਵਿਕਾਸ ਕਾਰਜਾਂ ਅਤੇ ਨਿਰਪੱਖ ਭਰਤੀਆਂ ਦੇ ਸੁਨੇਹੇ ਨਾਲ ਸੰਨ੍ਹ ਲਗਾਓ।,"{'booth_no': '111', 'village_en': 'Abdal', 'village_pa': 'ਅਬਦਾਲ', 'zone_en': 'Akali Bastion: Strategic Penetration & Demolition Zone', 'zone_pa': 'ਅਕਾਲੀ ਦਲ ਦਾ ਪ੍ਰਭਾਵਿਤ ਖੇਤਰ: ਵਿਸ਼ੇਸ਼ ਘੇਰਾਬੰਦੀ ਜ਼ੋਨ', 'action_en': 'SAD retained lead here by +21 votes (40.0% share). Target moderate Panthic and farming families in Abdal disillusioned with traditional leadership. Appoint dedicated block coordinators and highlight direct government procurement and village development works.', 'action_pa': 'ਅਕਾਲੀ ਦਲ ਨੇ ਇੱਥੇ +21 ਵੋਟਾਂ (40.0%) ਨਾਲ ਲੀਡ ਬਣਾਈ ਹੈ। ਅਬਦਾਲ ਵਿੱਚ ਰਵਾਇਤੀ ਲੀਡਰਸ਼ਿਪ ਤੋਂ ਨਿਰਾਸ਼ ਕਿਸਾਨ ਅਤੇ ਪੰਥਕ ਪਰਿਵਾਰਾਂ ਨਾਲ ਸੰਵਾਦ ਕਰੋ। ਪਿੰਡਾਂ ਵਿੱਚ ਪੰਜਾਬ ਸਰਕਾਰ ਦੇ ਵਿਕਾਸ ਕਾਰਜਾਂ ਅਤੇ ਨਿਰਪੱਖ ਭਰਤੀਆਂ ਦੇ ਸੁਨੇਹੇ ਨਾਲ ਸੰਨ੍ਹ ਲਗਾਓ।', 'action_steps_en': ['Days 1-30: Map the top 30 influential non-committed Panthic families in Abdal.', 'Days 31-60: Deploy senior constituency leaders for direct home visits to address local disgruntlement.', ""Days 61-90: Neutralize SAD's +21 vote cushion by winning over agricultural youth.""], 'action_steps_pa': ['ਦਿਨ 1-30: ਅਬਦਾਲ ਦੇ 30 ਨਿਰਪੱਖ ਅਤੇ ਪ੍ਰਭਾਵਸ਼ਾਲੀ ਪਰਿਵਾਰਾਂ ਦੀ ਸ਼ਨਾਖਤ ਕਰੋ।', 'ਦਿਨ 31-60: ਸੀਨੀਅਰ ਲੀਡਰਸ਼ਿਪ ਰਾਹੀਂ ਘਰ-ਘਰ ਜਾ ਕੇ ਸਰਕਾਰ ਦੀਆਂ ਨਿਰਪੱਖ ਨੀਤੀਆਂ ਸਾਂਝੀਆਂ ਕਰੋ।', 'ਦਿਨ 61-90: ਨੌਜਵਾਨ ਵਰਗ ਨੂੰ ਸਰਕਾਰੀ ਨੌਕਰੀਆਂ ਅਤੇ ਖੇਡ ਕਿੱਟਾਂ ਰਾਹੀਂ ਪਾਰਟੀ ਨਾਲ ਜੋੜ ਕੇ ਲੀਡ ਘਟਾਓ।'], 'action_steps': ['ਦਿਨ 1-30: ਅਬਦਾਲ ਦੇ 30 ਨਿਰਪੱਖ ਅਤੇ ਪ੍ਰਭਾਵਸ਼ਾਲੀ ਪਰਿਵਾਰਾਂ ਦੀ ਸ਼ਨਾਖਤ ਕਰੋ।', 'ਦਿਨ 31-60: ਸੀਨੀਅਰ ਲੀਡਰਸ਼ਿਪ ਰਾਹੀਂ ਘਰ-ਘਰ ਜਾ ਕੇ ਸਰਕਾਰ ਦੀਆਂ ਨਿਰਪੱਖ ਨੀਤੀਆਂ ਸਾਂਝੀਆਂ ਕਰੋ।', 'ਦਿਨ 61-90: ਨੌਜਵਾਨ ਵਰਗ ਨੂੰ ਸਰਕਾਰੀ ਨੌਕਰੀਆਂ ਅਤੇ ਖੇਡ ਕਿੱਟਾਂ ਰਾਹੀਂ ਪਾਰਟੀ ਨਾਲ ਜੋੜ ਕੇ ਲੀਡ ਘਟਾਓ।']}"
112,112,110,112,112,False,#112,Booth #112 (Unchanged),ਬੂਥ #112 (ਅਣਬਦਲਿਆ),Abdal,ਅਬਦਾਲ,ਅਬਦਾਲ,Abdal,ਅਬਦਾਲ,Abdal,ਅਬਦਾਲ,SAD,SAD,196,53,SAD Retained,SAD Retained,AAP Deficit,ਆਪ ਘਾਟ,INC Deficit,"{'AAP': 'LOST_BOTH', 'SAD': 'WON_BOTH', 'INC': 'WEAK', 'BJP': 'WEAK'}",False,"{'is_flip': False, 'status_label': 'SAD Retained', 'turnout_diff': -96, 'turnout_pct': -13.87, 'sad_swing': -10.49, 'aap_swing': 8.94, 'inc_swing': -5.02, 'bjp_swing': 1.77}",692,596,-96,-13.87,371,257,-114,53.61,43.12,-10.49,175,204,29,25.29,34.23,8.94,116,70,-46,16.76,11.74,-5.02,4,14,10,0.58,2.35,1.77,21,3.52,"{'total': 692, 'sad': 371, 'aap': 175, 'inc': 116, 'bjp': 4, 'sad_votes': 371, 'sad_pct': 53.61, 'aap_votes': 175, 'aap_pct': 25.29, 'inc_votes': 116, 'inc_pct': 16.76, 'bjp_votes': 4, 'bjp_pct': 0.58, 'winner_party': 'SAD', 'margin': 196, 'winner_candidate': 'Ganieve Kaur Majithia'}","{'total': 596, 'sad': 257, 'aap': 204, 'inc': 70, 'bjp': 14, 'sada': 21, 'bsp': 8, 'others': 21, 'sad_votes': 257, 'sad_pct': 43.12, 'aap_votes': 204, 'aap_pct': 34.23, 'inc_votes': 70, 'inc_pct': 11.74, 'bjp_votes': 14, 'bjp_pct': 2.35, 'sada_votes': 21, 'sada_pct': 3.52, 'winner_party': 'SAD', 'margin': 53, 'winner_candidate': 'Anil Joshi'}","{'turnout_diff': -96, 'turnout_pct': -13.87, 'sad_shift': -114, 'sad_swing': -10.49, 'aap_shift': 29, 'aap_swing': 8.94, 'inc_shift': -46, 'inc_swing': -5.02, 'bjp_shift': 10, 'bjp_swing': 1.77}",Akali Bastion: Strategic Penetration & Demolition Zone,ਅਕਾਲੀ ਦਲ ਦਾ ਪ੍ਰਭਾਵਿਤ ਖੇਤਰ: ਵਿਸ਼ੇਸ਼ ਘੇਰਾਬੰਦੀ ਜ਼ੋਨ,SAD retained lead here by +53 votes (43.1% share). Target moderate Panthic and farming families in Abdal disillusioned with traditional leadership. Appoint dedicated block coordinators and highlight direct government procurement and village development works.,ਅਕਾਲੀ ਦਲ ਨੇ ਇੱਥੇ +53 ਵੋਟਾਂ (43.1%) ਨਾਲ ਲੀਡ ਬਣਾਈ ਹੈ। ਅਬਦਾਲ ਵਿੱਚ ਰਵਾਇਤੀ ਲੀਡਰਸ਼ਿਪ ਤੋਂ ਨਿਰਾਸ਼ ਕਿਸਾਨ ਅਤੇ ਪੰਥਕ ਪਰਿਵਾਰਾਂ ਨਾਲ ਸੰਵਾਦ ਕਰੋ। ਪਿੰਡਾਂ ਵਿੱਚ ਪੰਜਾਬ ਸਰਕਾਰ ਦੇ ਵਿਕਾਸ ਕਾਰਜਾਂ ਅਤੇ ਨਿਰਪੱਖ ਭਰਤੀਆਂ ਦੇ ਸੁਨੇਹੇ ਨਾਲ ਸੰਨ੍ਹ ਲਗਾਓ।,"{'booth_no': '112', 'village_en': 'Abdal', 'village_pa': 'ਅਬਦਾਲ', 'zone_en': 'Akali Bastion: Strategic Penetration & Demolition Zone', 'zone_pa': 'ਅਕਾਲੀ ਦਲ ਦਾ ਪ੍ਰਭਾਵਿਤ ਖੇਤਰ: ਵਿਸ਼ੇਸ਼ ਘੇਰਾਬੰਦੀ ਜ਼ੋਨ', 'action_en': 'SAD retained lead here by +53 votes (43.1% share). Target moderate Panthic and farming families in Abdal disillusioned with traditional leadership. Appoint dedicated block coordinators and highlight direct government procurement and village development works.', 'action_pa': 'ਅਕਾਲੀ ਦਲ ਨੇ ਇੱਥੇ +53 ਵੋਟਾਂ (43.1%) ਨਾਲ ਲੀਡ ਬਣਾਈ ਹੈ। ਅਬਦਾਲ ਵਿੱਚ ਰਵਾਇਤੀ ਲੀਡਰਸ਼ਿਪ ਤੋਂ ਨਿਰਾਸ਼ ਕਿਸਾਨ ਅਤੇ ਪੰਥਕ ਪਰਿਵਾਰਾਂ ਨਾਲ ਸੰਵਾਦ ਕਰੋ। ਪਿੰਡਾਂ ਵਿੱਚ ਪੰਜਾਬ ਸਰਕਾਰ ਦੇ ਵਿਕਾਸ ਕਾਰਜਾਂ ਅਤੇ ਨਿਰਪੱਖ ਭਰਤੀਆਂ ਦੇ ਸੁਨੇਹੇ ਨਾਲ ਸੰਨ੍ਹ ਲਗਾਓ।', 'action_steps_en': ['Days 1-30: Map the top 30 influential non-committed Panthic families in Abdal.', 'Days 31-60: Deploy senior constituency leaders for direct home visits to address local disgruntlement.', ""Days 61-90: Neutralize SAD's +53 vote cushion by winning over agricultural youth.""], 'action_steps_pa': ['ਦਿਨ 1-30: ਅਬਦਾਲ ਦੇ 30 ਨਿਰਪੱਖ ਅਤੇ ਪ੍ਰਭਾਵਸ਼ਾਲੀ ਪਰਿਵਾਰਾਂ ਦੀ ਸ਼ਨਾਖਤ ਕਰੋ।', 'ਦਿਨ 31-60: ਸੀਨੀਅਰ ਲੀਡਰਸ਼ਿਪ ਰਾਹੀਂ ਘਰ-ਘਰ ਜਾ ਕੇ ਸਰਕਾਰ ਦੀਆਂ ਨਿਰਪੱਖ ਨੀਤੀਆਂ ਸਾਂਝੀਆਂ ਕਰੋ।', 'ਦਿਨ 61-90: ਨੌਜਵਾਨ ਵਰਗ ਨੂੰ ਸਰਕਾਰੀ ਨੌਕਰੀਆਂ ਅਤੇ ਖੇਡ ਕਿੱਟਾਂ ਰਾਹੀਂ ਪਾਰਟੀ ਨਾਲ ਜੋੜ ਕੇ ਲੀਡ ਘਟਾਓ।'], 'action_steps': ['ਦਿਨ 1-30: ਅਬਦਾਲ ਦੇ 30 ਨਿਰਪੱਖ ਅਤੇ ਪ੍ਰਭਾਵਸ਼ਾਲੀ ਪਰਿਵਾਰਾਂ ਦੀ ਸ਼ਨਾਖਤ ਕਰੋ।', 'ਦਿਨ 31-60: ਸੀਨੀਅਰ ਲੀਡਰਸ਼ਿਪ ਰਾਹੀਂ ਘਰ-ਘਰ ਜਾ ਕੇ ਸਰਕਾਰ ਦੀਆਂ ਨਿਰਪੱਖ ਨੀਤੀਆਂ ਸਾਂਝੀਆਂ ਕਰੋ।', 'ਦਿਨ 61-90: ਨੌਜਵਾਨ ਵਰਗ ਨੂੰ ਸਰਕਾਰੀ ਨੌਕਰੀਆਂ ਅਤੇ ਖੇਡ ਕਿੱਟਾਂ ਰਾਹੀਂ ਪਾਰਟੀ ਨਾਲ ਜੋੜ ਕੇ ਲੀਡ ਘਟਾਓ।']}"
113,113,111,113,113,False,#113,Booth #113 (Unchanged),ਬੂਥ #113 (ਅਣਬਦਲਿਆ),Leharka,ਲਹਿਰਕਾ,ਲਹਿਰਕਾ,Leharka,ਲਹਿਰਕਾ,Leharka,ਲਹਿਰਕਾ,SAD,SAD,203,54,SAD Retained,SAD Retained,AAP Deficit,ਆਪ ਘਾਟ,INC Deficit,"{'AAP': 'WEAK', 'SAD': 'WON_BOTH', 'INC': 'LOST_BOTH', 'BJP': 'WEAK'}",False,"{'is_flip': False, 'status_label': 'SAD Retained', 'turnout_diff': -379, 'turnout_pct': -41.02, 'sad_swing': -6.17, 'aap_swing': -5.56, 'inc_swing': 5.89, 'bjp_swing': 3.43}",924,545,-379,-41.02,430,220,-210,46.54,40.37,-6.17,226,103,-123,24.46,18.9,-5.56,227,166,-61,24.57,30.46,5.89,9,24,15,0.97,4.4,3.43,8,1.47,"{'total': 924, 'sad': 430, 'aap': 226, 'inc': 227, 'bjp': 9, 'sad_votes': 430, 'sad_pct': 46.54, 'aap_votes': 226, 'aap_pct': 24.46, 'inc_votes': 227, 'inc_pct': 24.57, 'bjp_votes': 9, 'bjp_pct': 0.97, 'winner_party': 'SAD', 'margin': 203, 'winner_candidate': 'Ganieve Kaur Majithia'}","{'total': 545, 'sad': 220, 'aap': 103, 'inc': 166, 'bjp': 24, 'sada': 8, 'bsp': 0, 'others': 21, 'sad_votes': 220, 'sad_pct': 40.37, 'aap_votes': 103, 'aap_pct': 18.9, 'inc_votes': 166, 'inc_pct': 30.46, 'bjp_votes': 24, 'bjp_pct': 4.4, 'sada_votes': 8, 'sada_pct': 1.47, 'winner_party': 'SAD', 'margin': 54, 'winner_candidate': 'Anil Joshi'}","{'turnout_diff': -379, 'turnout_pct': -41.02, 'sad_shift': -210, 'sad_swing': -6.17, 'aap_shift': -123, 'aap_swing': -5.56, 'inc_shift': -61, 'inc_swing': 5.89, 'bjp_shift': 15, 'bjp_swing': 3.43}",Akali Bastion: Strategic Penetration & Demolition Zone,ਅਕਾਲੀ ਦਲ ਦਾ ਪ੍ਰਭਾਵਿਤ ਖੇਤਰ: ਵਿਸ਼ੇਸ਼ ਘੇਰਾਬੰਦੀ ਜ਼ੋਨ,SAD retained lead here by +54 votes (40.4% share). Target moderate Panthic and farming families in Leharka disillusioned with traditional leadership. Appoint dedicated block coordinators and highlight direct government procurement and village development works.,ਅਕਾਲੀ ਦਲ ਨੇ ਇੱਥੇ +54 ਵੋਟਾਂ (40.4%) ਨਾਲ ਲੀਡ ਬਣਾਈ ਹੈ। ਲਹਿਰਕਾ ਵਿੱਚ ਰਵਾਇਤੀ ਲੀਡਰਸ਼ਿਪ ਤੋਂ ਨਿਰਾਸ਼ ਕਿਸਾਨ ਅਤੇ ਪੰਥਕ ਪਰਿਵਾਰਾਂ ਨਾਲ ਸੰਵਾਦ ਕਰੋ। ਪਿੰਡਾਂ ਵਿੱਚ ਪੰਜਾਬ ਸਰਕਾਰ ਦੇ ਵਿਕਾਸ ਕਾਰਜਾਂ ਅਤੇ ਨਿਰਪੱਖ ਭਰਤੀਆਂ ਦੇ ਸੁਨੇਹੇ ਨਾਲ ਸੰਨ੍ਹ ਲਗਾਓ।,"{'booth_no': '113', 'village_en': 'Leharka', 'village_pa': 'ਲਹਿਰਕਾ', 'zone_en': 'Akali Bastion: Strategic Penetration & Demolition Zone', 'zone_pa': 'ਅਕਾਲੀ ਦਲ ਦਾ ਪ੍ਰਭਾਵਿਤ ਖੇਤਰ: ਵਿਸ਼ੇਸ਼ ਘੇਰਾਬੰਦੀ ਜ਼ੋਨ', 'action_en': 'SAD retained lead here by +54 votes (40.4% share). Target moderate Panthic and farming families in Leharka disillusioned with traditional leadership. Appoint dedicated block coordinators and highlight direct government procurement and village development works.', 'action_pa': 'ਅਕਾਲੀ ਦਲ ਨੇ ਇੱਥੇ +54 ਵੋਟਾਂ (40.4%) ਨਾਲ ਲੀਡ ਬਣਾਈ ਹੈ। ਲਹਿਰਕਾ ਵਿੱਚ ਰਵਾਇਤੀ ਲੀਡਰਸ਼ਿਪ ਤੋਂ ਨਿਰਾਸ਼ ਕਿਸਾਨ ਅਤੇ ਪੰਥਕ ਪਰਿਵਾਰਾਂ ਨਾਲ ਸੰਵਾਦ ਕਰੋ। ਪਿੰਡਾਂ ਵਿੱਚ ਪੰਜਾਬ ਸਰਕਾਰ ਦੇ ਵਿਕਾਸ ਕਾਰਜਾਂ ਅਤੇ ਨਿਰਪੱਖ ਭਰਤੀਆਂ ਦੇ ਸੁਨੇਹੇ ਨਾਲ ਸੰਨ੍ਹ ਲਗਾਓ।', 'action_steps_en': ['Days 1-30: Map the top 30 influential non-committed Panthic families in Leharka.', 'Days 31-60: Deploy senior constituency leaders for direct home visits to address local disgruntlement.', ""Days 61-90: Neutralize SAD's +54 vote cushion by winning over agricultural youth.""], 'action_steps_pa': ['ਦਿਨ 1-30: ਲਹਿਰਕਾ ਦੇ 30 ਨਿਰਪੱਖ ਅਤੇ ਪ੍ਰਭਾਵਸ਼ਾਲੀ ਪਰਿਵਾਰਾਂ ਦੀ ਸ਼ਨਾਖਤ ਕਰੋ।', 'ਦਿਨ 31-60: ਸੀਨੀਅਰ ਲੀਡਰਸ਼ਿਪ ਰਾਹੀਂ ਘਰ-ਘਰ ਜਾ ਕੇ ਸਰਕਾਰ ਦੀਆਂ ਨਿਰਪੱਖ ਨੀਤੀਆਂ ਸਾਂਝੀਆਂ ਕਰੋ।', 'ਦਿਨ 61-90: ਨੌਜਵਾਨ ਵਰਗ ਨੂੰ ਸਰਕਾਰੀ ਨੌਕਰੀਆਂ ਅਤੇ ਖੇਡ ਕਿੱਟਾਂ ਰਾਹੀਂ ਪਾਰਟੀ ਨਾਲ ਜੋੜ ਕੇ ਲੀਡ ਘਟਾਓ।'], 'action_steps': ['ਦਿਨ 1-30: ਲਹਿਰਕਾ ਦੇ 30 ਨਿਰਪੱਖ ਅਤੇ ਪ੍ਰਭਾਵਸ਼ਾਲੀ ਪਰਿਵਾਰਾਂ ਦੀ ਸ਼ਨਾਖਤ ਕਰੋ।', 'ਦਿਨ 31-60: ਸੀਨੀਅਰ ਲੀਡਰਸ਼ਿਪ ਰਾਹੀਂ ਘਰ-ਘਰ ਜਾ ਕੇ ਸਰਕਾਰ ਦੀਆਂ ਨਿਰਪੱਖ ਨੀਤੀਆਂ ਸਾਂਝੀਆਂ ਕਰੋ।', 'ਦਿਨ 61-90: ਨੌਜਵਾਨ ਵਰਗ ਨੂੰ ਸਰਕਾਰੀ ਨੌਕਰੀਆਂ ਅਤੇ ਖੇਡ ਕਿੱਟਾਂ ਰਾਹੀਂ ਪਾਰਟੀ ਨਾਲ ਜੋੜ ਕੇ ਲੀਡ ਘਟਾਓ।']}"
114,114,111A,114,114,False,#114,Booth #114 (Unchanged),ਬੂਥ #114 (ਅਣਬਦਲਿਆ),Leharka,ਲਹਿਰਕਾ,ਲਹਿਰਕਾ,Leharka,ਲਹਿਰਕਾ,Leharka,ਲਹਿਰਕਾ,SAD,AAP,194,8,SAD → AAP,SAD → AAP,AAP Gain,ਆਪ ਲਾਭ,INC Deficit,"{'AAP': 'GAINED', 'SAD': 'LOST_24', 'INC': 'LOST_BOTH', 'BJP': 'WEAK'}",True,"{'is_flip': True, 'status_label': 'SAD → AAP', 'turnout_diff': -95, 'turnout_pct': -19.27, 'sad_swing': -27.12, 'aap_swing': 17.29, 'inc_swing': 0.17, 'bjp_swing': 6.63}",493,398,-95,-19.27,291,127,-164,59.03,31.91,-27.12,82,135,53,16.63,33.92,17.29,97,79,-18,19.68,19.85,0.17,2,28,26,0.41,7.04,6.63,12,3.02,"{'total': 493, 'sad': 291, 'aap': 82, 'inc': 97, 'bjp': 2, 'sad_votes': 291, 'sad_pct': 59.03, 'aap_votes': 82, 'aap_pct': 16.63, 'inc_votes': 97, 'inc_pct': 19.68, 'bjp_votes': 2, 'bjp_pct': 0.41, 'winner_party': 'SAD', 'margin': 194, 'winner_candidate': 'Ganieve Kaur Majithia'}","{'total': 398, 'sad': 127, 'aap': 135, 'inc': 79, 'bjp': 28, 'sada': 12, 'bsp': 1, 'others': 12, 'sad_votes': 127, 'sad_pct': 31.91, 'aap_votes': 135, 'aap_pct': 33.92, 'inc_votes': 79, 'inc_pct': 19.85, 'bjp_votes': 28, 'bjp_pct': 7.04, 'sada_votes': 12, 'sada_pct': 3.02, 'winner_party': 'AAP', 'margin': 8, 'winner_candidate': 'Kuldeep Singh Dhaliwal'}","{'turnout_diff': -95, 'turnout_pct': -19.27, 'sad_shift': -164, 'sad_swing': -27.12, 'aap_shift': 53, 'aap_swing': 17.29, 'inc_shift': -18, 'inc_swing': 0.17, 'bjp_shift': 26, 'bjp_swing': 6.63}",Historic Breakthrough: AAP Flipped Stronghold,ਇਤਿਹਾਸਕ ਪ੍ਰਾਪਤੀ: ਅਕਾਲੀ ਗੜ੍ਹ ਵਿੱਚ ਆਪ ਦੀ ਜਿੱਤ ਜ਼ੋਨ,"Major breakthrough in Leharka previously held by SAD. Formally induct local village swing leaders and youth volunteers who backed AAP in 2024. Resolve local village infrastructure, canal tail issues, and cement +8 lead.","ਲਹਿਰਕਾ ਵਿੱਚ ਵੱਡੀ ਇਤਿਹਾਸਕ ਸਫ਼ਲਤਾ, ਜਿੱਥੇ SAD ਦਾ ਪੁਰਾਣਾ ਦਬਦਬਾ ਟੁੱਟਿਆ। 2024 ਵਿੱਚ ਆਪ ਨਾਲ ਜੁੜੇ ਨੌਜਵਾਨਾਂ ਅਤੇ ਪੰਚਾਇਤੀ ਆਗੂਆਂ ਨੂੰ ਜਥੇਬੰਦਕ ਜ਼ਿੰਮੇਵਾਰੀਆਂ ਦਿਓ ਅਤੇ +8 ਵੋਟਾਂ ਦੀ ਲੀਡ ਨੂੰ ਸਥਾਈ ਵੋਟ ਬੈਂਕ ਵਿੱਚ ਬਦਲੋ।","{'booth_no': '114', 'village_en': 'Leharka', 'village_pa': 'ਲਹਿਰਕਾ', 'zone_en': 'Historic Breakthrough: AAP Flipped Stronghold', 'zone_pa': 'ਇਤਿਹਾਸਕ ਪ੍ਰਾਪਤੀ: ਅਕਾਲੀ ਗੜ੍ਹ ਵਿੱਚ ਆਪ ਦੀ ਜਿੱਤ ਜ਼ੋਨ', 'action_en': 'Major breakthrough in Leharka previously held by SAD. Formally induct local village swing leaders and youth volunteers who backed AAP in 2024. Resolve local village infrastructure, canal tail issues, and cement +8 lead.', 'action_pa': 'ਲਹਿਰਕਾ ਵਿੱਚ ਵੱਡੀ ਇਤਿਹਾਸਕ ਸਫ਼ਲਤਾ, ਜਿੱਥੇ SAD ਦਾ ਪੁਰਾਣਾ ਦਬਦਬਾ ਟੁੱਟਿਆ। 2024 ਵਿੱਚ ਆਪ ਨਾਲ ਜੁੜੇ ਨੌਜਵਾਨਾਂ ਅਤੇ ਪੰਚਾਇਤੀ ਆਗੂਆਂ ਨੂੰ ਜਥੇਬੰਦਕ ਜ਼ਿੰਮੇਵਾਰੀਆਂ ਦਿਓ ਅਤੇ +8 ਵੋਟਾਂ ਦੀ ਲੀਡ ਨੂੰ ਸਥਾਈ ਵੋਟ ਬੈਂਕ ਵਿੱਚ ਬਦਲੋ।', 'action_steps_en': ['Days 1-30: Onboard dynamic swing workers who crossed over from SAD into the formal AAP booth structure.', 'Days 31-60: Prioritize village link road and street light repairs in Leharka through rural development grants.', 'Days 61-90: Convert current +8 vote lead into permanent party loyalty before 2027.'], 'action_steps_pa': ['ਦਿਨ 1-30: SAD ਛੱਡ ਕੇ ਆਪ ਵਿੱਚ ਸ਼ਾਮਲ ਹੋਏ ਆਗੂਆਂ ਨੂੰ ਬੂਥ ਕਮੇਟੀ ਵਿੱਚ ਅਹਿਮ ਜ਼ਿੰਮੇਵਾਰੀਆਂ ਦਿਓ।', ""ਦਿਨ 31-60: ਲਹਿਰਕਾ ਵਿੱਚ ਪਿੰਡ ਦੀਆਂ ਫਿਰਨੀਆਂ, ਗਲੀਆਂ ਅਤੇ ਲਿੰਕ ਸੜਕਾਂ ਦੇ ਕੰਮ ਤਰਜੀਹ 'ਤੇ ਕਰਵਾਓ।"", 'ਦਿਨ 61-90: +8 ਵੋਟਾਂ ਦੀ ਲੀਡ ਨੂੰ ਪੱਕੇ ਵੋਟ ਬੈਂਕ ਵਿੱਚ ਤਬਦੀਲ ਕਰੋ।'], 'action_steps': ['ਦਿਨ 1-30: SAD ਛੱਡ ਕੇ ਆਪ ਵਿੱਚ ਸ਼ਾਮਲ ਹੋਏ ਆਗੂਆਂ ਨੂੰ ਬੂਥ ਕਮੇਟੀ ਵਿੱਚ ਅਹਿਮ ਜ਼ਿੰਮੇਵਾਰੀਆਂ ਦਿਓ।', ""ਦਿਨ 31-60: ਲਹਿਰਕਾ ਵਿੱਚ ਪਿੰਡ ਦੀਆਂ ਫਿਰਨੀਆਂ, ਗਲੀਆਂ ਅਤੇ ਲਿੰਕ ਸੜਕਾਂ ਦੇ ਕੰਮ ਤਰਜੀਹ 'ਤੇ ਕਰਵਾਓ।"", 'ਦਿਨ 61-90: +8 ਵੋਟਾਂ ਦੀ ਲੀਡ ਨੂੰ ਪੱਕੇ ਵੋਟ ਬੈਂਕ ਵਿੱਚ ਤਬਦੀਲ ਕਰੋ।']}"
115,115,112,115,115,False,#115,Booth #115 (Unchanged),ਬੂਥ #115 (ਅਣਬਦਲਿਆ),Kotli Dholeshah,ਕੋਟਲੀ ਢੋਲੇਸ਼ਾਹ,ਕੋਟਲੀ ਢੋਲੇਸ਼ਾਹ,Kotli Dholeshah,ਕੋਟਲੀ ਢੋਲੇਸ਼ਾਹ,Kotli Dholeshah,ਕੋਟਲੀ ਢੋਲੇਸ਼ਾਹ,SAD,AAP,110,135,SAD → AAP,SAD → AAP,AAP Gain,ਆਪ ਲਾਭ,INC Deficit,"{'AAP': 'GAINED', 'SAD': 'LOST_24', 'INC': 'LOST_BOTH', 'BJP': 'WEAK'}",True,"{'is_flip': True, 'status_label': 'SAD → AAP', 'turnout_diff': 460, 'turnout_pct': 181.1, 'sad_swing': -37.76, 'aap_swing': 31.15, 'inc_swing': -0.89, 'bjp_swing': 1.85}",254,714,460,181.1,161,183,22,63.39,25.63,-37.76,34,318,284,13.39,44.54,31.15,51,137,86,20.08,19.19,-0.89,1,16,15,0.39,2.24,1.85,11,1.54,"{'total': 254, 'sad': 161, 'aap': 34, 'inc': 51, 'bjp': 1, 'sad_votes': 161, 'sad_pct': 63.39, 'aap_votes': 34, 'aap_pct': 13.39, 'inc_votes': 51, 'inc_pct': 20.08, 'bjp_votes': 1, 'bjp_pct': 0.39, 'winner_party': 'SAD', 'margin': 110, 'winner_candidate': 'Ganieve Kaur Majithia'}","{'total': 714, 'sad': 183, 'aap': 318, 'inc': 137, 'bjp': 16, 'sada': 11, 'bsp': 7, 'others': 36, 'sad_votes': 183, 'sad_pct': 25.63, 'aap_votes': 318, 'aap_pct': 44.54, 'inc_votes': 137, 'inc_pct': 19.19, 'bjp_votes': 16, 'bjp_pct': 2.24, 'sada_votes': 11, 'sada_pct': 1.54, 'winner_party': 'AAP', 'margin': 135, 'winner_candidate': 'Kuldeep Singh Dhaliwal'}","{'turnout_diff': 460, 'turnout_pct': 181.1, 'sad_shift': 22, 'sad_swing': -37.76, 'aap_shift': 284, 'aap_swing': 31.15, 'inc_shift': 86, 'inc_swing': -0.89, 'bjp_shift': 15, 'bjp_swing': 1.85}",Historic Breakthrough: AAP Flipped Stronghold,ਇਤਿਹਾਸਕ ਪ੍ਰਾਪਤੀ: ਅਕਾਲੀ ਗੜ੍ਹ ਵਿੱਚ ਆਪ ਦੀ ਜਿੱਤ ਜ਼ੋਨ,"Major breakthrough in Kotli Dholeshah previously held by SAD. Formally induct local village swing leaders and youth volunteers who backed AAP in 2024. Resolve local village infrastructure, canal tail issues, and cement +135 lead.","ਕੋਟਲੀ ਢੋਲੇਸ਼ਾਹ ਵਿੱਚ ਵੱਡੀ ਇਤਿਹਾਸਕ ਸਫ਼ਲਤਾ, ਜਿੱਥੇ SAD ਦਾ ਪੁਰਾਣਾ ਦਬਦਬਾ ਟੁੱਟਿਆ। 2024 ਵਿੱਚ ਆਪ ਨਾਲ ਜੁੜੇ ਨੌਜਵਾਨਾਂ ਅਤੇ ਪੰਚਾਇਤੀ ਆਗੂਆਂ ਨੂੰ ਜਥੇਬੰਦਕ ਜ਼ਿੰਮੇਵਾਰੀਆਂ ਦਿਓ ਅਤੇ +135 ਵੋਟਾਂ ਦੀ ਲੀਡ ਨੂੰ ਸਥਾਈ ਵੋਟ ਬੈਂਕ ਵਿੱਚ ਬਦਲੋ।","{'booth_no': '115', 'village_en': 'Kotli Dholeshah', 'village_pa': 'ਕੋਟਲੀ ਢੋਲੇਸ਼ਾਹ', 'zone_en': 'Historic Breakthrough: AAP Flipped Stronghold', 'zone_pa': 'ਇਤਿਹਾਸਕ ਪ੍ਰਾਪਤੀ: ਅਕਾਲੀ ਗੜ੍ਹ ਵਿੱਚ ਆਪ ਦੀ ਜਿੱਤ ਜ਼ੋਨ', 'action_en': 'Major breakthrough in Kotli Dholeshah previously held by SAD. Formally induct local village swing leaders and youth volunteers who backed AAP in 2024. Resolve local village infrastructure, canal tail issues, and cement +135 lead.', 'action_pa': 'ਕੋਟਲੀ ਢੋਲੇਸ਼ਾਹ ਵਿੱਚ ਵੱਡੀ ਇਤਿਹਾਸਕ ਸਫ਼ਲਤਾ, ਜਿੱਥੇ SAD ਦਾ ਪੁਰਾਣਾ ਦਬਦਬਾ ਟੁੱਟਿਆ। 2024 ਵਿੱਚ ਆਪ ਨਾਲ ਜੁੜੇ ਨੌਜਵਾਨਾਂ ਅਤੇ ਪੰਚਾਇਤੀ ਆਗੂਆਂ ਨੂੰ ਜਥੇਬੰਦਕ ਜ਼ਿੰਮੇਵਾਰੀਆਂ ਦਿਓ ਅਤੇ +135 ਵੋਟਾਂ ਦੀ ਲੀਡ ਨੂੰ ਸਥਾਈ ਵੋਟ ਬੈਂਕ ਵਿੱਚ ਬਦਲੋ।', 'action_steps_en': ['Days 1-30: Onboard dynamic swing workers who crossed over from SAD into the formal AAP booth structure.', 'Days 31-60: Prioritize village link road and street light repairs in Kotli Dholeshah through rural development grants.', 'Days 61-90: Convert current +135 vote lead into permanent party loyalty before 2027.'], 'action_steps_pa': ['ਦਿਨ 1-30: SAD ਛੱਡ ਕੇ ਆਪ ਵਿੱਚ ਸ਼ਾਮਲ ਹੋਏ ਆਗੂਆਂ ਨੂੰ ਬੂਥ ਕਮੇਟੀ ਵਿੱਚ ਅਹਿਮ ਜ਼ਿੰਮੇਵਾਰੀਆਂ ਦਿਓ।', ""ਦਿਨ 31-60: ਕੋਟਲੀ ਢੋਲੇਸ਼ਾਹ ਵਿੱਚ ਪਿੰਡ ਦੀਆਂ ਫਿਰਨੀਆਂ, ਗਲੀਆਂ ਅਤੇ ਲਿੰਕ ਸੜਕਾਂ ਦੇ ਕੰਮ ਤਰਜੀਹ 'ਤੇ ਕਰਵਾਓ।"", 'ਦਿਨ 61-90: +135 ਵੋਟਾਂ ਦੀ ਲੀਡ ਨੂੰ ਪੱਕੇ ਵੋਟ ਬੈਂਕ ਵਿੱਚ ਤਬਦੀਲ ਕਰੋ।'], 'action_steps': ['ਦਿਨ 1-30: SAD ਛੱਡ ਕੇ ਆਪ ਵਿੱਚ ਸ਼ਾਮਲ ਹੋਏ ਆਗੂਆਂ ਨੂੰ ਬੂਥ ਕਮੇਟੀ ਵਿੱਚ ਅਹਿਮ ਜ਼ਿੰਮੇਵਾਰੀਆਂ ਦਿਓ।', ""ਦਿਨ 31-60: ਕੋਟਲੀ ਢੋਲੇਸ਼ਾਹ ਵਿੱਚ ਪਿੰਡ ਦੀਆਂ ਫਿਰਨੀਆਂ, ਗਲੀਆਂ ਅਤੇ ਲਿੰਕ ਸੜਕਾਂ ਦੇ ਕੰਮ ਤਰਜੀਹ 'ਤੇ ਕਰਵਾਓ।"", 'ਦਿਨ 61-90: +135 ਵੋਟਾਂ ਦੀ ਲੀਡ ਨੂੰ ਪੱਕੇ ਵੋਟ ਬੈਂਕ ਵਿੱਚ ਤਬਦੀਲ ਕਰੋ।']}"
116,116,113,116,116,False,#116,Booth #116 (Unchanged),ਬੂਥ #116 (ਅਣਬਦਲਿਆ),Kadrabad,ਕਾਦਰਾਬਾਦ,ਕਾਦਰਾਬਾਦ,Kadrabad,ਕਾਦਰਾਬਾਦ,Kadrabad,ਕਾਦਰਾਬਾਦ,SAD,SAD,33,51,SAD Retained,SAD Retained,AAP Deficit,ਆਪ ਘਾਟ,INC Deficit,"{'AAP': 'LOST_BOTH', 'SAD': 'WON_BOTH', 'INC': 'WEAK', 'BJP': 'LOST_BOTH'}",False,"{'is_flip': False, 'status_label': 'SAD Retained', 'turnout_diff': -168, 'turnout_pct': -22.4, 'sad_swing': -2.1, 'aap_swing': -6.47, 'inc_swing': -5.3, 'bjp_swing': 15.34}",750,582,-168,-22.4,289,212,-77,38.53,36.43,-2.1,256,161,-95,34.13,27.66,-6.47,139,77,-62,18.53,13.23,-5.3,10,97,87,1.33,16.67,15.34,16,2.75,"{'total': 750, 'sad': 289, 'aap': 256, 'inc': 139, 'bjp': 10, 'sad_votes': 289, 'sad_pct': 38.53, 'aap_votes': 256, 'aap_pct': 34.13, 'inc_votes': 139, 'inc_pct': 18.53, 'bjp_votes': 10, 'bjp_pct': 1.33, 'winner_party': 'SAD', 'margin': 33, 'winner_candidate': 'Ganieve Kaur Majithia'}","{'total': 582, 'sad': 212, 'aap': 161, 'inc': 77, 'bjp': 97, 'sada': 16, 'bsp': 3, 'others': 12, 'sad_votes': 212, 'sad_pct': 36.43, 'aap_votes': 161, 'aap_pct': 27.66, 'inc_votes': 77, 'inc_pct': 13.23, 'bjp_votes': 97, 'bjp_pct': 16.67, 'sada_votes': 16, 'sada_pct': 2.75, 'winner_party': 'SAD', 'margin': 51, 'winner_candidate': 'Anil Joshi'}","{'turnout_diff': -168, 'turnout_pct': -22.4, 'sad_shift': -77, 'sad_swing': -2.1, 'aap_shift': -95, 'aap_swing': -6.47, 'inc_shift': -62, 'inc_swing': -5.3, 'bjp_shift': 87, 'bjp_swing': 15.34}",Akali Bastion: Strategic Penetration & Demolition Zone,ਅਕਾਲੀ ਦਲ ਦਾ ਪ੍ਰਭਾਵਿਤ ਖੇਤਰ: ਵਿਸ਼ੇਸ਼ ਘੇਰਾਬੰਦੀ ਜ਼ੋਨ,SAD retained lead here by +51 votes (36.4% share). Target moderate Panthic and farming families in Kadrabad disillusioned with traditional leadership. Appoint dedicated block coordinators and highlight direct government procurement and village development works.,ਅਕਾਲੀ ਦਲ ਨੇ ਇੱਥੇ +51 ਵੋਟਾਂ (36.4%) ਨਾਲ ਲੀਡ ਬਣਾਈ ਹੈ। ਕਾਦਰਾਬਾਦ ਵਿੱਚ ਰਵਾਇਤੀ ਲੀਡਰਸ਼ਿਪ ਤੋਂ ਨਿਰਾਸ਼ ਕਿਸਾਨ ਅਤੇ ਪੰਥਕ ਪਰਿਵਾਰਾਂ ਨਾਲ ਸੰਵਾਦ ਕਰੋ। ਪਿੰਡਾਂ ਵਿੱਚ ਪੰਜਾਬ ਸਰਕਾਰ ਦੇ ਵਿਕਾਸ ਕਾਰਜਾਂ ਅਤੇ ਨਿਰਪੱਖ ਭਰਤੀਆਂ ਦੇ ਸੁਨੇਹੇ ਨਾਲ ਸੰਨ੍ਹ ਲਗਾਓ।,"{'booth_no': '116', 'village_en': 'Kadrabad', 'village_pa': 'ਕਾਦਰਾਬਾਦ', 'zone_en': 'Akali Bastion: Strategic Penetration & Demolition Zone', 'zone_pa': 'ਅਕਾਲੀ ਦਲ ਦਾ ਪ੍ਰਭਾਵਿਤ ਖੇਤਰ: ਵਿਸ਼ੇਸ਼ ਘੇਰਾਬੰਦੀ ਜ਼ੋਨ', 'action_en': 'SAD retained lead here by +51 votes (36.4% share). Target moderate Panthic and farming families in Kadrabad disillusioned with traditional leadership. Appoint dedicated block coordinators and highlight direct government procurement and village development works.', 'action_pa': 'ਅਕਾਲੀ ਦਲ ਨੇ ਇੱਥੇ +51 ਵੋਟਾਂ (36.4%) ਨਾਲ ਲੀਡ ਬਣਾਈ ਹੈ। ਕਾਦਰਾਬਾਦ ਵਿੱਚ ਰਵਾਇਤੀ ਲੀਡਰਸ਼ਿਪ ਤੋਂ ਨਿਰਾਸ਼ ਕਿਸਾਨ ਅਤੇ ਪੰਥਕ ਪਰਿਵਾਰਾਂ ਨਾਲ ਸੰਵਾਦ ਕਰੋ। ਪਿੰਡਾਂ ਵਿੱਚ ਪੰਜਾਬ ਸਰਕਾਰ ਦੇ ਵਿਕਾਸ ਕਾਰਜਾਂ ਅਤੇ ਨਿਰਪੱਖ ਭਰਤੀਆਂ ਦੇ ਸੁਨੇਹੇ ਨਾਲ ਸੰਨ੍ਹ ਲਗਾਓ।', 'action_steps_en': ['Days 1-30: Map the top 30 influential non-committed Panthic families in Kadrabad.', 'Days 31-60: Deploy senior constituency leaders for direct home visits to address local disgruntlement.', ""Days 61-90: Neutralize SAD's +51 vote cushion by winning over agricultural youth.""], 'action_steps_pa': ['ਦਿਨ 1-30: ਕਾਦਰਾਬਾਦ ਦੇ 30 ਨਿਰਪੱਖ ਅਤੇ ਪ੍ਰਭਾਵਸ਼ਾਲੀ ਪਰਿਵਾਰਾਂ ਦੀ ਸ਼ਨਾਖਤ ਕਰੋ।', 'ਦਿਨ 31-60: ਸੀਨੀਅਰ ਲੀਡਰਸ਼ਿਪ ਰਾਹੀਂ ਘਰ-ਘਰ ਜਾ ਕੇ ਸਰਕਾਰ ਦੀਆਂ ਨਿਰਪੱਖ ਨੀਤੀਆਂ ਸਾਂਝੀਆਂ ਕਰੋ।', 'ਦਿਨ 61-90: ਨੌਜਵਾਨ ਵਰਗ ਨੂੰ ਸਰਕਾਰੀ ਨੌਕਰੀਆਂ ਅਤੇ ਖੇਡ ਕਿੱਟਾਂ ਰਾਹੀਂ ਪਾਰਟੀ ਨਾਲ ਜੋੜ ਕੇ ਲੀਡ ਘਟਾਓ।'], 'action_steps': ['ਦਿਨ 1-30: ਕਾਦਰਾਬਾਦ ਦੇ 30 ਨਿਰਪੱਖ ਅਤੇ ਪ੍ਰਭਾਵਸ਼ਾਲੀ ਪਰਿਵਾਰਾਂ ਦੀ ਸ਼ਨਾਖਤ ਕਰੋ।', 'ਦਿਨ 31-60: ਸੀਨੀਅਰ ਲੀਡਰਸ਼ਿਪ ਰਾਹੀਂ ਘਰ-ਘਰ ਜਾ ਕੇ ਸਰਕਾਰ ਦੀਆਂ ਨਿਰਪੱਖ ਨੀਤੀਆਂ ਸਾਂਝੀਆਂ ਕਰੋ।', 'ਦਿਨ 61-90: ਨੌਜਵਾਨ ਵਰਗ ਨੂੰ ਸਰਕਾਰੀ ਨੌਕਰੀਆਂ ਅਤੇ ਖੇਡ ਕਿੱਟਾਂ ਰਾਹੀਂ ਪਾਰਟੀ ਨਾਲ ਜੋੜ ਕੇ ਲੀਡ ਘਟਾਓ।']}"
117,117,114,117,117,False,#117,Booth #117 (Unchanged),ਬੂਥ #117 (ਅਣਬਦਲਿਆ),Kotli Mallian,ਕੋਟਲੀ ਮੱਲੀਆਂ,ਕੋਟਲੀ ਮੱਲੀਆਂ,Kotli Mallian,ਕੋਟਲੀ ਮੱਲੀਆਂ,Kotli Mallian,ਕੋਟਲੀ ਮੱਲੀਆਂ,SAD,AAP,81,90,SAD → AAP,SAD → AAP,AAP Gain,ਆਪ ਲਾਭ,INC Deficit,"{'AAP': 'GAINED', 'SAD': 'LOST_24', 'INC': 'WEAK', 'BJP': 'WEAK'}",True,"{'is_flip': True, 'status_label': 'SAD → AAP', 'turnout_diff': -226, 'turnout_pct': -32.99, 'sad_swing': -11.25, 'aap_swing': 25.15, 'inc_swing': -17.28, 'bjp_swing': 1.67}",685,459,-226,-32.99,277,134,-143,40.44,29.19,-11.25,162,224,62,23.65,48.8,25.15,196,52,-144,28.61,11.33,-17.28,5,11,6,0.73,2.4,1.67,18,3.92,"{'total': 685, 'sad': 277, 'aap': 162, 'inc': 196, 'bjp': 5, 'sad_votes': 277, 'sad_pct': 40.44, 'aap_votes': 162, 'aap_pct': 23.65, 'inc_votes': 196, 'inc_pct': 28.61, 'bjp_votes': 5, 'bjp_pct': 0.73, 'winner_party': 'SAD', 'margin': 81, 'winner_candidate': 'Ganieve Kaur Majithia'}","{'total': 459, 'sad': 134, 'aap': 224, 'inc': 52, 'bjp': 11, 'sada': 18, 'bsp': 2, 'others': 17, 'sad_votes': 134, 'sad_pct': 29.19, 'aap_votes': 224, 'aap_pct': 48.8, 'inc_votes': 52, 'inc_pct': 11.33, 'bjp_votes': 11, 'bjp_pct': 2.4, 'sada_votes': 18, 'sada_pct': 3.92, 'winner_party': 'AAP', 'margin': 90, 'winner_candidate': 'Kuldeep Singh Dhaliwal'}","{'turnout_diff': -226, 'turnout_pct': -32.99, 'sad_shift': -143, 'sad_swing': -11.25, 'aap_shift': 62, 'aap_swing': 25.15, 'inc_shift': -144, 'inc_swing': -17.28, 'bjp_shift': 6, 'bjp_swing': 1.67}",Historic Breakthrough: AAP Flipped Stronghold,ਇਤਿਹਾਸਕ ਪ੍ਰਾਪਤੀ: ਅਕਾਲੀ ਗੜ੍ਹ ਵਿੱਚ ਆਪ ਦੀ ਜਿੱਤ ਜ਼ੋਨ,"Major breakthrough in Kotli Mallian previously held by SAD. Formally induct local village swing leaders and youth volunteers who backed AAP in 2024. Resolve local village infrastructure, canal tail issues, and cement +90 lead.","ਕੋਟਲੀ ਮੱਲੀਆਂ ਵਿੱਚ ਵੱਡੀ ਇਤਿਹਾਸਕ ਸਫ਼ਲਤਾ, ਜਿੱਥੇ SAD ਦਾ ਪੁਰਾਣਾ ਦਬਦਬਾ ਟੁੱਟਿਆ। 2024 ਵਿੱਚ ਆਪ ਨਾਲ ਜੁੜੇ ਨੌਜਵਾਨਾਂ ਅਤੇ ਪੰਚਾਇਤੀ ਆਗੂਆਂ ਨੂੰ ਜਥੇਬੰਦਕ ਜ਼ਿੰਮੇਵਾਰੀਆਂ ਦਿਓ ਅਤੇ +90 ਵੋਟਾਂ ਦੀ ਲੀਡ ਨੂੰ ਸਥਾਈ ਵੋਟ ਬੈਂਕ ਵਿੱਚ ਬਦਲੋ।","{'booth_no': '117', 'village_en': 'Kotli Mallian', 'village_pa': 'ਕੋਟਲੀ ਮੱਲੀਆਂ', 'zone_en': 'Historic Breakthrough: AAP Flipped Stronghold', 'zone_pa': 'ਇਤਿਹਾਸਕ ਪ੍ਰਾਪਤੀ: ਅਕਾਲੀ ਗੜ੍ਹ ਵਿੱਚ ਆਪ ਦੀ ਜਿੱਤ ਜ਼ੋਨ', 'action_en': 'Major breakthrough in Kotli Mallian previously held by SAD. Formally induct local village swing leaders and youth volunteers who backed AAP in 2024. Resolve local village infrastructure, canal tail issues, and cement +90 lead.', 'action_pa': 'ਕੋਟਲੀ ਮੱਲੀਆਂ ਵਿੱਚ ਵੱਡੀ ਇਤਿਹਾਸਕ ਸਫ਼ਲਤਾ, ਜਿੱਥੇ SAD ਦਾ ਪੁਰਾਣਾ ਦਬਦਬਾ ਟੁੱਟਿਆ। 2024 ਵਿੱਚ ਆਪ ਨਾਲ ਜੁੜੇ ਨੌਜਵਾਨਾਂ ਅਤੇ ਪੰਚਾਇਤੀ ਆਗੂਆਂ ਨੂੰ ਜਥੇਬੰਦਕ ਜ਼ਿੰਮੇਵਾਰੀਆਂ ਦਿਓ ਅਤੇ +90 ਵੋਟਾਂ ਦੀ ਲੀਡ ਨੂੰ ਸਥਾਈ ਵੋਟ ਬੈਂਕ ਵਿੱਚ ਬਦਲੋ।', 'action_steps_en': ['Days 1-30: Onboard dynamic swing workers who crossed over from SAD into the formal AAP booth structure.', 'Days 31-60: Prioritize village link road and street light repairs in Kotli Mallian through rural development grants.', 'Days 61-90: Convert current +90 vote lead into permanent party loyalty before 2027.'], 'action_steps_pa': ['ਦਿਨ 1-30: SAD ਛੱਡ ਕੇ ਆਪ ਵਿੱਚ ਸ਼ਾਮਲ ਹੋਏ ਆਗੂਆਂ ਨੂੰ ਬੂਥ ਕਮੇਟੀ ਵਿੱਚ ਅਹਿਮ ਜ਼ਿੰਮੇਵਾਰੀਆਂ ਦਿਓ।', ""ਦਿਨ 31-60: ਕੋਟਲੀ ਮੱਲੀਆਂ ਵਿੱਚ ਪਿੰਡ ਦੀਆਂ ਫਿਰਨੀਆਂ, ਗਲੀਆਂ ਅਤੇ ਲਿੰਕ ਸੜਕਾਂ ਦੇ ਕੰਮ ਤਰਜੀਹ 'ਤੇ ਕਰਵਾਓ।"", 'ਦਿਨ 61-90: +90 ਵੋਟਾਂ ਦੀ ਲੀਡ ਨੂੰ ਪੱਕੇ ਵੋਟ ਬੈਂਕ ਵਿੱਚ ਤਬਦੀਲ ਕਰੋ।'], 'action_steps': ['ਦਿਨ 1-30: SAD ਛੱਡ ਕੇ ਆਪ ਵਿੱਚ ਸ਼ਾਮਲ ਹੋਏ ਆਗੂਆਂ ਨੂੰ ਬੂਥ ਕਮੇਟੀ ਵਿੱਚ ਅਹਿਮ ਜ਼ਿੰਮੇਵਾਰੀਆਂ ਦਿਓ।', ""ਦਿਨ 31-60: ਕੋਟਲੀ ਮੱਲੀਆਂ ਵਿੱਚ ਪਿੰਡ ਦੀਆਂ ਫਿਰਨੀਆਂ, ਗਲੀਆਂ ਅਤੇ ਲਿੰਕ ਸੜਕਾਂ ਦੇ ਕੰਮ ਤਰਜੀਹ 'ਤੇ ਕਰਵਾਓ।"", 'ਦਿਨ 61-90: +90 ਵੋਟਾਂ ਦੀ ਲੀਡ ਨੂੰ ਪੱਕੇ ਵੋਟ ਬੈਂਕ ਵਿੱਚ ਤਬਦੀਲ ਕਰੋ।']}"
118,118,115,118,118,False,#118,Booth #118 (Unchanged),ਬੂਥ #118 (ਅਣਬਦਲਿਆ),Sarhala,ਸਰਹਾਲਾ,ਸਰਹਾਲਾ,Sarhala,ਸਰਹਾਲਾ,Sarhala,ਸਰਹਾਲਾ,SAD,SAD,16,11,SAD Retained,SAD Retained,AAP Deficit,ਆਪ ਘਾਟ,INC Deficit,"{'AAP': 'LOST_BOTH', 'SAD': 'WON_BOTH', 'INC': 'LOST_BOTH', 'BJP': 'WEAK'}",False,"{'is_flip': False, 'status_label': 'SAD Retained', 'turnout_diff': -330, 'turnout_pct': -63.22, 'sad_swing': -13.63, 'aap_swing': -16.3, 'inc_swing': 16.56, 'bjp_swing': -0.1}",522,192,-330,-63.22,237,61,-176,45.4,31.77,-13.63,221,50,-171,42.34,26.04,-16.3,25,41,16,4.79,21.35,16.56,25,9,-16,4.79,4.69,-0.1,19,9.9,"{'total': 522, 'sad': 237, 'aap': 221, 'inc': 25, 'bjp': 25, 'sad_votes': 237, 'sad_pct': 45.4, 'aap_votes': 221, 'aap_pct': 42.34, 'inc_votes': 25, 'inc_pct': 4.79, 'bjp_votes': 25, 'bjp_pct': 4.79, 'winner_party': 'SAD', 'margin': 16, 'winner_candidate': 'Ganieve Kaur Majithia'}","{'total': 192, 'sad': 61, 'aap': 50, 'inc': 41, 'bjp': 9, 'sada': 19, 'bsp': 4, 'others': 6, 'sad_votes': 61, 'sad_pct': 31.77, 'aap_votes': 50, 'aap_pct': 26.04, 'inc_votes': 41, 'inc_pct': 21.35, 'bjp_votes': 9, 'bjp_pct': 4.69, 'sada_votes': 19, 'sada_pct': 9.9, 'winner_party': 'SAD', 'margin': 11, 'winner_candidate': 'Anil Joshi'}","{'turnout_diff': -330, 'turnout_pct': -63.22, 'sad_shift': -176, 'sad_swing': -13.63, 'aap_shift': -171, 'aap_swing': -16.3, 'inc_shift': 16, 'inc_swing': 16.56, 'bjp_shift': -16, 'bjp_swing': -0.1}",Akali Bastion: Strategic Penetration & Demolition Zone,ਅਕਾਲੀ ਦਲ ਦਾ ਪ੍ਰਭਾਵਿਤ ਖੇਤਰ: ਵਿਸ਼ੇਸ਼ ਘੇਰਾਬੰਦੀ ਜ਼ੋਨ,SAD retained lead here by +11 votes (31.8% share). Target moderate Panthic and farming families in Sarhala disillusioned with traditional leadership. Appoint dedicated block coordinators and highlight direct government procurement and village development works.,ਅਕਾਲੀ ਦਲ ਨੇ ਇੱਥੇ +11 ਵੋਟਾਂ (31.8%) ਨਾਲ ਲੀਡ ਬਣਾਈ ਹੈ। ਸਰਹਾਲਾ ਵਿੱਚ ਰਵਾਇਤੀ ਲੀਡਰਸ਼ਿਪ ਤੋਂ ਨਿਰਾਸ਼ ਕਿਸਾਨ ਅਤੇ ਪੰਥਕ ਪਰਿਵਾਰਾਂ ਨਾਲ ਸੰਵਾਦ ਕਰੋ। ਪਿੰਡਾਂ ਵਿੱਚ ਪੰਜਾਬ ਸਰਕਾਰ ਦੇ ਵਿਕਾਸ ਕਾਰਜਾਂ ਅਤੇ ਨਿਰਪੱਖ ਭਰਤੀਆਂ ਦੇ ਸੁਨੇਹੇ ਨਾਲ ਸੰਨ੍ਹ ਲਗਾਓ।,"{'booth_no': '118', 'village_en': 'Sarhala', 'village_pa': 'ਸਰਹਾਲਾ', 'zone_en': 'Akali Bastion: Strategic Penetration & Demolition Zone', 'zone_pa': 'ਅਕਾਲੀ ਦਲ ਦਾ ਪ੍ਰਭਾਵਿਤ ਖੇਤਰ: ਵਿਸ਼ੇਸ਼ ਘੇਰਾਬੰਦੀ ਜ਼ੋਨ', 'action_en': 'SAD retained lead here by +11 votes (31.8% share). Target moderate Panthic and farming families in Sarhala disillusioned with traditional leadership. Appoint dedicated block coordinators and highlight direct government procurement and village development works.', 'action_pa': 'ਅਕਾਲੀ ਦਲ ਨੇ ਇੱਥੇ +11 ਵੋਟਾਂ (31.8%) ਨਾਲ ਲੀਡ ਬਣਾਈ ਹੈ। ਸਰਹਾਲਾ ਵਿੱਚ ਰਵਾਇਤੀ ਲੀਡਰਸ਼ਿਪ ਤੋਂ ਨਿਰਾਸ਼ ਕਿਸਾਨ ਅਤੇ ਪੰਥਕ ਪਰਿਵਾਰਾਂ ਨਾਲ ਸੰਵਾਦ ਕਰੋ। ਪਿੰਡਾਂ ਵਿੱਚ ਪੰਜਾਬ ਸਰਕਾਰ ਦੇ ਵਿਕਾਸ ਕਾਰਜਾਂ ਅਤੇ ਨਿਰਪੱਖ ਭਰਤੀਆਂ ਦੇ ਸੁਨੇਹੇ ਨਾਲ ਸੰਨ੍ਹ ਲਗਾਓ।', 'action_steps_en': ['Days 1-30: Map the top 30 influential non-committed Panthic families in Sarhala.', 'Days 31-60: Deploy senior constituency leaders for direct home visits to address local disgruntlement.', ""Days 61-90: Neutralize SAD's +11 vote cushion by winning over agricultural youth.""], 'action_steps_pa': ['ਦਿਨ 1-30: ਸਰਹਾਲਾ ਦੇ 30 ਨਿਰਪੱਖ ਅਤੇ ਪ੍ਰਭਾਵਸ਼ਾਲੀ ਪਰਿਵਾਰਾਂ ਦੀ ਸ਼ਨਾਖਤ ਕਰੋ।', 'ਦਿਨ 31-60: ਸੀਨੀਅਰ ਲੀਡਰਸ਼ਿਪ ਰਾਹੀਂ ਘਰ-ਘਰ ਜਾ ਕੇ ਸਰਕਾਰ ਦੀਆਂ ਨਿਰਪੱਖ ਨੀਤੀਆਂ ਸਾਂਝੀਆਂ ਕਰੋ।', 'ਦਿਨ 61-90: ਨੌਜਵਾਨ ਵਰਗ ਨੂੰ ਸਰਕਾਰੀ ਨੌਕਰੀਆਂ ਅਤੇ ਖੇਡ ਕਿੱਟਾਂ ਰਾਹੀਂ ਪਾਰਟੀ ਨਾਲ ਜੋੜ ਕੇ ਲੀਡ ਘਟਾਓ।'], 'action_steps': ['ਦਿਨ 1-30: ਸਰਹਾਲਾ ਦੇ 30 ਨਿਰਪੱਖ ਅਤੇ ਪ੍ਰਭਾਵਸ਼ਾਲੀ ਪਰਿਵਾਰਾਂ ਦੀ ਸ਼ਨਾਖਤ ਕਰੋ।', 'ਦਿਨ 31-60: ਸੀਨੀਅਰ ਲੀਡਰਸ਼ਿਪ ਰਾਹੀਂ ਘਰ-ਘਰ ਜਾ ਕੇ ਸਰਕਾਰ ਦੀਆਂ ਨਿਰਪੱਖ ਨੀਤੀਆਂ ਸਾਂਝੀਆਂ ਕਰੋ।', 'ਦਿਨ 61-90: ਨੌਜਵਾਨ ਵਰਗ ਨੂੰ ਸਰਕਾਰੀ ਨੌਕਰੀਆਂ ਅਤੇ ਖੇਡ ਕਿੱਟਾਂ ਰਾਹੀਂ ਪਾਰਟੀ ਨਾਲ ਜੋੜ ਕੇ ਲੀਡ ਘਟਾਓ।']}"
119,119,116,119,119,False,#119,Booth #119 (Unchanged),ਬੂਥ #119 (ਅਣਬਦਲਿਆ),Fattubhila,ਫੱਤੂਭੀਲਾ,ਫੱਤੂਭੀਲਾ,Fattubhila,ਫੱਤੂਭੀਲਾ,Fattubhila,ਫੱਤੂਭੀਲਾ,AAP,SAD,17,120,AAP → SAD,AAP → SAD,AAP Loss,ਆਪ ਨੁਕਸਾਨ,INC Deficit,"{'AAP': 'LOST_24', 'SAD': 'GAINED', 'INC': 'LOST_BOTH', 'BJP': 'WEAK'}",True,"{'is_flip': True, 'status_label': 'AAP → SAD', 'turnout_diff': 262, 'turnout_pct': 58.61, 'sad_swing': -0.91, 'aap_swing': -28.97, 'inc_swing': 14.6, 'bjp_swing': 7.91}",447,709,262,58.61,185,287,102,41.39,40.48,-0.91,202,115,-87,45.19,16.22,-28.97,40,167,127,8.95,23.55,14.6,5,64,59,1.12,9.03,7.91,44,6.21,"{'total': 447, 'sad': 185, 'aap': 202, 'inc': 40, 'bjp': 5, 'sad_votes': 185, 'sad_pct': 41.39, 'aap_votes': 202, 'aap_pct': 45.19, 'inc_votes': 40, 'inc_pct': 8.95, 'bjp_votes': 5, 'bjp_pct': 1.12, 'winner_party': 'AAP', 'margin': 17, 'winner_candidate': 'Sukhjinder Raj Singh (Lalli)'}","{'total': 709, 'sad': 287, 'aap': 115, 'inc': 167, 'bjp': 64, 'sada': 44, 'bsp': 0, 'others': 32, 'sad_votes': 287, 'sad_pct': 40.48, 'aap_votes': 115, 'aap_pct': 16.22, 'inc_votes': 167, 'inc_pct': 23.55, 'bjp_votes': 64, 'bjp_pct': 9.03, 'sada_votes': 44, 'sada_pct': 6.21, 'winner_party': 'SAD', 'margin': 120, 'winner_candidate': 'Anil Joshi'}","{'turnout_diff': 262, 'turnout_pct': 58.61, 'sad_shift': 102, 'sad_swing': -0.91, 'aap_shift': -87, 'aap_swing': -28.97, 'inc_shift': 127, 'inc_swing': 14.6, 'bjp_shift': 59, 'bjp_swing': 7.91}",Akali Bastion: Strategic Penetration & Demolition Zone,ਅਕਾਲੀ ਦਲ ਦਾ ਪ੍ਰਭਾਵਿਤ ਖੇਤਰ: ਵਿਸ਼ੇਸ਼ ਘੇਰਾਬੰਦੀ ਜ਼ੋਨ,SAD retained lead here by +120 votes (40.5% share). Target moderate Panthic and farming families in Fattubhila disillusioned with traditional leadership. Appoint dedicated block coordinators and highlight direct government procurement and village development works.,ਅਕਾਲੀ ਦਲ ਨੇ ਇੱਥੇ +120 ਵੋਟਾਂ (40.5%) ਨਾਲ ਲੀਡ ਬਣਾਈ ਹੈ। ਫੱਤੂਭੀਲਾ ਵਿੱਚ ਰਵਾਇਤੀ ਲੀਡਰਸ਼ਿਪ ਤੋਂ ਨਿਰਾਸ਼ ਕਿਸਾਨ ਅਤੇ ਪੰਥਕ ਪਰਿਵਾਰਾਂ ਨਾਲ ਸੰਵਾਦ ਕਰੋ। ਪਿੰਡਾਂ ਵਿੱਚ ਪੰਜਾਬ ਸਰਕਾਰ ਦੇ ਵਿਕਾਸ ਕਾਰਜਾਂ ਅਤੇ ਨਿਰਪੱਖ ਭਰਤੀਆਂ ਦੇ ਸੁਨੇਹੇ ਨਾਲ ਸੰਨ੍ਹ ਲਗਾਓ।,"{'booth_no': '119', 'village_en': 'Fattubhila', 'village_pa': 'ਫੱਤੂਭੀਲਾ', 'zone_en': 'Akali Bastion: Strategic Penetration & Demolition Zone', 'zone_pa': 'ਅਕਾਲੀ ਦਲ ਦਾ ਪ੍ਰਭਾਵਿਤ ਖੇਤਰ: ਵਿਸ਼ੇਸ਼ ਘੇਰਾਬੰਦੀ ਜ਼ੋਨ', 'action_en': 'SAD retained lead here by +120 votes (40.5% share). Target moderate Panthic and farming families in Fattubhila disillusioned with traditional leadership. Appoint dedicated block coordinators and highlight direct government procurement and village development works.', 'action_pa': 'ਅਕਾਲੀ ਦਲ ਨੇ ਇੱਥੇ +120 ਵੋਟਾਂ (40.5%) ਨਾਲ ਲੀਡ ਬਣਾਈ ਹੈ। ਫੱਤੂਭੀਲਾ ਵਿੱਚ ਰਵਾਇਤੀ ਲੀਡਰਸ਼ਿਪ ਤੋਂ ਨਿਰਾਸ਼ ਕਿਸਾਨ ਅਤੇ ਪੰਥਕ ਪਰਿਵਾਰਾਂ ਨਾਲ ਸੰਵਾਦ ਕਰੋ। ਪਿੰਡਾਂ ਵਿੱਚ ਪੰਜਾਬ ਸਰਕਾਰ ਦੇ ਵਿਕਾਸ ਕਾਰਜਾਂ ਅਤੇ ਨਿਰਪੱਖ ਭਰਤੀਆਂ ਦੇ ਸੁਨੇਹੇ ਨਾਲ ਸੰਨ੍ਹ ਲਗਾਓ।', 'action_steps_en': ['Days 1-30: Map the top 30 influential non-committed Panthic families in Fattubhila.', 'Days 31-60: Deploy senior constituency leaders for direct home visits to address local disgruntlement.', ""Days 61-90: Neutralize SAD's +120 vote cushion by winning over agricultural youth.""], 'action_steps_pa': ['ਦਿਨ 1-30: ਫੱਤੂਭੀਲਾ ਦੇ 30 ਨਿਰਪੱਖ ਅਤੇ ਪ੍ਰਭਾਵਸ਼ਾਲੀ ਪਰਿਵਾਰਾਂ ਦੀ ਸ਼ਨਾਖਤ ਕਰੋ।', 'ਦਿਨ 31-60: ਸੀਨੀਅਰ ਲੀਡਰਸ਼ਿਪ ਰਾਹੀਂ ਘਰ-ਘਰ ਜਾ ਕੇ ਸਰਕਾਰ ਦੀਆਂ ਨਿਰਪੱਖ ਨੀਤੀਆਂ ਸਾਂਝੀਆਂ ਕਰੋ।', 'ਦਿਨ 61-90: ਨੌਜਵਾਨ ਵਰਗ ਨੂੰ ਸਰਕਾਰੀ ਨੌਕਰੀਆਂ ਅਤੇ ਖੇਡ ਕਿੱਟਾਂ ਰਾਹੀਂ ਪਾਰਟੀ ਨਾਲ ਜੋੜ ਕੇ ਲੀਡ ਘਟਾਓ।'], 'action_steps': ['ਦਿਨ 1-30: ਫੱਤੂਭੀਲਾ ਦੇ 30 ਨਿਰਪੱਖ ਅਤੇ ਪ੍ਰਭਾਵਸ਼ਾਲੀ ਪਰਿਵਾਰਾਂ ਦੀ ਸ਼ਨਾਖਤ ਕਰੋ।', 'ਦਿਨ 31-60: ਸੀਨੀਅਰ ਲੀਡਰਸ਼ਿਪ ਰਾਹੀਂ ਘਰ-ਘਰ ਜਾ ਕੇ ਸਰਕਾਰ ਦੀਆਂ ਨਿਰਪੱਖ ਨੀਤੀਆਂ ਸਾਂਝੀਆਂ ਕਰੋ।', 'ਦਿਨ 61-90: ਨੌਜਵਾਨ ਵਰਗ ਨੂੰ ਸਰਕਾਰੀ ਨੌਕਰੀਆਂ ਅਤੇ ਖੇਡ ਕਿੱਟਾਂ ਰਾਹੀਂ ਪਾਰਟੀ ਨਾਲ ਜੋੜ ਕੇ ਲੀਡ ਘਟਾਓ।']}"
120,120,117,120,120,False,#120,Booth #120 (Unchanged),ਬੂਥ #120 (ਅਣਬਦਲਿਆ),Shehzada,ਸ਼ਹਿਜ਼ਾਦਾ,ਸ਼ਹਿਜ਼ਾਦਾ,Shehzada,ਸ਼ਹਿਜ਼ਾਦਾ,Shehzada,ਸ਼ਹਿਜ਼ਾਦਾ,SAD,SAD,885,62,SAD Retained,SAD Retained,AAP Deficit,ਆਪ ਘਾਟ,INC Deficit,"{'AAP': 'LOST_BOTH', 'SAD': 'WON_BOTH', 'INC': 'WEAK', 'BJP': 'WEAK'}",False,"{'is_flip': False, 'status_label': 'SAD Retained', 'turnout_diff': -482, 'turnout_pct': -50.84, 'sad_swing': -46.97, 'aap_swing': 34.78, 'inc_swing': 4.55, 'bjp_swing': -0.52}",948,466,-482,-50.84,907,227,-680,95.68,48.71,-46.97,6,165,159,0.63,35.41,34.78,22,32,10,2.32,6.87,4.55,11,3,-8,1.16,0.64,-0.52,22,4.72,"{'total': 948, 'sad': 907, 'aap': 6, 'inc': 22, 'bjp': 11, 'sad_votes': 907, 'sad_pct': 95.68, 'aap_votes': 6, 'aap_pct': 0.63, 'inc_votes': 22, 'inc_pct': 2.32, 'bjp_votes': 11, 'bjp_pct': 1.16, 'winner_party': 'SAD', 'margin': 885, 'winner_candidate': 'Ganieve Kaur Majithia'}","{'total': 466, 'sad': 227, 'aap': 165, 'inc': 32, 'bjp': 3, 'sada': 22, 'bsp': 1, 'others': 12, 'sad_votes': 227, 'sad_pct': 48.71, 'aap_votes': 165, 'aap_pct': 35.41, 'inc_votes': 32, 'inc_pct': 6.87, 'bjp_votes': 3, 'bjp_pct': 0.64, 'sada_votes': 22, 'sada_pct': 4.72, 'winner_party': 'SAD', 'margin': 62, 'winner_candidate': 'Anil Joshi'}","{'turnout_diff': -482, 'turnout_pct': -50.84, 'sad_shift': -680, 'sad_swing': -46.97, 'aap_shift': 159, 'aap_swing': 34.78, 'inc_shift': 10, 'inc_swing': 4.55, 'bjp_shift': -8, 'bjp_swing': -0.52}",Akali Bastion: Strategic Penetration & Demolition Zone,ਅਕਾਲੀ ਦਲ ਦਾ ਪ੍ਰਭਾਵਿਤ ਖੇਤਰ: ਵਿਸ਼ੇਸ਼ ਘੇਰਾਬੰਦੀ ਜ਼ੋਨ,SAD retained lead here by +62 votes (48.7% share). Target moderate Panthic and farming families in Shehzada disillusioned with traditional leadership. Appoint dedicated block coordinators and highlight direct government procurement and village development works.,ਅਕਾਲੀ ਦਲ ਨੇ ਇੱਥੇ +62 ਵੋਟਾਂ (48.7%) ਨਾਲ ਲੀਡ ਬਣਾਈ ਹੈ। ਸ਼ਹਿਜ਼ਾਦਾ ਵਿੱਚ ਰਵਾਇਤੀ ਲੀਡਰਸ਼ਿਪ ਤੋਂ ਨਿਰਾਸ਼ ਕਿਸਾਨ ਅਤੇ ਪੰਥਕ ਪਰਿਵਾਰਾਂ ਨਾਲ ਸੰਵਾਦ ਕਰੋ। ਪਿੰਡਾਂ ਵਿੱਚ ਪੰਜਾਬ ਸਰਕਾਰ ਦੇ ਵਿਕਾਸ ਕਾਰਜਾਂ ਅਤੇ ਨਿਰਪੱਖ ਭਰਤੀਆਂ ਦੇ ਸੁਨੇਹੇ ਨਾਲ ਸੰਨ੍ਹ ਲਗਾਓ।,"{'booth_no': '120', 'village_en': 'Shehzada', 'village_pa': 'ਸ਼ਹਿਜ਼ਾਦਾ', 'zone_en': 'Akali Bastion: Strategic Penetration & Demolition Zone', 'zone_pa': 'ਅਕਾਲੀ ਦਲ ਦਾ ਪ੍ਰਭਾਵਿਤ ਖੇਤਰ: ਵਿਸ਼ੇਸ਼ ਘੇਰਾਬੰਦੀ ਜ਼ੋਨ', 'action_en': 'SAD retained lead here by +62 votes (48.7% share). Target moderate Panthic and farming families in Shehzada disillusioned with traditional leadership. Appoint dedicated block coordinators and highlight direct government procurement and village development works.', 'action_pa': 'ਅਕਾਲੀ ਦਲ ਨੇ ਇੱਥੇ +62 ਵੋਟਾਂ (48.7%) ਨਾਲ ਲੀਡ ਬਣਾਈ ਹੈ। ਸ਼ਹਿਜ਼ਾਦਾ ਵਿੱਚ ਰਵਾਇਤੀ ਲੀਡਰਸ਼ਿਪ ਤੋਂ ਨਿਰਾਸ਼ ਕਿਸਾਨ ਅਤੇ ਪੰਥਕ ਪਰਿਵਾਰਾਂ ਨਾਲ ਸੰਵਾਦ ਕਰੋ। ਪਿੰਡਾਂ ਵਿੱਚ ਪੰਜਾਬ ਸਰਕਾਰ ਦੇ ਵਿਕਾਸ ਕਾਰਜਾਂ ਅਤੇ ਨਿਰਪੱਖ ਭਰਤੀਆਂ ਦੇ ਸੁਨੇਹੇ ਨਾਲ ਸੰਨ੍ਹ ਲਗਾਓ।', 'action_steps_en': ['Days 1-30: Map the top 30 influential non-committed Panthic families in Shehzada.', 'Days 31-60: Deploy senior constituency leaders for direct home visits to address local disgruntlement.', ""Days 61-90: Neutralize SAD's +62 vote cushion by winning over agricultural youth.""], 'action_steps_pa': ['ਦਿਨ 1-30: ਸ਼ਹਿਜ਼ਾਦਾ ਦੇ 30 ਨਿਰਪੱਖ ਅਤੇ ਪ੍ਰਭਾਵਸ਼ਾਲੀ ਪਰਿਵਾਰਾਂ ਦੀ ਸ਼ਨਾਖਤ ਕਰੋ।', 'ਦਿਨ 31-60: ਸੀਨੀਅਰ ਲੀਡਰਸ਼ਿਪ ਰਾਹੀਂ ਘਰ-ਘਰ ਜਾ ਕੇ ਸਰਕਾਰ ਦੀਆਂ ਨਿਰਪੱਖ ਨੀਤੀਆਂ ਸਾਂਝੀਆਂ ਕਰੋ।', 'ਦਿਨ 61-90: ਨੌਜਵਾਨ ਵਰਗ ਨੂੰ ਸਰਕਾਰੀ ਨੌਕਰੀਆਂ ਅਤੇ ਖੇਡ ਕਿੱਟਾਂ ਰਾਹੀਂ ਪਾਰਟੀ ਨਾਲ ਜੋੜ ਕੇ ਲੀਡ ਘਟਾਓ।'], 'action_steps': ['ਦਿਨ 1-30: ਸ਼ਹਿਜ਼ਾਦਾ ਦੇ 30 ਨਿਰਪੱਖ ਅਤੇ ਪ੍ਰਭਾਵਸ਼ਾਲੀ ਪਰਿਵਾਰਾਂ ਦੀ ਸ਼ਨਾਖਤ ਕਰੋ।', 'ਦਿਨ 31-60: ਸੀਨੀਅਰ ਲੀਡਰਸ਼ਿਪ ਰਾਹੀਂ ਘਰ-ਘਰ ਜਾ ਕੇ ਸਰਕਾਰ ਦੀਆਂ ਨਿਰਪੱਖ ਨੀਤੀਆਂ ਸਾਂਝੀਆਂ ਕਰੋ।', 'ਦਿਨ 61-90: ਨੌਜਵਾਨ ਵਰਗ ਨੂੰ ਸਰਕਾਰੀ ਨੌਕਰੀਆਂ ਅਤੇ ਖੇਡ ਕਿੱਟਾਂ ਰਾਹੀਂ ਪਾਰਟੀ ਨਾਲ ਜੋੜ ਕੇ ਲੀਡ ਘਟਾਓ।']}"
121,121,118,121,121,False,#121,Booth #121 (Unchanged),ਬੂਥ #121 (ਅਣਬਦਲਿਆ),Shehzada,ਸ਼ਹਿਜ਼ਾਦਾ,ਸ਼ਹਿਜ਼ਾਦਾ,Shehzada,ਸ਼ਹਿਜ਼ਾਦਾ,Shehzada,ਸ਼ਹਿਜ਼ਾਦਾ,SAD,SAD,44,37,SAD Retained,SAD Retained,AAP Deficit,ਆਪ ਘਾਟ,INC Deficit,"{'AAP': 'LOST_BOTH', 'SAD': 'WON_BOTH', 'INC': 'WEAK', 'BJP': 'WEAK'}",False,"{'is_flip': False, 'status_label': 'SAD Retained', 'turnout_diff': -29, 'turnout_pct': -4.99, 'sad_swing': 5.54, 'aap_swing': 15.36, 'inc_swing': -26.38, 'bjp_swing': 1.18}",581,552,-29,-4.99,232,251,19,39.93,45.47,5.54,136,214,78,23.41,38.77,15.36,188,33,-155,32.36,5.98,-26.38,10,16,6,1.72,2.9,1.18,10,1.81,"{'total': 581, 'sad': 232, 'aap': 136, 'inc': 188, 'bjp': 10, 'sad_votes': 232, 'sad_pct': 39.93, 'aap_votes': 136, 'aap_pct': 23.41, 'inc_votes': 188, 'inc_pct': 32.36, 'bjp_votes': 10, 'bjp_pct': 1.72, 'winner_party': 'SAD', 'margin': 44, 'winner_candidate': 'Ganieve Kaur Majithia'}","{'total': 552, 'sad': 251, 'aap': 214, 'inc': 33, 'bjp': 16, 'sada': 10, 'bsp': 0, 'others': 26, 'sad_votes': 251, 'sad_pct': 45.47, 'aap_votes': 214, 'aap_pct': 38.77, 'inc_votes': 33, 'inc_pct': 5.98, 'bjp_votes': 16, 'bjp_pct': 2.9, 'sada_votes': 10, 'sada_pct': 1.81, 'winner_party': 'SAD', 'margin': 37, 'winner_candidate': 'Anil Joshi'}","{'turnout_diff': -29, 'turnout_pct': -4.99, 'sad_shift': 19, 'sad_swing': 5.54, 'aap_shift': 78, 'aap_swing': 15.36, 'inc_shift': -155, 'inc_swing': -26.38, 'bjp_shift': 6, 'bjp_swing': 1.18}",Akali Bastion: Strategic Penetration & Demolition Zone,ਅਕਾਲੀ ਦਲ ਦਾ ਪ੍ਰਭਾਵਿਤ ਖੇਤਰ: ਵਿਸ਼ੇਸ਼ ਘੇਰਾਬੰਦੀ ਜ਼ੋਨ,SAD retained lead here by +37 votes (45.5% share). Target moderate Panthic and farming families in Shehzada disillusioned with traditional leadership. Appoint dedicated block coordinators and highlight direct government procurement and village development works.,ਅਕਾਲੀ ਦਲ ਨੇ ਇੱਥੇ +37 ਵੋਟਾਂ (45.5%) ਨਾਲ ਲੀਡ ਬਣਾਈ ਹੈ। ਸ਼ਹਿਜ਼ਾਦਾ ਵਿੱਚ ਰਵਾਇਤੀ ਲੀਡਰਸ਼ਿਪ ਤੋਂ ਨਿਰਾਸ਼ ਕਿਸਾਨ ਅਤੇ ਪੰਥਕ ਪਰਿਵਾਰਾਂ ਨਾਲ ਸੰਵਾਦ ਕਰੋ। ਪਿੰਡਾਂ ਵਿੱਚ ਪੰਜਾਬ ਸਰਕਾਰ ਦੇ ਵਿਕਾਸ ਕਾਰਜਾਂ ਅਤੇ ਨਿਰਪੱਖ ਭਰਤੀਆਂ ਦੇ ਸੁਨੇਹੇ ਨਾਲ ਸੰਨ੍ਹ ਲਗਾਓ।,"{'booth_no': '121', 'village_en': 'Shehzada', 'village_pa': 'ਸ਼ਹਿਜ਼ਾਦਾ', 'zone_en': 'Akali Bastion: Strategic Penetration & Demolition Zone', 'zone_pa': 'ਅਕਾਲੀ ਦਲ ਦਾ ਪ੍ਰਭਾਵਿਤ ਖੇਤਰ: ਵਿਸ਼ੇਸ਼ ਘੇਰਾਬੰਦੀ ਜ਼ੋਨ', 'action_en': 'SAD retained lead here by +37 votes (45.5% share). Target moderate Panthic and farming families in Shehzada disillusioned with traditional leadership. Appoint dedicated block coordinators and highlight direct government procurement and village development works.', 'action_pa': 'ਅਕਾਲੀ ਦਲ ਨੇ ਇੱਥੇ +37 ਵੋਟਾਂ (45.5%) ਨਾਲ ਲੀਡ ਬਣਾਈ ਹੈ। ਸ਼ਹਿਜ਼ਾਦਾ ਵਿੱਚ ਰਵਾਇਤੀ ਲੀਡਰਸ਼ਿਪ ਤੋਂ ਨਿਰਾਸ਼ ਕਿਸਾਨ ਅਤੇ ਪੰਥਕ ਪਰਿਵਾਰਾਂ ਨਾਲ ਸੰਵਾਦ ਕਰੋ। ਪਿੰਡਾਂ ਵਿੱਚ ਪੰਜਾਬ ਸਰਕਾਰ ਦੇ ਵਿਕਾਸ ਕਾਰਜਾਂ ਅਤੇ ਨਿਰਪੱਖ ਭਰਤੀਆਂ ਦੇ ਸੁਨੇਹੇ ਨਾਲ ਸੰਨ੍ਹ ਲਗਾਓ।', 'action_steps_en': ['Days 1-30: Map the top 30 influential non-committed Panthic families in Shehzada.', 'Days 31-60: Deploy senior constituency leaders for direct home visits to address local disgruntlement.', ""Days 61-90: Neutralize SAD's +37 vote cushion by winning over agricultural youth.""], 'action_steps_pa': ['ਦਿਨ 1-30: ਸ਼ਹਿਜ਼ਾਦਾ ਦੇ 30 ਨਿਰਪੱਖ ਅਤੇ ਪ੍ਰਭਾਵਸ਼ਾਲੀ ਪਰਿਵਾਰਾਂ ਦੀ ਸ਼ਨਾਖਤ ਕਰੋ।', 'ਦਿਨ 31-60: ਸੀਨੀਅਰ ਲੀਡਰਸ਼ਿਪ ਰਾਹੀਂ ਘਰ-ਘਰ ਜਾ ਕੇ ਸਰਕਾਰ ਦੀਆਂ ਨਿਰਪੱਖ ਨੀਤੀਆਂ ਸਾਂਝੀਆਂ ਕਰੋ।', 'ਦਿਨ 61-90: ਨੌਜਵਾਨ ਵਰਗ ਨੂੰ ਸਰਕਾਰੀ ਨੌਕਰੀਆਂ ਅਤੇ ਖੇਡ ਕਿੱਟਾਂ ਰਾਹੀਂ ਪਾਰਟੀ ਨਾਲ ਜੋੜ ਕੇ ਲੀਡ ਘਟਾਓ।'], 'action_steps': ['ਦਿਨ 1-30: ਸ਼ਹਿਜ਼ਾਦਾ ਦੇ 30 ਨਿਰਪੱਖ ਅਤੇ ਪ੍ਰਭਾਵਸ਼ਾਲੀ ਪਰਿਵਾਰਾਂ ਦੀ ਸ਼ਨਾਖਤ ਕਰੋ।', 'ਦਿਨ 31-60: ਸੀਨੀਅਰ ਲੀਡਰਸ਼ਿਪ ਰਾਹੀਂ ਘਰ-ਘਰ ਜਾ ਕੇ ਸਰਕਾਰ ਦੀਆਂ ਨਿਰਪੱਖ ਨੀਤੀਆਂ ਸਾਂਝੀਆਂ ਕਰੋ।', 'ਦਿਨ 61-90: ਨੌਜਵਾਨ ਵਰਗ ਨੂੰ ਸਰਕਾਰੀ ਨੌਕਰੀਆਂ ਅਤੇ ਖੇਡ ਕਿੱਟਾਂ ਰਾਹੀਂ ਪਾਰਟੀ ਨਾਲ ਜੋੜ ਕੇ ਲੀਡ ਘਟਾਓ।']}"
122,122,119,122,122,False,#122,Booth #122 (Unchanged),ਬੂਥ #122 (ਅਣਬਦਲਿਆ),Kairon Nangal,ਕੈਰੋਂ ਨੰਗਲ,ਕੈਰੋਂ ਨੰਗਲ,Kairon Nangal,ਕੈਰੋਂ ਨੰਗਲ,Kairon Nangal,ਕੈਰੋਂ ਨੰਗਲ,SAD,SAD,98,103,SAD Retained,SAD Retained,AAP Deficit,ਆਪ ਘਾਟ,INC Deficit,"{'AAP': 'WEAK', 'SAD': 'WON_BOTH', 'INC': 'LOST_BOTH', 'BJP': 'LOST_BOTH'}",False,"{'is_flip': False, 'status_label': 'SAD Retained', 'turnout_diff': -158, 'turnout_pct': -29.53, 'sad_swing': -2.62, 'aap_swing': -3.35, 'inc_swing': -12.15, 'bjp_swing': 16.42}",535,377,-158,-29.53,251,167,-84,46.92,44.3,-2.62,96,55,-41,17.94,14.59,-3.35,153,62,-91,28.6,16.45,-12.15,3,64,61,0.56,16.98,16.42,13,3.45,"{'total': 535, 'sad': 251, 'aap': 96, 'inc': 153, 'bjp': 3, 'sad_votes': 251, 'sad_pct': 46.92, 'aap_votes': 96, 'aap_pct': 17.94, 'inc_votes': 153, 'inc_pct': 28.6, 'bjp_votes': 3, 'bjp_pct': 0.56, 'winner_party': 'SAD', 'margin': 98, 'winner_candidate': 'Ganieve Kaur Majithia'}","{'total': 377, 'sad': 167, 'aap': 55, 'inc': 62, 'bjp': 64, 'sada': 13, 'bsp': 1, 'others': 15, 'sad_votes': 167, 'sad_pct': 44.3, 'aap_votes': 55, 'aap_pct': 14.59, 'inc_votes': 62, 'inc_pct': 16.45, 'bjp_votes': 64, 'bjp_pct': 16.98, 'sada_votes': 13, 'sada_pct': 3.45, 'winner_party': 'SAD', 'margin': 103, 'winner_candidate': 'Anil Joshi'}","{'turnout_diff': -158, 'turnout_pct': -29.53, 'sad_shift': -84, 'sad_swing': -2.62, 'aap_shift': -41, 'aap_swing': -3.35, 'inc_shift': -91, 'inc_swing': -12.15, 'bjp_shift': 61, 'bjp_swing': 16.42}",Akali Bastion: Strategic Penetration & Demolition Zone,ਅਕਾਲੀ ਦਲ ਦਾ ਪ੍ਰਭਾਵਿਤ ਖੇਤਰ: ਵਿਸ਼ੇਸ਼ ਘੇਰਾਬੰਦੀ ਜ਼ੋਨ,SAD retained lead here by +103 votes (44.3% share). Target moderate Panthic and farming families in Kairon Nangal disillusioned with traditional leadership. Appoint dedicated block coordinators and highlight direct government procurement and village development works.,ਅਕਾਲੀ ਦਲ ਨੇ ਇੱਥੇ +103 ਵੋਟਾਂ (44.3%) ਨਾਲ ਲੀਡ ਬਣਾਈ ਹੈ। ਕੈਰੋਂ ਨੰਗਲ ਵਿੱਚ ਰਵਾਇਤੀ ਲੀਡਰਸ਼ਿਪ ਤੋਂ ਨਿਰਾਸ਼ ਕਿਸਾਨ ਅਤੇ ਪੰਥਕ ਪਰਿਵਾਰਾਂ ਨਾਲ ਸੰਵਾਦ ਕਰੋ। ਪਿੰਡਾਂ ਵਿੱਚ ਪੰਜਾਬ ਸਰਕਾਰ ਦੇ ਵਿਕਾਸ ਕਾਰਜਾਂ ਅਤੇ ਨਿਰਪੱਖ ਭਰਤੀਆਂ ਦੇ ਸੁਨੇਹੇ ਨਾਲ ਸੰਨ੍ਹ ਲਗਾਓ।,"{'booth_no': '122', 'village_en': 'Kairon Nangal', 'village_pa': 'ਕੈਰੋਂ ਨੰਗਲ', 'zone_en': 'Akali Bastion: Strategic Penetration & Demolition Zone', 'zone_pa': 'ਅਕਾਲੀ ਦਲ ਦਾ ਪ੍ਰਭਾਵਿਤ ਖੇਤਰ: ਵਿਸ਼ੇਸ਼ ਘੇਰਾਬੰਦੀ ਜ਼ੋਨ', 'action_en': 'SAD retained lead here by +103 votes (44.3% share). Target moderate Panthic and farming families in Kairon Nangal disillusioned with traditional leadership. Appoint dedicated block coordinators and highlight direct government procurement and village development works.', 'action_pa': 'ਅਕਾਲੀ ਦਲ ਨੇ ਇੱਥੇ +103 ਵੋਟਾਂ (44.3%) ਨਾਲ ਲੀਡ ਬਣਾਈ ਹੈ। ਕੈਰੋਂ ਨੰਗਲ ਵਿੱਚ ਰਵਾਇਤੀ ਲੀਡਰਸ਼ਿਪ ਤੋਂ ਨਿਰਾਸ਼ ਕਿਸਾਨ ਅਤੇ ਪੰਥਕ ਪਰਿਵਾਰਾਂ ਨਾਲ ਸੰਵਾਦ ਕਰੋ। ਪਿੰਡਾਂ ਵਿੱਚ ਪੰਜਾਬ ਸਰਕਾਰ ਦੇ ਵਿਕਾਸ ਕਾਰਜਾਂ ਅਤੇ ਨਿਰਪੱਖ ਭਰਤੀਆਂ ਦੇ ਸੁਨੇਹੇ ਨਾਲ ਸੰਨ੍ਹ ਲਗਾਓ।', 'action_steps_en': ['Days 1-30: Map the top 30 influential non-committed Panthic families in Kairon Nangal.', 'Days 31-60: Deploy senior constituency leaders for direct home visits to address local disgruntlement.', ""Days 61-90: Neutralize SAD's +103 vote cushion by winning over agricultural youth.""], 'action_steps_pa': ['ਦਿਨ 1-30: ਕੈਰੋਂ ਨੰਗਲ ਦੇ 30 ਨਿਰਪੱਖ ਅਤੇ ਪ੍ਰਭਾਵਸ਼ਾਲੀ ਪਰਿਵਾਰਾਂ ਦੀ ਸ਼ਨਾਖਤ ਕਰੋ।', 'ਦਿਨ 31-60: ਸੀਨੀਅਰ ਲੀਡਰਸ਼ਿਪ ਰਾਹੀਂ ਘਰ-ਘਰ ਜਾ ਕੇ ਸਰਕਾਰ ਦੀਆਂ ਨਿਰਪੱਖ ਨੀਤੀਆਂ ਸਾਂਝੀਆਂ ਕਰੋ।', 'ਦਿਨ 61-90: ਨੌਜਵਾਨ ਵਰਗ ਨੂੰ ਸਰਕਾਰੀ ਨੌਕਰੀਆਂ ਅਤੇ ਖੇਡ ਕਿੱਟਾਂ ਰਾਹੀਂ ਪਾਰਟੀ ਨਾਲ ਜੋੜ ਕੇ ਲੀਡ ਘਟਾਓ।'], 'action_steps': ['ਦਿਨ 1-30: ਕੈਰੋਂ ਨੰਗਲ ਦੇ 30 ਨਿਰਪੱਖ ਅਤੇ ਪ੍ਰਭਾਵਸ਼ਾਲੀ ਪਰਿਵਾਰਾਂ ਦੀ ਸ਼ਨਾਖਤ ਕਰੋ।', 'ਦਿਨ 31-60: ਸੀਨੀਅਰ ਲੀਡਰਸ਼ਿਪ ਰਾਹੀਂ ਘਰ-ਘਰ ਜਾ ਕੇ ਸਰਕਾਰ ਦੀਆਂ ਨਿਰਪੱਖ ਨੀਤੀਆਂ ਸਾਂਝੀਆਂ ਕਰੋ।', 'ਦਿਨ 61-90: ਨੌਜਵਾਨ ਵਰਗ ਨੂੰ ਸਰਕਾਰੀ ਨੌਕਰੀਆਂ ਅਤੇ ਖੇਡ ਕਿੱਟਾਂ ਰਾਹੀਂ ਪਾਰਟੀ ਨਾਲ ਜੋੜ ਕੇ ਲੀਡ ਘਟਾਓ।']}"
123,123,120,123,123,False,#123,Booth #123 (Unchanged),ਬੂਥ #123 (ਅਣਬਦਲਿਆ),Chawinda Devi,ਚਾਵਿੰਡਾ ਦੇਵੀ,ਚਾਵਿੰਡਾ ਦੇਵੀ,Chawinda Devi,ਚਾਵਿੰਡਾ ਦੇਵੀ,Chawinda Devi,ਚਾਵਿੰਡਾ ਦੇਵੀ,SAD,AAP,103,15,SAD → AAP,SAD → AAP,AAP Gain,ਆਪ ਲਾਭ,INC Deficit,"{'AAP': 'GAINED', 'SAD': 'LOST_24', 'INC': 'LOST_BOTH', 'BJP': 'LOST_BOTH'}",True,"{'is_flip': True, 'status_label': 'SAD → AAP', 'turnout_diff': 67, 'turnout_pct': 10.42, 'sad_swing': -23.88, 'aap_swing': 2.85, 'inc_swing': -2.3, 'bjp_swing': 26.23}",643,710,67,10.42,274,133,-141,42.61,18.73,-23.88,171,209,38,26.59,29.44,2.85,137,135,-2,21.31,19.01,-2.3,7,194,187,1.09,27.32,26.23,16,2.25,"{'total': 643, 'sad': 274, 'aap': 171, 'inc': 137, 'bjp': 7, 'sad_votes': 274, 'sad_pct': 42.61, 'aap_votes': 171, 'aap_pct': 26.59, 'inc_votes': 137, 'inc_pct': 21.31, 'bjp_votes': 7, 'bjp_pct': 1.09, 'winner_party': 'SAD', 'margin': 103, 'winner_candidate': 'Ganieve Kaur Majithia'}","{'total': 710, 'sad': 133, 'aap': 209, 'inc': 135, 'bjp': 194, 'sada': 16, 'bsp': 3, 'others': 17, 'sad_votes': 133, 'sad_pct': 18.73, 'aap_votes': 209, 'aap_pct': 29.44, 'inc_votes': 135, 'inc_pct': 19.01, 'bjp_votes': 194, 'bjp_pct': 27.32, 'sada_votes': 16, 'sada_pct': 2.25, 'winner_party': 'AAP', 'margin': 15, 'winner_candidate': 'Kuldeep Singh Dhaliwal'}","{'turnout_diff': 67, 'turnout_pct': 10.42, 'sad_shift': -141, 'sad_swing': -23.88, 'aap_shift': 38, 'aap_swing': 2.85, 'inc_shift': -2, 'inc_swing': -2.3, 'bjp_shift': 187, 'bjp_swing': 26.23}",Historic Breakthrough: AAP Flipped Stronghold,ਇਤਿਹਾਸਕ ਪ੍ਰਾਪਤੀ: ਅਕਾਲੀ ਗੜ੍ਹ ਵਿੱਚ ਆਪ ਦੀ ਜਿੱਤ ਜ਼ੋਨ,"Major breakthrough in Chawinda Devi previously held by SAD. Formally induct local village swing leaders and youth volunteers who backed AAP in 2024. Resolve local village infrastructure, canal tail issues, and cement +15 lead.","ਚਾਵਿੰਡਾ ਦੇਵੀ ਵਿੱਚ ਵੱਡੀ ਇਤਿਹਾਸਕ ਸਫ਼ਲਤਾ, ਜਿੱਥੇ SAD ਦਾ ਪੁਰਾਣਾ ਦਬਦਬਾ ਟੁੱਟਿਆ। 2024 ਵਿੱਚ ਆਪ ਨਾਲ ਜੁੜੇ ਨੌਜਵਾਨਾਂ ਅਤੇ ਪੰਚਾਇਤੀ ਆਗੂਆਂ ਨੂੰ ਜਥੇਬੰਦਕ ਜ਼ਿੰਮੇਵਾਰੀਆਂ ਦਿਓ ਅਤੇ +15 ਵੋਟਾਂ ਦੀ ਲੀਡ ਨੂੰ ਸਥਾਈ ਵੋਟ ਬੈਂਕ ਵਿੱਚ ਬਦਲੋ।","{'booth_no': '123', 'village_en': 'Chawinda Devi', 'village_pa': 'ਚਾਵਿੰਡਾ ਦੇਵੀ', 'zone_en': 'Historic Breakthrough: AAP Flipped Stronghold', 'zone_pa': 'ਇਤਿਹਾਸਕ ਪ੍ਰਾਪਤੀ: ਅਕਾਲੀ ਗੜ੍ਹ ਵਿੱਚ ਆਪ ਦੀ ਜਿੱਤ ਜ਼ੋਨ', 'action_en': 'Major breakthrough in Chawinda Devi previously held by SAD. Formally induct local village swing leaders and youth volunteers who backed AAP in 2024. Resolve local village infrastructure, canal tail issues, and cement +15 lead.', 'action_pa': 'ਚਾਵਿੰਡਾ ਦੇਵੀ ਵਿੱਚ ਵੱਡੀ ਇਤਿਹਾਸਕ ਸਫ਼ਲਤਾ, ਜਿੱਥੇ SAD ਦਾ ਪੁਰਾਣਾ ਦਬਦਬਾ ਟੁੱਟਿਆ। 2024 ਵਿੱਚ ਆਪ ਨਾਲ ਜੁੜੇ ਨੌਜਵਾਨਾਂ ਅਤੇ ਪੰਚਾਇਤੀ ਆਗੂਆਂ ਨੂੰ ਜਥੇਬੰਦਕ ਜ਼ਿੰਮੇਵਾਰੀਆਂ ਦਿਓ ਅਤੇ +15 ਵੋਟਾਂ ਦੀ ਲੀਡ ਨੂੰ ਸਥਾਈ ਵੋਟ ਬੈਂਕ ਵਿੱਚ ਬਦਲੋ।', 'action_steps_en': ['Days 1-30: Onboard dynamic swing workers who crossed over from SAD into the formal AAP booth structure.', 'Days 31-60: Prioritize village link road and street light repairs in Chawinda Devi through rural development grants.', 'Days 61-90: Convert current +15 vote lead into permanent party loyalty before 2027.'], 'action_steps_pa': ['ਦਿਨ 1-30: SAD ਛੱਡ ਕੇ ਆਪ ਵਿੱਚ ਸ਼ਾਮਲ ਹੋਏ ਆਗੂਆਂ ਨੂੰ ਬੂਥ ਕਮੇਟੀ ਵਿੱਚ ਅਹਿਮ ਜ਼ਿੰਮੇਵਾਰੀਆਂ ਦਿਓ।', ""ਦਿਨ 31-60: ਚਾਵਿੰਡਾ ਦੇਵੀ ਵਿੱਚ ਪਿੰਡ ਦੀਆਂ ਫਿਰਨੀਆਂ, ਗਲੀਆਂ ਅਤੇ ਲਿੰਕ ਸੜਕਾਂ ਦੇ ਕੰਮ ਤਰਜੀਹ 'ਤੇ ਕਰਵਾਓ।"", 'ਦਿਨ 61-90: +15 ਵੋਟਾਂ ਦੀ ਲੀਡ ਨੂੰ ਪੱਕੇ ਵੋਟ ਬੈਂਕ ਵਿੱਚ ਤਬਦੀਲ ਕਰੋ।'], 'action_steps': ['ਦਿਨ 1-30: SAD ਛੱਡ ਕੇ ਆਪ ਵਿੱਚ ਸ਼ਾਮਲ ਹੋਏ ਆਗੂਆਂ ਨੂੰ ਬੂਥ ਕਮੇਟੀ ਵਿੱਚ ਅਹਿਮ ਜ਼ਿੰਮੇਵਾਰੀਆਂ ਦਿਓ।', ""ਦਿਨ 31-60: ਚਾਵਿੰਡਾ ਦੇਵੀ ਵਿੱਚ ਪਿੰਡ ਦੀਆਂ ਫਿਰਨੀਆਂ, ਗਲੀਆਂ ਅਤੇ ਲਿੰਕ ਸੜਕਾਂ ਦੇ ਕੰਮ ਤਰਜੀਹ 'ਤੇ ਕਰਵਾਓ।"", 'ਦਿਨ 61-90: +15 ਵੋਟਾਂ ਦੀ ਲੀਡ ਨੂੰ ਪੱਕੇ ਵੋਟ ਬੈਂਕ ਵਿੱਚ ਤਬਦੀਲ ਕਰੋ।']}"
124,124,121,124,124,False,#124,Booth #124 (Unchanged),ਬੂਥ #124 (ਅਣਬਦਲਿਆ),Chawinda Devi,ਚਾਵਿੰਡਾ ਦੇਵੀ,ਚਾਵਿੰਡਾ ਦੇਵੀ,Chawinda Devi,ਚਾਵਿੰਡਾ ਦੇਵੀ,Chawinda Devi,ਚਾਵਿੰਡਾ ਦੇਵੀ,SAD,AAP,92,42,SAD → AAP,SAD → AAP,AAP Gain,ਆਪ ਲਾਭ,INC Deficit,"{'AAP': 'GAINED', 'SAD': 'LOST_24', 'INC': 'LOST_BOTH', 'BJP': 'LOST_BOTH'}",True,"{'is_flip': True, 'status_label': 'SAD → AAP', 'turnout_diff': 137, 'turnout_pct': 25.09, 'sad_swing': -19.8, 'aap_swing': 3.2, 'inc_swing': 2.55, 'bjp_swing': 16.11}",546,683,137,25.09,248,175,-73,45.42,25.62,-19.8,156,217,61,28.57,31.77,3.2,94,135,41,17.22,19.77,2.55,4,115,111,0.73,16.84,16.11,6,0.88,"{'total': 546, 'sad': 248, 'aap': 156, 'inc': 94, 'bjp': 4, 'sad_votes': 248, 'sad_pct': 45.42, 'aap_votes': 156, 'aap_pct': 28.57, 'inc_votes': 94, 'inc_pct': 17.22, 'bjp_votes': 4, 'bjp_pct': 0.73, 'winner_party': 'SAD', 'margin': 92, 'winner_candidate': 'Ganieve Kaur Majithia'}","{'total': 683, 'sad': 175, 'aap': 217, 'inc': 135, 'bjp': 115, 'sada': 6, 'bsp': 11, 'others': 24, 'sad_votes': 175, 'sad_pct': 25.62, 'aap_votes': 217, 'aap_pct': 31.77, 'inc_votes': 135, 'inc_pct': 19.77, 'bjp_votes': 115, 'bjp_pct': 16.84, 'sada_votes': 6, 'sada_pct': 0.88, 'winner_party': 'AAP', 'margin': 42, 'winner_candidate': 'Kuldeep Singh Dhaliwal'}","{'turnout_diff': 137, 'turnout_pct': 25.09, 'sad_shift': -73, 'sad_swing': -19.8, 'aap_shift': 61, 'aap_swing': 3.2, 'inc_shift': 41, 'inc_swing': 2.55, 'bjp_shift': 111, 'bjp_swing': 16.11}",Historic Breakthrough: AAP Flipped Stronghold,ਇਤਿਹਾਸਕ ਪ੍ਰਾਪਤੀ: ਅਕਾਲੀ ਗੜ੍ਹ ਵਿੱਚ ਆਪ ਦੀ ਜਿੱਤ ਜ਼ੋਨ,"Major breakthrough in Chawinda Devi previously held by SAD. Formally induct local village swing leaders and youth volunteers who backed AAP in 2024. Resolve local village infrastructure, canal tail issues, and cement +42 lead.","ਚਾਵਿੰਡਾ ਦੇਵੀ ਵਿੱਚ ਵੱਡੀ ਇਤਿਹਾਸਕ ਸਫ਼ਲਤਾ, ਜਿੱਥੇ SAD ਦਾ ਪੁਰਾਣਾ ਦਬਦਬਾ ਟੁੱਟਿਆ। 2024 ਵਿੱਚ ਆਪ ਨਾਲ ਜੁੜੇ ਨੌਜਵਾਨਾਂ ਅਤੇ ਪੰਚਾਇਤੀ ਆਗੂਆਂ ਨੂੰ ਜਥੇਬੰਦਕ ਜ਼ਿੰਮੇਵਾਰੀਆਂ ਦਿਓ ਅਤੇ +42 ਵੋਟਾਂ ਦੀ ਲੀਡ ਨੂੰ ਸਥਾਈ ਵੋਟ ਬੈਂਕ ਵਿੱਚ ਬਦਲੋ।","{'booth_no': '124', 'village_en': 'Chawinda Devi', 'village_pa': 'ਚਾਵਿੰਡਾ ਦੇਵੀ', 'zone_en': 'Historic Breakthrough: AAP Flipped Stronghold', 'zone_pa': 'ਇਤਿਹਾਸਕ ਪ੍ਰਾਪਤੀ: ਅਕਾਲੀ ਗੜ੍ਹ ਵਿੱਚ ਆਪ ਦੀ ਜਿੱਤ ਜ਼ੋਨ', 'action_en': 'Major breakthrough in Chawinda Devi previously held by SAD. Formally induct local village swing leaders and youth volunteers who backed AAP in 2024. Resolve local village infrastructure, canal tail issues, and cement +42 lead.', 'action_pa': 'ਚਾਵਿੰਡਾ ਦੇਵੀ ਵਿੱਚ ਵੱਡੀ ਇਤਿਹਾਸਕ ਸਫ਼ਲਤਾ, ਜਿੱਥੇ SAD ਦਾ ਪੁਰਾਣਾ ਦਬਦਬਾ ਟੁੱਟਿਆ। 2024 ਵਿੱਚ ਆਪ ਨਾਲ ਜੁੜੇ ਨੌਜਵਾਨਾਂ ਅਤੇ ਪੰਚਾਇਤੀ ਆਗੂਆਂ ਨੂੰ ਜਥੇਬੰਦਕ ਜ਼ਿੰਮੇਵਾਰੀਆਂ ਦਿਓ ਅਤੇ +42 ਵੋਟਾਂ ਦੀ ਲੀਡ ਨੂੰ ਸਥਾਈ ਵੋਟ ਬੈਂਕ ਵਿੱਚ ਬਦਲੋ।', 'action_steps_en': ['Days 1-30: Onboard dynamic swing workers who crossed over from SAD into the formal AAP booth structure.', 'Days 31-60: Prioritize village link road and street light repairs in Chawinda Devi through rural development grants.', 'Days 61-90: Convert current +42 vote lead into permanent party loyalty before 2027.'], 'action_steps_pa': ['ਦਿਨ 1-30: SAD ਛੱਡ ਕੇ ਆਪ ਵਿੱਚ ਸ਼ਾਮਲ ਹੋਏ ਆਗੂਆਂ ਨੂੰ ਬੂਥ ਕਮੇਟੀ ਵਿੱਚ ਅਹਿਮ ਜ਼ਿੰਮੇਵਾਰੀਆਂ ਦਿਓ।', ""ਦਿਨ 31-60: ਚਾਵਿੰਡਾ ਦੇਵੀ ਵਿੱਚ ਪਿੰਡ ਦੀਆਂ ਫਿਰਨੀਆਂ, ਗਲੀਆਂ ਅਤੇ ਲਿੰਕ ਸੜਕਾਂ ਦੇ ਕੰਮ ਤਰਜੀਹ 'ਤੇ ਕਰਵਾਓ।"", 'ਦਿਨ 61-90: +42 ਵੋਟਾਂ ਦੀ ਲੀਡ ਨੂੰ ਪੱਕੇ ਵੋਟ ਬੈਂਕ ਵਿੱਚ ਤਬਦੀਲ ਕਰੋ।'], 'action_steps': ['ਦਿਨ 1-30: SAD ਛੱਡ ਕੇ ਆਪ ਵਿੱਚ ਸ਼ਾਮਲ ਹੋਏ ਆਗੂਆਂ ਨੂੰ ਬੂਥ ਕਮੇਟੀ ਵਿੱਚ ਅਹਿਮ ਜ਼ਿੰਮੇਵਾਰੀਆਂ ਦਿਓ।', ""ਦਿਨ 31-60: ਚਾਵਿੰਡਾ ਦੇਵੀ ਵਿੱਚ ਪਿੰਡ ਦੀਆਂ ਫਿਰਨੀਆਂ, ਗਲੀਆਂ ਅਤੇ ਲਿੰਕ ਸੜਕਾਂ ਦੇ ਕੰਮ ਤਰਜੀਹ 'ਤੇ ਕਰਵਾਓ।"", 'ਦਿਨ 61-90: +42 ਵੋਟਾਂ ਦੀ ਲੀਡ ਨੂੰ ਪੱਕੇ ਵੋਟ ਬੈਂਕ ਵਿੱਚ ਤਬਦੀਲ ਕਰੋ।']}"
125,125,122,125,125,False,#125,Booth #125 (Unchanged),ਬੂਥ #125 (ਅਣਬਦਲਿਆ),Chawinda Devi,ਚਾਵਿੰਡਾ ਦੇਵੀ,ਚਾਵਿੰਡਾ ਦੇਵੀ,Chawinda Devi,ਚਾਵਿੰਡਾ ਦੇਵੀ,Chawinda Devi,ਚਾਵਿੰਡਾ ਦੇਵੀ,SAD,AAP,142,31,SAD → AAP,SAD → AAP,AAP Gain,ਆਪ ਲਾਭ,INC Deficit,"{'AAP': 'GAINED', 'SAD': 'LOST_24', 'INC': 'LOST_BOTH', 'BJP': 'LOST_BOTH'}",True,"{'is_flip': True, 'status_label': 'SAD → AAP', 'turnout_diff': 63, 'turnout_pct': 10.96, 'sad_swing': -29.95, 'aap_swing': -0.39, 'inc_swing': 5.5, 'bjp_swing': 22.99}",575,638,63,10.96,311,154,-157,54.09,24.14,-29.95,169,185,16,29.39,29.0,-0.39,63,105,42,10.96,16.46,5.5,3,150,147,0.52,23.51,22.99,15,2.35,"{'total': 575, 'sad': 311, 'aap': 169, 'inc': 63, 'bjp': 3, 'sad_votes': 311, 'sad_pct': 54.09, 'aap_votes': 169, 'aap_pct': 29.39, 'inc_votes': 63, 'inc_pct': 10.96, 'bjp_votes': 3, 'bjp_pct': 0.52, 'winner_party': 'SAD', 'margin': 142, 'winner_candidate': 'Ganieve Kaur Majithia'}","{'total': 638, 'sad': 154, 'aap': 185, 'inc': 105, 'bjp': 150, 'sada': 15, 'bsp': 5, 'others': 23, 'sad_votes': 154, 'sad_pct': 24.14, 'aap_votes': 185, 'aap_pct': 29.0, 'inc_votes': 105, 'inc_pct': 16.46, 'bjp_votes': 150, 'bjp_pct': 23.51, 'sada_votes': 15, 'sada_pct': 2.35, 'winner_party': 'AAP', 'margin': 31, 'winner_candidate': 'Kuldeep Singh Dhaliwal'}","{'turnout_diff': 63, 'turnout_pct': 10.96, 'sad_shift': -157, 'sad_swing': -29.95, 'aap_shift': 16, 'aap_swing': -0.39, 'inc_shift': 42, 'inc_swing': 5.5, 'bjp_shift': 147, 'bjp_swing': 22.99}",Historic Breakthrough: AAP Flipped Stronghold,ਇਤਿਹਾਸਕ ਪ੍ਰਾਪਤੀ: ਅਕਾਲੀ ਗੜ੍ਹ ਵਿੱਚ ਆਪ ਦੀ ਜਿੱਤ ਜ਼ੋਨ,"Major breakthrough in Chawinda Devi previously held by SAD. Formally induct local village swing leaders and youth volunteers who backed AAP in 2024. Resolve local village infrastructure, canal tail issues, and cement +31 lead.","ਚਾਵਿੰਡਾ ਦੇਵੀ ਵਿੱਚ ਵੱਡੀ ਇਤਿਹਾਸਕ ਸਫ਼ਲਤਾ, ਜਿੱਥੇ SAD ਦਾ ਪੁਰਾਣਾ ਦਬਦਬਾ ਟੁੱਟਿਆ। 2024 ਵਿੱਚ ਆਪ ਨਾਲ ਜੁੜੇ ਨੌਜਵਾਨਾਂ ਅਤੇ ਪੰਚਾਇਤੀ ਆਗੂਆਂ ਨੂੰ ਜਥੇਬੰਦਕ ਜ਼ਿੰਮੇਵਾਰੀਆਂ ਦਿਓ ਅਤੇ +31 ਵੋਟਾਂ ਦੀ ਲੀਡ ਨੂੰ ਸਥਾਈ ਵੋਟ ਬੈਂਕ ਵਿੱਚ ਬਦਲੋ।","{'booth_no': '125', 'village_en': 'Chawinda Devi', 'village_pa': 'ਚਾਵਿੰਡਾ ਦੇਵੀ', 'zone_en': 'Historic Breakthrough: AAP Flipped Stronghold', 'zone_pa': 'ਇਤਿਹਾਸਕ ਪ੍ਰਾਪਤੀ: ਅਕਾਲੀ ਗੜ੍ਹ ਵਿੱਚ ਆਪ ਦੀ ਜਿੱਤ ਜ਼ੋਨ', 'action_en': 'Major breakthrough in Chawinda Devi previously held by SAD. Formally induct local village swing leaders and youth volunteers who backed AAP in 2024. Resolve local village infrastructure, canal tail issues, and cement +31 lead.', 'action_pa': 'ਚਾਵਿੰਡਾ ਦੇਵੀ ਵਿੱਚ ਵੱਡੀ ਇਤਿਹਾਸਕ ਸਫ਼ਲਤਾ, ਜਿੱਥੇ SAD ਦਾ ਪੁਰਾਣਾ ਦਬਦਬਾ ਟੁੱਟਿਆ। 2024 ਵਿੱਚ ਆਪ ਨਾਲ ਜੁੜੇ ਨੌਜਵਾਨਾਂ ਅਤੇ ਪੰਚਾਇਤੀ ਆਗੂਆਂ ਨੂੰ ਜਥੇਬੰਦਕ ਜ਼ਿੰਮੇਵਾਰੀਆਂ ਦਿਓ ਅਤੇ +31 ਵੋਟਾਂ ਦੀ ਲੀਡ ਨੂੰ ਸਥਾਈ ਵੋਟ ਬੈਂਕ ਵਿੱਚ ਬਦਲੋ।', 'action_steps_en': ['Days 1-30: Onboard dynamic swing workers who crossed over from SAD into the formal AAP booth structure.', 'Days 31-60: Prioritize village link road and street light repairs in Chawinda Devi through rural development grants.', 'Days 61-90: Convert current +31 vote lead into permanent party loyalty before 2027.'], 'action_steps_pa': ['ਦਿਨ 1-30: SAD ਛੱਡ ਕੇ ਆਪ ਵਿੱਚ ਸ਼ਾਮਲ ਹੋਏ ਆਗੂਆਂ ਨੂੰ ਬੂਥ ਕਮੇਟੀ ਵਿੱਚ ਅਹਿਮ ਜ਼ਿੰਮੇਵਾਰੀਆਂ ਦਿਓ।', ""ਦਿਨ 31-60: ਚਾਵਿੰਡਾ ਦੇਵੀ ਵਿੱਚ ਪਿੰਡ ਦੀਆਂ ਫਿਰਨੀਆਂ, ਗਲੀਆਂ ਅਤੇ ਲਿੰਕ ਸੜਕਾਂ ਦੇ ਕੰਮ ਤਰਜੀਹ 'ਤੇ ਕਰਵਾਓ।"", 'ਦਿਨ 61-90: +31 ਵੋਟਾਂ ਦੀ ਲੀਡ ਨੂੰ ਪੱਕੇ ਵੋਟ ਬੈਂਕ ਵਿੱਚ ਤਬਦੀਲ ਕਰੋ।'], 'action_steps': ['ਦਿਨ 1-30: SAD ਛੱਡ ਕੇ ਆਪ ਵਿੱਚ ਸ਼ਾਮਲ ਹੋਏ ਆਗੂਆਂ ਨੂੰ ਬੂਥ ਕਮੇਟੀ ਵਿੱਚ ਅਹਿਮ ਜ਼ਿੰਮੇਵਾਰੀਆਂ ਦਿਓ।', ""ਦਿਨ 31-60: ਚਾਵਿੰਡਾ ਦੇਵੀ ਵਿੱਚ ਪਿੰਡ ਦੀਆਂ ਫਿਰਨੀਆਂ, ਗਲੀਆਂ ਅਤੇ ਲਿੰਕ ਸੜਕਾਂ ਦੇ ਕੰਮ ਤਰਜੀਹ 'ਤੇ ਕਰਵਾਓ।"", 'ਦਿਨ 61-90: +31 ਵੋਟਾਂ ਦੀ ਲੀਡ ਨੂੰ ਪੱਕੇ ਵੋਟ ਬੈਂਕ ਵਿੱਚ ਤਬਦੀਲ ਕਰੋ।']}"
126,126,123,126,126,False,#126,Booth #126 (Unchanged),ਬੂਥ #126 (ਅਣਬਦਲਿਆ),Ramdiwali Hinduan,ਰਾਮਦਿਵਾਲੀ ਹਿੰਦੂਆਂ,ਰਾਮਦਿਵਾਲੀ ਹਿੰਦੂਆਂ,Ramdiwali Hinduan,ਰਾਮਦਿਵਾਲੀ ਹਿੰਦੂਆਂ,Ramdiwali Hinduan,ਰਾਮਦਿਵਾਲੀ ਹਿੰਦੂਆਂ,SAD,SAD,187,48,SAD Retained,SAD Retained,AAP Deficit,ਆਪ ਘਾਟ,INC Deficit,"{'AAP': 'WEAK', 'SAD': 'WON_BOTH', 'INC': 'LOST_BOTH', 'BJP': 'WEAK'}",False,"{'is_flip': False, 'status_label': 'SAD Retained', 'turnout_diff': 48, 'turnout_pct': 8.41, 'sad_swing': -18.21, 'aap_swing': 1.5, 'inc_swing': 6.79, 'bjp_swing': 3.98}",571,619,48,8.41,318,232,-86,55.69,37.48,-18.21,104,122,18,18.21,19.71,1.5,131,184,53,22.94,29.73,6.79,4,29,25,0.7,4.68,3.98,18,2.91,"{'total': 571, 'sad': 318, 'aap': 104, 'inc': 131, 'bjp': 4, 'sad_votes': 318, 'sad_pct': 55.69, 'aap_votes': 104, 'aap_pct': 18.21, 'inc_votes': 131, 'inc_pct': 22.94, 'bjp_votes': 4, 'bjp_pct': 0.7, 'winner_party': 'SAD', 'margin': 187, 'winner_candidate': 'Ganieve Kaur Majithia'}","{'total': 619, 'sad': 232, 'aap': 122, 'inc': 184, 'bjp': 29, 'sada': 18, 'bsp': 2, 'others': 29, 'sad_votes': 232, 'sad_pct': 37.48, 'aap_votes': 122, 'aap_pct': 19.71, 'inc_votes': 184, 'inc_pct': 29.73, 'bjp_votes': 29, 'bjp_pct': 4.68, 'sada_votes': 18, 'sada_pct': 2.91, 'winner_party': 'SAD', 'margin': 48, 'winner_candidate': 'Anil Joshi'}","{'turnout_diff': 48, 'turnout_pct': 8.41, 'sad_shift': -86, 'sad_swing': -18.21, 'aap_shift': 18, 'aap_swing': 1.5, 'inc_shift': 53, 'inc_swing': 6.79, 'bjp_shift': 25, 'bjp_swing': 3.98}",Akali Bastion: Strategic Penetration & Demolition Zone,ਅਕਾਲੀ ਦਲ ਦਾ ਪ੍ਰਭਾਵਿਤ ਖੇਤਰ: ਵਿਸ਼ੇਸ਼ ਘੇਰਾਬੰਦੀ ਜ਼ੋਨ,SAD retained lead here by +48 votes (37.5% share). Target moderate Panthic and farming families in Ramdiwali Hinduan disillusioned with traditional leadership. Appoint dedicated block coordinators and highlight direct government procurement and village development works.,ਅਕਾਲੀ ਦਲ ਨੇ ਇੱਥੇ +48 ਵੋਟਾਂ (37.5%) ਨਾਲ ਲੀਡ ਬਣਾਈ ਹੈ। ਰਾਮਦਿਵਾਲੀ ਹਿੰਦੂਆਂ ਵਿੱਚ ਰਵਾਇਤੀ ਲੀਡਰਸ਼ਿਪ ਤੋਂ ਨਿਰਾਸ਼ ਕਿਸਾਨ ਅਤੇ ਪੰਥਕ ਪਰਿਵਾਰਾਂ ਨਾਲ ਸੰਵਾਦ ਕਰੋ। ਪਿੰਡਾਂ ਵਿੱਚ ਪੰਜਾਬ ਸਰਕਾਰ ਦੇ ਵਿਕਾਸ ਕਾਰਜਾਂ ਅਤੇ ਨਿਰਪੱਖ ਭਰਤੀਆਂ ਦੇ ਸੁਨੇਹੇ ਨਾਲ ਸੰਨ੍ਹ ਲਗਾਓ।,"{'booth_no': '126', 'village_en': 'Ramdiwali Hinduan', 'village_pa': 'ਰਾਮਦਿਵਾਲੀ ਹਿੰਦੂਆਂ', 'zone_en': 'Akali Bastion: Strategic Penetration & Demolition Zone', 'zone_pa': 'ਅਕਾਲੀ ਦਲ ਦਾ ਪ੍ਰਭਾਵਿਤ ਖੇਤਰ: ਵਿਸ਼ੇਸ਼ ਘੇਰਾਬੰਦੀ ਜ਼ੋਨ', 'action_en': 'SAD retained lead here by +48 votes (37.5% share). Target moderate Panthic and farming families in Ramdiwali Hinduan disillusioned with traditional leadership. Appoint dedicated block coordinators and highlight direct government procurement and village development works.', 'action_pa': 'ਅਕਾਲੀ ਦਲ ਨੇ ਇੱਥੇ +48 ਵੋਟਾਂ (37.5%) ਨਾਲ ਲੀਡ ਬਣਾਈ ਹੈ। ਰਾਮਦਿਵਾਲੀ ਹਿੰਦੂਆਂ ਵਿੱਚ ਰਵਾਇਤੀ ਲੀਡਰਸ਼ਿਪ ਤੋਂ ਨਿਰਾਸ਼ ਕਿਸਾਨ ਅਤੇ ਪੰਥਕ ਪਰਿਵਾਰਾਂ ਨਾਲ ਸੰਵਾਦ ਕਰੋ। ਪਿੰਡਾਂ ਵਿੱਚ ਪੰਜਾਬ ਸਰਕਾਰ ਦੇ ਵਿਕਾਸ ਕਾਰਜਾਂ ਅਤੇ ਨਿਰਪੱਖ ਭਰਤੀਆਂ ਦੇ ਸੁਨੇਹੇ ਨਾਲ ਸੰਨ੍ਹ ਲਗਾਓ।', 'action_steps_en': ['Days 1-30: Map the top 30 influential non-committed Panthic families in Ramdiwali Hinduan.', 'Days 31-60: Deploy senior constituency leaders for direct home visits to address local disgruntlement.', ""Days 61-90: Neutralize SAD's +48 vote cushion by winning over agricultural youth.""], 'action_steps_pa': ['ਦਿਨ 1-30: ਰਾਮਦਿਵਾਲੀ ਹਿੰਦੂਆਂ ਦੇ 30 ਨਿਰਪੱਖ ਅਤੇ ਪ੍ਰਭਾਵਸ਼ਾਲੀ ਪਰਿਵਾਰਾਂ ਦੀ ਸ਼ਨਾਖਤ ਕਰੋ।', 'ਦਿਨ 31-60: ਸੀਨੀਅਰ ਲੀਡਰਸ਼ਿਪ ਰਾਹੀਂ ਘਰ-ਘਰ ਜਾ ਕੇ ਸਰਕਾਰ ਦੀਆਂ ਨਿਰਪੱਖ ਨੀਤੀਆਂ ਸਾਂਝੀਆਂ ਕਰੋ।', 'ਦਿਨ 61-90: ਨੌਜਵਾਨ ਵਰਗ ਨੂੰ ਸਰਕਾਰੀ ਨੌਕਰੀਆਂ ਅਤੇ ਖੇਡ ਕਿੱਟਾਂ ਰਾਹੀਂ ਪਾਰਟੀ ਨਾਲ ਜੋੜ ਕੇ ਲੀਡ ਘਟਾਓ।'], 'action_steps': ['ਦਿਨ 1-30: ਰਾਮਦਿਵਾਲੀ ਹਿੰਦੂਆਂ ਦੇ 30 ਨਿਰਪੱਖ ਅਤੇ ਪ੍ਰਭਾਵਸ਼ਾਲੀ ਪਰਿਵਾਰਾਂ ਦੀ ਸ਼ਨਾਖਤ ਕਰੋ।', 'ਦਿਨ 31-60: ਸੀਨੀਅਰ ਲੀਡਰਸ਼ਿਪ ਰਾਹੀਂ ਘਰ-ਘਰ ਜਾ ਕੇ ਸਰਕਾਰ ਦੀਆਂ ਨਿਰਪੱਖ ਨੀਤੀਆਂ ਸਾਂਝੀਆਂ ਕਰੋ।', 'ਦਿਨ 61-90: ਨੌਜਵਾਨ ਵਰਗ ਨੂੰ ਸਰਕਾਰੀ ਨੌਕਰੀਆਂ ਅਤੇ ਖੇਡ ਕਿੱਟਾਂ ਰਾਹੀਂ ਪਾਰਟੀ ਨਾਲ ਜੋੜ ਕੇ ਲੀਡ ਘਟਾਓ।']}"
127,127,124,127,127,False,#127,Booth #127 (Unchanged),ਬੂਥ #127 (ਅਣਬਦਲਿਆ),Chogawan Rupowali,ਚੋਗਾਵਾਂ ਰੂਪੋਵਾਲੀ,ਚੋਗਾਵਾਂ ਰੂਪੋਵਾਲੀ,Chogawan Rupowali,ਚੋਗਾਵਾਂ ਰੂਪੋਵਾਲੀ,Chogawan Rupowali,ਚੋਗਾਵਾਂ ਰੂਪੋਵਾਲੀ,SAD,INC,108,6,SAD → INC,SAD → INC,AAP Deficit,ਆਪ ਘਾਟ,INC Gain,"{'AAP': 'LOST_BOTH', 'SAD': 'LOST_24', 'INC': 'GAINED', 'BJP': 'WEAK'}",True,"{'is_flip': True, 'status_label': 'SAD → INC', 'turnout_diff': -49, 'turnout_pct': -10.38, 'sad_swing': -22.31, 'aap_swing': -6.28, 'inc_swing': 17.46, 'bjp_swing': 1.92}",472,423,-49,-10.38,247,127,-120,52.33,30.02,-22.31,139,98,-41,29.45,23.17,-6.28,66,133,67,13.98,31.44,17.46,1,9,8,0.21,2.13,1.92,44,10.4,"{'total': 472, 'sad': 247, 'aap': 139, 'inc': 66, 'bjp': 1, 'sad_votes': 247, 'sad_pct': 52.33, 'aap_votes': 139, 'aap_pct': 29.45, 'inc_votes': 66, 'inc_pct': 13.98, 'bjp_votes': 1, 'bjp_pct': 0.21, 'winner_party': 'SAD', 'margin': 108, 'winner_candidate': 'Ganieve Kaur Majithia'}","{'total': 423, 'sad': 127, 'aap': 98, 'inc': 133, 'bjp': 9, 'sada': 44, 'bsp': 1, 'others': 11, 'sad_votes': 127, 'sad_pct': 30.02, 'aap_votes': 98, 'aap_pct': 23.17, 'inc_votes': 133, 'inc_pct': 31.44, 'bjp_votes': 9, 'bjp_pct': 2.13, 'sada_votes': 44, 'sada_pct': 10.4, 'winner_party': 'INC', 'margin': 6, 'winner_candidate': 'Gurjeet Singh Aujla'}","{'turnout_diff': -49, 'turnout_pct': -10.38, 'sad_shift': -120, 'sad_swing': -22.31, 'aap_shift': -41, 'aap_swing': -6.28, 'inc_shift': 67, 'inc_swing': 17.46, 'bjp_shift': 8, 'bjp_swing': 1.92}",Congress Belt: High-Intensity Reclamation Zone,ਕਾਂਗਰਸੀ ਪ੍ਰਭਾਵ ਵਾਲਾ ਹਲਕਾ: ਮੁੜ-ਬਹਾਲੀ ਜ਼ੋਨ,INC led by +6 votes with 31.4% vote share in Chogawan Rupowali. Neutralize traditional Congress sarpanch networks. Appoint 2 booth captains and directly onboard dynamic rural youth.,ਕਾਂਗਰਸ ਨੇ ਇੱਥੇ +6 ਵੋਟਾਂ (31.4%) ਦੀ ਲੀਡ ਲਈ ਹੈ। ਚੋਗਾਵਾਂ ਰੂਪੋਵਾਲੀ ਵਿੱਚ ਪੁਰਾਣੇ ਸਰਪੰਚੀ ਪ੍ਰਭਾਵ ਨੂੰ ਘਟਾਉਣ ਲਈ ਦੋ ਨਵੇਂ ਯੂਥ ਬੂਥ ਇੰਚਾਰਜ ਲਗਾਓ ਅਤੇ ਘਰ-ਘਰ ਸੰਪਰਕ ਮੁਹਿੰਮ ਚਲਾਓ।,"{'booth_no': '127', 'village_en': 'Chogawan Rupowali', 'village_pa': 'ਚੋਗਾਵਾਂ ਰੂਪੋਵਾਲੀ', 'zone_en': 'Congress Belt: High-Intensity Reclamation Zone', 'zone_pa': 'ਕਾਂਗਰਸੀ ਪ੍ਰਭਾਵ ਵਾਲਾ ਹਲਕਾ: ਮੁੜ-ਬਹਾਲੀ ਜ਼ੋਨ', 'action_en': 'INC led by +6 votes with 31.4% vote share in Chogawan Rupowali. Neutralize traditional Congress sarpanch networks. Appoint 2 booth captains and directly onboard dynamic rural youth.', 'action_pa': 'ਕਾਂਗਰਸ ਨੇ ਇੱਥੇ +6 ਵੋਟਾਂ (31.4%) ਦੀ ਲੀਡ ਲਈ ਹੈ। ਚੋਗਾਵਾਂ ਰੂਪੋਵਾਲੀ ਵਿੱਚ ਪੁਰਾਣੇ ਸਰਪੰਚੀ ਪ੍ਰਭਾਵ ਨੂੰ ਘਟਾਉਣ ਲਈ ਦੋ ਨਵੇਂ ਯੂਥ ਬੂਥ ਇੰਚਾਰਜ ਲਗਾਓ ਅਤੇ ਘਰ-ਘਰ ਸੰਪਰਕ ਮੁਹਿੰਮ ਚਲਾਓ।', 'action_steps_en': ['Days 1-30: Identify active vs inactive Congress booth workers in Chogawan Rupowali.', 'Days 31-60: Form rural welfare monitoring committee to connect village elders with state pensions.', ""Days 61-90: Overcome Congress's +6 vote lead through door-to-door cadre contact.""], 'action_steps_pa': ['ਦਿਨ 1-30: ਚੋਗਾਵਾਂ ਰੂਪੋਵਾਲੀ ਵਿੱਚ ਕਾਂਗਰਸੀ ਸਰਪੰਚਾਂ ਅਤੇ ਆਗੂਆਂ ਦੇ ਪ੍ਰਭਾਵ ਦਾ ਵਿਸ਼ਲੇਸ਼ਣ ਕਰੋ।', 'ਦਿਨ 31-60: ਬਜ਼ੁਰਗਾਂ ਅਤੇ ਔਰਤਾਂ ਨੂੰ ਪੈਨਸ਼ਨਾਂ ਤੇ ਭਲਾਈ ਸਕੀਮਾਂ ਨਾਲ ਜੋੜਨ ਲਈ ਕੈਂਪ ਲਗਾਓ।', 'ਦਿਨ 61-90: ਨੌਜਵਾਨਾਂ ਦੀ ਟੀਮ ਰਾਹੀਂ ਕਾਂਗਰਸ ਦੀ +6 ਵੋਟਾਂ ਦੀ ਲੀਡ ਖ਼ਤਮ ਕਰੋ।'], 'action_steps': ['ਦਿਨ 1-30: ਚੋਗਾਵਾਂ ਰੂਪੋਵਾਲੀ ਵਿੱਚ ਕਾਂਗਰਸੀ ਸਰਪੰਚਾਂ ਅਤੇ ਆਗੂਆਂ ਦੇ ਪ੍ਰਭਾਵ ਦਾ ਵਿਸ਼ਲੇਸ਼ਣ ਕਰੋ।', 'ਦਿਨ 31-60: ਬਜ਼ੁਰਗਾਂ ਅਤੇ ਔਰਤਾਂ ਨੂੰ ਪੈਨਸ਼ਨਾਂ ਤੇ ਭਲਾਈ ਸਕੀਮਾਂ ਨਾਲ ਜੋੜਨ ਲਈ ਕੈਂਪ ਲਗਾਓ।', 'ਦਿਨ 61-90: ਨੌਜਵਾਨਾਂ ਦੀ ਟੀਮ ਰਾਹੀਂ ਕਾਂਗਰਸ ਦੀ +6 ਵੋਟਾਂ ਦੀ ਲੀਡ ਖ਼ਤਮ ਕਰੋ।']}"
128,128,125,128,128,False,#128,Booth #128 (Unchanged),ਬੂਥ #128 (ਅਣਬਦਲਿਆ),Rupowali Khurd,ਰੂਪੋਵਾਲੀ ਖੁਰਦ,ਰੂਪੋਵਾਲੀ ਖੁਰਦ,Rupowali Khurd,ਰੂਪੋਵਾਲੀ ਖੁਰਦ,Rupowali Khurd,ਰੂਪੋਵਾਲੀ ਖੁਰਦ,SAD,AAP,52,48,SAD → AAP,SAD → AAP,AAP Gain,ਆਪ ਲਾਭ,INC Deficit,"{'AAP': 'GAINED', 'SAD': 'LOST_24', 'INC': 'LOST_BOTH', 'BJP': 'WEAK'}",True,"{'is_flip': True, 'status_label': 'SAD → AAP', 'turnout_diff': -137, 'turnout_pct': -28.19, 'sad_swing': -18.47, 'aap_swing': 5.98, 'inc_swing': 5.93, 'bjp_swing': 0.69}",486,349,-137,-28.19,236,105,-131,48.56,30.09,-18.47,184,153,-31,37.86,43.84,5.98,45,53,8,9.26,15.19,5.93,5,6,1,1.03,1.72,0.69,16,4.58,"{'total': 486, 'sad': 236, 'aap': 184, 'inc': 45, 'bjp': 5, 'sad_votes': 236, 'sad_pct': 48.56, 'aap_votes': 184, 'aap_pct': 37.86, 'inc_votes': 45, 'inc_pct': 9.26, 'bjp_votes': 5, 'bjp_pct': 1.03, 'winner_party': 'SAD', 'margin': 52, 'winner_candidate': 'Ganieve Kaur Majithia'}","{'total': 349, 'sad': 105, 'aap': 153, 'inc': 53, 'bjp': 6, 'sada': 16, 'bsp': 1, 'others': 14, 'sad_votes': 105, 'sad_pct': 30.09, 'aap_votes': 153, 'aap_pct': 43.84, 'inc_votes': 53, 'inc_pct': 15.19, 'bjp_votes': 6, 'bjp_pct': 1.72, 'sada_votes': 16, 'sada_pct': 4.58, 'winner_party': 'AAP', 'margin': 48, 'winner_candidate': 'Kuldeep Singh Dhaliwal'}","{'turnout_diff': -137, 'turnout_pct': -28.19, 'sad_shift': -131, 'sad_swing': -18.47, 'aap_shift': -31, 'aap_swing': 5.98, 'inc_shift': 8, 'inc_swing': 5.93, 'bjp_shift': 1, 'bjp_swing': 0.69}",Historic Breakthrough: AAP Flipped Stronghold,ਇਤਿਹਾਸਕ ਪ੍ਰਾਪਤੀ: ਅਕਾਲੀ ਗੜ੍ਹ ਵਿੱਚ ਆਪ ਦੀ ਜਿੱਤ ਜ਼ੋਨ,"Major breakthrough in Rupowali Khurd previously held by SAD. Formally induct local village swing leaders and youth volunteers who backed AAP in 2024. Resolve local village infrastructure, canal tail issues, and cement +48 lead.","ਰੂਪੋਵਾਲੀ ਖੁਰਦ ਵਿੱਚ ਵੱਡੀ ਇਤਿਹਾਸਕ ਸਫ਼ਲਤਾ, ਜਿੱਥੇ SAD ਦਾ ਪੁਰਾਣਾ ਦਬਦਬਾ ਟੁੱਟਿਆ। 2024 ਵਿੱਚ ਆਪ ਨਾਲ ਜੁੜੇ ਨੌਜਵਾਨਾਂ ਅਤੇ ਪੰਚਾਇਤੀ ਆਗੂਆਂ ਨੂੰ ਜਥੇਬੰਦਕ ਜ਼ਿੰਮੇਵਾਰੀਆਂ ਦਿਓ ਅਤੇ +48 ਵੋਟਾਂ ਦੀ ਲੀਡ ਨੂੰ ਸਥਾਈ ਵੋਟ ਬੈਂਕ ਵਿੱਚ ਬਦਲੋ।","{'booth_no': '128', 'village_en': 'Rupowali Khurd', 'village_pa': 'ਰੂਪੋਵਾਲੀ ਖੁਰਦ', 'zone_en': 'Historic Breakthrough: AAP Flipped Stronghold', 'zone_pa': 'ਇਤਿਹਾਸਕ ਪ੍ਰਾਪਤੀ: ਅਕਾਲੀ ਗੜ੍ਹ ਵਿੱਚ ਆਪ ਦੀ ਜਿੱਤ ਜ਼ੋਨ', 'action_en': 'Major breakthrough in Rupowali Khurd previously held by SAD. Formally induct local village swing leaders and youth volunteers who backed AAP in 2024. Resolve local village infrastructure, canal tail issues, and cement +48 lead.', 'action_pa': 'ਰੂਪੋਵਾਲੀ ਖੁਰਦ ਵਿੱਚ ਵੱਡੀ ਇਤਿਹਾਸਕ ਸਫ਼ਲਤਾ, ਜਿੱਥੇ SAD ਦਾ ਪੁਰਾਣਾ ਦਬਦਬਾ ਟੁੱਟਿਆ। 2024 ਵਿੱਚ ਆਪ ਨਾਲ ਜੁੜੇ ਨੌਜਵਾਨਾਂ ਅਤੇ ਪੰਚਾਇਤੀ ਆਗੂਆਂ ਨੂੰ ਜਥੇਬੰਦਕ ਜ਼ਿੰਮੇਵਾਰੀਆਂ ਦਿਓ ਅਤੇ +48 ਵੋਟਾਂ ਦੀ ਲੀਡ ਨੂੰ ਸਥਾਈ ਵੋਟ ਬੈਂਕ ਵਿੱਚ ਬਦਲੋ।', 'action_steps_en': ['Days 1-30: Onboard dynamic swing workers who crossed over from SAD into the formal AAP booth structure.', 'Days 31-60: Prioritize village link road and street light repairs in Rupowali Khurd through rural development grants.', 'Days 61-90: Convert current +48 vote lead into permanent party loyalty before 2027.'], 'action_steps_pa': ['ਦਿਨ 1-30: SAD ਛੱਡ ਕੇ ਆਪ ਵਿੱਚ ਸ਼ਾਮਲ ਹੋਏ ਆਗੂਆਂ ਨੂੰ ਬੂਥ ਕਮੇਟੀ ਵਿੱਚ ਅਹਿਮ ਜ਼ਿੰਮੇਵਾਰੀਆਂ ਦਿਓ।', ""ਦਿਨ 31-60: ਰੂਪੋਵਾਲੀ ਖੁਰਦ ਵਿੱਚ ਪਿੰਡ ਦੀਆਂ ਫਿਰਨੀਆਂ, ਗਲੀਆਂ ਅਤੇ ਲਿੰਕ ਸੜਕਾਂ ਦੇ ਕੰਮ ਤਰਜੀਹ 'ਤੇ ਕਰਵਾਓ।"", 'ਦਿਨ 61-90: +48 ਵੋਟਾਂ ਦੀ ਲੀਡ ਨੂੰ ਪੱਕੇ ਵੋਟ ਬੈਂਕ ਵਿੱਚ ਤਬਦੀਲ ਕਰੋ।'], 'action_steps': ['ਦਿਨ 1-30: SAD ਛੱਡ ਕੇ ਆਪ ਵਿੱਚ ਸ਼ਾਮਲ ਹੋਏ ਆਗੂਆਂ ਨੂੰ ਬੂਥ ਕਮੇਟੀ ਵਿੱਚ ਅਹਿਮ ਜ਼ਿੰਮੇਵਾਰੀਆਂ ਦਿਓ।', ""ਦਿਨ 31-60: ਰੂਪੋਵਾਲੀ ਖੁਰਦ ਵਿੱਚ ਪਿੰਡ ਦੀਆਂ ਫਿਰਨੀਆਂ, ਗਲੀਆਂ ਅਤੇ ਲਿੰਕ ਸੜਕਾਂ ਦੇ ਕੰਮ ਤਰਜੀਹ 'ਤੇ ਕਰਵਾਓ।"", 'ਦਿਨ 61-90: +48 ਵੋਟਾਂ ਦੀ ਲੀਡ ਨੂੰ ਪੱਕੇ ਵੋਟ ਬੈਂਕ ਵਿੱਚ ਤਬਦੀਲ ਕਰੋ।']}"
129,129,126,129,129,False,#129,Booth #129 (Unchanged),ਬੂਥ #129 (ਅਣਬਦਲਿਆ),Rupowali Kalan,ਰੂਪੋਵਾਲੀ ਕਲਾਂ,ਰੂਪੋਵਾਲੀ ਕਲਾਂ,Rupowali Kalan,ਰੂਪੋਵਾਲੀ ਕਲਾਂ,Rupowali Kalan,ਰੂਪੋਵਾਲੀ ਕਲਾਂ,SAD,AAP,30,5,SAD → AAP,SAD → AAP,AAP Gain,ਆਪ ਲਾਭ,INC Deficit,"{'AAP': 'GAINED', 'SAD': 'LOST_24', 'INC': 'WEAK', 'BJP': 'WEAK'}",True,"{'is_flip': True, 'status_label': 'SAD → AAP', 'turnout_diff': -37, 'turnout_pct': -8.06, 'sad_swing': -6.76, 'aap_swing': 1.18, 'inc_swing': -16.11, 'bjp_swing': 6.2}",459,422,-37,-8.06,167,125,-42,36.38,29.62,-6.76,136,130,-6,29.63,30.81,1.18,137,58,-79,29.85,13.74,-16.11,2,28,26,0.44,6.64,6.2,37,8.77,"{'total': 459, 'sad': 167, 'aap': 136, 'inc': 137, 'bjp': 2, 'sad_votes': 167, 'sad_pct': 36.38, 'aap_votes': 136, 'aap_pct': 29.63, 'inc_votes': 137, 'inc_pct': 29.85, 'bjp_votes': 2, 'bjp_pct': 0.44, 'winner_party': 'SAD', 'margin': 30, 'winner_candidate': 'Ganieve Kaur Majithia'}","{'total': 422, 'sad': 125, 'aap': 130, 'inc': 58, 'bjp': 28, 'sada': 37, 'bsp': 3, 'others': 38, 'sad_votes': 125, 'sad_pct': 29.62, 'aap_votes': 130, 'aap_pct': 30.81, 'inc_votes': 58, 'inc_pct': 13.74, 'bjp_votes': 28, 'bjp_pct': 6.64, 'sada_votes': 37, 'sada_pct': 8.77, 'winner_party': 'AAP', 'margin': 5, 'winner_candidate': 'Kuldeep Singh Dhaliwal'}","{'turnout_diff': -37, 'turnout_pct': -8.06, 'sad_shift': -42, 'sad_swing': -6.76, 'aap_shift': -6, 'aap_swing': 1.18, 'inc_shift': -79, 'inc_swing': -16.11, 'bjp_shift': 26, 'bjp_swing': 6.2}",Historic Breakthrough: AAP Flipped Stronghold,ਇਤਿਹਾਸਕ ਪ੍ਰਾਪਤੀ: ਅਕਾਲੀ ਗੜ੍ਹ ਵਿੱਚ ਆਪ ਦੀ ਜਿੱਤ ਜ਼ੋਨ,"Major breakthrough in Rupowali Kalan previously held by SAD. Formally induct local village swing leaders and youth volunteers who backed AAP in 2024. Resolve local village infrastructure, canal tail issues, and cement +5 lead.","ਰੂਪੋਵਾਲੀ ਕਲਾਂ ਵਿੱਚ ਵੱਡੀ ਇਤਿਹਾਸਕ ਸਫ਼ਲਤਾ, ਜਿੱਥੇ SAD ਦਾ ਪੁਰਾਣਾ ਦਬਦਬਾ ਟੁੱਟਿਆ। 2024 ਵਿੱਚ ਆਪ ਨਾਲ ਜੁੜੇ ਨੌਜਵਾਨਾਂ ਅਤੇ ਪੰਚਾਇਤੀ ਆਗੂਆਂ ਨੂੰ ਜਥੇਬੰਦਕ ਜ਼ਿੰਮੇਵਾਰੀਆਂ ਦਿਓ ਅਤੇ +5 ਵੋਟਾਂ ਦੀ ਲੀਡ ਨੂੰ ਸਥਾਈ ਵੋਟ ਬੈਂਕ ਵਿੱਚ ਬਦਲੋ।","{'booth_no': '129', 'village_en': 'Rupowali Kalan', 'village_pa': 'ਰੂਪੋਵਾਲੀ ਕਲਾਂ', 'zone_en': 'Historic Breakthrough: AAP Flipped Stronghold', 'zone_pa': 'ਇਤਿਹਾਸਕ ਪ੍ਰਾਪਤੀ: ਅਕਾਲੀ ਗੜ੍ਹ ਵਿੱਚ ਆਪ ਦੀ ਜਿੱਤ ਜ਼ੋਨ', 'action_en': 'Major breakthrough in Rupowali Kalan previously held by SAD. Formally induct local village swing leaders and youth volunteers who backed AAP in 2024. Resolve local village infrastructure, canal tail issues, and cement +5 lead.', 'action_pa': 'ਰੂਪੋਵਾਲੀ ਕਲਾਂ ਵਿੱਚ ਵੱਡੀ ਇਤਿਹਾਸਕ ਸਫ਼ਲਤਾ, ਜਿੱਥੇ SAD ਦਾ ਪੁਰਾਣਾ ਦਬਦਬਾ ਟੁੱਟਿਆ। 2024 ਵਿੱਚ ਆਪ ਨਾਲ ਜੁੜੇ ਨੌਜਵਾਨਾਂ ਅਤੇ ਪੰਚਾਇਤੀ ਆਗੂਆਂ ਨੂੰ ਜਥੇਬੰਦਕ ਜ਼ਿੰਮੇਵਾਰੀਆਂ ਦਿਓ ਅਤੇ +5 ਵੋਟਾਂ ਦੀ ਲੀਡ ਨੂੰ ਸਥਾਈ ਵੋਟ ਬੈਂਕ ਵਿੱਚ ਬਦਲੋ।', 'action_steps_en': ['Days 1-30: Onboard dynamic swing workers who crossed over from SAD into the formal AAP booth structure.', 'Days 31-60: Prioritize village link road and street light repairs in Rupowali Kalan through rural development grants.', 'Days 61-90: Convert current +5 vote lead into permanent party loyalty before 2027.'], 'action_steps_pa': ['ਦਿਨ 1-30: SAD ਛੱਡ ਕੇ ਆਪ ਵਿੱਚ ਸ਼ਾਮਲ ਹੋਏ ਆਗੂਆਂ ਨੂੰ ਬੂਥ ਕਮੇਟੀ ਵਿੱਚ ਅਹਿਮ ਜ਼ਿੰਮੇਵਾਰੀਆਂ ਦਿਓ।', ""ਦਿਨ 31-60: ਰੂਪੋਵਾਲੀ ਕਲਾਂ ਵਿੱਚ ਪਿੰਡ ਦੀਆਂ ਫਿਰਨੀਆਂ, ਗਲੀਆਂ ਅਤੇ ਲਿੰਕ ਸੜਕਾਂ ਦੇ ਕੰਮ ਤਰਜੀਹ 'ਤੇ ਕਰਵਾਓ।"", 'ਦਿਨ 61-90: +5 ਵੋਟਾਂ ਦੀ ਲੀਡ ਨੂੰ ਪੱਕੇ ਵੋਟ ਬੈਂਕ ਵਿੱਚ ਤਬਦੀਲ ਕਰੋ।'], 'action_steps': ['ਦਿਨ 1-30: SAD ਛੱਡ ਕੇ ਆਪ ਵਿੱਚ ਸ਼ਾਮਲ ਹੋਏ ਆਗੂਆਂ ਨੂੰ ਬੂਥ ਕਮੇਟੀ ਵਿੱਚ ਅਹਿਮ ਜ਼ਿੰਮੇਵਾਰੀਆਂ ਦਿਓ।', ""ਦਿਨ 31-60: ਰੂਪੋਵਾਲੀ ਕਲਾਂ ਵਿੱਚ ਪਿੰਡ ਦੀਆਂ ਫਿਰਨੀਆਂ, ਗਲੀਆਂ ਅਤੇ ਲਿੰਕ ਸੜਕਾਂ ਦੇ ਕੰਮ ਤਰਜੀਹ 'ਤੇ ਕਰਵਾਓ।"", 'ਦਿਨ 61-90: +5 ਵੋਟਾਂ ਦੀ ਲੀਡ ਨੂੰ ਪੱਕੇ ਵੋਟ ਬੈਂਕ ਵਿੱਚ ਤਬਦੀਲ ਕਰੋ।']}"
130,130,127,130,130,False,#130,Booth #130 (Unchanged),ਬੂਥ #130 (ਅਣਬਦਲਿਆ),Talwandi Dasondha Singh,ਤਲਵੰਡੀ ਦਸੌਂਧਾ ਸਿੰਘ,ਤਲਵੰਡੀ ਦਸੌਂਧਾ ਸਿੰਘ,Talwandi Dasondha Singh,ਤਲਵੰਡੀ ਦਸੌਂਧਾ ਸਿੰਘ,Talwandi Dasondha Singh,ਤਲਵੰਡੀ ਦਸੌਂਧਾ ਸਿੰਘ,SAD,SAD,186,102,SAD Retained,SAD Retained,AAP Deficit,ਆਪ ਘਾਟ,INC Deficit,"{'AAP': 'LOST_BOTH', 'SAD': 'WON_BOTH', 'INC': 'WEAK', 'BJP': 'WEAK'}",False,"{'is_flip': False, 'status_label': 'SAD Retained', 'turnout_diff': -156, 'turnout_pct': -24.3, 'sad_swing': -3.72, 'aap_swing': 7.07, 'inc_swing': -10.13, 'bjp_swing': 0.6}",642,486,-156,-24.3,329,231,-98,51.25,47.53,-3.72,125,129,4,19.47,26.54,7.07,143,59,-84,22.27,12.14,-10.13,8,9,1,1.25,1.85,0.6,23,4.73,"{'total': 642, 'sad': 329, 'aap': 125, 'inc': 143, 'bjp': 8, 'sad_votes': 329, 'sad_pct': 51.25, 'aap_votes': 125, 'aap_pct': 19.47, 'inc_votes': 143, 'inc_pct': 22.27, 'bjp_votes': 8, 'bjp_pct': 1.25, 'winner_party': 'SAD', 'margin': 186, 'winner_candidate': 'Ganieve Kaur Majithia'}","{'total': 486, 'sad': 231, 'aap': 129, 'inc': 59, 'bjp': 9, 'sada': 23, 'bsp': 2, 'others': 29, 'sad_votes': 231, 'sad_pct': 47.53, 'aap_votes': 129, 'aap_pct': 26.54, 'inc_votes': 59, 'inc_pct': 12.14, 'bjp_votes': 9, 'bjp_pct': 1.85, 'sada_votes': 23, 'sada_pct': 4.73, 'winner_party': 'SAD', 'margin': 102, 'winner_candidate': 'Anil Joshi'}","{'turnout_diff': -156, 'turnout_pct': -24.3, 'sad_shift': -98, 'sad_swing': -3.72, 'aap_shift': 4, 'aap_swing': 7.07, 'inc_shift': -84, 'inc_swing': -10.13, 'bjp_shift': 1, 'bjp_swing': 0.6}",Akali Bastion: Strategic Penetration & Demolition Zone,ਅਕਾਲੀ ਦਲ ਦਾ ਪ੍ਰਭਾਵਿਤ ਖੇਤਰ: ਵਿਸ਼ੇਸ਼ ਘੇਰਾਬੰਦੀ ਜ਼ੋਨ,SAD retained lead here by +102 votes (47.5% share). Target moderate Panthic and farming families in Talwandi Dasondha Singh disillusioned with traditional leadership. Appoint dedicated block coordinators and highlight direct government procurement and village development works.,ਅਕਾਲੀ ਦਲ ਨੇ ਇੱਥੇ +102 ਵੋਟਾਂ (47.5%) ਨਾਲ ਲੀਡ ਬਣਾਈ ਹੈ। ਤਲਵੰਡੀ ਦਸੌਂਧਾ ਸਿੰਘ ਵਿੱਚ ਰਵਾਇਤੀ ਲੀਡਰਸ਼ਿਪ ਤੋਂ ਨਿਰਾਸ਼ ਕਿਸਾਨ ਅਤੇ ਪੰਥਕ ਪਰਿਵਾਰਾਂ ਨਾਲ ਸੰਵਾਦ ਕਰੋ। ਪਿੰਡਾਂ ਵਿੱਚ ਪੰਜਾਬ ਸਰਕਾਰ ਦੇ ਵਿਕਾਸ ਕਾਰਜਾਂ ਅਤੇ ਨਿਰਪੱਖ ਭਰਤੀਆਂ ਦੇ ਸੁਨੇਹੇ ਨਾਲ ਸੰਨ੍ਹ ਲਗਾਓ।,"{'booth_no': '130', 'village_en': 'Talwandi Dasondha Singh', 'village_pa': 'ਤਲਵੰਡੀ ਦਸੌਂਧਾ ਸਿੰਘ', 'zone_en': 'Akali Bastion: Strategic Penetration & Demolition Zone', 'zone_pa': 'ਅਕਾਲੀ ਦਲ ਦਾ ਪ੍ਰਭਾਵਿਤ ਖੇਤਰ: ਵਿਸ਼ੇਸ਼ ਘੇਰਾਬੰਦੀ ਜ਼ੋਨ', 'action_en': 'SAD retained lead here by +102 votes (47.5% share). Target moderate Panthic and farming families in Talwandi Dasondha Singh disillusioned with traditional leadership. Appoint dedicated block coordinators and highlight direct government procurement and village development works.', 'action_pa': 'ਅਕਾਲੀ ਦਲ ਨੇ ਇੱਥੇ +102 ਵੋਟਾਂ (47.5%) ਨਾਲ ਲੀਡ ਬਣਾਈ ਹੈ। ਤਲਵੰਡੀ ਦਸੌਂਧਾ ਸਿੰਘ ਵਿੱਚ ਰਵਾਇਤੀ ਲੀਡਰਸ਼ਿਪ ਤੋਂ ਨਿਰਾਸ਼ ਕਿਸਾਨ ਅਤੇ ਪੰਥਕ ਪਰਿਵਾਰਾਂ ਨਾਲ ਸੰਵਾਦ ਕਰੋ। ਪਿੰਡਾਂ ਵਿੱਚ ਪੰਜਾਬ ਸਰਕਾਰ ਦੇ ਵਿਕਾਸ ਕਾਰਜਾਂ ਅਤੇ ਨਿਰਪੱਖ ਭਰਤੀਆਂ ਦੇ ਸੁਨੇਹੇ ਨਾਲ ਸੰਨ੍ਹ ਲਗਾਓ।', 'action_steps_en': ['Days 1-30: Map the top 30 influential non-committed Panthic families in Talwandi Dasondha Singh.', 'Days 31-60: Deploy senior constituency leaders for direct home visits to address local disgruntlement.', ""Days 61-90: Neutralize SAD's +102 vote cushion by winning over agricultural youth.""], 'action_steps_pa': ['ਦਿਨ 1-30: ਤਲਵੰਡੀ ਦਸੌਂਧਾ ਸਿੰਘ ਦੇ 30 ਨਿਰਪੱਖ ਅਤੇ ਪ੍ਰਭਾਵਸ਼ਾਲੀ ਪਰਿਵਾਰਾਂ ਦੀ ਸ਼ਨਾਖਤ ਕਰੋ।', 'ਦਿਨ 31-60: ਸੀਨੀਅਰ ਲੀਡਰਸ਼ਿਪ ਰਾਹੀਂ ਘਰ-ਘਰ ਜਾ ਕੇ ਸਰਕਾਰ ਦੀਆਂ ਨਿਰਪੱਖ ਨੀਤੀਆਂ ਸਾਂਝੀਆਂ ਕਰੋ।', 'ਦਿਨ 61-90: ਨੌਜਵਾਨ ਵਰਗ ਨੂੰ ਸਰਕਾਰੀ ਨੌਕਰੀਆਂ ਅਤੇ ਖੇਡ ਕਿੱਟਾਂ ਰਾਹੀਂ ਪਾਰਟੀ ਨਾਲ ਜੋੜ ਕੇ ਲੀਡ ਘਟਾਓ।'], 'action_steps': ['ਦਿਨ 1-30: ਤਲਵੰਡੀ ਦਸੌਂਧਾ ਸਿੰਘ ਦੇ 30 ਨਿਰਪੱਖ ਅਤੇ ਪ੍ਰਭਾਵਸ਼ਾਲੀ ਪਰਿਵਾਰਾਂ ਦੀ ਸ਼ਨਾਖਤ ਕਰੋ।', 'ਦਿਨ 31-60: ਸੀਨੀਅਰ ਲੀਡਰਸ਼ਿਪ ਰਾਹੀਂ ਘਰ-ਘਰ ਜਾ ਕੇ ਸਰਕਾਰ ਦੀਆਂ ਨਿਰਪੱਖ ਨੀਤੀਆਂ ਸਾਂਝੀਆਂ ਕਰੋ।', 'ਦਿਨ 61-90: ਨੌਜਵਾਨ ਵਰਗ ਨੂੰ ਸਰਕਾਰੀ ਨੌਕਰੀਆਂ ਅਤੇ ਖੇਡ ਕਿੱਟਾਂ ਰਾਹੀਂ ਪਾਰਟੀ ਨਾਲ ਜੋੜ ਕੇ ਲੀਡ ਘਟਾਓ।']}"
131,131,128,131,131,False,#131,Booth #131 (Unchanged),ਬੂਥ #131 (ਅਣਬਦਲਿਆ),Talwandi Dasondha Singh,ਤਲਵੰਡੀ ਦਸੌਂਧਾ ਸਿੰਘ,ਤਲਵੰਡੀ ਦਸੌਂਧਾ ਸਿੰਘ,Talwandi Dasondha Singh,ਤਲਵੰਡੀ ਦਸੌਂਧਾ ਸਿੰਘ,Talwandi Dasondha Singh,ਤਲਵੰਡੀ ਦਸੌਂਧਾ ਸਿੰਘ,SAD,SAD,57,209,SAD Retained,SAD Retained,AAP Deficit,ਆਪ ਘਾਟ,INC Deficit,"{'AAP': 'LOST_BOTH', 'SAD': 'WON_BOTH', 'INC': 'WEAK', 'BJP': 'WEAK'}",False,"{'is_flip': False, 'status_label': 'SAD Retained', 'turnout_diff': 89, 'turnout_pct': 16.73, 'sad_swing': 14.04, 'aap_swing': -2.51, 'inc_swing': -17.92, 'bjp_swing': 2.36}",532,621,89,16.73,220,344,124,41.35,55.39,14.04,129,135,6,24.25,21.74,-2.51,163,79,-84,30.64,12.72,-17.92,2,17,15,0.38,2.74,2.36,16,2.58,"{'total': 532, 'sad': 220, 'aap': 129, 'inc': 163, 'bjp': 2, 'sad_votes': 220, 'sad_pct': 41.35, 'aap_votes': 129, 'aap_pct': 24.25, 'inc_votes': 163, 'inc_pct': 30.64, 'bjp_votes': 2, 'bjp_pct': 0.38, 'winner_party': 'SAD', 'margin': 57, 'winner_candidate': 'Ganieve Kaur Majithia'}","{'total': 621, 'sad': 344, 'aap': 135, 'inc': 79, 'bjp': 17, 'sada': 16, 'bsp': 1, 'others': 24, 'sad_votes': 344, 'sad_pct': 55.39, 'aap_votes': 135, 'aap_pct': 21.74, 'inc_votes': 79, 'inc_pct': 12.72, 'bjp_votes': 17, 'bjp_pct': 2.74, 'sada_votes': 16, 'sada_pct': 2.58, 'winner_party': 'SAD', 'margin': 209, 'winner_candidate': 'Anil Joshi'}","{'turnout_diff': 89, 'turnout_pct': 16.73, 'sad_shift': 124, 'sad_swing': 14.04, 'aap_shift': 6, 'aap_swing': -2.51, 'inc_shift': -84, 'inc_swing': -17.92, 'bjp_shift': 15, 'bjp_swing': 2.36}",Akali Bastion: Strategic Penetration & Demolition Zone,ਅਕਾਲੀ ਦਲ ਦਾ ਪ੍ਰਭਾਵਿਤ ਖੇਤਰ: ਵਿਸ਼ੇਸ਼ ਘੇਰਾਬੰਦੀ ਜ਼ੋਨ,SAD retained lead here by +209 votes (55.4% share). Target moderate Panthic and farming families in Talwandi Dasondha Singh disillusioned with traditional leadership. Appoint dedicated block coordinators and highlight direct government procurement and village development works.,ਅਕਾਲੀ ਦਲ ਨੇ ਇੱਥੇ +209 ਵੋਟਾਂ (55.4%) ਨਾਲ ਲੀਡ ਬਣਾਈ ਹੈ। ਤਲਵੰਡੀ ਦਸੌਂਧਾ ਸਿੰਘ ਵਿੱਚ ਰਵਾਇਤੀ ਲੀਡਰਸ਼ਿਪ ਤੋਂ ਨਿਰਾਸ਼ ਕਿਸਾਨ ਅਤੇ ਪੰਥਕ ਪਰਿਵਾਰਾਂ ਨਾਲ ਸੰਵਾਦ ਕਰੋ। ਪਿੰਡਾਂ ਵਿੱਚ ਪੰਜਾਬ ਸਰਕਾਰ ਦੇ ਵਿਕਾਸ ਕਾਰਜਾਂ ਅਤੇ ਨਿਰਪੱਖ ਭਰਤੀਆਂ ਦੇ ਸੁਨੇਹੇ ਨਾਲ ਸੰਨ੍ਹ ਲਗਾਓ।,"{'booth_no': '131', 'village_en': 'Talwandi Dasondha Singh', 'village_pa': 'ਤਲਵੰਡੀ ਦਸੌਂਧਾ ਸਿੰਘ', 'zone_en': 'Akali Bastion: Strategic Penetration & Demolition Zone', 'zone_pa': 'ਅਕਾਲੀ ਦਲ ਦਾ ਪ੍ਰਭਾਵਿਤ ਖੇਤਰ: ਵਿਸ਼ੇਸ਼ ਘੇਰਾਬੰਦੀ ਜ਼ੋਨ', 'action_en': 'SAD retained lead here by +209 votes (55.4% share). Target moderate Panthic and farming families in Talwandi Dasondha Singh disillusioned with traditional leadership. Appoint dedicated block coordinators and highlight direct government procurement and village development works.', 'action_pa': 'ਅਕਾਲੀ ਦਲ ਨੇ ਇੱਥੇ +209 ਵੋਟਾਂ (55.4%) ਨਾਲ ਲੀਡ ਬਣਾਈ ਹੈ। ਤਲਵੰਡੀ ਦਸੌਂਧਾ ਸਿੰਘ ਵਿੱਚ ਰਵਾਇਤੀ ਲੀਡਰਸ਼ਿਪ ਤੋਂ ਨਿਰਾਸ਼ ਕਿਸਾਨ ਅਤੇ ਪੰਥਕ ਪਰਿਵਾਰਾਂ ਨਾਲ ਸੰਵਾਦ ਕਰੋ। ਪਿੰਡਾਂ ਵਿੱਚ ਪੰਜਾਬ ਸਰਕਾਰ ਦੇ ਵਿਕਾਸ ਕਾਰਜਾਂ ਅਤੇ ਨਿਰਪੱਖ ਭਰਤੀਆਂ ਦੇ ਸੁਨੇਹੇ ਨਾਲ ਸੰਨ੍ਹ ਲਗਾਓ।', 'action_steps_en': ['Days 1-30: Map the top 30 influential non-committed Panthic families in Talwandi Dasondha Singh.', 'Days 31-60: Deploy senior constituency leaders for direct home visits to address local disgruntlement.', ""Days 61-90: Neutralize SAD's +209 vote cushion by winning over agricultural youth.""], 'action_steps_pa': ['ਦਿਨ 1-30: ਤਲਵੰਡੀ ਦਸੌਂਧਾ ਸਿੰਘ ਦੇ 30 ਨਿਰਪੱਖ ਅਤੇ ਪ੍ਰਭਾਵਸ਼ਾਲੀ ਪਰਿਵਾਰਾਂ ਦੀ ਸ਼ਨਾਖਤ ਕਰੋ।', 'ਦਿਨ 31-60: ਸੀਨੀਅਰ ਲੀਡਰਸ਼ਿਪ ਰਾਹੀਂ ਘਰ-ਘਰ ਜਾ ਕੇ ਸਰਕਾਰ ਦੀਆਂ ਨਿਰਪੱਖ ਨੀਤੀਆਂ ਸਾਂਝੀਆਂ ਕਰੋ।', 'ਦਿਨ 61-90: ਨੌਜਵਾਨ ਵਰਗ ਨੂੰ ਸਰਕਾਰੀ ਨੌਕਰੀਆਂ ਅਤੇ ਖੇਡ ਕਿੱਟਾਂ ਰਾਹੀਂ ਪਾਰਟੀ ਨਾਲ ਜੋੜ ਕੇ ਲੀਡ ਘਟਾਓ।'], 'action_steps': ['ਦਿਨ 1-30: ਤਲਵੰਡੀ ਦਸੌਂਧਾ ਸਿੰਘ ਦੇ 30 ਨਿਰਪੱਖ ਅਤੇ ਪ੍ਰਭਾਵਸ਼ਾਲੀ ਪਰਿਵਾਰਾਂ ਦੀ ਸ਼ਨਾਖਤ ਕਰੋ।', 'ਦਿਨ 31-60: ਸੀਨੀਅਰ ਲੀਡਰਸ਼ਿਪ ਰਾਹੀਂ ਘਰ-ਘਰ ਜਾ ਕੇ ਸਰਕਾਰ ਦੀਆਂ ਨਿਰਪੱਖ ਨੀਤੀਆਂ ਸਾਂਝੀਆਂ ਕਰੋ।', 'ਦਿਨ 61-90: ਨੌਜਵਾਨ ਵਰਗ ਨੂੰ ਸਰਕਾਰੀ ਨੌਕਰੀਆਂ ਅਤੇ ਖੇਡ ਕਿੱਟਾਂ ਰਾਹੀਂ ਪਾਰਟੀ ਨਾਲ ਜੋੜ ਕੇ ਲੀਡ ਘਟਾਓ।']}"
132,132,129,132,132,False,#132,Booth #132 (Unchanged),ਬੂਥ #132 (ਅਣਬਦਲਿਆ),Talwandi Dasondha Singh,ਤਲਵੰਡੀ ਦਸੌਂਧਾ ਸਿੰਘ,ਤਲਵੰਡੀ ਦਸੌਂਧਾ ਸਿੰਘ,Talwandi Dasondha Singh,ਤਲਵੰਡੀ ਦਸੌਂਧਾ ਸਿੰਘ,Talwandi Dasondha Singh,ਤਲਵੰਡੀ ਦਸੌਂਧਾ ਸਿੰਘ,SAD,INC,11,51,SAD → INC,SAD → INC,AAP Deficit,ਆਪ ਘਾਟ,INC Gain,"{'AAP': 'LOST_BOTH', 'SAD': 'LOST_24', 'INC': 'GAINED', 'BJP': 'WEAK'}",True,"{'is_flip': True, 'status_label': 'SAD → INC', 'turnout_diff': 249, 'turnout_pct': 104.18, 'sad_swing': -17.61, 'aap_swing': -3.58, 'inc_swing': 26.12, 'bjp_swing': 1.01}",239,488,249,104.18,94,106,12,39.33,21.72,-17.61,83,152,69,34.73,31.15,-3.58,37,203,166,15.48,41.6,26.12,1,7,6,0.42,1.43,1.01,8,1.64,"{'total': 239, 'sad': 94, 'aap': 83, 'inc': 37, 'bjp': 1, 'sad_votes': 94, 'sad_pct': 39.33, 'aap_votes': 83, 'aap_pct': 34.73, 'inc_votes': 37, 'inc_pct': 15.48, 'bjp_votes': 1, 'bjp_pct': 0.42, 'winner_party': 'SAD', 'margin': 11, 'winner_candidate': 'Ganieve Kaur Majithia'}","{'total': 488, 'sad': 106, 'aap': 152, 'inc': 203, 'bjp': 7, 'sada': 8, 'bsp': 0, 'others': 12, 'sad_votes': 106, 'sad_pct': 21.72, 'aap_votes': 152, 'aap_pct': 31.15, 'inc_votes': 203, 'inc_pct': 41.6, 'bjp_votes': 7, 'bjp_pct': 1.43, 'sada_votes': 8, 'sada_pct': 1.64, 'winner_party': 'INC', 'margin': 51, 'winner_candidate': 'Gurjeet Singh Aujla'}","{'turnout_diff': 249, 'turnout_pct': 104.18, 'sad_shift': 12, 'sad_swing': -17.61, 'aap_shift': 69, 'aap_swing': -3.58, 'inc_shift': 166, 'inc_swing': 26.12, 'bjp_shift': 6, 'bjp_swing': 1.01}",Congress Belt: High-Intensity Reclamation Zone,ਕਾਂਗਰਸੀ ਪ੍ਰਭਾਵ ਵਾਲਾ ਹਲਕਾ: ਮੁੜ-ਬਹਾਲੀ ਜ਼ੋਨ,INC led by +51 votes with 41.6% vote share in Talwandi Dasondha Singh. Neutralize traditional Congress sarpanch networks. Appoint 2 booth captains and directly onboard dynamic rural youth.,ਕਾਂਗਰਸ ਨੇ ਇੱਥੇ +51 ਵੋਟਾਂ (41.6%) ਦੀ ਲੀਡ ਲਈ ਹੈ। ਤਲਵੰਡੀ ਦਸੌਂਧਾ ਸਿੰਘ ਵਿੱਚ ਪੁਰਾਣੇ ਸਰਪੰਚੀ ਪ੍ਰਭਾਵ ਨੂੰ ਘਟਾਉਣ ਲਈ ਦੋ ਨਵੇਂ ਯੂਥ ਬੂਥ ਇੰਚਾਰਜ ਲਗਾਓ ਅਤੇ ਘਰ-ਘਰ ਸੰਪਰਕ ਮੁਹਿੰਮ ਚਲਾਓ।,"{'booth_no': '132', 'village_en': 'Talwandi Dasondha Singh', 'village_pa': 'ਤਲਵੰਡੀ ਦਸੌਂਧਾ ਸਿੰਘ', 'zone_en': 'Congress Belt: High-Intensity Reclamation Zone', 'zone_pa': 'ਕਾਂਗਰਸੀ ਪ੍ਰਭਾਵ ਵਾਲਾ ਹਲਕਾ: ਮੁੜ-ਬਹਾਲੀ ਜ਼ੋਨ', 'action_en': 'INC led by +51 votes with 41.6% vote share in Talwandi Dasondha Singh. Neutralize traditional Congress sarpanch networks. Appoint 2 booth captains and directly onboard dynamic rural youth.', 'action_pa': 'ਕਾਂਗਰਸ ਨੇ ਇੱਥੇ +51 ਵੋਟਾਂ (41.6%) ਦੀ ਲੀਡ ਲਈ ਹੈ। ਤਲਵੰਡੀ ਦਸੌਂਧਾ ਸਿੰਘ ਵਿੱਚ ਪੁਰਾਣੇ ਸਰਪੰਚੀ ਪ੍ਰਭਾਵ ਨੂੰ ਘਟਾਉਣ ਲਈ ਦੋ ਨਵੇਂ ਯੂਥ ਬੂਥ ਇੰਚਾਰਜ ਲਗਾਓ ਅਤੇ ਘਰ-ਘਰ ਸੰਪਰਕ ਮੁਹਿੰਮ ਚਲਾਓ।', 'action_steps_en': ['Days 1-30: Identify active vs inactive Congress booth workers in Talwandi Dasondha Singh.', 'Days 31-60: Form rural welfare monitoring committee to connect village elders with state pensions.', ""Days 61-90: Overcome Congress's +51 vote lead through door-to-door cadre contact.""], 'action_steps_pa': ['ਦਿਨ 1-30: ਤਲਵੰਡੀ ਦਸੌਂਧਾ ਸਿੰਘ ਵਿੱਚ ਕਾਂਗਰਸੀ ਸਰਪੰਚਾਂ ਅਤੇ ਆਗੂਆਂ ਦੇ ਪ੍ਰਭਾਵ ਦਾ ਵਿਸ਼ਲੇਸ਼ਣ ਕਰੋ।', 'ਦਿਨ 31-60: ਬਜ਼ੁਰਗਾਂ ਅਤੇ ਔਰਤਾਂ ਨੂੰ ਪੈਨਸ਼ਨਾਂ ਤੇ ਭਲਾਈ ਸਕੀਮਾਂ ਨਾਲ ਜੋੜਨ ਲਈ ਕੈਂਪ ਲਗਾਓ।', 'ਦਿਨ 61-90: ਨੌਜਵਾਨਾਂ ਦੀ ਟੀਮ ਰਾਹੀਂ ਕਾਂਗਰਸ ਦੀ +51 ਵੋਟਾਂ ਦੀ ਲੀਡ ਖ਼ਤਮ ਕਰੋ।'], 'action_steps': ['ਦਿਨ 1-30: ਤਲਵੰਡੀ ਦਸੌਂਧਾ ਸਿੰਘ ਵਿੱਚ ਕਾਂਗਰਸੀ ਸਰਪੰਚਾਂ ਅਤੇ ਆਗੂਆਂ ਦੇ ਪ੍ਰਭਾਵ ਦਾ ਵਿਸ਼ਲੇਸ਼ਣ ਕਰੋ।', 'ਦਿਨ 31-60: ਬਜ਼ੁਰਗਾਂ ਅਤੇ ਔਰਤਾਂ ਨੂੰ ਪੈਨਸ਼ਨਾਂ ਤੇ ਭਲਾਈ ਸਕੀਮਾਂ ਨਾਲ ਜੋੜਨ ਲਈ ਕੈਂਪ ਲਗਾਓ।', 'ਦਿਨ 61-90: ਨੌਜਵਾਨਾਂ ਦੀ ਟੀਮ ਰਾਹੀਂ ਕਾਂਗਰਸ ਦੀ +51 ਵੋਟਾਂ ਦੀ ਲੀਡ ਖ਼ਤਮ ਕਰੋ।']}"
133,133,130,133,133,False,#133,Booth #133 (Unchanged),ਬੂਥ #133 (ਅਣਬਦਲਿਆ),Kot Hirde Ram,ਕੋਟ ਹਿਰਦੇ ਰਾਮ,ਕੋਟ ਹਿਰਦੇ ਰਾਮ,Kot Hirde Ram,ਕੋਟ ਹਿਰਦੇ ਰਾਮ,Kot Hirde Ram,ਕੋਟ ਹਿਰਦੇ ਰਾਮ,SAD,SAD,106,9,SAD Retained,SAD Retained,AAP Deficit,ਆਪ ਘਾਟ,INC Deficit,"{'AAP': 'LOST_BOTH', 'SAD': 'WON_BOTH', 'INC': 'LOST_BOTH', 'BJP': 'WEAK'}",False,"{'is_flip': False, 'status_label': 'SAD Retained', 'turnout_diff': -101, 'turnout_pct': -20.08, 'sad_swing': -12.89, 'aap_swing': 10.92, 'inc_swing': -3.75, 'bjp_swing': 6.37}",503,402,-101,-20.08,230,132,-98,45.73,32.84,-12.89,99,123,24,19.68,30.6,10.92,124,84,-40,24.65,20.9,-3.75,3,28,25,0.6,6.97,6.37,28,6.97,"{'total': 503, 'sad': 230, 'aap': 99, 'inc': 124, 'bjp': 3, 'sad_votes': 230, 'sad_pct': 45.73, 'aap_votes': 99, 'aap_pct': 19.68, 'inc_votes': 124, 'inc_pct': 24.65, 'bjp_votes': 3, 'bjp_pct': 0.6, 'winner_party': 'SAD', 'margin': 106, 'winner_candidate': 'Ganieve Kaur Majithia'}","{'total': 402, 'sad': 132, 'aap': 123, 'inc': 84, 'bjp': 28, 'sada': 28, 'bsp': 0, 'others': 7, 'sad_votes': 132, 'sad_pct': 32.84, 'aap_votes': 123, 'aap_pct': 30.6, 'inc_votes': 84, 'inc_pct': 20.9, 'bjp_votes': 28, 'bjp_pct': 6.97, 'sada_votes': 28, 'sada_pct': 6.97, 'winner_party': 'SAD', 'margin': 9, 'winner_candidate': 'Anil Joshi'}","{'turnout_diff': -101, 'turnout_pct': -20.08, 'sad_shift': -98, 'sad_swing': -12.89, 'aap_shift': 24, 'aap_swing': 10.92, 'inc_shift': -40, 'inc_swing': -3.75, 'bjp_shift': 25, 'bjp_swing': 6.37}",Akali Bastion: Strategic Penetration & Demolition Zone,ਅਕਾਲੀ ਦਲ ਦਾ ਪ੍ਰਭਾਵਿਤ ਖੇਤਰ: ਵਿਸ਼ੇਸ਼ ਘੇਰਾਬੰਦੀ ਜ਼ੋਨ,SAD retained lead here by +9 votes (32.8% share). Target moderate Panthic and farming families in Kot Hirde Ram disillusioned with traditional leadership. Appoint dedicated block coordinators and highlight direct government procurement and village development works.,ਅਕਾਲੀ ਦਲ ਨੇ ਇੱਥੇ +9 ਵੋਟਾਂ (32.8%) ਨਾਲ ਲੀਡ ਬਣਾਈ ਹੈ। ਕੋਟ ਹਿਰਦੇ ਰਾਮ ਵਿੱਚ ਰਵਾਇਤੀ ਲੀਡਰਸ਼ਿਪ ਤੋਂ ਨਿਰਾਸ਼ ਕਿਸਾਨ ਅਤੇ ਪੰਥਕ ਪਰਿਵਾਰਾਂ ਨਾਲ ਸੰਵਾਦ ਕਰੋ। ਪਿੰਡਾਂ ਵਿੱਚ ਪੰਜਾਬ ਸਰਕਾਰ ਦੇ ਵਿਕਾਸ ਕਾਰਜਾਂ ਅਤੇ ਨਿਰਪੱਖ ਭਰਤੀਆਂ ਦੇ ਸੁਨੇਹੇ ਨਾਲ ਸੰਨ੍ਹ ਲਗਾਓ।,"{'booth_no': '133', 'village_en': 'Kot Hirde Ram', 'village_pa': 'ਕੋਟ ਹਿਰਦੇ ਰਾਮ', 'zone_en': 'Akali Bastion: Strategic Penetration & Demolition Zone', 'zone_pa': 'ਅਕਾਲੀ ਦਲ ਦਾ ਪ੍ਰਭਾਵਿਤ ਖੇਤਰ: ਵਿਸ਼ੇਸ਼ ਘੇਰਾਬੰਦੀ ਜ਼ੋਨ', 'action_en': 'SAD retained lead here by +9 votes (32.8% share). Target moderate Panthic and farming families in Kot Hirde Ram disillusioned with traditional leadership. Appoint dedicated block coordinators and highlight direct government procurement and village development works.', 'action_pa': 'ਅਕਾਲੀ ਦਲ ਨੇ ਇੱਥੇ +9 ਵੋਟਾਂ (32.8%) ਨਾਲ ਲੀਡ ਬਣਾਈ ਹੈ। ਕੋਟ ਹਿਰਦੇ ਰਾਮ ਵਿੱਚ ਰਵਾਇਤੀ ਲੀਡਰਸ਼ਿਪ ਤੋਂ ਨਿਰਾਸ਼ ਕਿਸਾਨ ਅਤੇ ਪੰਥਕ ਪਰਿਵਾਰਾਂ ਨਾਲ ਸੰਵਾਦ ਕਰੋ। ਪਿੰਡਾਂ ਵਿੱਚ ਪੰਜਾਬ ਸਰਕਾਰ ਦੇ ਵਿਕਾਸ ਕਾਰਜਾਂ ਅਤੇ ਨਿਰਪੱਖ ਭਰਤੀਆਂ ਦੇ ਸੁਨੇਹੇ ਨਾਲ ਸੰਨ੍ਹ ਲਗਾਓ।', 'action_steps_en': ['Days 1-30: Map the top 30 influential non-committed Panthic families in Kot Hirde Ram.', 'Days 31-60: Deploy senior constituency leaders for direct home visits to address local disgruntlement.', ""Days 61-90: Neutralize SAD's +9 vote cushion by winning over agricultural youth.""], 'action_steps_pa': ['ਦਿਨ 1-30: ਕੋਟ ਹਿਰਦੇ ਰਾਮ ਦੇ 30 ਨਿਰਪੱਖ ਅਤੇ ਪ੍ਰਭਾਵਸ਼ਾਲੀ ਪਰਿਵਾਰਾਂ ਦੀ ਸ਼ਨਾਖਤ ਕਰੋ।', 'ਦਿਨ 31-60: ਸੀਨੀਅਰ ਲੀਡਰਸ਼ਿਪ ਰਾਹੀਂ ਘਰ-ਘਰ ਜਾ ਕੇ ਸਰਕਾਰ ਦੀਆਂ ਨਿਰਪੱਖ ਨੀਤੀਆਂ ਸਾਂਝੀਆਂ ਕਰੋ।', 'ਦਿਨ 61-90: ਨੌਜਵਾਨ ਵਰਗ ਨੂੰ ਸਰਕਾਰੀ ਨੌਕਰੀਆਂ ਅਤੇ ਖੇਡ ਕਿੱਟਾਂ ਰਾਹੀਂ ਪਾਰਟੀ ਨਾਲ ਜੋੜ ਕੇ ਲੀਡ ਘਟਾਓ।'], 'action_steps': ['ਦਿਨ 1-30: ਕੋਟ ਹਿਰਦੇ ਰਾਮ ਦੇ 30 ਨਿਰਪੱਖ ਅਤੇ ਪ੍ਰਭਾਵਸ਼ਾਲੀ ਪਰਿਵਾਰਾਂ ਦੀ ਸ਼ਨਾਖਤ ਕਰੋ।', 'ਦਿਨ 31-60: ਸੀਨੀਅਰ ਲੀਡਰਸ਼ਿਪ ਰਾਹੀਂ ਘਰ-ਘਰ ਜਾ ਕੇ ਸਰਕਾਰ ਦੀਆਂ ਨਿਰਪੱਖ ਨੀਤੀਆਂ ਸਾਂਝੀਆਂ ਕਰੋ।', 'ਦਿਨ 61-90: ਨੌਜਵਾਨ ਵਰਗ ਨੂੰ ਸਰਕਾਰੀ ਨੌਕਰੀਆਂ ਅਤੇ ਖੇਡ ਕਿੱਟਾਂ ਰਾਹੀਂ ਪਾਰਟੀ ਨਾਲ ਜੋੜ ਕੇ ਲੀਡ ਘਟਾਓ।']}"
134,134,131,134,134,False,#134,Booth #134 (Unchanged),ਬੂਥ #134 (ਅਣਬਦਲਿਆ),Bhular Hans,ਭੁੱਲਰ ਹੰਸ,ਭੁੱਲਰ ਹੰਸ,Bhular Hans,ਭੁੱਲਰ ਹੰਸ,Bhular Hans,ਭੁੱਲਰ ਹੰਸ,SAD,SAD,155,88,SAD Retained,SAD Retained,AAP Deficit,ਆਪ ਘਾਟ,INC Deficit,"{'AAP': 'WEAK', 'SAD': 'WON_BOTH', 'INC': 'WEAK', 'BJP': 'WEAK'}",False,"{'is_flip': False, 'status_label': 'SAD Retained', 'turnout_diff': 21, 'turnout_pct': 4.23, 'sad_swing': -9.75, 'aap_swing': -2.69, 'inc_swing': -1.91, 'bjp_swing': 1.32}",497,518,21,4.23,249,209,-40,50.1,40.35,-9.75,94,84,-10,18.91,16.22,-2.69,69,62,-7,13.88,11.97,-1.91,4,11,7,0.8,2.12,1.32,121,23.36,"{'total': 497, 'sad': 249, 'aap': 94, 'inc': 69, 'bjp': 4, 'sad_votes': 249, 'sad_pct': 50.1, 'aap_votes': 94, 'aap_pct': 18.91, 'inc_votes': 69, 'inc_pct': 13.88, 'bjp_votes': 4, 'bjp_pct': 0.8, 'winner_party': 'SAD', 'margin': 155, 'winner_candidate': 'Ganieve Kaur Majithia'}","{'total': 518, 'sad': 209, 'aap': 84, 'inc': 62, 'bjp': 11, 'sada': 121, 'bsp': 2, 'others': 24, 'sad_votes': 209, 'sad_pct': 40.35, 'aap_votes': 84, 'aap_pct': 16.22, 'inc_votes': 62, 'inc_pct': 11.97, 'bjp_votes': 11, 'bjp_pct': 2.12, 'sada_votes': 121, 'sada_pct': 23.36, 'winner_party': 'SAD', 'margin': 88, 'winner_candidate': 'Anil Joshi'}","{'turnout_diff': 21, 'turnout_pct': 4.23, 'sad_shift': -40, 'sad_swing': -9.75, 'aap_shift': -10, 'aap_swing': -2.69, 'inc_shift': -7, 'inc_swing': -1.91, 'bjp_shift': 7, 'bjp_swing': 1.32}",Akali Bastion: Strategic Penetration & Demolition Zone,ਅਕਾਲੀ ਦਲ ਦਾ ਪ੍ਰਭਾਵਿਤ ਖੇਤਰ: ਵਿਸ਼ੇਸ਼ ਘੇਰਾਬੰਦੀ ਜ਼ੋਨ,SAD retained lead here by +88 votes (40.4% share). Target moderate Panthic and farming families in Bhular Hans disillusioned with traditional leadership. Appoint dedicated block coordinators and highlight direct government procurement and village development works.,ਅਕਾਲੀ ਦਲ ਨੇ ਇੱਥੇ +88 ਵੋਟਾਂ (40.4%) ਨਾਲ ਲੀਡ ਬਣਾਈ ਹੈ। ਭੁੱਲਰ ਹੰਸ ਵਿੱਚ ਰਵਾਇਤੀ ਲੀਡਰਸ਼ਿਪ ਤੋਂ ਨਿਰਾਸ਼ ਕਿਸਾਨ ਅਤੇ ਪੰਥਕ ਪਰਿਵਾਰਾਂ ਨਾਲ ਸੰਵਾਦ ਕਰੋ। ਪਿੰਡਾਂ ਵਿੱਚ ਪੰਜਾਬ ਸਰਕਾਰ ਦੇ ਵਿਕਾਸ ਕਾਰਜਾਂ ਅਤੇ ਨਿਰਪੱਖ ਭਰਤੀਆਂ ਦੇ ਸੁਨੇਹੇ ਨਾਲ ਸੰਨ੍ਹ ਲਗਾਓ।,"{'booth_no': '134', 'village_en': 'Bhular Hans', 'village_pa': 'ਭੁੱਲਰ ਹੰਸ', 'zone_en': 'Akali Bastion: Strategic Penetration & Demolition Zone', 'zone_pa': 'ਅਕਾਲੀ ਦਲ ਦਾ ਪ੍ਰਭਾਵਿਤ ਖੇਤਰ: ਵਿਸ਼ੇਸ਼ ਘੇਰਾਬੰਦੀ ਜ਼ੋਨ', 'action_en': 'SAD retained lead here by +88 votes (40.4% share). Target moderate Panthic and farming families in Bhular Hans disillusioned with traditional leadership. Appoint dedicated block coordinators and highlight direct government procurement and village development works.', 'action_pa': 'ਅਕਾਲੀ ਦਲ ਨੇ ਇੱਥੇ +88 ਵੋਟਾਂ (40.4%) ਨਾਲ ਲੀਡ ਬਣਾਈ ਹੈ। ਭੁੱਲਰ ਹੰਸ ਵਿੱਚ ਰਵਾਇਤੀ ਲੀਡਰਸ਼ਿਪ ਤੋਂ ਨਿਰਾਸ਼ ਕਿਸਾਨ ਅਤੇ ਪੰਥਕ ਪਰਿਵਾਰਾਂ ਨਾਲ ਸੰਵਾਦ ਕਰੋ। ਪਿੰਡਾਂ ਵਿੱਚ ਪੰਜਾਬ ਸਰਕਾਰ ਦੇ ਵਿਕਾਸ ਕਾਰਜਾਂ ਅਤੇ ਨਿਰਪੱਖ ਭਰਤੀਆਂ ਦੇ ਸੁਨੇਹੇ ਨਾਲ ਸੰਨ੍ਹ ਲਗਾਓ।', 'action_steps_en': ['Days 1-30: Map the top 30 influential non-committed Panthic families in Bhular Hans.', 'Days 31-60: Deploy senior constituency leaders for direct home visits to address local disgruntlement.', ""Days 61-90: Neutralize SAD's +88 vote cushion by winning over agricultural youth.""], 'action_steps_pa': ['ਦਿਨ 1-30: ਭੁੱਲਰ ਹੰਸ ਦੇ 30 ਨਿਰਪੱਖ ਅਤੇ ਪ੍ਰਭਾਵਸ਼ਾਲੀ ਪਰਿਵਾਰਾਂ ਦੀ ਸ਼ਨਾਖਤ ਕਰੋ।', 'ਦਿਨ 31-60: ਸੀਨੀਅਰ ਲੀਡਰਸ਼ਿਪ ਰਾਹੀਂ ਘਰ-ਘਰ ਜਾ ਕੇ ਸਰਕਾਰ ਦੀਆਂ ਨਿਰਪੱਖ ਨੀਤੀਆਂ ਸਾਂਝੀਆਂ ਕਰੋ।', 'ਦਿਨ 61-90: ਨੌਜਵਾਨ ਵਰਗ ਨੂੰ ਸਰਕਾਰੀ ਨੌਕਰੀਆਂ ਅਤੇ ਖੇਡ ਕਿੱਟਾਂ ਰਾਹੀਂ ਪਾਰਟੀ ਨਾਲ ਜੋੜ ਕੇ ਲੀਡ ਘਟਾਓ।'], 'action_steps': ['ਦਿਨ 1-30: ਭੁੱਲਰ ਹੰਸ ਦੇ 30 ਨਿਰਪੱਖ ਅਤੇ ਪ੍ਰਭਾਵਸ਼ਾਲੀ ਪਰਿਵਾਰਾਂ ਦੀ ਸ਼ਨਾਖਤ ਕਰੋ।', 'ਦਿਨ 31-60: ਸੀਨੀਅਰ ਲੀਡਰਸ਼ਿਪ ਰਾਹੀਂ ਘਰ-ਘਰ ਜਾ ਕੇ ਸਰਕਾਰ ਦੀਆਂ ਨਿਰਪੱਖ ਨੀਤੀਆਂ ਸਾਂਝੀਆਂ ਕਰੋ।', 'ਦਿਨ 61-90: ਨੌਜਵਾਨ ਵਰਗ ਨੂੰ ਸਰਕਾਰੀ ਨੌਕਰੀਆਂ ਅਤੇ ਖੇਡ ਕਿੱਟਾਂ ਰਾਹੀਂ ਪਾਰਟੀ ਨਾਲ ਜੋੜ ਕੇ ਲੀਡ ਘਟਾਓ।']}"
135,135,132,135,135,False,#135,Booth #135 (Unchanged),ਬੂਥ #135 (ਅਣਬਦਲਿਆ),Manga Sarai,ਮੰਗਾ ਸਰਾਏ,ਮੰਗਾ ਸਰਾਏ,Manga Sarai,ਮੰਗਾ ਸਰਾਏ,Manga Sarai,ਮੰਗਾ ਸਰਾਏ,SAD,SAD,108,97,SAD Retained,SAD Retained,AAP Deficit,ਆਪ ਘਾਟ,INC Deficit,"{'AAP': 'LOST_BOTH', 'SAD': 'WON_BOTH', 'INC': 'WEAK', 'BJP': 'WEAK'}",False,"{'is_flip': False, 'status_label': 'SAD Retained', 'turnout_diff': 197, 'turnout_pct': 35.95, 'sad_swing': -3.11, 'aap_swing': 3.58, 'inc_swing': -6.2, 'bjp_swing': 0.52}",548,745,197,35.95,262,333,71,47.81,44.7,-3.11,154,236,82,28.1,31.68,3.58,95,83,-12,17.34,11.14,-6.2,3,8,5,0.55,1.07,0.52,35,4.7,"{'total': 548, 'sad': 262, 'aap': 154, 'inc': 95, 'bjp': 3, 'sad_votes': 262, 'sad_pct': 47.81, 'aap_votes': 154, 'aap_pct': 28.1, 'inc_votes': 95, 'inc_pct': 17.34, 'bjp_votes': 3, 'bjp_pct': 0.55, 'winner_party': 'SAD', 'margin': 108, 'winner_candidate': 'Ganieve Kaur Majithia'}","{'total': 745, 'sad': 333, 'aap': 236, 'inc': 83, 'bjp': 8, 'sada': 35, 'bsp': 1, 'others': 48, 'sad_votes': 333, 'sad_pct': 44.7, 'aap_votes': 236, 'aap_pct': 31.68, 'inc_votes': 83, 'inc_pct': 11.14, 'bjp_votes': 8, 'bjp_pct': 1.07, 'sada_votes': 35, 'sada_pct': 4.7, 'winner_party': 'SAD', 'margin': 97, 'winner_candidate': 'Anil Joshi'}","{'turnout_diff': 197, 'turnout_pct': 35.95, 'sad_shift': 71, 'sad_swing': -3.11, 'aap_shift': 82, 'aap_swing': 3.58, 'inc_shift': -12, 'inc_swing': -6.2, 'bjp_shift': 5, 'bjp_swing': 0.52}",Akali Bastion: Strategic Penetration & Demolition Zone,ਅਕਾਲੀ ਦਲ ਦਾ ਪ੍ਰਭਾਵਿਤ ਖੇਤਰ: ਵਿਸ਼ੇਸ਼ ਘੇਰਾਬੰਦੀ ਜ਼ੋਨ,SAD retained lead here by +97 votes (44.7% share). Target moderate Panthic and farming families in Manga Sarai disillusioned with traditional leadership. Appoint dedicated block coordinators and highlight direct government procurement and village development works.,ਅਕਾਲੀ ਦਲ ਨੇ ਇੱਥੇ +97 ਵੋਟਾਂ (44.7%) ਨਾਲ ਲੀਡ ਬਣਾਈ ਹੈ। ਮੰਗਾ ਸਰਾਏ ਵਿੱਚ ਰਵਾਇਤੀ ਲੀਡਰਸ਼ਿਪ ਤੋਂ ਨਿਰਾਸ਼ ਕਿਸਾਨ ਅਤੇ ਪੰਥਕ ਪਰਿਵਾਰਾਂ ਨਾਲ ਸੰਵਾਦ ਕਰੋ। ਪਿੰਡਾਂ ਵਿੱਚ ਪੰਜਾਬ ਸਰਕਾਰ ਦੇ ਵਿਕਾਸ ਕਾਰਜਾਂ ਅਤੇ ਨਿਰਪੱਖ ਭਰਤੀਆਂ ਦੇ ਸੁਨੇਹੇ ਨਾਲ ਸੰਨ੍ਹ ਲਗਾਓ।,"{'booth_no': '135', 'village_en': 'Manga Sarai', 'village_pa': 'ਮੰਗਾ ਸਰਾਏ', 'zone_en': 'Akali Bastion: Strategic Penetration & Demolition Zone', 'zone_pa': 'ਅਕਾਲੀ ਦਲ ਦਾ ਪ੍ਰਭਾਵਿਤ ਖੇਤਰ: ਵਿਸ਼ੇਸ਼ ਘੇਰਾਬੰਦੀ ਜ਼ੋਨ', 'action_en': 'SAD retained lead here by +97 votes (44.7% share). Target moderate Panthic and farming families in Manga Sarai disillusioned with traditional leadership. Appoint dedicated block coordinators and highlight direct government procurement and village development works.', 'action_pa': 'ਅਕਾਲੀ ਦਲ ਨੇ ਇੱਥੇ +97 ਵੋਟਾਂ (44.7%) ਨਾਲ ਲੀਡ ਬਣਾਈ ਹੈ। ਮੰਗਾ ਸਰਾਏ ਵਿੱਚ ਰਵਾਇਤੀ ਲੀਡਰਸ਼ਿਪ ਤੋਂ ਨਿਰਾਸ਼ ਕਿਸਾਨ ਅਤੇ ਪੰਥਕ ਪਰਿਵਾਰਾਂ ਨਾਲ ਸੰਵਾਦ ਕਰੋ। ਪਿੰਡਾਂ ਵਿੱਚ ਪੰਜਾਬ ਸਰਕਾਰ ਦੇ ਵਿਕਾਸ ਕਾਰਜਾਂ ਅਤੇ ਨਿਰਪੱਖ ਭਰਤੀਆਂ ਦੇ ਸੁਨੇਹੇ ਨਾਲ ਸੰਨ੍ਹ ਲਗਾਓ।', 'action_steps_en': ['Days 1-30: Map the top 30 influential non-committed Panthic families in Manga Sarai.', 'Days 31-60: Deploy senior constituency leaders for direct home visits to address local disgruntlement.', ""Days 61-90: Neutralize SAD's +97 vote cushion by winning over agricultural youth.""], 'action_steps_pa': ['ਦਿਨ 1-30: ਮੰਗਾ ਸਰਾਏ ਦੇ 30 ਨਿਰਪੱਖ ਅਤੇ ਪ੍ਰਭਾਵਸ਼ਾਲੀ ਪਰਿਵਾਰਾਂ ਦੀ ਸ਼ਨਾਖਤ ਕਰੋ।', 'ਦਿਨ 31-60: ਸੀਨੀਅਰ ਲੀਡਰਸ਼ਿਪ ਰਾਹੀਂ ਘਰ-ਘਰ ਜਾ ਕੇ ਸਰਕਾਰ ਦੀਆਂ ਨਿਰਪੱਖ ਨੀਤੀਆਂ ਸਾਂਝੀਆਂ ਕਰੋ।', 'ਦਿਨ 61-90: ਨੌਜਵਾਨ ਵਰਗ ਨੂੰ ਸਰਕਾਰੀ ਨੌਕਰੀਆਂ ਅਤੇ ਖੇਡ ਕਿੱਟਾਂ ਰਾਹੀਂ ਪਾਰਟੀ ਨਾਲ ਜੋੜ ਕੇ ਲੀਡ ਘਟਾਓ।'], 'action_steps': ['ਦਿਨ 1-30: ਮੰਗਾ ਸਰਾਏ ਦੇ 30 ਨਿਰਪੱਖ ਅਤੇ ਪ੍ਰਭਾਵਸ਼ਾਲੀ ਪਰਿਵਾਰਾਂ ਦੀ ਸ਼ਨਾਖਤ ਕਰੋ।', 'ਦਿਨ 31-60: ਸੀਨੀਅਰ ਲੀਡਰਸ਼ਿਪ ਰਾਹੀਂ ਘਰ-ਘਰ ਜਾ ਕੇ ਸਰਕਾਰ ਦੀਆਂ ਨਿਰਪੱਖ ਨੀਤੀਆਂ ਸਾਂਝੀਆਂ ਕਰੋ।', 'ਦਿਨ 61-90: ਨੌਜਵਾਨ ਵਰਗ ਨੂੰ ਸਰਕਾਰੀ ਨੌਕਰੀਆਂ ਅਤੇ ਖੇਡ ਕਿੱਟਾਂ ਰਾਹੀਂ ਪਾਰਟੀ ਨਾਲ ਜੋੜ ਕੇ ਲੀਡ ਘਟਾਓ।']}"
136,136,133,136,136,False,#136,Booth #136 (Unchanged),ਬੂਥ #136 (ਅਣਬਦਲਿਆ),Chatiwind Lehal,ਚਾਟੀਵਿੰਡ ਲੇਹਲ,ਚਾਟੀਵਿੰਡ ਲੇਹਲ,Chatiwind Lehal,ਚਾਟੀਵਿੰਡ ਲੇਹਲ,Chatiwind Lehal,ਚਾਟੀਵਿੰਡ ਲੇਹਲ,SAD,SAD,205,101,SAD Retained,SAD Retained,AAP Deficit,ਆਪ ਘਾਟ,INC Deficit,"{'AAP': 'LOST_BOTH', 'SAD': 'WON_BOTH', 'INC': 'WEAK', 'BJP': 'LOST_BOTH'}",False,"{'is_flip': False, 'status_label': 'SAD Retained', 'turnout_diff': 40, 'turnout_pct': 6.87, 'sad_swing': -13.15, 'aap_swing': 11.67, 'inc_swing': -9.92, 'bjp_swing': 10.29}",582,622,40,6.87,332,273,-59,57.04,43.89,-13.15,93,172,79,15.98,27.65,11.67,127,74,-53,21.82,11.9,-9.92,14,79,65,2.41,12.7,10.29,6,0.96,"{'total': 582, 'sad': 332, 'aap': 93, 'inc': 127, 'bjp': 14, 'sad_votes': 332, 'sad_pct': 57.04, 'aap_votes': 93, 'aap_pct': 15.98, 'inc_votes': 127, 'inc_pct': 21.82, 'bjp_votes': 14, 'bjp_pct': 2.41, 'winner_party': 'SAD', 'margin': 205, 'winner_candidate': 'Ganieve Kaur Majithia'}","{'total': 622, 'sad': 273, 'aap': 172, 'inc': 74, 'bjp': 79, 'sada': 6, 'bsp': 2, 'others': 15, 'sad_votes': 273, 'sad_pct': 43.89, 'aap_votes': 172, 'aap_pct': 27.65, 'inc_votes': 74, 'inc_pct': 11.9, 'bjp_votes': 79, 'bjp_pct': 12.7, 'sada_votes': 6, 'sada_pct': 0.96, 'winner_party': 'SAD', 'margin': 101, 'winner_candidate': 'Anil Joshi'}","{'turnout_diff': 40, 'turnout_pct': 6.87, 'sad_shift': -59, 'sad_swing': -13.15, 'aap_shift': 79, 'aap_swing': 11.67, 'inc_shift': -53, 'inc_swing': -9.92, 'bjp_shift': 65, 'bjp_swing': 10.29}",Akali Bastion: Strategic Penetration & Demolition Zone,ਅਕਾਲੀ ਦਲ ਦਾ ਪ੍ਰਭਾਵਿਤ ਖੇਤਰ: ਵਿਸ਼ੇਸ਼ ਘੇਰਾਬੰਦੀ ਜ਼ੋਨ,SAD retained lead here by +101 votes (43.9% share). Target moderate Panthic and farming families in Chatiwind Lehal disillusioned with traditional leadership. Appoint dedicated block coordinators and highlight direct government procurement and village development works.,ਅਕਾਲੀ ਦਲ ਨੇ ਇੱਥੇ +101 ਵੋਟਾਂ (43.9%) ਨਾਲ ਲੀਡ ਬਣਾਈ ਹੈ। ਚਾਟੀਵਿੰਡ ਲੇਹਲ ਵਿੱਚ ਰਵਾਇਤੀ ਲੀਡਰਸ਼ਿਪ ਤੋਂ ਨਿਰਾਸ਼ ਕਿਸਾਨ ਅਤੇ ਪੰਥਕ ਪਰਿਵਾਰਾਂ ਨਾਲ ਸੰਵਾਦ ਕਰੋ। ਪਿੰਡਾਂ ਵਿੱਚ ਪੰਜਾਬ ਸਰਕਾਰ ਦੇ ਵਿਕਾਸ ਕਾਰਜਾਂ ਅਤੇ ਨਿਰਪੱਖ ਭਰਤੀਆਂ ਦੇ ਸੁਨੇਹੇ ਨਾਲ ਸੰਨ੍ਹ ਲਗਾਓ।,"{'booth_no': '136', 'village_en': 'Chatiwind Lehal', 'village_pa': 'ਚਾਟੀਵਿੰਡ ਲੇਹਲ', 'zone_en': 'Akali Bastion: Strategic Penetration & Demolition Zone', 'zone_pa': 'ਅਕਾਲੀ ਦਲ ਦਾ ਪ੍ਰਭਾਵਿਤ ਖੇਤਰ: ਵਿਸ਼ੇਸ਼ ਘੇਰਾਬੰਦੀ ਜ਼ੋਨ', 'action_en': 'SAD retained lead here by +101 votes (43.9% share). Target moderate Panthic and farming families in Chatiwind Lehal disillusioned with traditional leadership. Appoint dedicated block coordinators and highlight direct government procurement and village development works.', 'action_pa': 'ਅਕਾਲੀ ਦਲ ਨੇ ਇੱਥੇ +101 ਵੋਟਾਂ (43.9%) ਨਾਲ ਲੀਡ ਬਣਾਈ ਹੈ। ਚਾਟੀਵਿੰਡ ਲੇਹਲ ਵਿੱਚ ਰਵਾਇਤੀ ਲੀਡਰਸ਼ਿਪ ਤੋਂ ਨਿਰਾਸ਼ ਕਿਸਾਨ ਅਤੇ ਪੰਥਕ ਪਰਿਵਾਰਾਂ ਨਾਲ ਸੰਵਾਦ ਕਰੋ। ਪਿੰਡਾਂ ਵਿੱਚ ਪੰਜਾਬ ਸਰਕਾਰ ਦੇ ਵਿਕਾਸ ਕਾਰਜਾਂ ਅਤੇ ਨਿਰਪੱਖ ਭਰਤੀਆਂ ਦੇ ਸੁਨੇਹੇ ਨਾਲ ਸੰਨ੍ਹ ਲਗਾਓ।', 'action_steps_en': ['Days 1-30: Map the top 30 influential non-committed Panthic families in Chatiwind Lehal.', 'Days 31-60: Deploy senior constituency leaders for direct home visits to address local disgruntlement.', ""Days 61-90: Neutralize SAD's +101 vote cushion by winning over agricultural youth.""], 'action_steps_pa': ['ਦਿਨ 1-30: ਚਾਟੀਵਿੰਡ ਲੇਹਲ ਦੇ 30 ਨਿਰਪੱਖ ਅਤੇ ਪ੍ਰਭਾਵਸ਼ਾਲੀ ਪਰਿਵਾਰਾਂ ਦੀ ਸ਼ਨਾਖਤ ਕਰੋ।', 'ਦਿਨ 31-60: ਸੀਨੀਅਰ ਲੀਡਰਸ਼ਿਪ ਰਾਹੀਂ ਘਰ-ਘਰ ਜਾ ਕੇ ਸਰਕਾਰ ਦੀਆਂ ਨਿਰਪੱਖ ਨੀਤੀਆਂ ਸਾਂਝੀਆਂ ਕਰੋ।', 'ਦਿਨ 61-90: ਨੌਜਵਾਨ ਵਰਗ ਨੂੰ ਸਰਕਾਰੀ ਨੌਕਰੀਆਂ ਅਤੇ ਖੇਡ ਕਿੱਟਾਂ ਰਾਹੀਂ ਪਾਰਟੀ ਨਾਲ ਜੋੜ ਕੇ ਲੀਡ ਘਟਾਓ।'], 'action_steps': ['ਦਿਨ 1-30: ਚਾਟੀਵਿੰਡ ਲੇਹਲ ਦੇ 30 ਨਿਰਪੱਖ ਅਤੇ ਪ੍ਰਭਾਵਸ਼ਾਲੀ ਪਰਿਵਾਰਾਂ ਦੀ ਸ਼ਨਾਖਤ ਕਰੋ।', 'ਦਿਨ 31-60: ਸੀਨੀਅਰ ਲੀਡਰਸ਼ਿਪ ਰਾਹੀਂ ਘਰ-ਘਰ ਜਾ ਕੇ ਸਰਕਾਰ ਦੀਆਂ ਨਿਰਪੱਖ ਨੀਤੀਆਂ ਸਾਂਝੀਆਂ ਕਰੋ।', 'ਦਿਨ 61-90: ਨੌਜਵਾਨ ਵਰਗ ਨੂੰ ਸਰਕਾਰੀ ਨੌਕਰੀਆਂ ਅਤੇ ਖੇਡ ਕਿੱਟਾਂ ਰਾਹੀਂ ਪਾਰਟੀ ਨਾਲ ਜੋੜ ਕੇ ਲੀਡ ਘਟਾਓ।']}"
137,137,134,137,137,False,#137,Booth #137 (Unchanged),ਬੂਥ #137 (ਅਣਬਦਲਿਆ),Chatiwind Lehal,ਚਾਟੀਵਿੰਡ ਲੇਹਲ,ਚਾਟੀਵਿੰਡ ਲੇਹਲ,Chatiwind Lehal,ਚਾਟੀਵਿੰਡ ਲੇਹਲ,Chatiwind Lehal,ਚਾਟੀਵਿੰਡ ਲੇਹਲ,SAD,SAD,81,117,SAD Retained,SAD Retained,AAP Deficit,ਆਪ ਘਾਟ,INC Deficit,"{'AAP': 'LOST_BOTH', 'SAD': 'WON_BOTH', 'INC': 'WEAK', 'BJP': 'WEAK'}",False,"{'is_flip': False, 'status_label': 'SAD Retained', 'turnout_diff': -74, 'turnout_pct': -15.42, 'sad_swing': 2.5, 'aap_swing': -9.44, 'inc_swing': 1.98, 'bjp_swing': 0.81}",480,406,-74,-15.42,254,225,-29,52.92,55.42,2.5,173,108,-65,36.04,26.6,-9.44,39,41,2,8.12,10.1,1.98,2,5,3,0.42,1.23,0.81,20,4.93,"{'total': 480, 'sad': 254, 'aap': 173, 'inc': 39, 'bjp': 2, 'sad_votes': 254, 'sad_pct': 52.92, 'aap_votes': 173, 'aap_pct': 36.04, 'inc_votes': 39, 'inc_pct': 8.12, 'bjp_votes': 2, 'bjp_pct': 0.42, 'winner_party': 'SAD', 'margin': 81, 'winner_candidate': 'Ganieve Kaur Majithia'}","{'total': 406, 'sad': 225, 'aap': 108, 'inc': 41, 'bjp': 5, 'sada': 20, 'bsp': 0, 'others': 7, 'sad_votes': 225, 'sad_pct': 55.42, 'aap_votes': 108, 'aap_pct': 26.6, 'inc_votes': 41, 'inc_pct': 10.1, 'bjp_votes': 5, 'bjp_pct': 1.23, 'sada_votes': 20, 'sada_pct': 4.93, 'winner_party': 'SAD', 'margin': 117, 'winner_candidate': 'Anil Joshi'}","{'turnout_diff': -74, 'turnout_pct': -15.42, 'sad_shift': -29, 'sad_swing': 2.5, 'aap_shift': -65, 'aap_swing': -9.44, 'inc_shift': 2, 'inc_swing': 1.98, 'bjp_shift': 3, 'bjp_swing': 0.81}",Akali Bastion: Strategic Penetration & Demolition Zone,ਅਕਾਲੀ ਦਲ ਦਾ ਪ੍ਰਭਾਵਿਤ ਖੇਤਰ: ਵਿਸ਼ੇਸ਼ ਘੇਰਾਬੰਦੀ ਜ਼ੋਨ,SAD retained lead here by +117 votes (55.4% share). Target moderate Panthic and farming families in Chatiwind Lehal disillusioned with traditional leadership. Appoint dedicated block coordinators and highlight direct government procurement and village development works.,ਅਕਾਲੀ ਦਲ ਨੇ ਇੱਥੇ +117 ਵੋਟਾਂ (55.4%) ਨਾਲ ਲੀਡ ਬਣਾਈ ਹੈ। ਚਾਟੀਵਿੰਡ ਲੇਹਲ ਵਿੱਚ ਰਵਾਇਤੀ ਲੀਡਰਸ਼ਿਪ ਤੋਂ ਨਿਰਾਸ਼ ਕਿਸਾਨ ਅਤੇ ਪੰਥਕ ਪਰਿਵਾਰਾਂ ਨਾਲ ਸੰਵਾਦ ਕਰੋ। ਪਿੰਡਾਂ ਵਿੱਚ ਪੰਜਾਬ ਸਰਕਾਰ ਦੇ ਵਿਕਾਸ ਕਾਰਜਾਂ ਅਤੇ ਨਿਰਪੱਖ ਭਰਤੀਆਂ ਦੇ ਸੁਨੇਹੇ ਨਾਲ ਸੰਨ੍ਹ ਲਗਾਓ।,"{'booth_no': '137', 'village_en': 'Chatiwind Lehal', 'village_pa': 'ਚਾਟੀਵਿੰਡ ਲੇਹਲ', 'zone_en': 'Akali Bastion: Strategic Penetration & Demolition Zone', 'zone_pa': 'ਅਕਾਲੀ ਦਲ ਦਾ ਪ੍ਰਭਾਵਿਤ ਖੇਤਰ: ਵਿਸ਼ੇਸ਼ ਘੇਰਾਬੰਦੀ ਜ਼ੋਨ', 'action_en': 'SAD retained lead here by +117 votes (55.4% share). Target moderate Panthic and farming families in Chatiwind Lehal disillusioned with traditional leadership. Appoint dedicated block coordinators and highlight direct government procurement and village development works.', 'action_pa': 'ਅਕਾਲੀ ਦਲ ਨੇ ਇੱਥੇ +117 ਵੋਟਾਂ (55.4%) ਨਾਲ ਲੀਡ ਬਣਾਈ ਹੈ। ਚਾਟੀਵਿੰਡ ਲੇਹਲ ਵਿੱਚ ਰਵਾਇਤੀ ਲੀਡਰਸ਼ਿਪ ਤੋਂ ਨਿਰਾਸ਼ ਕਿਸਾਨ ਅਤੇ ਪੰਥਕ ਪਰਿਵਾਰਾਂ ਨਾਲ ਸੰਵਾਦ ਕਰੋ। ਪਿੰਡਾਂ ਵਿੱਚ ਪੰਜਾਬ ਸਰਕਾਰ ਦੇ ਵਿਕਾਸ ਕਾਰਜਾਂ ਅਤੇ ਨਿਰਪੱਖ ਭਰਤੀਆਂ ਦੇ ਸੁਨੇਹੇ ਨਾਲ ਸੰਨ੍ਹ ਲਗਾਓ।', 'action_steps_en': ['Days 1-30: Map the top 30 influential non-committed Panthic families in Chatiwind Lehal.', 'Days 31-60: Deploy senior constituency leaders for direct home visits to address local disgruntlement.', ""Days 61-90: Neutralize SAD's +117 vote cushion by winning over agricultural youth.""], 'action_steps_pa': ['ਦਿਨ 1-30: ਚਾਟੀਵਿੰਡ ਲੇਹਲ ਦੇ 30 ਨਿਰਪੱਖ ਅਤੇ ਪ੍ਰਭਾਵਸ਼ਾਲੀ ਪਰਿਵਾਰਾਂ ਦੀ ਸ਼ਨਾਖਤ ਕਰੋ।', 'ਦਿਨ 31-60: ਸੀਨੀਅਰ ਲੀਡਰਸ਼ਿਪ ਰਾਹੀਂ ਘਰ-ਘਰ ਜਾ ਕੇ ਸਰਕਾਰ ਦੀਆਂ ਨਿਰਪੱਖ ਨੀਤੀਆਂ ਸਾਂਝੀਆਂ ਕਰੋ।', 'ਦਿਨ 61-90: ਨੌਜਵਾਨ ਵਰਗ ਨੂੰ ਸਰਕਾਰੀ ਨੌਕਰੀਆਂ ਅਤੇ ਖੇਡ ਕਿੱਟਾਂ ਰਾਹੀਂ ਪਾਰਟੀ ਨਾਲ ਜੋੜ ਕੇ ਲੀਡ ਘਟਾਓ।'], 'action_steps': ['ਦਿਨ 1-30: ਚਾਟੀਵਿੰਡ ਲੇਹਲ ਦੇ 30 ਨਿਰਪੱਖ ਅਤੇ ਪ੍ਰਭਾਵਸ਼ਾਲੀ ਪਰਿਵਾਰਾਂ ਦੀ ਸ਼ਨਾਖਤ ਕਰੋ।', 'ਦਿਨ 31-60: ਸੀਨੀਅਰ ਲੀਡਰਸ਼ਿਪ ਰਾਹੀਂ ਘਰ-ਘਰ ਜਾ ਕੇ ਸਰਕਾਰ ਦੀਆਂ ਨਿਰਪੱਖ ਨੀਤੀਆਂ ਸਾਂਝੀਆਂ ਕਰੋ।', 'ਦਿਨ 61-90: ਨੌਜਵਾਨ ਵਰਗ ਨੂੰ ਸਰਕਾਰੀ ਨੌਕਰੀਆਂ ਅਤੇ ਖੇਡ ਕਿੱਟਾਂ ਰਾਹੀਂ ਪਾਰਟੀ ਨਾਲ ਜੋੜ ਕੇ ਲੀਡ ਘਟਾਓ।']}"
138,138,135,138,138,False,#138,Booth #138 (Unchanged),ਬੂਥ #138 (ਅਣਬਦਲਿਆ),Mian Pandher,ਮੀਆਂ ਪੰਧੇਰ,ਮੀਆਂ ਪੰਧੇਰ,Mian Pandher,ਮੀਆਂ ਪੰਧੇਰ,Mian Pandher,ਮੀਆਂ ਪੰਧੇਰ,SAD,SAD,18,63,SAD Retained,SAD Retained,AAP Deficit,ਆਪ ਘਾਟ,INC Deficit,"{'AAP': 'LOST_BOTH', 'SAD': 'WON_BOTH', 'INC': 'WEAK', 'BJP': 'LOST_BOTH'}",False,"{'is_flip': False, 'status_label': 'SAD Retained', 'turnout_diff': -143, 'turnout_pct': -23.03, 'sad_swing': -2.77, 'aap_swing': -13.05, 'inc_swing': -4.69, 'bjp_swing': 15.43}",621,478,-143,-23.03,238,170,-68,38.33,35.56,-2.77,220,107,-113,35.43,22.38,-13.05,111,63,-48,17.87,13.18,-4.69,38,103,65,6.12,21.55,15.43,18,3.77,"{'total': 621, 'sad': 238, 'aap': 220, 'inc': 111, 'bjp': 38, 'sad_votes': 238, 'sad_pct': 38.33, 'aap_votes': 220, 'aap_pct': 35.43, 'inc_votes': 111, 'inc_pct': 17.87, 'bjp_votes': 38, 'bjp_pct': 6.12, 'winner_party': 'SAD', 'margin': 18, 'winner_candidate': 'Ganieve Kaur Majithia'}","{'total': 478, 'sad': 170, 'aap': 107, 'inc': 63, 'bjp': 103, 'sada': 18, 'bsp': 4, 'others': 12, 'sad_votes': 170, 'sad_pct': 35.56, 'aap_votes': 107, 'aap_pct': 22.38, 'inc_votes': 63, 'inc_pct': 13.18, 'bjp_votes': 103, 'bjp_pct': 21.55, 'sada_votes': 18, 'sada_pct': 3.77, 'winner_party': 'SAD', 'margin': 63, 'winner_candidate': 'Anil Joshi'}","{'turnout_diff': -143, 'turnout_pct': -23.03, 'sad_shift': -68, 'sad_swing': -2.77, 'aap_shift': -113, 'aap_swing': -13.05, 'inc_shift': -48, 'inc_swing': -4.69, 'bjp_shift': 65, 'bjp_swing': 15.43}",Akali Bastion: Strategic Penetration & Demolition Zone,ਅਕਾਲੀ ਦਲ ਦਾ ਪ੍ਰਭਾਵਿਤ ਖੇਤਰ: ਵਿਸ਼ੇਸ਼ ਘੇਰਾਬੰਦੀ ਜ਼ੋਨ,SAD retained lead here by +63 votes (35.6% share). Target moderate Panthic and farming families in Mian Pandher disillusioned with traditional leadership. Appoint dedicated block coordinators and highlight direct government procurement and village development works.,ਅਕਾਲੀ ਦਲ ਨੇ ਇੱਥੇ +63 ਵੋਟਾਂ (35.6%) ਨਾਲ ਲੀਡ ਬਣਾਈ ਹੈ। ਮੀਆਂ ਪੰਧੇਰ ਵਿੱਚ ਰਵਾਇਤੀ ਲੀਡਰਸ਼ਿਪ ਤੋਂ ਨਿਰਾਸ਼ ਕਿਸਾਨ ਅਤੇ ਪੰਥਕ ਪਰਿਵਾਰਾਂ ਨਾਲ ਸੰਵਾਦ ਕਰੋ। ਪਿੰਡਾਂ ਵਿੱਚ ਪੰਜਾਬ ਸਰਕਾਰ ਦੇ ਵਿਕਾਸ ਕਾਰਜਾਂ ਅਤੇ ਨਿਰਪੱਖ ਭਰਤੀਆਂ ਦੇ ਸੁਨੇਹੇ ਨਾਲ ਸੰਨ੍ਹ ਲਗਾਓ।,"{'booth_no': '138', 'village_en': 'Mian Pandher', 'village_pa': 'ਮੀਆਂ ਪੰਧੇਰ', 'zone_en': 'Akali Bastion: Strategic Penetration & Demolition Zone', 'zone_pa': 'ਅਕਾਲੀ ਦਲ ਦਾ ਪ੍ਰਭਾਵਿਤ ਖੇਤਰ: ਵਿਸ਼ੇਸ਼ ਘੇਰਾਬੰਦੀ ਜ਼ੋਨ', 'action_en': 'SAD retained lead here by +63 votes (35.6% share). Target moderate Panthic and farming families in Mian Pandher disillusioned with traditional leadership. Appoint dedicated block coordinators and highlight direct government procurement and village development works.', 'action_pa': 'ਅਕਾਲੀ ਦਲ ਨੇ ਇੱਥੇ +63 ਵੋਟਾਂ (35.6%) ਨਾਲ ਲੀਡ ਬਣਾਈ ਹੈ। ਮੀਆਂ ਪੰਧੇਰ ਵਿੱਚ ਰਵਾਇਤੀ ਲੀਡਰਸ਼ਿਪ ਤੋਂ ਨਿਰਾਸ਼ ਕਿਸਾਨ ਅਤੇ ਪੰਥਕ ਪਰਿਵਾਰਾਂ ਨਾਲ ਸੰਵਾਦ ਕਰੋ। ਪਿੰਡਾਂ ਵਿੱਚ ਪੰਜਾਬ ਸਰਕਾਰ ਦੇ ਵਿਕਾਸ ਕਾਰਜਾਂ ਅਤੇ ਨਿਰਪੱਖ ਭਰਤੀਆਂ ਦੇ ਸੁਨੇਹੇ ਨਾਲ ਸੰਨ੍ਹ ਲਗਾਓ।', 'action_steps_en': ['Days 1-30: Map the top 30 influential non-committed Panthic families in Mian Pandher.', 'Days 31-60: Deploy senior constituency leaders for direct home visits to address local disgruntlement.', ""Days 61-90: Neutralize SAD's +63 vote cushion by winning over agricultural youth.""], 'action_steps_pa': ['ਦਿਨ 1-30: ਮੀਆਂ ਪੰਧੇਰ ਦੇ 30 ਨਿਰਪੱਖ ਅਤੇ ਪ੍ਰਭਾਵਸ਼ਾਲੀ ਪਰਿਵਾਰਾਂ ਦੀ ਸ਼ਨਾਖਤ ਕਰੋ।', 'ਦਿਨ 31-60: ਸੀਨੀਅਰ ਲੀਡਰਸ਼ਿਪ ਰਾਹੀਂ ਘਰ-ਘਰ ਜਾ ਕੇ ਸਰਕਾਰ ਦੀਆਂ ਨਿਰਪੱਖ ਨੀਤੀਆਂ ਸਾਂਝੀਆਂ ਕਰੋ।', 'ਦਿਨ 61-90: ਨੌਜਵਾਨ ਵਰਗ ਨੂੰ ਸਰਕਾਰੀ ਨੌਕਰੀਆਂ ਅਤੇ ਖੇਡ ਕਿੱਟਾਂ ਰਾਹੀਂ ਪਾਰਟੀ ਨਾਲ ਜੋੜ ਕੇ ਲੀਡ ਘਟਾਓ।'], 'action_steps': ['ਦਿਨ 1-30: ਮੀਆਂ ਪੰਧੇਰ ਦੇ 30 ਨਿਰਪੱਖ ਅਤੇ ਪ੍ਰਭਾਵਸ਼ਾਲੀ ਪਰਿਵਾਰਾਂ ਦੀ ਸ਼ਨਾਖਤ ਕਰੋ।', 'ਦਿਨ 31-60: ਸੀਨੀਅਰ ਲੀਡਰਸ਼ਿਪ ਰਾਹੀਂ ਘਰ-ਘਰ ਜਾ ਕੇ ਸਰਕਾਰ ਦੀਆਂ ਨਿਰਪੱਖ ਨੀਤੀਆਂ ਸਾਂਝੀਆਂ ਕਰੋ।', 'ਦਿਨ 61-90: ਨੌਜਵਾਨ ਵਰਗ ਨੂੰ ਸਰਕਾਰੀ ਨੌਕਰੀਆਂ ਅਤੇ ਖੇਡ ਕਿੱਟਾਂ ਰਾਹੀਂ ਪਾਰਟੀ ਨਾਲ ਜੋੜ ਕੇ ਲੀਡ ਘਟਾਓ।']}"
139,139,136,139,139,False,#139,Booth #139 (Unchanged),ਬੂਥ #139 (ਅਣਬਦਲਿਆ),Dhadde,ਧੱਦੇ,ਧੱਦੇ,Dhadde,ਧੱਦੇ,Dhadde,ਧੱਦੇ,SAD,SAD,26,2,SAD Retained,SAD Retained,AAP Deficit,ਆਪ ਘਾਟ,INC Deficit,"{'AAP': 'LOST_BOTH', 'SAD': 'WON_BOTH', 'INC': 'WEAK', 'BJP': 'WEAK'}",False,"{'is_flip': False, 'status_label': 'SAD Retained', 'turnout_diff': -72, 'turnout_pct': -12.35, 'sad_swing': 1.15, 'aap_swing': 5.22, 'inc_swing': -11.75, 'bjp_swing': 0.31}",583,511,-72,-12.35,234,211,-23,40.14,41.29,1.15,208,209,1,35.68,40.9,5.22,105,32,-73,18.01,6.26,-11.75,13,13,0,2.23,2.54,0.31,32,6.26,"{'total': 583, 'sad': 234, 'aap': 208, 'inc': 105, 'bjp': 13, 'sad_votes': 234, 'sad_pct': 40.14, 'aap_votes': 208, 'aap_pct': 35.68, 'inc_votes': 105, 'inc_pct': 18.01, 'bjp_votes': 13, 'bjp_pct': 2.23, 'winner_party': 'SAD', 'margin': 26, 'winner_candidate': 'Ganieve Kaur Majithia'}","{'total': 511, 'sad': 211, 'aap': 209, 'inc': 32, 'bjp': 13, 'sada': 32, 'bsp': 0, 'others': 13, 'sad_votes': 211, 'sad_pct': 41.29, 'aap_votes': 209, 'aap_pct': 40.9, 'inc_votes': 32, 'inc_pct': 6.26, 'bjp_votes': 13, 'bjp_pct': 2.54, 'sada_votes': 32, 'sada_pct': 6.26, 'winner_party': 'SAD', 'margin': 2, 'winner_candidate': 'Anil Joshi'}","{'turnout_diff': -72, 'turnout_pct': -12.35, 'sad_shift': -23, 'sad_swing': 1.15, 'aap_shift': 1, 'aap_swing': 5.22, 'inc_shift': -73, 'inc_swing': -11.75, 'bjp_shift': 0, 'bjp_swing': 0.31}",Akali Bastion: Strategic Penetration & Demolition Zone,ਅਕਾਲੀ ਦਲ ਦਾ ਪ੍ਰਭਾਵਿਤ ਖੇਤਰ: ਵਿਸ਼ੇਸ਼ ਘੇਰਾਬੰਦੀ ਜ਼ੋਨ,SAD retained lead here by +2 votes (41.3% share). Target moderate Panthic and farming families in Dhadde disillusioned with traditional leadership. Appoint dedicated block coordinators and highlight direct government procurement and village development works.,ਅਕਾਲੀ ਦਲ ਨੇ ਇੱਥੇ +2 ਵੋਟਾਂ (41.3%) ਨਾਲ ਲੀਡ ਬਣਾਈ ਹੈ। ਧੱਦੇ ਵਿੱਚ ਰਵਾਇਤੀ ਲੀਡਰਸ਼ਿਪ ਤੋਂ ਨਿਰਾਸ਼ ਕਿਸਾਨ ਅਤੇ ਪੰਥਕ ਪਰਿਵਾਰਾਂ ਨਾਲ ਸੰਵਾਦ ਕਰੋ। ਪਿੰਡਾਂ ਵਿੱਚ ਪੰਜਾਬ ਸਰਕਾਰ ਦੇ ਵਿਕਾਸ ਕਾਰਜਾਂ ਅਤੇ ਨਿਰਪੱਖ ਭਰਤੀਆਂ ਦੇ ਸੁਨੇਹੇ ਨਾਲ ਸੰਨ੍ਹ ਲਗਾਓ।,"{'booth_no': '139', 'village_en': 'Dhadde', 'village_pa': 'ਧੱਦੇ', 'zone_en': 'Akali Bastion: Strategic Penetration & Demolition Zone', 'zone_pa': 'ਅਕਾਲੀ ਦਲ ਦਾ ਪ੍ਰਭਾਵਿਤ ਖੇਤਰ: ਵਿਸ਼ੇਸ਼ ਘੇਰਾਬੰਦੀ ਜ਼ੋਨ', 'action_en': 'SAD retained lead here by +2 votes (41.3% share). Target moderate Panthic and farming families in Dhadde disillusioned with traditional leadership. Appoint dedicated block coordinators and highlight direct government procurement and village development works.', 'action_pa': 'ਅਕਾਲੀ ਦਲ ਨੇ ਇੱਥੇ +2 ਵੋਟਾਂ (41.3%) ਨਾਲ ਲੀਡ ਬਣਾਈ ਹੈ। ਧੱਦੇ ਵਿੱਚ ਰਵਾਇਤੀ ਲੀਡਰਸ਼ਿਪ ਤੋਂ ਨਿਰਾਸ਼ ਕਿਸਾਨ ਅਤੇ ਪੰਥਕ ਪਰਿਵਾਰਾਂ ਨਾਲ ਸੰਵਾਦ ਕਰੋ। ਪਿੰਡਾਂ ਵਿੱਚ ਪੰਜਾਬ ਸਰਕਾਰ ਦੇ ਵਿਕਾਸ ਕਾਰਜਾਂ ਅਤੇ ਨਿਰਪੱਖ ਭਰਤੀਆਂ ਦੇ ਸੁਨੇਹੇ ਨਾਲ ਸੰਨ੍ਹ ਲਗਾਓ।', 'action_steps_en': ['Days 1-30: Map the top 30 influential non-committed Panthic families in Dhadde.', 'Days 31-60: Deploy senior constituency leaders for direct home visits to address local disgruntlement.', ""Days 61-90: Neutralize SAD's +2 vote cushion by winning over agricultural youth.""], 'action_steps_pa': ['ਦਿਨ 1-30: ਧੱਦੇ ਦੇ 30 ਨਿਰਪੱਖ ਅਤੇ ਪ੍ਰਭਾਵਸ਼ਾਲੀ ਪਰਿਵਾਰਾਂ ਦੀ ਸ਼ਨਾਖਤ ਕਰੋ।', 'ਦਿਨ 31-60: ਸੀਨੀਅਰ ਲੀਡਰਸ਼ਿਪ ਰਾਹੀਂ ਘਰ-ਘਰ ਜਾ ਕੇ ਸਰਕਾਰ ਦੀਆਂ ਨਿਰਪੱਖ ਨੀਤੀਆਂ ਸਾਂਝੀਆਂ ਕਰੋ।', 'ਦਿਨ 61-90: ਨੌਜਵਾਨ ਵਰਗ ਨੂੰ ਸਰਕਾਰੀ ਨੌਕਰੀਆਂ ਅਤੇ ਖੇਡ ਕਿੱਟਾਂ ਰਾਹੀਂ ਪਾਰਟੀ ਨਾਲ ਜੋੜ ਕੇ ਲੀਡ ਘਟਾਓ।'], 'action_steps': ['ਦਿਨ 1-30: ਧੱਦੇ ਦੇ 30 ਨਿਰਪੱਖ ਅਤੇ ਪ੍ਰਭਾਵਸ਼ਾਲੀ ਪਰਿਵਾਰਾਂ ਦੀ ਸ਼ਨਾਖਤ ਕਰੋ।', 'ਦਿਨ 31-60: ਸੀਨੀਅਰ ਲੀਡਰਸ਼ਿਪ ਰਾਹੀਂ ਘਰ-ਘਰ ਜਾ ਕੇ ਸਰਕਾਰ ਦੀਆਂ ਨਿਰਪੱਖ ਨੀਤੀਆਂ ਸਾਂਝੀਆਂ ਕਰੋ।', 'ਦਿਨ 61-90: ਨੌਜਵਾਨ ਵਰਗ ਨੂੰ ਸਰਕਾਰੀ ਨੌਕਰੀਆਂ ਅਤੇ ਖੇਡ ਕਿੱਟਾਂ ਰਾਹੀਂ ਪਾਰਟੀ ਨਾਲ ਜੋੜ ਕੇ ਲੀਡ ਘਟਾਓ।']}"
140,140,136A,140,140,False,#140,Booth #140 (Unchanged),ਬੂਥ #140 (ਅਣਬਦਲਿਆ),Dhadde,ਧੱਦੇ,ਧੱਦੇ,Dhadde,ਧੱਦੇ,Dhadde,ਧੱਦੇ,SAD,SAD,10,38,SAD Retained,SAD Retained,AAP Deficit,ਆਪ ਘਾਟ,INC Deficit,"{'AAP': 'LOST_BOTH', 'SAD': 'WON_BOTH', 'INC': 'WEAK', 'BJP': 'WEAK'}",False,"{'is_flip': False, 'status_label': 'SAD Retained', 'turnout_diff': -153, 'turnout_pct': -23.54, 'sad_swing': 10.17, 'aap_swing': 4.06, 'inc_swing': -16.33, 'bjp_swing': -0.44}",650,497,-153,-23.54,236,231,-5,36.31,46.48,10.17,226,193,-33,34.77,38.83,4.06,148,32,-116,22.77,6.44,-16.33,12,7,-5,1.85,1.41,-0.44,21,4.23,"{'total': 650, 'sad': 236, 'aap': 226, 'inc': 148, 'bjp': 12, 'sad_votes': 236, 'sad_pct': 36.31, 'aap_votes': 226, 'aap_pct': 34.77, 'inc_votes': 148, 'inc_pct': 22.77, 'bjp_votes': 12, 'bjp_pct': 1.85, 'winner_party': 'SAD', 'margin': 10, 'winner_candidate': 'Ganieve Kaur Majithia'}","{'total': 497, 'sad': 231, 'aap': 193, 'inc': 32, 'bjp': 7, 'sada': 21, 'bsp': 0, 'others': 11, 'sad_votes': 231, 'sad_pct': 46.48, 'aap_votes': 193, 'aap_pct': 38.83, 'inc_votes': 32, 'inc_pct': 6.44, 'bjp_votes': 7, 'bjp_pct': 1.41, 'sada_votes': 21, 'sada_pct': 4.23, 'winner_party': 'SAD', 'margin': 38, 'winner_candidate': 'Anil Joshi'}","{'turnout_diff': -153, 'turnout_pct': -23.54, 'sad_shift': -5, 'sad_swing': 10.17, 'aap_shift': -33, 'aap_swing': 4.06, 'inc_shift': -116, 'inc_swing': -16.33, 'bjp_shift': -5, 'bjp_swing': -0.44}",Akali Bastion: Strategic Penetration & Demolition Zone,ਅਕਾਲੀ ਦਲ ਦਾ ਪ੍ਰਭਾਵਿਤ ਖੇਤਰ: ਵਿਸ਼ੇਸ਼ ਘੇਰਾਬੰਦੀ ਜ਼ੋਨ,SAD retained lead here by +38 votes (46.5% share). Target moderate Panthic and farming families in Dhadde disillusioned with traditional leadership. Appoint dedicated block coordinators and highlight direct government procurement and village development works.,ਅਕਾਲੀ ਦਲ ਨੇ ਇੱਥੇ +38 ਵੋਟਾਂ (46.5%) ਨਾਲ ਲੀਡ ਬਣਾਈ ਹੈ। ਧੱਦੇ ਵਿੱਚ ਰਵਾਇਤੀ ਲੀਡਰਸ਼ਿਪ ਤੋਂ ਨਿਰਾਸ਼ ਕਿਸਾਨ ਅਤੇ ਪੰਥਕ ਪਰਿਵਾਰਾਂ ਨਾਲ ਸੰਵਾਦ ਕਰੋ। ਪਿੰਡਾਂ ਵਿੱਚ ਪੰਜਾਬ ਸਰਕਾਰ ਦੇ ਵਿਕਾਸ ਕਾਰਜਾਂ ਅਤੇ ਨਿਰਪੱਖ ਭਰਤੀਆਂ ਦੇ ਸੁਨੇਹੇ ਨਾਲ ਸੰਨ੍ਹ ਲਗਾਓ।,"{'booth_no': '140', 'village_en': 'Dhadde', 'village_pa': 'ਧੱਦੇ', 'zone_en': 'Akali Bastion: Strategic Penetration & Demolition Zone', 'zone_pa': 'ਅਕਾਲੀ ਦਲ ਦਾ ਪ੍ਰਭਾਵਿਤ ਖੇਤਰ: ਵਿਸ਼ੇਸ਼ ਘੇਰਾਬੰਦੀ ਜ਼ੋਨ', 'action_en': 'SAD retained lead here by +38 votes (46.5% share). Target moderate Panthic and farming families in Dhadde disillusioned with traditional leadership. Appoint dedicated block coordinators and highlight direct government procurement and village development works.', 'action_pa': 'ਅਕਾਲੀ ਦਲ ਨੇ ਇੱਥੇ +38 ਵੋਟਾਂ (46.5%) ਨਾਲ ਲੀਡ ਬਣਾਈ ਹੈ। ਧੱਦੇ ਵਿੱਚ ਰਵਾਇਤੀ ਲੀਡਰਸ਼ਿਪ ਤੋਂ ਨਿਰਾਸ਼ ਕਿਸਾਨ ਅਤੇ ਪੰਥਕ ਪਰਿਵਾਰਾਂ ਨਾਲ ਸੰਵਾਦ ਕਰੋ। ਪਿੰਡਾਂ ਵਿੱਚ ਪੰਜਾਬ ਸਰਕਾਰ ਦੇ ਵਿਕਾਸ ਕਾਰਜਾਂ ਅਤੇ ਨਿਰਪੱਖ ਭਰਤੀਆਂ ਦੇ ਸੁਨੇਹੇ ਨਾਲ ਸੰਨ੍ਹ ਲਗਾਓ।', 'action_steps_en': ['Days 1-30: Map the top 30 influential non-committed Panthic families in Dhadde.', 'Days 31-60: Deploy senior constituency leaders for direct home visits to address local disgruntlement.', ""Days 61-90: Neutralize SAD's +38 vote cushion by winning over agricultural youth.""], 'action_steps_pa': ['ਦਿਨ 1-30: ਧੱਦੇ ਦੇ 30 ਨਿਰਪੱਖ ਅਤੇ ਪ੍ਰਭਾਵਸ਼ਾਲੀ ਪਰਿਵਾਰਾਂ ਦੀ ਸ਼ਨਾਖਤ ਕਰੋ।', 'ਦਿਨ 31-60: ਸੀਨੀਅਰ ਲੀਡਰਸ਼ਿਪ ਰਾਹੀਂ ਘਰ-ਘਰ ਜਾ ਕੇ ਸਰਕਾਰ ਦੀਆਂ ਨਿਰਪੱਖ ਨੀਤੀਆਂ ਸਾਂਝੀਆਂ ਕਰੋ।', 'ਦਿਨ 61-90: ਨੌਜਵਾਨ ਵਰਗ ਨੂੰ ਸਰਕਾਰੀ ਨੌਕਰੀਆਂ ਅਤੇ ਖੇਡ ਕਿੱਟਾਂ ਰਾਹੀਂ ਪਾਰਟੀ ਨਾਲ ਜੋੜ ਕੇ ਲੀਡ ਘਟਾਓ।'], 'action_steps': ['ਦਿਨ 1-30: ਧੱਦੇ ਦੇ 30 ਨਿਰਪੱਖ ਅਤੇ ਪ੍ਰਭਾਵਸ਼ਾਲੀ ਪਰਿਵਾਰਾਂ ਦੀ ਸ਼ਨਾਖਤ ਕਰੋ।', 'ਦਿਨ 31-60: ਸੀਨੀਅਰ ਲੀਡਰਸ਼ਿਪ ਰਾਹੀਂ ਘਰ-ਘਰ ਜਾ ਕੇ ਸਰਕਾਰ ਦੀਆਂ ਨਿਰਪੱਖ ਨੀਤੀਆਂ ਸਾਂਝੀਆਂ ਕਰੋ।', 'ਦਿਨ 61-90: ਨੌਜਵਾਨ ਵਰਗ ਨੂੰ ਸਰਕਾਰੀ ਨੌਕਰੀਆਂ ਅਤੇ ਖੇਡ ਕਿੱਟਾਂ ਰਾਹੀਂ ਪਾਰਟੀ ਨਾਲ ਜੋੜ ਕੇ ਲੀਡ ਘਟਾਓ।']}"
141,141,137,141,141,False,#141,Booth #141 (Unchanged),ਬੂਥ #141 (ਅਣਬਦਲਿਆ),Hadaiatpura,ਹਦਾਇਤਪੁਰਾ,ਹਦਾਇਤਪੁਰਾ,Hadaiatpura,ਹਦਾਇਤਪੁਰਾ,Hadaiatpura,ਹਦਾਇਤਪੁਰਾ,SAD,SAD,48,27,SAD Retained,SAD Retained,AAP Deficit,ਆਪ ਘਾਟ,INC Deficit,"{'AAP': 'LOST_BOTH', 'SAD': 'WON_BOTH', 'INC': 'WEAK', 'BJP': 'WEAK'}",False,"{'is_flip': False, 'status_label': 'SAD Retained', 'turnout_diff': -30, 'turnout_pct': -7.52, 'sad_swing': -0.26, 'aap_swing': 7.46, 'inc_swing': -15.87, 'bjp_swing': 3.58}",399,369,-30,-7.52,160,147,-13,40.1,39.84,-0.26,100,120,20,25.06,32.52,7.46,112,45,-67,28.07,12.2,-15.87,16,28,12,4.01,7.59,3.58,10,2.71,"{'total': 399, 'sad': 160, 'aap': 100, 'inc': 112, 'bjp': 16, 'sad_votes': 160, 'sad_pct': 40.1, 'aap_votes': 100, 'aap_pct': 25.06, 'inc_votes': 112, 'inc_pct': 28.07, 'bjp_votes': 16, 'bjp_pct': 4.01, 'winner_party': 'SAD', 'margin': 48, 'winner_candidate': 'Ganieve Kaur Majithia'}","{'total': 369, 'sad': 147, 'aap': 120, 'inc': 45, 'bjp': 28, 'sada': 10, 'bsp': 0, 'others': 19, 'sad_votes': 147, 'sad_pct': 39.84, 'aap_votes': 120, 'aap_pct': 32.52, 'inc_votes': 45, 'inc_pct': 12.2, 'bjp_votes': 28, 'bjp_pct': 7.59, 'sada_votes': 10, 'sada_pct': 2.71, 'winner_party': 'SAD', 'margin': 27, 'winner_candidate': 'Anil Joshi'}","{'turnout_diff': -30, 'turnout_pct': -7.52, 'sad_shift': -13, 'sad_swing': -0.26, 'aap_shift': 20, 'aap_swing': 7.46, 'inc_shift': -67, 'inc_swing': -15.87, 'bjp_shift': 12, 'bjp_swing': 3.58}",Akali Bastion: Strategic Penetration & Demolition Zone,ਅਕਾਲੀ ਦਲ ਦਾ ਪ੍ਰਭਾਵਿਤ ਖੇਤਰ: ਵਿਸ਼ੇਸ਼ ਘੇਰਾਬੰਦੀ ਜ਼ੋਨ,SAD retained lead here by +27 votes (39.8% share). Target moderate Panthic and farming families in Hadaiatpura disillusioned with traditional leadership. Appoint dedicated block coordinators and highlight direct government procurement and village development works.,ਅਕਾਲੀ ਦਲ ਨੇ ਇੱਥੇ +27 ਵੋਟਾਂ (39.8%) ਨਾਲ ਲੀਡ ਬਣਾਈ ਹੈ। ਹਦਾਇਤਪੁਰਾ ਵਿੱਚ ਰਵਾਇਤੀ ਲੀਡਰਸ਼ਿਪ ਤੋਂ ਨਿਰਾਸ਼ ਕਿਸਾਨ ਅਤੇ ਪੰਥਕ ਪਰਿਵਾਰਾਂ ਨਾਲ ਸੰਵਾਦ ਕਰੋ। ਪਿੰਡਾਂ ਵਿੱਚ ਪੰਜਾਬ ਸਰਕਾਰ ਦੇ ਵਿਕਾਸ ਕਾਰਜਾਂ ਅਤੇ ਨਿਰਪੱਖ ਭਰਤੀਆਂ ਦੇ ਸੁਨੇਹੇ ਨਾਲ ਸੰਨ੍ਹ ਲਗਾਓ।,"{'booth_no': '141', 'village_en': 'Hadaiatpura', 'village_pa': 'ਹਦਾਇਤਪੁਰਾ', 'zone_en': 'Akali Bastion: Strategic Penetration & Demolition Zone', 'zone_pa': 'ਅਕਾਲੀ ਦਲ ਦਾ ਪ੍ਰਭਾਵਿਤ ਖੇਤਰ: ਵਿਸ਼ੇਸ਼ ਘੇਰਾਬੰਦੀ ਜ਼ੋਨ', 'action_en': 'SAD retained lead here by +27 votes (39.8% share). Target moderate Panthic and farming families in Hadaiatpura disillusioned with traditional leadership. Appoint dedicated block coordinators and highlight direct government procurement and village development works.', 'action_pa': 'ਅਕਾਲੀ ਦਲ ਨੇ ਇੱਥੇ +27 ਵੋਟਾਂ (39.8%) ਨਾਲ ਲੀਡ ਬਣਾਈ ਹੈ। ਹਦਾਇਤਪੁਰਾ ਵਿੱਚ ਰਵਾਇਤੀ ਲੀਡਰਸ਼ਿਪ ਤੋਂ ਨਿਰਾਸ਼ ਕਿਸਾਨ ਅਤੇ ਪੰਥਕ ਪਰਿਵਾਰਾਂ ਨਾਲ ਸੰਵਾਦ ਕਰੋ। ਪਿੰਡਾਂ ਵਿੱਚ ਪੰਜਾਬ ਸਰਕਾਰ ਦੇ ਵਿਕਾਸ ਕਾਰਜਾਂ ਅਤੇ ਨਿਰਪੱਖ ਭਰਤੀਆਂ ਦੇ ਸੁਨੇਹੇ ਨਾਲ ਸੰਨ੍ਹ ਲਗਾਓ।', 'action_steps_en': ['Days 1-30: Map the top 30 influential non-committed Panthic families in Hadaiatpura.', 'Days 31-60: Deploy senior constituency leaders for direct home visits to address local disgruntlement.', ""Days 61-90: Neutralize SAD's +27 vote cushion by winning over agricultural youth.""], 'action_steps_pa': ['ਦਿਨ 1-30: ਹਦਾਇਤਪੁਰਾ ਦੇ 30 ਨਿਰਪੱਖ ਅਤੇ ਪ੍ਰਭਾਵਸ਼ਾਲੀ ਪਰਿਵਾਰਾਂ ਦੀ ਸ਼ਨਾਖਤ ਕਰੋ।', 'ਦਿਨ 31-60: ਸੀਨੀਅਰ ਲੀਡਰਸ਼ਿਪ ਰਾਹੀਂ ਘਰ-ਘਰ ਜਾ ਕੇ ਸਰਕਾਰ ਦੀਆਂ ਨਿਰਪੱਖ ਨੀਤੀਆਂ ਸਾਂਝੀਆਂ ਕਰੋ।', 'ਦਿਨ 61-90: ਨੌਜਵਾਨ ਵਰਗ ਨੂੰ ਸਰਕਾਰੀ ਨੌਕਰੀਆਂ ਅਤੇ ਖੇਡ ਕਿੱਟਾਂ ਰਾਹੀਂ ਪਾਰਟੀ ਨਾਲ ਜੋੜ ਕੇ ਲੀਡ ਘਟਾਓ।'], 'action_steps': ['ਦਿਨ 1-30: ਹਦਾਇਤਪੁਰਾ ਦੇ 30 ਨਿਰਪੱਖ ਅਤੇ ਪ੍ਰਭਾਵਸ਼ਾਲੀ ਪਰਿਵਾਰਾਂ ਦੀ ਸ਼ਨਾਖਤ ਕਰੋ।', 'ਦਿਨ 31-60: ਸੀਨੀਅਰ ਲੀਡਰਸ਼ਿਪ ਰਾਹੀਂ ਘਰ-ਘਰ ਜਾ ਕੇ ਸਰਕਾਰ ਦੀਆਂ ਨਿਰਪੱਖ ਨੀਤੀਆਂ ਸਾਂਝੀਆਂ ਕਰੋ।', 'ਦਿਨ 61-90: ਨੌਜਵਾਨ ਵਰਗ ਨੂੰ ਸਰਕਾਰੀ ਨੌਕਰੀਆਂ ਅਤੇ ਖੇਡ ਕਿੱਟਾਂ ਰਾਹੀਂ ਪਾਰਟੀ ਨਾਲ ਜੋੜ ਕੇ ਲੀਡ ਘਟਾਓ।']}"
142,142,138,142,142,False,#142,Booth #142 (Unchanged),ਬੂਥ #142 (ਅਣਬਦਲਿਆ),Darike,ਦਰੀਕੇ,ਦਰੀਕੇ,Darike,ਦਰੀਕੇ,Darike,ਦਰੀਕੇ,SAD,AAP,36,50,SAD → AAP,SAD → AAP,AAP Gain,ਆਪ ਲਾਭ,INC Deficit,"{'AAP': 'GAINED', 'SAD': 'LOST_24', 'INC': 'LOST_BOTH', 'BJP': 'WEAK'}",True,"{'is_flip': True, 'status_label': 'SAD → AAP', 'turnout_diff': -42, 'turnout_pct': -8.84, 'sad_swing': -12.58, 'aap_swing': 6.54, 'inc_swing': -1.79, 'bjp_swing': 6.84}",475,433,-42,-8.84,198,126,-72,41.68,29.1,-12.58,162,176,14,34.11,40.65,6.54,82,67,-15,17.26,15.47,-1.79,7,36,29,1.47,8.31,6.84,13,3.0,"{'total': 475, 'sad': 198, 'aap': 162, 'inc': 82, 'bjp': 7, 'sad_votes': 198, 'sad_pct': 41.68, 'aap_votes': 162, 'aap_pct': 34.11, 'inc_votes': 82, 'inc_pct': 17.26, 'bjp_votes': 7, 'bjp_pct': 1.47, 'winner_party': 'SAD', 'margin': 36, 'winner_candidate': 'Ganieve Kaur Majithia'}","{'total': 433, 'sad': 126, 'aap': 176, 'inc': 67, 'bjp': 36, 'sada': 13, 'bsp': 1, 'others': 14, 'sad_votes': 126, 'sad_pct': 29.1, 'aap_votes': 176, 'aap_pct': 40.65, 'inc_votes': 67, 'inc_pct': 15.47, 'bjp_votes': 36, 'bjp_pct': 8.31, 'sada_votes': 13, 'sada_pct': 3.0, 'winner_party': 'AAP', 'margin': 50, 'winner_candidate': 'Kuldeep Singh Dhaliwal'}","{'turnout_diff': -42, 'turnout_pct': -8.84, 'sad_shift': -72, 'sad_swing': -12.58, 'aap_shift': 14, 'aap_swing': 6.54, 'inc_shift': -15, 'inc_swing': -1.79, 'bjp_shift': 29, 'bjp_swing': 6.84}",Historic Breakthrough: AAP Flipped Stronghold,ਇਤਿਹਾਸਕ ਪ੍ਰਾਪਤੀ: ਅਕਾਲੀ ਗੜ੍ਹ ਵਿੱਚ ਆਪ ਦੀ ਜਿੱਤ ਜ਼ੋਨ,"Major breakthrough in Darike previously held by SAD. Formally induct local village swing leaders and youth volunteers who backed AAP in 2024. Resolve local village infrastructure, canal tail issues, and cement +50 lead.","ਦਰੀਕੇ ਵਿੱਚ ਵੱਡੀ ਇਤਿਹਾਸਕ ਸਫ਼ਲਤਾ, ਜਿੱਥੇ SAD ਦਾ ਪੁਰਾਣਾ ਦਬਦਬਾ ਟੁੱਟਿਆ। 2024 ਵਿੱਚ ਆਪ ਨਾਲ ਜੁੜੇ ਨੌਜਵਾਨਾਂ ਅਤੇ ਪੰਚਾਇਤੀ ਆਗੂਆਂ ਨੂੰ ਜਥੇਬੰਦਕ ਜ਼ਿੰਮੇਵਾਰੀਆਂ ਦਿਓ ਅਤੇ +50 ਵੋਟਾਂ ਦੀ ਲੀਡ ਨੂੰ ਸਥਾਈ ਵੋਟ ਬੈਂਕ ਵਿੱਚ ਬਦਲੋ।","{'booth_no': '142', 'village_en': 'Darike', 'village_pa': 'ਦਰੀਕੇ', 'zone_en': 'Historic Breakthrough: AAP Flipped Stronghold', 'zone_pa': 'ਇਤਿਹਾਸਕ ਪ੍ਰਾਪਤੀ: ਅਕਾਲੀ ਗੜ੍ਹ ਵਿੱਚ ਆਪ ਦੀ ਜਿੱਤ ਜ਼ੋਨ', 'action_en': 'Major breakthrough in Darike previously held by SAD. Formally induct local village swing leaders and youth volunteers who backed AAP in 2024. Resolve local village infrastructure, canal tail issues, and cement +50 lead.', 'action_pa': 'ਦਰੀਕੇ ਵਿੱਚ ਵੱਡੀ ਇਤਿਹਾਸਕ ਸਫ਼ਲਤਾ, ਜਿੱਥੇ SAD ਦਾ ਪੁਰਾਣਾ ਦਬਦਬਾ ਟੁੱਟਿਆ। 2024 ਵਿੱਚ ਆਪ ਨਾਲ ਜੁੜੇ ਨੌਜਵਾਨਾਂ ਅਤੇ ਪੰਚਾਇਤੀ ਆਗੂਆਂ ਨੂੰ ਜਥੇਬੰਦਕ ਜ਼ਿੰਮੇਵਾਰੀਆਂ ਦਿਓ ਅਤੇ +50 ਵੋਟਾਂ ਦੀ ਲੀਡ ਨੂੰ ਸਥਾਈ ਵੋਟ ਬੈਂਕ ਵਿੱਚ ਬਦਲੋ।', 'action_steps_en': ['Days 1-30: Onboard dynamic swing workers who crossed over from SAD into the formal AAP booth structure.', 'Days 31-60: Prioritize village link road and street light repairs in Darike through rural development grants.', 'Days 61-90: Convert current +50 vote lead into permanent party loyalty before 2027.'], 'action_steps_pa': ['ਦਿਨ 1-30: SAD ਛੱਡ ਕੇ ਆਪ ਵਿੱਚ ਸ਼ਾਮਲ ਹੋਏ ਆਗੂਆਂ ਨੂੰ ਬੂਥ ਕਮੇਟੀ ਵਿੱਚ ਅਹਿਮ ਜ਼ਿੰਮੇਵਾਰੀਆਂ ਦਿਓ।', ""ਦਿਨ 31-60: ਦਰੀਕੇ ਵਿੱਚ ਪਿੰਡ ਦੀਆਂ ਫਿਰਨੀਆਂ, ਗਲੀਆਂ ਅਤੇ ਲਿੰਕ ਸੜਕਾਂ ਦੇ ਕੰਮ ਤਰਜੀਹ 'ਤੇ ਕਰਵਾਓ।"", 'ਦਿਨ 61-90: +50 ਵੋਟਾਂ ਦੀ ਲੀਡ ਨੂੰ ਪੱਕੇ ਵੋਟ ਬੈਂਕ ਵਿੱਚ ਤਬਦੀਲ ਕਰੋ।'], 'action_steps': ['ਦਿਨ 1-30: SAD ਛੱਡ ਕੇ ਆਪ ਵਿੱਚ ਸ਼ਾਮਲ ਹੋਏ ਆਗੂਆਂ ਨੂੰ ਬੂਥ ਕਮੇਟੀ ਵਿੱਚ ਅਹਿਮ ਜ਼ਿੰਮੇਵਾਰੀਆਂ ਦਿਓ।', ""ਦਿਨ 31-60: ਦਰੀਕੇ ਵਿੱਚ ਪਿੰਡ ਦੀਆਂ ਫਿਰਨੀਆਂ, ਗਲੀਆਂ ਅਤੇ ਲਿੰਕ ਸੜਕਾਂ ਦੇ ਕੰਮ ਤਰਜੀਹ 'ਤੇ ਕਰਵਾਓ।"", 'ਦਿਨ 61-90: +50 ਵੋਟਾਂ ਦੀ ਲੀਡ ਨੂੰ ਪੱਕੇ ਵੋਟ ਬੈਂਕ ਵਿੱਚ ਤਬਦੀਲ ਕਰੋ।']}"
143,143,139,143,143,False,#143,Booth #143 (Unchanged),ਬੂਥ #143 (ਅਣਬਦਲਿਆ),Khera Bala Chak,ਖੇੜਾ ਬਾਲਾ ਚੱਕ,ਖੇੜਾ ਬਾਲਾ ਚੱਕ,Khera Bala Chak,ਖੇੜਾ ਬਾਲਾ ਚੱਕ,Khera Bala Chak,ਖੇੜਾ ਬਾਲਾ ਚੱਕ,SAD,SAD,49,64,SAD Retained,SAD Retained,AAP Deficit,ਆਪ ਘਾਟ,INC Deficit,"{'AAP': 'LOST_BOTH', 'SAD': 'WON_BOTH', 'INC': 'WEAK', 'BJP': 'WEAK'}",False,"{'is_flip': False, 'status_label': 'SAD Retained', 'turnout_diff': -137, 'turnout_pct': -18.0, 'sad_swing': -1.57, 'aap_swing': -5.38, 'inc_swing': -7.03, 'bjp_swing': 2.09}",761,624,-137,-18.0,318,251,-67,41.79,40.22,-1.57,269,187,-82,35.35,29.97,-5.38,145,75,-70,19.05,12.02,-7.03,6,18,12,0.79,2.88,2.09,42,6.73,"{'total': 761, 'sad': 318, 'aap': 269, 'inc': 145, 'bjp': 6, 'sad_votes': 318, 'sad_pct': 41.79, 'aap_votes': 269, 'aap_pct': 35.35, 'inc_votes': 145, 'inc_pct': 19.05, 'bjp_votes': 6, 'bjp_pct': 0.79, 'winner_party': 'SAD', 'margin': 49, 'winner_candidate': 'Ganieve Kaur Majithia'}","{'total': 624, 'sad': 251, 'aap': 187, 'inc': 75, 'bjp': 18, 'sada': 42, 'bsp': 2, 'others': 48, 'sad_votes': 251, 'sad_pct': 40.22, 'aap_votes': 187, 'aap_pct': 29.97, 'inc_votes': 75, 'inc_pct': 12.02, 'bjp_votes': 18, 'bjp_pct': 2.88, 'sada_votes': 42, 'sada_pct': 6.73, 'winner_party': 'SAD', 'margin': 64, 'winner_candidate': 'Anil Joshi'}","{'turnout_diff': -137, 'turnout_pct': -18.0, 'sad_shift': -67, 'sad_swing': -1.57, 'aap_shift': -82, 'aap_swing': -5.38, 'inc_shift': -70, 'inc_swing': -7.03, 'bjp_shift': 12, 'bjp_swing': 2.09}",Akali Bastion: Strategic Penetration & Demolition Zone,ਅਕਾਲੀ ਦਲ ਦਾ ਪ੍ਰਭਾਵਿਤ ਖੇਤਰ: ਵਿਸ਼ੇਸ਼ ਘੇਰਾਬੰਦੀ ਜ਼ੋਨ,SAD retained lead here by +64 votes (40.2% share). Target moderate Panthic and farming families in Khera Bala Chak disillusioned with traditional leadership. Appoint dedicated block coordinators and highlight direct government procurement and village development works.,ਅਕਾਲੀ ਦਲ ਨੇ ਇੱਥੇ +64 ਵੋਟਾਂ (40.2%) ਨਾਲ ਲੀਡ ਬਣਾਈ ਹੈ। ਖੇੜਾ ਬਾਲਾ ਚੱਕ ਵਿੱਚ ਰਵਾਇਤੀ ਲੀਡਰਸ਼ਿਪ ਤੋਂ ਨਿਰਾਸ਼ ਕਿਸਾਨ ਅਤੇ ਪੰਥਕ ਪਰਿਵਾਰਾਂ ਨਾਲ ਸੰਵਾਦ ਕਰੋ। ਪਿੰਡਾਂ ਵਿੱਚ ਪੰਜਾਬ ਸਰਕਾਰ ਦੇ ਵਿਕਾਸ ਕਾਰਜਾਂ ਅਤੇ ਨਿਰਪੱਖ ਭਰਤੀਆਂ ਦੇ ਸੁਨੇਹੇ ਨਾਲ ਸੰਨ੍ਹ ਲਗਾਓ।,"{'booth_no': '143', 'village_en': 'Khera Bala Chak', 'village_pa': 'ਖੇੜਾ ਬਾਲਾ ਚੱਕ', 'zone_en': 'Akali Bastion: Strategic Penetration & Demolition Zone', 'zone_pa': 'ਅਕਾਲੀ ਦਲ ਦਾ ਪ੍ਰਭਾਵਿਤ ਖੇਤਰ: ਵਿਸ਼ੇਸ਼ ਘੇਰਾਬੰਦੀ ਜ਼ੋਨ', 'action_en': 'SAD retained lead here by +64 votes (40.2% share). Target moderate Panthic and farming families in Khera Bala Chak disillusioned with traditional leadership. Appoint dedicated block coordinators and highlight direct government procurement and village development works.', 'action_pa': 'ਅਕਾਲੀ ਦਲ ਨੇ ਇੱਥੇ +64 ਵੋਟਾਂ (40.2%) ਨਾਲ ਲੀਡ ਬਣਾਈ ਹੈ। ਖੇੜਾ ਬਾਲਾ ਚੱਕ ਵਿੱਚ ਰਵਾਇਤੀ ਲੀਡਰਸ਼ਿਪ ਤੋਂ ਨਿਰਾਸ਼ ਕਿਸਾਨ ਅਤੇ ਪੰਥਕ ਪਰਿਵਾਰਾਂ ਨਾਲ ਸੰਵਾਦ ਕਰੋ। ਪਿੰਡਾਂ ਵਿੱਚ ਪੰਜਾਬ ਸਰਕਾਰ ਦੇ ਵਿਕਾਸ ਕਾਰਜਾਂ ਅਤੇ ਨਿਰਪੱਖ ਭਰਤੀਆਂ ਦੇ ਸੁਨੇਹੇ ਨਾਲ ਸੰਨ੍ਹ ਲਗਾਓ।', 'action_steps_en': ['Days 1-30: Map the top 30 influential non-committed Panthic families in Khera Bala Chak.', 'Days 31-60: Deploy senior constituency leaders for direct home visits to address local disgruntlement.', ""Days 61-90: Neutralize SAD's +64 vote cushion by winning over agricultural youth.""], 'action_steps_pa': ['ਦਿਨ 1-30: ਖੇੜਾ ਬਾਲਾ ਚੱਕ ਦੇ 30 ਨਿਰਪੱਖ ਅਤੇ ਪ੍ਰਭਾਵਸ਼ਾਲੀ ਪਰਿਵਾਰਾਂ ਦੀ ਸ਼ਨਾਖਤ ਕਰੋ।', 'ਦਿਨ 31-60: ਸੀਨੀਅਰ ਲੀਡਰਸ਼ਿਪ ਰਾਹੀਂ ਘਰ-ਘਰ ਜਾ ਕੇ ਸਰਕਾਰ ਦੀਆਂ ਨਿਰਪੱਖ ਨੀਤੀਆਂ ਸਾਂਝੀਆਂ ਕਰੋ।', 'ਦਿਨ 61-90: ਨੌਜਵਾਨ ਵਰਗ ਨੂੰ ਸਰਕਾਰੀ ਨੌਕਰੀਆਂ ਅਤੇ ਖੇਡ ਕਿੱਟਾਂ ਰਾਹੀਂ ਪਾਰਟੀ ਨਾਲ ਜੋੜ ਕੇ ਲੀਡ ਘਟਾਓ।'], 'action_steps': ['ਦਿਨ 1-30: ਖੇੜਾ ਬਾਲਾ ਚੱਕ ਦੇ 30 ਨਿਰਪੱਖ ਅਤੇ ਪ੍ਰਭਾਵਸ਼ਾਲੀ ਪਰਿਵਾਰਾਂ ਦੀ ਸ਼ਨਾਖਤ ਕਰੋ।', 'ਦਿਨ 31-60: ਸੀਨੀਅਰ ਲੀਡਰਸ਼ਿਪ ਰਾਹੀਂ ਘਰ-ਘਰ ਜਾ ਕੇ ਸਰਕਾਰ ਦੀਆਂ ਨਿਰਪੱਖ ਨੀਤੀਆਂ ਸਾਂਝੀਆਂ ਕਰੋ।', 'ਦਿਨ 61-90: ਨੌਜਵਾਨ ਵਰਗ ਨੂੰ ਸਰਕਾਰੀ ਨੌਕਰੀਆਂ ਅਤੇ ਖੇਡ ਕਿੱਟਾਂ ਰਾਹੀਂ ਪਾਰਟੀ ਨਾਲ ਜੋੜ ਕੇ ਲੀਡ ਘਟਾਓ।']}"
144,144,140,144,144,False,#144,Booth #144 (Unchanged),ਬੂਥ #144 (ਅਣਬਦਲਿਆ),Bathu Chak,ਬਾਠੂ ਚੱਕ,ਬਾਠੂ ਚੱਕ,Bathu Chak,ਬਾਠੂ ਚੱਕ,Bathu Chak,ਬਾਠੂ ਚੱਕ,SAD,SAD,46,11,SAD Retained,SAD Retained,AAP Deficit,ਆਪ ਘਾਟ,INC Deficit,"{'AAP': 'LOST_BOTH', 'SAD': 'WON_BOTH', 'INC': 'WEAK', 'BJP': 'WEAK'}",False,"{'is_flip': False, 'status_label': 'SAD Retained', 'turnout_diff': -120, 'turnout_pct': -24.84, 'sad_swing': 0.19, 'aap_swing': 6.69, 'inc_swing': -9.96, 'bjp_swing': 0.61}",483,363,-120,-24.84,184,139,-45,38.1,38.29,0.19,138,128,-10,28.57,35.26,6.69,108,45,-63,22.36,12.4,-9.96,17,15,-2,3.52,4.13,0.61,21,5.79,"{'total': 483, 'sad': 184, 'aap': 138, 'inc': 108, 'bjp': 17, 'sad_votes': 184, 'sad_pct': 38.1, 'aap_votes': 138, 'aap_pct': 28.57, 'inc_votes': 108, 'inc_pct': 22.36, 'bjp_votes': 17, 'bjp_pct': 3.52, 'winner_party': 'SAD', 'margin': 46, 'winner_candidate': 'Ganieve Kaur Majithia'}","{'total': 363, 'sad': 139, 'aap': 128, 'inc': 45, 'bjp': 15, 'sada': 21, 'bsp': 0, 'others': 14, 'sad_votes': 139, 'sad_pct': 38.29, 'aap_votes': 128, 'aap_pct': 35.26, 'inc_votes': 45, 'inc_pct': 12.4, 'bjp_votes': 15, 'bjp_pct': 4.13, 'sada_votes': 21, 'sada_pct': 5.79, 'winner_party': 'SAD', 'margin': 11, 'winner_candidate': 'Anil Joshi'}","{'turnout_diff': -120, 'turnout_pct': -24.84, 'sad_shift': -45, 'sad_swing': 0.19, 'aap_shift': -10, 'aap_swing': 6.69, 'inc_shift': -63, 'inc_swing': -9.96, 'bjp_shift': -2, 'bjp_swing': 0.61}",Akali Bastion: Strategic Penetration & Demolition Zone,ਅਕਾਲੀ ਦਲ ਦਾ ਪ੍ਰਭਾਵਿਤ ਖੇਤਰ: ਵਿਸ਼ੇਸ਼ ਘੇਰਾਬੰਦੀ ਜ਼ੋਨ,SAD retained lead here by +11 votes (38.3% share). Target moderate Panthic and farming families in Bathu Chak disillusioned with traditional leadership. Appoint dedicated block coordinators and highlight direct government procurement and village development works.,ਅਕਾਲੀ ਦਲ ਨੇ ਇੱਥੇ +11 ਵੋਟਾਂ (38.3%) ਨਾਲ ਲੀਡ ਬਣਾਈ ਹੈ। ਬਾਠੂ ਚੱਕ ਵਿੱਚ ਰਵਾਇਤੀ ਲੀਡਰਸ਼ਿਪ ਤੋਂ ਨਿਰਾਸ਼ ਕਿਸਾਨ ਅਤੇ ਪੰਥਕ ਪਰਿਵਾਰਾਂ ਨਾਲ ਸੰਵਾਦ ਕਰੋ। ਪਿੰਡਾਂ ਵਿੱਚ ਪੰਜਾਬ ਸਰਕਾਰ ਦੇ ਵਿਕਾਸ ਕਾਰਜਾਂ ਅਤੇ ਨਿਰਪੱਖ ਭਰਤੀਆਂ ਦੇ ਸੁਨੇਹੇ ਨਾਲ ਸੰਨ੍ਹ ਲਗਾਓ।,"{'booth_no': '144', 'village_en': 'Bathu Chak', 'village_pa': 'ਬਾਠੂ ਚੱਕ', 'zone_en': 'Akali Bastion: Strategic Penetration & Demolition Zone', 'zone_pa': 'ਅਕਾਲੀ ਦਲ ਦਾ ਪ੍ਰਭਾਵਿਤ ਖੇਤਰ: ਵਿਸ਼ੇਸ਼ ਘੇਰਾਬੰਦੀ ਜ਼ੋਨ', 'action_en': 'SAD retained lead here by +11 votes (38.3% share). Target moderate Panthic and farming families in Bathu Chak disillusioned with traditional leadership. Appoint dedicated block coordinators and highlight direct government procurement and village development works.', 'action_pa': 'ਅਕਾਲੀ ਦਲ ਨੇ ਇੱਥੇ +11 ਵੋਟਾਂ (38.3%) ਨਾਲ ਲੀਡ ਬਣਾਈ ਹੈ। ਬਾਠੂ ਚੱਕ ਵਿੱਚ ਰਵਾਇਤੀ ਲੀਡਰਸ਼ਿਪ ਤੋਂ ਨਿਰਾਸ਼ ਕਿਸਾਨ ਅਤੇ ਪੰਥਕ ਪਰਿਵਾਰਾਂ ਨਾਲ ਸੰਵਾਦ ਕਰੋ। ਪਿੰਡਾਂ ਵਿੱਚ ਪੰਜਾਬ ਸਰਕਾਰ ਦੇ ਵਿਕਾਸ ਕਾਰਜਾਂ ਅਤੇ ਨਿਰਪੱਖ ਭਰਤੀਆਂ ਦੇ ਸੁਨੇਹੇ ਨਾਲ ਸੰਨ੍ਹ ਲਗਾਓ।', 'action_steps_en': ['Days 1-30: Map the top 30 influential non-committed Panthic families in Bathu Chak.', 'Days 31-60: Deploy senior constituency leaders for direct home visits to address local disgruntlement.', ""Days 61-90: Neutralize SAD's +11 vote cushion by winning over agricultural youth.""], 'action_steps_pa': ['ਦਿਨ 1-30: ਬਾਠੂ ਚੱਕ ਦੇ 30 ਨਿਰਪੱਖ ਅਤੇ ਪ੍ਰਭਾਵਸ਼ਾਲੀ ਪਰਿਵਾਰਾਂ ਦੀ ਸ਼ਨਾਖਤ ਕਰੋ।', 'ਦਿਨ 31-60: ਸੀਨੀਅਰ ਲੀਡਰਸ਼ਿਪ ਰਾਹੀਂ ਘਰ-ਘਰ ਜਾ ਕੇ ਸਰਕਾਰ ਦੀਆਂ ਨਿਰਪੱਖ ਨੀਤੀਆਂ ਸਾਂਝੀਆਂ ਕਰੋ।', 'ਦਿਨ 61-90: ਨੌਜਵਾਨ ਵਰਗ ਨੂੰ ਸਰਕਾਰੀ ਨੌਕਰੀਆਂ ਅਤੇ ਖੇਡ ਕਿੱਟਾਂ ਰਾਹੀਂ ਪਾਰਟੀ ਨਾਲ ਜੋੜ ਕੇ ਲੀਡ ਘਟਾਓ।'], 'action_steps': ['ਦਿਨ 1-30: ਬਾਠੂ ਚੱਕ ਦੇ 30 ਨਿਰਪੱਖ ਅਤੇ ਪ੍ਰਭਾਵਸ਼ਾਲੀ ਪਰਿਵਾਰਾਂ ਦੀ ਸ਼ਨਾਖਤ ਕਰੋ।', 'ਦਿਨ 31-60: ਸੀਨੀਅਰ ਲੀਡਰਸ਼ਿਪ ਰਾਹੀਂ ਘਰ-ਘਰ ਜਾ ਕੇ ਸਰਕਾਰ ਦੀਆਂ ਨਿਰਪੱਖ ਨੀਤੀਆਂ ਸਾਂਝੀਆਂ ਕਰੋ।', 'ਦਿਨ 61-90: ਨੌਜਵਾਨ ਵਰਗ ਨੂੰ ਸਰਕਾਰੀ ਨੌਕਰੀਆਂ ਅਤੇ ਖੇਡ ਕਿੱਟਾਂ ਰਾਹੀਂ ਪਾਰਟੀ ਨਾਲ ਜੋੜ ਕੇ ਲੀਡ ਘਟਾਓ।']}"
145,145,141,145,145,False,#145,Booth #145 (Unchanged),ਬੂਥ #145 (ਅਣਬਦਲਿਆ),Sialka,ਸਿਆਲਕਾ,ਸਿਆਲਕਾ,Sialka,ਸਿਆਲਕਾ,Sialka,ਸਿਆਲਕਾ,SAD,SAD,3,77,SAD Retained,SAD Retained,AAP Deficit,ਆਪ ਘਾਟ,INC Deficit,"{'AAP': 'LOST_BOTH', 'SAD': 'WON_BOTH', 'INC': 'WEAK', 'BJP': 'WEAK'}",False,"{'is_flip': False, 'status_label': 'SAD Retained', 'turnout_diff': 219, 'turnout_pct': 44.97, 'sad_swing': -1.21, 'aap_swing': -11.51, 'inc_swing': 4.52, 'bjp_swing': 3.63}",487,706,219,44.97,197,277,80,40.45,39.24,-1.21,194,200,6,39.84,28.33,-11.51,38,87,49,7.8,12.32,4.52,3,30,27,0.62,4.25,3.63,78,11.05,"{'total': 487, 'sad': 197, 'aap': 194, 'inc': 38, 'bjp': 3, 'sad_votes': 197, 'sad_pct': 40.45, 'aap_votes': 194, 'aap_pct': 39.84, 'inc_votes': 38, 'inc_pct': 7.8, 'bjp_votes': 3, 'bjp_pct': 0.62, 'winner_party': 'SAD', 'margin': 3, 'winner_candidate': 'Ganieve Kaur Majithia'}","{'total': 706, 'sad': 277, 'aap': 200, 'inc': 87, 'bjp': 30, 'sada': 78, 'bsp': 0, 'others': 31, 'sad_votes': 277, 'sad_pct': 39.24, 'aap_votes': 200, 'aap_pct': 28.33, 'inc_votes': 87, 'inc_pct': 12.32, 'bjp_votes': 30, 'bjp_pct': 4.25, 'sada_votes': 78, 'sada_pct': 11.05, 'winner_party': 'SAD', 'margin': 77, 'winner_candidate': 'Anil Joshi'}","{'turnout_diff': 219, 'turnout_pct': 44.97, 'sad_shift': 80, 'sad_swing': -1.21, 'aap_shift': 6, 'aap_swing': -11.51, 'inc_shift': 49, 'inc_swing': 4.52, 'bjp_shift': 27, 'bjp_swing': 3.63}",Akali Bastion: Strategic Penetration & Demolition Zone,ਅਕਾਲੀ ਦਲ ਦਾ ਪ੍ਰਭਾਵਿਤ ਖੇਤਰ: ਵਿਸ਼ੇਸ਼ ਘੇਰਾਬੰਦੀ ਜ਼ੋਨ,SAD retained lead here by +77 votes (39.2% share). Target moderate Panthic and farming families in Sialka disillusioned with traditional leadership. Appoint dedicated block coordinators and highlight direct government procurement and village development works.,ਅਕਾਲੀ ਦਲ ਨੇ ਇੱਥੇ +77 ਵੋਟਾਂ (39.2%) ਨਾਲ ਲੀਡ ਬਣਾਈ ਹੈ। ਸਿਆਲਕਾ ਵਿੱਚ ਰਵਾਇਤੀ ਲੀਡਰਸ਼ਿਪ ਤੋਂ ਨਿਰਾਸ਼ ਕਿਸਾਨ ਅਤੇ ਪੰਥਕ ਪਰਿਵਾਰਾਂ ਨਾਲ ਸੰਵਾਦ ਕਰੋ। ਪਿੰਡਾਂ ਵਿੱਚ ਪੰਜਾਬ ਸਰਕਾਰ ਦੇ ਵਿਕਾਸ ਕਾਰਜਾਂ ਅਤੇ ਨਿਰਪੱਖ ਭਰਤੀਆਂ ਦੇ ਸੁਨੇਹੇ ਨਾਲ ਸੰਨ੍ਹ ਲਗਾਓ।,"{'booth_no': '145', 'village_en': 'Sialka', 'village_pa': 'ਸਿਆਲਕਾ', 'zone_en': 'Akali Bastion: Strategic Penetration & Demolition Zone', 'zone_pa': 'ਅਕਾਲੀ ਦਲ ਦਾ ਪ੍ਰਭਾਵਿਤ ਖੇਤਰ: ਵਿਸ਼ੇਸ਼ ਘੇਰਾਬੰਦੀ ਜ਼ੋਨ', 'action_en': 'SAD retained lead here by +77 votes (39.2% share). Target moderate Panthic and farming families in Sialka disillusioned with traditional leadership. Appoint dedicated block coordinators and highlight direct government procurement and village development works.', 'action_pa': 'ਅਕਾਲੀ ਦਲ ਨੇ ਇੱਥੇ +77 ਵੋਟਾਂ (39.2%) ਨਾਲ ਲੀਡ ਬਣਾਈ ਹੈ। ਸਿਆਲਕਾ ਵਿੱਚ ਰਵਾਇਤੀ ਲੀਡਰਸ਼ਿਪ ਤੋਂ ਨਿਰਾਸ਼ ਕਿਸਾਨ ਅਤੇ ਪੰਥਕ ਪਰਿਵਾਰਾਂ ਨਾਲ ਸੰਵਾਦ ਕਰੋ। ਪਿੰਡਾਂ ਵਿੱਚ ਪੰਜਾਬ ਸਰਕਾਰ ਦੇ ਵਿਕਾਸ ਕਾਰਜਾਂ ਅਤੇ ਨਿਰਪੱਖ ਭਰਤੀਆਂ ਦੇ ਸੁਨੇਹੇ ਨਾਲ ਸੰਨ੍ਹ ਲਗਾਓ।', 'action_steps_en': ['Days 1-30: Map the top 30 influential non-committed Panthic families in Sialka.', 'Days 31-60: Deploy senior constituency leaders for direct home visits to address local disgruntlement.', ""Days 61-90: Neutralize SAD's +77 vote cushion by winning over agricultural youth.""], 'action_steps_pa': ['ਦਿਨ 1-30: ਸਿਆਲਕਾ ਦੇ 30 ਨਿਰਪੱਖ ਅਤੇ ਪ੍ਰਭਾਵਸ਼ਾਲੀ ਪਰਿਵਾਰਾਂ ਦੀ ਸ਼ਨਾਖਤ ਕਰੋ।', 'ਦਿਨ 31-60: ਸੀਨੀਅਰ ਲੀਡਰਸ਼ਿਪ ਰਾਹੀਂ ਘਰ-ਘਰ ਜਾ ਕੇ ਸਰਕਾਰ ਦੀਆਂ ਨਿਰਪੱਖ ਨੀਤੀਆਂ ਸਾਂਝੀਆਂ ਕਰੋ।', 'ਦਿਨ 61-90: ਨੌਜਵਾਨ ਵਰਗ ਨੂੰ ਸਰਕਾਰੀ ਨੌਕਰੀਆਂ ਅਤੇ ਖੇਡ ਕਿੱਟਾਂ ਰਾਹੀਂ ਪਾਰਟੀ ਨਾਲ ਜੋੜ ਕੇ ਲੀਡ ਘਟਾਓ।'], 'action_steps': ['ਦਿਨ 1-30: ਸਿਆਲਕਾ ਦੇ 30 ਨਿਰਪੱਖ ਅਤੇ ਪ੍ਰਭਾਵਸ਼ਾਲੀ ਪਰਿਵਾਰਾਂ ਦੀ ਸ਼ਨਾਖਤ ਕਰੋ।', 'ਦਿਨ 31-60: ਸੀਨੀਅਰ ਲੀਡਰਸ਼ਿਪ ਰਾਹੀਂ ਘਰ-ਘਰ ਜਾ ਕੇ ਸਰਕਾਰ ਦੀਆਂ ਨਿਰਪੱਖ ਨੀਤੀਆਂ ਸਾਂਝੀਆਂ ਕਰੋ।', 'ਦਿਨ 61-90: ਨੌਜਵਾਨ ਵਰਗ ਨੂੰ ਸਰਕਾਰੀ ਨੌਕਰੀਆਂ ਅਤੇ ਖੇਡ ਕਿੱਟਾਂ ਰਾਹੀਂ ਪਾਰਟੀ ਨਾਲ ਜੋੜ ਕੇ ਲੀਡ ਘਟਾਓ।']}"
146,146,142,146,146,False,#146,Booth #146 (Unchanged),ਬੂਥ #146 (ਅਣਬਦਲਿਆ),Kazikot,ਕਾਜ਼ੀਕੋਟ,ਕਾਜ਼ੀਕੋਟ,Kazikot,ਕਾਜ਼ੀਕੋਟ,Kazikot,ਕਾਜ਼ੀਕੋਟ,SAD,INC,142,60,SAD → INC,SAD → INC,AAP Deficit,ਆਪ ਘਾਟ,INC Gain,"{'AAP': 'WEAK', 'SAD': 'LOST_24', 'INC': 'GAINED', 'BJP': 'WEAK'}",True,"{'is_flip': True, 'status_label': 'SAD → INC', 'turnout_diff': -284, 'turnout_pct': -54.62, 'sad_swing': -25.42, 'aap_swing': -10.04, 'inc_swing': 27.32, 'bjp_swing': 3.01}",520,236,-284,-54.62,282,68,-214,54.23,28.81,-25.42,61,4,-57,11.73,1.69,-10.04,140,128,-12,26.92,54.24,27.32,2,8,6,0.38,3.39,3.01,20,8.47,"{'total': 520, 'sad': 282, 'aap': 61, 'inc': 140, 'bjp': 2, 'sad_votes': 282, 'sad_pct': 54.23, 'aap_votes': 61, 'aap_pct': 11.73, 'inc_votes': 140, 'inc_pct': 26.92, 'bjp_votes': 2, 'bjp_pct': 0.38, 'winner_party': 'SAD', 'margin': 142, 'winner_candidate': 'Ganieve Kaur Majithia'}","{'total': 236, 'sad': 68, 'aap': 4, 'inc': 128, 'bjp': 8, 'sada': 20, 'bsp': 1, 'others': 7, 'sad_votes': 68, 'sad_pct': 28.81, 'aap_votes': 4, 'aap_pct': 1.69, 'inc_votes': 128, 'inc_pct': 54.24, 'bjp_votes': 8, 'bjp_pct': 3.39, 'sada_votes': 20, 'sada_pct': 8.47, 'winner_party': 'INC', 'margin': 60, 'winner_candidate': 'Gurjeet Singh Aujla'}","{'turnout_diff': -284, 'turnout_pct': -54.62, 'sad_shift': -214, 'sad_swing': -25.42, 'aap_shift': -57, 'aap_swing': -10.04, 'inc_shift': -12, 'inc_swing': 27.32, 'bjp_shift': 6, 'bjp_swing': 3.01}",Congress Belt: High-Intensity Reclamation Zone,ਕਾਂਗਰਸੀ ਪ੍ਰਭਾਵ ਵਾਲਾ ਹਲਕਾ: ਮੁੜ-ਬਹਾਲੀ ਜ਼ੋਨ,INC led by +60 votes with 54.2% vote share in Kazikot. Neutralize traditional Congress sarpanch networks. Appoint 2 booth captains and directly onboard dynamic rural youth.,ਕਾਂਗਰਸ ਨੇ ਇੱਥੇ +60 ਵੋਟਾਂ (54.2%) ਦੀ ਲੀਡ ਲਈ ਹੈ। ਕਾਜ਼ੀਕੋਟ ਵਿੱਚ ਪੁਰਾਣੇ ਸਰਪੰਚੀ ਪ੍ਰਭਾਵ ਨੂੰ ਘਟਾਉਣ ਲਈ ਦੋ ਨਵੇਂ ਯੂਥ ਬੂਥ ਇੰਚਾਰਜ ਲਗਾਓ ਅਤੇ ਘਰ-ਘਰ ਸੰਪਰਕ ਮੁਹਿੰਮ ਚਲਾਓ।,"{'booth_no': '146', 'village_en': 'Kazikot', 'village_pa': 'ਕਾਜ਼ੀਕੋਟ', 'zone_en': 'Congress Belt: High-Intensity Reclamation Zone', 'zone_pa': 'ਕਾਂਗਰਸੀ ਪ੍ਰਭਾਵ ਵਾਲਾ ਹਲਕਾ: ਮੁੜ-ਬਹਾਲੀ ਜ਼ੋਨ', 'action_en': 'INC led by +60 votes with 54.2% vote share in Kazikot. Neutralize traditional Congress sarpanch networks. Appoint 2 booth captains and directly onboard dynamic rural youth.', 'action_pa': 'ਕਾਂਗਰਸ ਨੇ ਇੱਥੇ +60 ਵੋਟਾਂ (54.2%) ਦੀ ਲੀਡ ਲਈ ਹੈ। ਕਾਜ਼ੀਕੋਟ ਵਿੱਚ ਪੁਰਾਣੇ ਸਰਪੰਚੀ ਪ੍ਰਭਾਵ ਨੂੰ ਘਟਾਉਣ ਲਈ ਦੋ ਨਵੇਂ ਯੂਥ ਬੂਥ ਇੰਚਾਰਜ ਲਗਾਓ ਅਤੇ ਘਰ-ਘਰ ਸੰਪਰਕ ਮੁਹਿੰਮ ਚਲਾਓ।', 'action_steps_en': ['Days 1-30: Identify active vs inactive Congress booth workers in Kazikot.', 'Days 31-60: Form rural welfare monitoring committee to connect village elders with state pensions.', ""Days 61-90: Overcome Congress's +60 vote lead through door-to-door cadre contact.""], 'action_steps_pa': ['ਦਿਨ 1-30: ਕਾਜ਼ੀਕੋਟ ਵਿੱਚ ਕਾਂਗਰਸੀ ਸਰਪੰਚਾਂ ਅਤੇ ਆਗੂਆਂ ਦੇ ਪ੍ਰਭਾਵ ਦਾ ਵਿਸ਼ਲੇਸ਼ਣ ਕਰੋ।', 'ਦਿਨ 31-60: ਬਜ਼ੁਰਗਾਂ ਅਤੇ ਔਰਤਾਂ ਨੂੰ ਪੈਨਸ਼ਨਾਂ ਤੇ ਭਲਾਈ ਸਕੀਮਾਂ ਨਾਲ ਜੋੜਨ ਲਈ ਕੈਂਪ ਲਗਾਓ।', 'ਦਿਨ 61-90: ਨੌਜਵਾਨਾਂ ਦੀ ਟੀਮ ਰਾਹੀਂ ਕਾਂਗਰਸ ਦੀ +60 ਵੋਟਾਂ ਦੀ ਲੀਡ ਖ਼ਤਮ ਕਰੋ।'], 'action_steps': ['ਦਿਨ 1-30: ਕਾਜ਼ੀਕੋਟ ਵਿੱਚ ਕਾਂਗਰਸੀ ਸਰਪੰਚਾਂ ਅਤੇ ਆਗੂਆਂ ਦੇ ਪ੍ਰਭਾਵ ਦਾ ਵਿਸ਼ਲੇਸ਼ਣ ਕਰੋ।', 'ਦਿਨ 31-60: ਬਜ਼ੁਰਗਾਂ ਅਤੇ ਔਰਤਾਂ ਨੂੰ ਪੈਨਸ਼ਨਾਂ ਤੇ ਭਲਾਈ ਸਕੀਮਾਂ ਨਾਲ ਜੋੜਨ ਲਈ ਕੈਂਪ ਲਗਾਓ।', 'ਦਿਨ 61-90: ਨੌਜਵਾਨਾਂ ਦੀ ਟੀਮ ਰਾਹੀਂ ਕਾਂਗਰਸ ਦੀ +60 ਵੋਟਾਂ ਦੀ ਲੀਡ ਖ਼ਤਮ ਕਰੋ।']}"
147,147,143,147,147,False,#147,Booth #147 (Unchanged),ਬੂਥ #147 (ਅਣਬਦਲਿਆ),Mehmudpura,ਮਹਿਮੂਦਪੁਰਾ,ਮਹਿਮੂਦਪੁਰਾ,Mehmudpura,ਮਹਿਮੂਦਪੁਰਾ,Mehmudpura,ਮਹਿਮੂਦਪੁਰਾ,SAD,SAD,137,70,SAD Retained,SAD Retained,AAP Deficit,ਆਪ ਘਾਟ,INC Deficit,"{'AAP': 'LOST_BOTH', 'SAD': 'WON_BOTH', 'INC': 'WEAK', 'BJP': 'WEAK'}",False,"{'is_flip': False, 'status_label': 'SAD Retained', 'turnout_diff': -358, 'turnout_pct': -52.42, 'sad_swing': 0.49, 'aap_swing': 14.53, 'inc_swing': -19.76, 'bjp_swing': 0.21}",683,325,-358,-52.42,335,161,-174,49.05,49.54,0.49,92,91,-1,13.47,28.0,14.53,198,30,-168,28.99,9.23,-19.76,7,4,-3,1.02,1.23,0.21,19,5.85,"{'total': 683, 'sad': 335, 'aap': 92, 'inc': 198, 'bjp': 7, 'sad_votes': 335, 'sad_pct': 49.05, 'aap_votes': 92, 'aap_pct': 13.47, 'inc_votes': 198, 'inc_pct': 28.99, 'bjp_votes': 7, 'bjp_pct': 1.02, 'winner_party': 'SAD', 'margin': 137, 'winner_candidate': 'Ganieve Kaur Majithia'}","{'total': 325, 'sad': 161, 'aap': 91, 'inc': 30, 'bjp': 4, 'sada': 19, 'bsp': 0, 'others': 18, 'sad_votes': 161, 'sad_pct': 49.54, 'aap_votes': 91, 'aap_pct': 28.0, 'inc_votes': 30, 'inc_pct': 9.23, 'bjp_votes': 4, 'bjp_pct': 1.23, 'sada_votes': 19, 'sada_pct': 5.85, 'winner_party': 'SAD', 'margin': 70, 'winner_candidate': 'Anil Joshi'}","{'turnout_diff': -358, 'turnout_pct': -52.42, 'sad_shift': -174, 'sad_swing': 0.49, 'aap_shift': -1, 'aap_swing': 14.53, 'inc_shift': -168, 'inc_swing': -19.76, 'bjp_shift': -3, 'bjp_swing': 0.21}",Akali Bastion: Strategic Penetration & Demolition Zone,ਅਕਾਲੀ ਦਲ ਦਾ ਪ੍ਰਭਾਵਿਤ ਖੇਤਰ: ਵਿਸ਼ੇਸ਼ ਘੇਰਾਬੰਦੀ ਜ਼ੋਨ,SAD retained lead here by +70 votes (49.5% share). Target moderate Panthic and farming families in Mehmudpura disillusioned with traditional leadership. Appoint dedicated block coordinators and highlight direct government procurement and village development works.,ਅਕਾਲੀ ਦਲ ਨੇ ਇੱਥੇ +70 ਵੋਟਾਂ (49.5%) ਨਾਲ ਲੀਡ ਬਣਾਈ ਹੈ। ਮਹਿਮੂਦਪੁਰਾ ਵਿੱਚ ਰਵਾਇਤੀ ਲੀਡਰਸ਼ਿਪ ਤੋਂ ਨਿਰਾਸ਼ ਕਿਸਾਨ ਅਤੇ ਪੰਥਕ ਪਰਿਵਾਰਾਂ ਨਾਲ ਸੰਵਾਦ ਕਰੋ। ਪਿੰਡਾਂ ਵਿੱਚ ਪੰਜਾਬ ਸਰਕਾਰ ਦੇ ਵਿਕਾਸ ਕਾਰਜਾਂ ਅਤੇ ਨਿਰਪੱਖ ਭਰਤੀਆਂ ਦੇ ਸੁਨੇਹੇ ਨਾਲ ਸੰਨ੍ਹ ਲਗਾਓ।,"{'booth_no': '147', 'village_en': 'Mehmudpura', 'village_pa': 'ਮਹਿਮੂਦਪੁਰਾ', 'zone_en': 'Akali Bastion: Strategic Penetration & Demolition Zone', 'zone_pa': 'ਅਕਾਲੀ ਦਲ ਦਾ ਪ੍ਰਭਾਵਿਤ ਖੇਤਰ: ਵਿਸ਼ੇਸ਼ ਘੇਰਾਬੰਦੀ ਜ਼ੋਨ', 'action_en': 'SAD retained lead here by +70 votes (49.5% share). Target moderate Panthic and farming families in Mehmudpura disillusioned with traditional leadership. Appoint dedicated block coordinators and highlight direct government procurement and village development works.', 'action_pa': 'ਅਕਾਲੀ ਦਲ ਨੇ ਇੱਥੇ +70 ਵੋਟਾਂ (49.5%) ਨਾਲ ਲੀਡ ਬਣਾਈ ਹੈ। ਮਹਿਮੂਦਪੁਰਾ ਵਿੱਚ ਰਵਾਇਤੀ ਲੀਡਰਸ਼ਿਪ ਤੋਂ ਨਿਰਾਸ਼ ਕਿਸਾਨ ਅਤੇ ਪੰਥਕ ਪਰਿਵਾਰਾਂ ਨਾਲ ਸੰਵਾਦ ਕਰੋ। ਪਿੰਡਾਂ ਵਿੱਚ ਪੰਜਾਬ ਸਰਕਾਰ ਦੇ ਵਿਕਾਸ ਕਾਰਜਾਂ ਅਤੇ ਨਿਰਪੱਖ ਭਰਤੀਆਂ ਦੇ ਸੁਨੇਹੇ ਨਾਲ ਸੰਨ੍ਹ ਲਗਾਓ।', 'action_steps_en': ['Days 1-30: Map the top 30 influential non-committed Panthic families in Mehmudpura.', 'Days 31-60: Deploy senior constituency leaders for direct home visits to address local disgruntlement.', ""Days 61-90: Neutralize SAD's +70 vote cushion by winning over agricultural youth.""], 'action_steps_pa': ['ਦਿਨ 1-30: ਮਹਿਮੂਦਪੁਰਾ ਦੇ 30 ਨਿਰਪੱਖ ਅਤੇ ਪ੍ਰਭਾਵਸ਼ਾਲੀ ਪਰਿਵਾਰਾਂ ਦੀ ਸ਼ਨਾਖਤ ਕਰੋ।', 'ਦਿਨ 31-60: ਸੀਨੀਅਰ ਲੀਡਰਸ਼ਿਪ ਰਾਹੀਂ ਘਰ-ਘਰ ਜਾ ਕੇ ਸਰਕਾਰ ਦੀਆਂ ਨਿਰਪੱਖ ਨੀਤੀਆਂ ਸਾਂਝੀਆਂ ਕਰੋ।', 'ਦਿਨ 61-90: ਨੌਜਵਾਨ ਵਰਗ ਨੂੰ ਸਰਕਾਰੀ ਨੌਕਰੀਆਂ ਅਤੇ ਖੇਡ ਕਿੱਟਾਂ ਰਾਹੀਂ ਪਾਰਟੀ ਨਾਲ ਜੋੜ ਕੇ ਲੀਡ ਘਟਾਓ।'], 'action_steps': ['ਦਿਨ 1-30: ਮਹਿਮੂਦਪੁਰਾ ਦੇ 30 ਨਿਰਪੱਖ ਅਤੇ ਪ੍ਰਭਾਵਸ਼ਾਲੀ ਪਰਿਵਾਰਾਂ ਦੀ ਸ਼ਨਾਖਤ ਕਰੋ।', 'ਦਿਨ 31-60: ਸੀਨੀਅਰ ਲੀਡਰਸ਼ਿਪ ਰਾਹੀਂ ਘਰ-ਘਰ ਜਾ ਕੇ ਸਰਕਾਰ ਦੀਆਂ ਨਿਰਪੱਖ ਨੀਤੀਆਂ ਸਾਂਝੀਆਂ ਕਰੋ।', 'ਦਿਨ 61-90: ਨੌਜਵਾਨ ਵਰਗ ਨੂੰ ਸਰਕਾਰੀ ਨੌਕਰੀਆਂ ਅਤੇ ਖੇਡ ਕਿੱਟਾਂ ਰਾਹੀਂ ਪਾਰਟੀ ਨਾਲ ਜੋੜ ਕੇ ਲੀਡ ਘਟਾਓ।']}"
148,148,144,148,148,False,#148,Booth #148 (Unchanged),ਬੂਥ #148 (ਅਣਬਦਲਿਆ),Uchoke Khurd,ਉਚੋਕੇ ਖੁਰਦ,ਉਚੋਕੇ ਖੁਰਦ,Uchoke Khurd,ਉਚੋਕੇ ਖੁਰਦ,Uchoke Khurd,ਉਚੋਕੇ ਖੁਰਦ,SAD,SAD,201,134,SAD Retained,SAD Retained,AAP Deficit,ਆਪ ਘਾਟ,INC Deficit,"{'AAP': 'LOST_BOTH', 'SAD': 'WON_BOTH', 'INC': 'WEAK', 'BJP': 'WEAK'}",False,"{'is_flip': False, 'status_label': 'SAD Retained', 'turnout_diff': 148, 'turnout_pct': 18.76, 'sad_swing': -4.39, 'aap_swing': 24.4, 'inc_swing': -23.2, 'bjp_swing': 1.28}",789,937,148,18.76,427,466,39,54.12,49.73,-4.39,87,332,245,11.03,35.43,24.4,226,51,-175,28.64,5.44,-23.2,11,25,14,1.39,2.67,1.28,26,2.77,"{'total': 789, 'sad': 427, 'aap': 87, 'inc': 226, 'bjp': 11, 'sad_votes': 427, 'sad_pct': 54.12, 'aap_votes': 87, 'aap_pct': 11.03, 'inc_votes': 226, 'inc_pct': 28.64, 'bjp_votes': 11, 'bjp_pct': 1.39, 'winner_party': 'SAD', 'margin': 201, 'winner_candidate': 'Ganieve Kaur Majithia'}","{'total': 937, 'sad': 466, 'aap': 332, 'inc': 51, 'bjp': 25, 'sada': 26, 'bsp': 0, 'others': 34, 'sad_votes': 466, 'sad_pct': 49.73, 'aap_votes': 332, 'aap_pct': 35.43, 'inc_votes': 51, 'inc_pct': 5.44, 'bjp_votes': 25, 'bjp_pct': 2.67, 'sada_votes': 26, 'sada_pct': 2.77, 'winner_party': 'SAD', 'margin': 134, 'winner_candidate': 'Anil Joshi'}","{'turnout_diff': 148, 'turnout_pct': 18.76, 'sad_shift': 39, 'sad_swing': -4.39, 'aap_shift': 245, 'aap_swing': 24.4, 'inc_shift': -175, 'inc_swing': -23.2, 'bjp_shift': 14, 'bjp_swing': 1.28}",Akali Bastion: Strategic Penetration & Demolition Zone,ਅਕਾਲੀ ਦਲ ਦਾ ਪ੍ਰਭਾਵਿਤ ਖੇਤਰ: ਵਿਸ਼ੇਸ਼ ਘੇਰਾਬੰਦੀ ਜ਼ੋਨ,SAD retained lead here by +134 votes (49.7% share). Target moderate Panthic and farming families in Uchoke Khurd disillusioned with traditional leadership. Appoint dedicated block coordinators and highlight direct government procurement and village development works.,ਅਕਾਲੀ ਦਲ ਨੇ ਇੱਥੇ +134 ਵੋਟਾਂ (49.7%) ਨਾਲ ਲੀਡ ਬਣਾਈ ਹੈ। ਉਚੋਕੇ ਖੁਰਦ ਵਿੱਚ ਰਵਾਇਤੀ ਲੀਡਰਸ਼ਿਪ ਤੋਂ ਨਿਰਾਸ਼ ਕਿਸਾਨ ਅਤੇ ਪੰਥਕ ਪਰਿਵਾਰਾਂ ਨਾਲ ਸੰਵਾਦ ਕਰੋ। ਪਿੰਡਾਂ ਵਿੱਚ ਪੰਜਾਬ ਸਰਕਾਰ ਦੇ ਵਿਕਾਸ ਕਾਰਜਾਂ ਅਤੇ ਨਿਰਪੱਖ ਭਰਤੀਆਂ ਦੇ ਸੁਨੇਹੇ ਨਾਲ ਸੰਨ੍ਹ ਲਗਾਓ।,"{'booth_no': '148', 'village_en': 'Uchoke Khurd', 'village_pa': 'ਉਚੋਕੇ ਖੁਰਦ', 'zone_en': 'Akali Bastion: Strategic Penetration & Demolition Zone', 'zone_pa': 'ਅਕਾਲੀ ਦਲ ਦਾ ਪ੍ਰਭਾਵਿਤ ਖੇਤਰ: ਵਿਸ਼ੇਸ਼ ਘੇਰਾਬੰਦੀ ਜ਼ੋਨ', 'action_en': 'SAD retained lead here by +134 votes (49.7% share). Target moderate Panthic and farming families in Uchoke Khurd disillusioned with traditional leadership. Appoint dedicated block coordinators and highlight direct government procurement and village development works.', 'action_pa': 'ਅਕਾਲੀ ਦਲ ਨੇ ਇੱਥੇ +134 ਵੋਟਾਂ (49.7%) ਨਾਲ ਲੀਡ ਬਣਾਈ ਹੈ। ਉਚੋਕੇ ਖੁਰਦ ਵਿੱਚ ਰਵਾਇਤੀ ਲੀਡਰਸ਼ਿਪ ਤੋਂ ਨਿਰਾਸ਼ ਕਿਸਾਨ ਅਤੇ ਪੰਥਕ ਪਰਿਵਾਰਾਂ ਨਾਲ ਸੰਵਾਦ ਕਰੋ। ਪਿੰਡਾਂ ਵਿੱਚ ਪੰਜਾਬ ਸਰਕਾਰ ਦੇ ਵਿਕਾਸ ਕਾਰਜਾਂ ਅਤੇ ਨਿਰਪੱਖ ਭਰਤੀਆਂ ਦੇ ਸੁਨੇਹੇ ਨਾਲ ਸੰਨ੍ਹ ਲਗਾਓ।', 'action_steps_en': ['Days 1-30: Map the top 30 influential non-committed Panthic families in Uchoke Khurd.', 'Days 31-60: Deploy senior constituency leaders for direct home visits to address local disgruntlement.', ""Days 61-90: Neutralize SAD's +134 vote cushion by winning over agricultural youth.""], 'action_steps_pa': ['ਦਿਨ 1-30: ਉਚੋਕੇ ਖੁਰਦ ਦੇ 30 ਨਿਰਪੱਖ ਅਤੇ ਪ੍ਰਭਾਵਸ਼ਾਲੀ ਪਰਿਵਾਰਾਂ ਦੀ ਸ਼ਨਾਖਤ ਕਰੋ।', 'ਦਿਨ 31-60: ਸੀਨੀਅਰ ਲੀਡਰਸ਼ਿਪ ਰਾਹੀਂ ਘਰ-ਘਰ ਜਾ ਕੇ ਸਰਕਾਰ ਦੀਆਂ ਨਿਰਪੱਖ ਨੀਤੀਆਂ ਸਾਂਝੀਆਂ ਕਰੋ।', 'ਦਿਨ 61-90: ਨੌਜਵਾਨ ਵਰਗ ਨੂੰ ਸਰਕਾਰੀ ਨੌਕਰੀਆਂ ਅਤੇ ਖੇਡ ਕਿੱਟਾਂ ਰਾਹੀਂ ਪਾਰਟੀ ਨਾਲ ਜੋੜ ਕੇ ਲੀਡ ਘਟਾਓ।'], 'action_steps': ['ਦਿਨ 1-30: ਉਚੋਕੇ ਖੁਰਦ ਦੇ 30 ਨਿਰਪੱਖ ਅਤੇ ਪ੍ਰਭਾਵਸ਼ਾਲੀ ਪਰਿਵਾਰਾਂ ਦੀ ਸ਼ਨਾਖਤ ਕਰੋ।', 'ਦਿਨ 31-60: ਸੀਨੀਅਰ ਲੀਡਰਸ਼ਿਪ ਰਾਹੀਂ ਘਰ-ਘਰ ਜਾ ਕੇ ਸਰਕਾਰ ਦੀਆਂ ਨਿਰਪੱਖ ਨੀਤੀਆਂ ਸਾਂਝੀਆਂ ਕਰੋ।', 'ਦਿਨ 61-90: ਨੌਜਵਾਨ ਵਰਗ ਨੂੰ ਸਰਕਾਰੀ ਨੌਕਰੀਆਂ ਅਤੇ ਖੇਡ ਕਿੱਟਾਂ ਰਾਹੀਂ ਪਾਰਟੀ ਨਾਲ ਜੋੜ ਕੇ ਲੀਡ ਘਟਾਓ।']}"
149,149,145,149,149,False,#149,Booth #149 (Unchanged),ਬੂਥ #149 (ਅਣਬਦਲਿਆ),Jhamke,ਝਾਮਕੇ,ਝਾਮਕੇ,Jhamke,ਝਾਮਕੇ,Jhamke,ਝਾਮਕੇ,SAD,SAD,92,106,SAD Retained,SAD Retained,AAP Deficit,ਆਪ ਘਾਟ,INC Deficit,"{'AAP': 'WEAK', 'SAD': 'WON_BOTH', 'INC': 'LOST_BOTH', 'BJP': 'WEAK'}",False,"{'is_flip': False, 'status_label': 'SAD Retained', 'turnout_diff': -279, 'turnout_pct': -45.37, 'sad_swing': 0.35, 'aap_swing': 1.19, 'inc_swing': -16.23, 'bjp_swing': 0.4}",615,336,-279,-45.37,287,158,-129,46.67,47.02,0.35,75,45,-30,12.2,13.39,1.19,195,52,-143,31.71,15.48,-16.23,3,3,0,0.49,0.89,0.4,50,14.88,"{'total': 615, 'sad': 287, 'aap': 75, 'inc': 195, 'bjp': 3, 'sad_votes': 287, 'sad_pct': 46.67, 'aap_votes': 75, 'aap_pct': 12.2, 'inc_votes': 195, 'inc_pct': 31.71, 'bjp_votes': 3, 'bjp_pct': 0.49, 'winner_party': 'SAD', 'margin': 92, 'winner_candidate': 'Ganieve Kaur Majithia'}","{'total': 336, 'sad': 158, 'aap': 45, 'inc': 52, 'bjp': 3, 'sada': 50, 'bsp': 1, 'others': 26, 'sad_votes': 158, 'sad_pct': 47.02, 'aap_votes': 45, 'aap_pct': 13.39, 'inc_votes': 52, 'inc_pct': 15.48, 'bjp_votes': 3, 'bjp_pct': 0.89, 'sada_votes': 50, 'sada_pct': 14.88, 'winner_party': 'SAD', 'margin': 106, 'winner_candidate': 'Anil Joshi'}","{'turnout_diff': -279, 'turnout_pct': -45.37, 'sad_shift': -129, 'sad_swing': 0.35, 'aap_shift': -30, 'aap_swing': 1.19, 'inc_shift': -143, 'inc_swing': -16.23, 'bjp_shift': 0, 'bjp_swing': 0.4}",Akali Bastion: Strategic Penetration & Demolition Zone,ਅਕਾਲੀ ਦਲ ਦਾ ਪ੍ਰਭਾਵਿਤ ਖੇਤਰ: ਵਿਸ਼ੇਸ਼ ਘੇਰਾਬੰਦੀ ਜ਼ੋਨ,SAD retained lead here by +106 votes (47.0% share). Target moderate Panthic and farming families in Jhamke disillusioned with traditional leadership. Appoint dedicated block coordinators and highlight direct government procurement and village development works.,ਅਕਾਲੀ ਦਲ ਨੇ ਇੱਥੇ +106 ਵੋਟਾਂ (47.0%) ਨਾਲ ਲੀਡ ਬਣਾਈ ਹੈ। ਝਾਮਕੇ ਵਿੱਚ ਰਵਾਇਤੀ ਲੀਡਰਸ਼ਿਪ ਤੋਂ ਨਿਰਾਸ਼ ਕਿਸਾਨ ਅਤੇ ਪੰਥਕ ਪਰਿਵਾਰਾਂ ਨਾਲ ਸੰਵਾਦ ਕਰੋ। ਪਿੰਡਾਂ ਵਿੱਚ ਪੰਜਾਬ ਸਰਕਾਰ ਦੇ ਵਿਕਾਸ ਕਾਰਜਾਂ ਅਤੇ ਨਿਰਪੱਖ ਭਰਤੀਆਂ ਦੇ ਸੁਨੇਹੇ ਨਾਲ ਸੰਨ੍ਹ ਲਗਾਓ।,"{'booth_no': '149', 'village_en': 'Jhamke', 'village_pa': 'ਝਾਮਕੇ', 'zone_en': 'Akali Bastion: Strategic Penetration & Demolition Zone', 'zone_pa': 'ਅਕਾਲੀ ਦਲ ਦਾ ਪ੍ਰਭਾਵਿਤ ਖੇਤਰ: ਵਿਸ਼ੇਸ਼ ਘੇਰਾਬੰਦੀ ਜ਼ੋਨ', 'action_en': 'SAD retained lead here by +106 votes (47.0% share). Target moderate Panthic and farming families in Jhamke disillusioned with traditional leadership. Appoint dedicated block coordinators and highlight direct government procurement and village development works.', 'action_pa': 'ਅਕਾਲੀ ਦਲ ਨੇ ਇੱਥੇ +106 ਵੋਟਾਂ (47.0%) ਨਾਲ ਲੀਡ ਬਣਾਈ ਹੈ। ਝਾਮਕੇ ਵਿੱਚ ਰਵਾਇਤੀ ਲੀਡਰਸ਼ਿਪ ਤੋਂ ਨਿਰਾਸ਼ ਕਿਸਾਨ ਅਤੇ ਪੰਥਕ ਪਰਿਵਾਰਾਂ ਨਾਲ ਸੰਵਾਦ ਕਰੋ। ਪਿੰਡਾਂ ਵਿੱਚ ਪੰਜਾਬ ਸਰਕਾਰ ਦੇ ਵਿਕਾਸ ਕਾਰਜਾਂ ਅਤੇ ਨਿਰਪੱਖ ਭਰਤੀਆਂ ਦੇ ਸੁਨੇਹੇ ਨਾਲ ਸੰਨ੍ਹ ਲਗਾਓ।', 'action_steps_en': ['Days 1-30: Map the top 30 influential non-committed Panthic families in Jhamke.', 'Days 31-60: Deploy senior constituency leaders for direct home visits to address local disgruntlement.', ""Days 61-90: Neutralize SAD's +106 vote cushion by winning over agricultural youth.""], 'action_steps_pa': ['ਦਿਨ 1-30: ਝਾਮਕੇ ਦੇ 30 ਨਿਰਪੱਖ ਅਤੇ ਪ੍ਰਭਾਵਸ਼ਾਲੀ ਪਰਿਵਾਰਾਂ ਦੀ ਸ਼ਨਾਖਤ ਕਰੋ।', 'ਦਿਨ 31-60: ਸੀਨੀਅਰ ਲੀਡਰਸ਼ਿਪ ਰਾਹੀਂ ਘਰ-ਘਰ ਜਾ ਕੇ ਸਰਕਾਰ ਦੀਆਂ ਨਿਰਪੱਖ ਨੀਤੀਆਂ ਸਾਂਝੀਆਂ ਕਰੋ।', 'ਦਿਨ 61-90: ਨੌਜਵਾਨ ਵਰਗ ਨੂੰ ਸਰਕਾਰੀ ਨੌਕਰੀਆਂ ਅਤੇ ਖੇਡ ਕਿੱਟਾਂ ਰਾਹੀਂ ਪਾਰਟੀ ਨਾਲ ਜੋੜ ਕੇ ਲੀਡ ਘਟਾਓ।'], 'action_steps': ['ਦਿਨ 1-30: ਝਾਮਕੇ ਦੇ 30 ਨਿਰਪੱਖ ਅਤੇ ਪ੍ਰਭਾਵਸ਼ਾਲੀ ਪਰਿਵਾਰਾਂ ਦੀ ਸ਼ਨਾਖਤ ਕਰੋ।', 'ਦਿਨ 31-60: ਸੀਨੀਅਰ ਲੀਡਰਸ਼ਿਪ ਰਾਹੀਂ ਘਰ-ਘਰ ਜਾ ਕੇ ਸਰਕਾਰ ਦੀਆਂ ਨਿਰਪੱਖ ਨੀਤੀਆਂ ਸਾਂਝੀਆਂ ਕਰੋ।', 'ਦਿਨ 61-90: ਨੌਜਵਾਨ ਵਰਗ ਨੂੰ ਸਰਕਾਰੀ ਨੌਕਰੀਆਂ ਅਤੇ ਖੇਡ ਕਿੱਟਾਂ ਰਾਹੀਂ ਪਾਰਟੀ ਨਾਲ ਜੋੜ ਕੇ ਲੀਡ ਘਟਾਓ।']}"
150,150,146,150,150,False,#150,Booth #150 (Unchanged),ਬੂਥ #150 (ਅਣਬਦਲਿਆ),Uchoke Kalan,ਉਚੋਕੇ ਕਲਾਂ,ਉਚੋਕੇ ਕਲਾਂ,Uchoke Kalan,ਉਚੋਕੇ ਕਲਾਂ,Uchoke Kalan,ਉਚੋਕੇ ਕਲਾਂ,SAD,SAD,46,96,SAD Retained,SAD Retained,AAP Deficit,ਆਪ ਘਾਟ,INC Deficit,"{'AAP': 'LOST_BOTH', 'SAD': 'WON_BOTH', 'INC': 'WEAK', 'BJP': 'LOST_BOTH'}",False,"{'is_flip': False, 'status_label': 'SAD Retained', 'turnout_diff': 267, 'turnout_pct': 58.3, 'sad_swing': -12.06, 'aap_swing': -15.26, 'inc_swing': -0.51, 'bjp_swing': 13.52}",458,725,267,58.3,210,245,35,45.85,33.79,-12.06,164,149,-15,35.81,20.55,-15.26,68,104,36,14.85,14.34,-0.51,0,98,98,0.0,13.52,13.52,106,14.62,"{'total': 458, 'sad': 210, 'aap': 164, 'inc': 68, 'bjp': 0, 'sad_votes': 210, 'sad_pct': 45.85, 'aap_votes': 164, 'aap_pct': 35.81, 'inc_votes': 68, 'inc_pct': 14.85, 'bjp_votes': 0, 'bjp_pct': 0.0, 'winner_party': 'SAD', 'margin': 46, 'winner_candidate': 'Ganieve Kaur Majithia'}","{'total': 725, 'sad': 245, 'aap': 149, 'inc': 104, 'bjp': 98, 'sada': 106, 'bsp': 0, 'others': 23, 'sad_votes': 245, 'sad_pct': 33.79, 'aap_votes': 149, 'aap_pct': 20.55, 'inc_votes': 104, 'inc_pct': 14.34, 'bjp_votes': 98, 'bjp_pct': 13.52, 'sada_votes': 106, 'sada_pct': 14.62, 'winner_party': 'SAD', 'margin': 96, 'winner_candidate': 'Anil Joshi'}","{'turnout_diff': 267, 'turnout_pct': 58.3, 'sad_shift': 35, 'sad_swing': -12.06, 'aap_shift': -15, 'aap_swing': -15.26, 'inc_shift': 36, 'inc_swing': -0.51, 'bjp_shift': 98, 'bjp_swing': 13.52}",Akali Bastion: Strategic Penetration & Demolition Zone,ਅਕਾਲੀ ਦਲ ਦਾ ਪ੍ਰਭਾਵਿਤ ਖੇਤਰ: ਵਿਸ਼ੇਸ਼ ਘੇਰਾਬੰਦੀ ਜ਼ੋਨ,SAD retained lead here by +96 votes (33.8% share). Target moderate Panthic and farming families in Uchoke Kalan disillusioned with traditional leadership. Appoint dedicated block coordinators and highlight direct government procurement and village development works.,ਅਕਾਲੀ ਦਲ ਨੇ ਇੱਥੇ +96 ਵੋਟਾਂ (33.8%) ਨਾਲ ਲੀਡ ਬਣਾਈ ਹੈ। ਉਚੋਕੇ ਕਲਾਂ ਵਿੱਚ ਰਵਾਇਤੀ ਲੀਡਰਸ਼ਿਪ ਤੋਂ ਨਿਰਾਸ਼ ਕਿਸਾਨ ਅਤੇ ਪੰਥਕ ਪਰਿਵਾਰਾਂ ਨਾਲ ਸੰਵਾਦ ਕਰੋ। ਪਿੰਡਾਂ ਵਿੱਚ ਪੰਜਾਬ ਸਰਕਾਰ ਦੇ ਵਿਕਾਸ ਕਾਰਜਾਂ ਅਤੇ ਨਿਰਪੱਖ ਭਰਤੀਆਂ ਦੇ ਸੁਨੇਹੇ ਨਾਲ ਸੰਨ੍ਹ ਲਗਾਓ।,"{'booth_no': '150', 'village_en': 'Uchoke Kalan', 'village_pa': 'ਉਚੋਕੇ ਕਲਾਂ', 'zone_en': 'Akali Bastion: Strategic Penetration & Demolition Zone', 'zone_pa': 'ਅਕਾਲੀ ਦਲ ਦਾ ਪ੍ਰਭਾਵਿਤ ਖੇਤਰ: ਵਿਸ਼ੇਸ਼ ਘੇਰਾਬੰਦੀ ਜ਼ੋਨ', 'action_en': 'SAD retained lead here by +96 votes (33.8% share). Target moderate Panthic and farming families in Uchoke Kalan disillusioned with traditional leadership. Appoint dedicated block coordinators and highlight direct government procurement and village development works.', 'action_pa': 'ਅਕਾਲੀ ਦਲ ਨੇ ਇੱਥੇ +96 ਵੋਟਾਂ (33.8%) ਨਾਲ ਲੀਡ ਬਣਾਈ ਹੈ। ਉਚੋਕੇ ਕਲਾਂ ਵਿੱਚ ਰਵਾਇਤੀ ਲੀਡਰਸ਼ਿਪ ਤੋਂ ਨਿਰਾਸ਼ ਕਿਸਾਨ ਅਤੇ ਪੰਥਕ ਪਰਿਵਾਰਾਂ ਨਾਲ ਸੰਵਾਦ ਕਰੋ। ਪਿੰਡਾਂ ਵਿੱਚ ਪੰਜਾਬ ਸਰਕਾਰ ਦੇ ਵਿਕਾਸ ਕਾਰਜਾਂ ਅਤੇ ਨਿਰਪੱਖ ਭਰਤੀਆਂ ਦੇ ਸੁਨੇਹੇ ਨਾਲ ਸੰਨ੍ਹ ਲਗਾਓ।', 'action_steps_en': ['Days 1-30: Map the top 30 influential non-committed Panthic families in Uchoke Kalan.', 'Days 31-60: Deploy senior constituency leaders for direct home visits to address local disgruntlement.', ""Days 61-90: Neutralize SAD's +96 vote cushion by winning over agricultural youth.""], 'action_steps_pa': ['ਦਿਨ 1-30: ਉਚੋਕੇ ਕਲਾਂ ਦੇ 30 ਨਿਰਪੱਖ ਅਤੇ ਪ੍ਰਭਾਵਸ਼ਾਲੀ ਪਰਿਵਾਰਾਂ ਦੀ ਸ਼ਨਾਖਤ ਕਰੋ।', 'ਦਿਨ 31-60: ਸੀਨੀਅਰ ਲੀਡਰਸ਼ਿਪ ਰਾਹੀਂ ਘਰ-ਘਰ ਜਾ ਕੇ ਸਰਕਾਰ ਦੀਆਂ ਨਿਰਪੱਖ ਨੀਤੀਆਂ ਸਾਂਝੀਆਂ ਕਰੋ।', 'ਦਿਨ 61-90: ਨੌਜਵਾਨ ਵਰਗ ਨੂੰ ਸਰਕਾਰੀ ਨੌਕਰੀਆਂ ਅਤੇ ਖੇਡ ਕਿੱਟਾਂ ਰਾਹੀਂ ਪਾਰਟੀ ਨਾਲ ਜੋੜ ਕੇ ਲੀਡ ਘਟਾਓ।'], 'action_steps': ['ਦਿਨ 1-30: ਉਚੋਕੇ ਕਲਾਂ ਦੇ 30 ਨਿਰਪੱਖ ਅਤੇ ਪ੍ਰਭਾਵਸ਼ਾਲੀ ਪਰਿਵਾਰਾਂ ਦੀ ਸ਼ਨਾਖਤ ਕਰੋ।', 'ਦਿਨ 31-60: ਸੀਨੀਅਰ ਲੀਡਰਸ਼ਿਪ ਰਾਹੀਂ ਘਰ-ਘਰ ਜਾ ਕੇ ਸਰਕਾਰ ਦੀਆਂ ਨਿਰਪੱਖ ਨੀਤੀਆਂ ਸਾਂਝੀਆਂ ਕਰੋ।', 'ਦਿਨ 61-90: ਨੌਜਵਾਨ ਵਰਗ ਨੂੰ ਸਰਕਾਰੀ ਨੌਕਰੀਆਂ ਅਤੇ ਖੇਡ ਕਿੱਟਾਂ ਰਾਹੀਂ ਪਾਰਟੀ ਨਾਲ ਜੋੜ ਕੇ ਲੀਡ ਘਟਾਓ।']}"
151,151,147,151,151,False,#151,Booth #151 (Unchanged),ਬੂਥ #151 (ਅਣਬਦਲਿਆ),Uchoke Kalan,ਉਚੋਕੇ ਕਲਾਂ,ਉਚੋਕੇ ਕਲਾਂ,Uchoke Kalan,ਉਚੋਕੇ ਕਲਾਂ,Uchoke Kalan,ਉਚੋਕੇ ਕਲਾਂ,SAD,SAD,181,163,SAD Retained,SAD Retained,AAP Deficit,ਆਪ ਘਾਟ,INC Deficit,"{'AAP': 'WEAK', 'SAD': 'WON_BOTH', 'INC': 'LOST_BOTH', 'BJP': 'LOST_BOTH'}",False,"{'is_flip': False, 'status_label': 'SAD Retained', 'turnout_diff': 188, 'turnout_pct': 34.56, 'sad_swing': -13.59, 'aap_swing': -2.71, 'inc_swing': 1.65, 'bjp_swing': 13.62}",544,732,188,34.56,279,276,-3,51.29,37.7,-13.59,98,112,14,18.01,15.3,-2.71,75,113,38,13.79,15.44,1.65,1,101,100,0.18,13.8,13.62,56,7.65,"{'total': 544, 'sad': 279, 'aap': 98, 'inc': 75, 'bjp': 1, 'sad_votes': 279, 'sad_pct': 51.29, 'aap_votes': 98, 'aap_pct': 18.01, 'inc_votes': 75, 'inc_pct': 13.79, 'bjp_votes': 1, 'bjp_pct': 0.18, 'winner_party': 'SAD', 'margin': 181, 'winner_candidate': 'Ganieve Kaur Majithia'}","{'total': 732, 'sad': 276, 'aap': 112, 'inc': 113, 'bjp': 101, 'sada': 56, 'bsp': 2, 'others': 63, 'sad_votes': 276, 'sad_pct': 37.7, 'aap_votes': 112, 'aap_pct': 15.3, 'inc_votes': 113, 'inc_pct': 15.44, 'bjp_votes': 101, 'bjp_pct': 13.8, 'sada_votes': 56, 'sada_pct': 7.65, 'winner_party': 'SAD', 'margin': 163, 'winner_candidate': 'Anil Joshi'}","{'turnout_diff': 188, 'turnout_pct': 34.56, 'sad_shift': -3, 'sad_swing': -13.59, 'aap_shift': 14, 'aap_swing': -2.71, 'inc_shift': 38, 'inc_swing': 1.65, 'bjp_shift': 100, 'bjp_swing': 13.62}",Akali Bastion: Strategic Penetration & Demolition Zone,ਅਕਾਲੀ ਦਲ ਦਾ ਪ੍ਰਭਾਵਿਤ ਖੇਤਰ: ਵਿਸ਼ੇਸ਼ ਘੇਰਾਬੰਦੀ ਜ਼ੋਨ,SAD retained lead here by +163 votes (37.7% share). Target moderate Panthic and farming families in Uchoke Kalan disillusioned with traditional leadership. Appoint dedicated block coordinators and highlight direct government procurement and village development works.,ਅਕਾਲੀ ਦਲ ਨੇ ਇੱਥੇ +163 ਵੋਟਾਂ (37.7%) ਨਾਲ ਲੀਡ ਬਣਾਈ ਹੈ। ਉਚੋਕੇ ਕਲਾਂ ਵਿੱਚ ਰਵਾਇਤੀ ਲੀਡਰਸ਼ਿਪ ਤੋਂ ਨਿਰਾਸ਼ ਕਿਸਾਨ ਅਤੇ ਪੰਥਕ ਪਰਿਵਾਰਾਂ ਨਾਲ ਸੰਵਾਦ ਕਰੋ। ਪਿੰਡਾਂ ਵਿੱਚ ਪੰਜਾਬ ਸਰਕਾਰ ਦੇ ਵਿਕਾਸ ਕਾਰਜਾਂ ਅਤੇ ਨਿਰਪੱਖ ਭਰਤੀਆਂ ਦੇ ਸੁਨੇਹੇ ਨਾਲ ਸੰਨ੍ਹ ਲਗਾਓ।,"{'booth_no': '151', 'village_en': 'Uchoke Kalan', 'village_pa': 'ਉਚੋਕੇ ਕਲਾਂ', 'zone_en': 'Akali Bastion: Strategic Penetration & Demolition Zone', 'zone_pa': 'ਅਕਾਲੀ ਦਲ ਦਾ ਪ੍ਰਭਾਵਿਤ ਖੇਤਰ: ਵਿਸ਼ੇਸ਼ ਘੇਰਾਬੰਦੀ ਜ਼ੋਨ', 'action_en': 'SAD retained lead here by +163 votes (37.7% share). Target moderate Panthic and farming families in Uchoke Kalan disillusioned with traditional leadership. Appoint dedicated block coordinators and highlight direct government procurement and village development works.', 'action_pa': 'ਅਕਾਲੀ ਦਲ ਨੇ ਇੱਥੇ +163 ਵੋਟਾਂ (37.7%) ਨਾਲ ਲੀਡ ਬਣਾਈ ਹੈ। ਉਚੋਕੇ ਕਲਾਂ ਵਿੱਚ ਰਵਾਇਤੀ ਲੀਡਰਸ਼ਿਪ ਤੋਂ ਨਿਰਾਸ਼ ਕਿਸਾਨ ਅਤੇ ਪੰਥਕ ਪਰਿਵਾਰਾਂ ਨਾਲ ਸੰਵਾਦ ਕਰੋ। ਪਿੰਡਾਂ ਵਿੱਚ ਪੰਜਾਬ ਸਰਕਾਰ ਦੇ ਵਿਕਾਸ ਕਾਰਜਾਂ ਅਤੇ ਨਿਰਪੱਖ ਭਰਤੀਆਂ ਦੇ ਸੁਨੇਹੇ ਨਾਲ ਸੰਨ੍ਹ ਲਗਾਓ।', 'action_steps_en': ['Days 1-30: Map the top 30 influential non-committed Panthic families in Uchoke Kalan.', 'Days 31-60: Deploy senior constituency leaders for direct home visits to address local disgruntlement.', ""Days 61-90: Neutralize SAD's +163 vote cushion by winning over agricultural youth.""], 'action_steps_pa': ['ਦਿਨ 1-30: ਉਚੋਕੇ ਕਲਾਂ ਦੇ 30 ਨਿਰਪੱਖ ਅਤੇ ਪ੍ਰਭਾਵਸ਼ਾਲੀ ਪਰਿਵਾਰਾਂ ਦੀ ਸ਼ਨਾਖਤ ਕਰੋ।', 'ਦਿਨ 31-60: ਸੀਨੀਅਰ ਲੀਡਰਸ਼ਿਪ ਰਾਹੀਂ ਘਰ-ਘਰ ਜਾ ਕੇ ਸਰਕਾਰ ਦੀਆਂ ਨਿਰਪੱਖ ਨੀਤੀਆਂ ਸਾਂਝੀਆਂ ਕਰੋ।', 'ਦਿਨ 61-90: ਨੌਜਵਾਨ ਵਰਗ ਨੂੰ ਸਰਕਾਰੀ ਨੌਕਰੀਆਂ ਅਤੇ ਖੇਡ ਕਿੱਟਾਂ ਰਾਹੀਂ ਪਾਰਟੀ ਨਾਲ ਜੋੜ ਕੇ ਲੀਡ ਘਟਾਓ।'], 'action_steps': ['ਦਿਨ 1-30: ਉਚੋਕੇ ਕਲਾਂ ਦੇ 30 ਨਿਰਪੱਖ ਅਤੇ ਪ੍ਰਭਾਵਸ਼ਾਲੀ ਪਰਿਵਾਰਾਂ ਦੀ ਸ਼ਨਾਖਤ ਕਰੋ।', 'ਦਿਨ 31-60: ਸੀਨੀਅਰ ਲੀਡਰਸ਼ਿਪ ਰਾਹੀਂ ਘਰ-ਘਰ ਜਾ ਕੇ ਸਰਕਾਰ ਦੀਆਂ ਨਿਰਪੱਖ ਨੀਤੀਆਂ ਸਾਂਝੀਆਂ ਕਰੋ।', 'ਦਿਨ 61-90: ਨੌਜਵਾਨ ਵਰਗ ਨੂੰ ਸਰਕਾਰੀ ਨੌਕਰੀਆਂ ਅਤੇ ਖੇਡ ਕਿੱਟਾਂ ਰਾਹੀਂ ਪਾਰਟੀ ਨਾਲ ਜੋੜ ਕੇ ਲੀਡ ਘਟਾਓ।']}"
152,152,148,152,152,False,#152,Booth #152 (Unchanged),ਬੂਥ #152 (ਅਣਬਦਲਿਆ),Bagga,ਬੱਗਾ,ਬੱਗਾ,Bagga,ਬੱਗਾ,Bagga,ਬੱਗਾ,SAD,SAD,162,72,SAD Retained,SAD Retained,AAP Deficit,ਆਪ ਘਾਟ,INC Deficit,"{'AAP': 'LOST_BOTH', 'SAD': 'WON_BOTH', 'INC': 'LOST_BOTH', 'BJP': 'WEAK'}",False,"{'is_flip': False, 'status_label': 'SAD Retained', 'turnout_diff': -247, 'turnout_pct': -29.2, 'sad_swing': -11.52, 'aap_swing': 7.55, 'inc_swing': -7.06, 'bjp_swing': 7.54}",846,599,-247,-29.2,411,222,-189,48.58,37.06,-11.52,148,150,2,17.49,25.04,7.55,249,134,-115,29.43,22.37,-7.06,4,48,44,0.47,8.01,7.54,12,2.0,"{'total': 846, 'sad': 411, 'aap': 148, 'inc': 249, 'bjp': 4, 'sad_votes': 411, 'sad_pct': 48.58, 'aap_votes': 148, 'aap_pct': 17.49, 'inc_votes': 249, 'inc_pct': 29.43, 'bjp_votes': 4, 'bjp_pct': 0.47, 'winner_party': 'SAD', 'margin': 162, 'winner_candidate': 'Ganieve Kaur Majithia'}","{'total': 599, 'sad': 222, 'aap': 150, 'inc': 134, 'bjp': 48, 'sada': 12, 'bsp': 1, 'others': 29, 'sad_votes': 222, 'sad_pct': 37.06, 'aap_votes': 150, 'aap_pct': 25.04, 'inc_votes': 134, 'inc_pct': 22.37, 'bjp_votes': 48, 'bjp_pct': 8.01, 'sada_votes': 12, 'sada_pct': 2.0, 'winner_party': 'SAD', 'margin': 72, 'winner_candidate': 'Anil Joshi'}","{'turnout_diff': -247, 'turnout_pct': -29.2, 'sad_shift': -189, 'sad_swing': -11.52, 'aap_shift': 2, 'aap_swing': 7.55, 'inc_shift': -115, 'inc_swing': -7.06, 'bjp_shift': 44, 'bjp_swing': 7.54}",Akali Bastion: Strategic Penetration & Demolition Zone,ਅਕਾਲੀ ਦਲ ਦਾ ਪ੍ਰਭਾਵਿਤ ਖੇਤਰ: ਵਿਸ਼ੇਸ਼ ਘੇਰਾਬੰਦੀ ਜ਼ੋਨ,SAD retained lead here by +72 votes (37.1% share). Target moderate Panthic and farming families in Bagga disillusioned with traditional leadership. Appoint dedicated block coordinators and highlight direct government procurement and village development works.,ਅਕਾਲੀ ਦਲ ਨੇ ਇੱਥੇ +72 ਵੋਟਾਂ (37.1%) ਨਾਲ ਲੀਡ ਬਣਾਈ ਹੈ। ਬੱਗਾ ਵਿੱਚ ਰਵਾਇਤੀ ਲੀਡਰਸ਼ਿਪ ਤੋਂ ਨਿਰਾਸ਼ ਕਿਸਾਨ ਅਤੇ ਪੰਥਕ ਪਰਿਵਾਰਾਂ ਨਾਲ ਸੰਵਾਦ ਕਰੋ। ਪਿੰਡਾਂ ਵਿੱਚ ਪੰਜਾਬ ਸਰਕਾਰ ਦੇ ਵਿਕਾਸ ਕਾਰਜਾਂ ਅਤੇ ਨਿਰਪੱਖ ਭਰਤੀਆਂ ਦੇ ਸੁਨੇਹੇ ਨਾਲ ਸੰਨ੍ਹ ਲਗਾਓ।,"{'booth_no': '152', 'village_en': 'Bagga', 'village_pa': 'ਬੱਗਾ', 'zone_en': 'Akali Bastion: Strategic Penetration & Demolition Zone', 'zone_pa': 'ਅਕਾਲੀ ਦਲ ਦਾ ਪ੍ਰਭਾਵਿਤ ਖੇਤਰ: ਵਿਸ਼ੇਸ਼ ਘੇਰਾਬੰਦੀ ਜ਼ੋਨ', 'action_en': 'SAD retained lead here by +72 votes (37.1% share). Target moderate Panthic and farming families in Bagga disillusioned with traditional leadership. Appoint dedicated block coordinators and highlight direct government procurement and village development works.', 'action_pa': 'ਅਕਾਲੀ ਦਲ ਨੇ ਇੱਥੇ +72 ਵੋਟਾਂ (37.1%) ਨਾਲ ਲੀਡ ਬਣਾਈ ਹੈ। ਬੱਗਾ ਵਿੱਚ ਰਵਾਇਤੀ ਲੀਡਰਸ਼ਿਪ ਤੋਂ ਨਿਰਾਸ਼ ਕਿਸਾਨ ਅਤੇ ਪੰਥਕ ਪਰਿਵਾਰਾਂ ਨਾਲ ਸੰਵਾਦ ਕਰੋ। ਪਿੰਡਾਂ ਵਿੱਚ ਪੰਜਾਬ ਸਰਕਾਰ ਦੇ ਵਿਕਾਸ ਕਾਰਜਾਂ ਅਤੇ ਨਿਰਪੱਖ ਭਰਤੀਆਂ ਦੇ ਸੁਨੇਹੇ ਨਾਲ ਸੰਨ੍ਹ ਲਗਾਓ।', 'action_steps_en': ['Days 1-30: Map the top 30 influential non-committed Panthic families in Bagga.', 'Days 31-60: Deploy senior constituency leaders for direct home visits to address local disgruntlement.', ""Days 61-90: Neutralize SAD's +72 vote cushion by winning over agricultural youth.""], 'action_steps_pa': ['ਦਿਨ 1-30: ਬੱਗਾ ਦੇ 30 ਨਿਰਪੱਖ ਅਤੇ ਪ੍ਰਭਾਵਸ਼ਾਲੀ ਪਰਿਵਾਰਾਂ ਦੀ ਸ਼ਨਾਖਤ ਕਰੋ।', 'ਦਿਨ 31-60: ਸੀਨੀਅਰ ਲੀਡਰਸ਼ਿਪ ਰਾਹੀਂ ਘਰ-ਘਰ ਜਾ ਕੇ ਸਰਕਾਰ ਦੀਆਂ ਨਿਰਪੱਖ ਨੀਤੀਆਂ ਸਾਂਝੀਆਂ ਕਰੋ।', 'ਦਿਨ 61-90: ਨੌਜਵਾਨ ਵਰਗ ਨੂੰ ਸਰਕਾਰੀ ਨੌਕਰੀਆਂ ਅਤੇ ਖੇਡ ਕਿੱਟਾਂ ਰਾਹੀਂ ਪਾਰਟੀ ਨਾਲ ਜੋੜ ਕੇ ਲੀਡ ਘਟਾਓ।'], 'action_steps': ['ਦਿਨ 1-30: ਬੱਗਾ ਦੇ 30 ਨਿਰਪੱਖ ਅਤੇ ਪ੍ਰਭਾਵਸ਼ਾਲੀ ਪਰਿਵਾਰਾਂ ਦੀ ਸ਼ਨਾਖਤ ਕਰੋ।', 'ਦਿਨ 31-60: ਸੀਨੀਅਰ ਲੀਡਰਸ਼ਿਪ ਰਾਹੀਂ ਘਰ-ਘਰ ਜਾ ਕੇ ਸਰਕਾਰ ਦੀਆਂ ਨਿਰਪੱਖ ਨੀਤੀਆਂ ਸਾਂਝੀਆਂ ਕਰੋ।', 'ਦਿਨ 61-90: ਨੌਜਵਾਨ ਵਰਗ ਨੂੰ ਸਰਕਾਰੀ ਨੌਕਰੀਆਂ ਅਤੇ ਖੇਡ ਕਿੱਟਾਂ ਰਾਹੀਂ ਪਾਰਟੀ ਨਾਲ ਜੋੜ ਕੇ ਲੀਡ ਘਟਾਓ।']}"
153,153,149,153,153,False,#153,Booth #153 (Unchanged),ਬੂਥ #153 (ਅਣਬਦਲਿਆ),Bagga,ਬੱਗਾ,ਬੱਗਾ,Bagga,ਬੱਗਾ,Bagga,ਬੱਗਾ,SAD,SAD,120,49,SAD Retained,SAD Retained,AAP Deficit,ਆਪ ਘਾਟ,INC Deficit,"{'AAP': 'LOST_BOTH', 'SAD': 'WON_BOTH', 'INC': 'WEAK', 'BJP': 'WEAK'}",False,"{'is_flip': False, 'status_label': 'SAD Retained', 'turnout_diff': -177, 'turnout_pct': -27.36, 'sad_swing': -3.49, 'aap_swing': 4.64, 'inc_swing': -8.47, 'bjp_swing': 1.39}",647,470,-177,-27.36,302,203,-99,46.68,43.19,-3.49,182,154,-28,28.13,32.77,4.64,136,59,-77,21.02,12.55,-8.47,2,8,6,0.31,1.7,1.39,23,4.89,"{'total': 647, 'sad': 302, 'aap': 182, 'inc': 136, 'bjp': 2, 'sad_votes': 302, 'sad_pct': 46.68, 'aap_votes': 182, 'aap_pct': 28.13, 'inc_votes': 136, 'inc_pct': 21.02, 'bjp_votes': 2, 'bjp_pct': 0.31, 'winner_party': 'SAD', 'margin': 120, 'winner_candidate': 'Ganieve Kaur Majithia'}","{'total': 470, 'sad': 203, 'aap': 154, 'inc': 59, 'bjp': 8, 'sada': 23, 'bsp': 0, 'others': 22, 'sad_votes': 203, 'sad_pct': 43.19, 'aap_votes': 154, 'aap_pct': 32.77, 'inc_votes': 59, 'inc_pct': 12.55, 'bjp_votes': 8, 'bjp_pct': 1.7, 'sada_votes': 23, 'sada_pct': 4.89, 'winner_party': 'SAD', 'margin': 49, 'winner_candidate': 'Anil Joshi'}","{'turnout_diff': -177, 'turnout_pct': -27.36, 'sad_shift': -99, 'sad_swing': -3.49, 'aap_shift': -28, 'aap_swing': 4.64, 'inc_shift': -77, 'inc_swing': -8.47, 'bjp_shift': 6, 'bjp_swing': 1.39}",Akali Bastion: Strategic Penetration & Demolition Zone,ਅਕਾਲੀ ਦਲ ਦਾ ਪ੍ਰਭਾਵਿਤ ਖੇਤਰ: ਵਿਸ਼ੇਸ਼ ਘੇਰਾਬੰਦੀ ਜ਼ੋਨ,SAD retained lead here by +49 votes (43.2% share). Target moderate Panthic and farming families in Bagga disillusioned with traditional leadership. Appoint dedicated block coordinators and highlight direct government procurement and village development works.,ਅਕਾਲੀ ਦਲ ਨੇ ਇੱਥੇ +49 ਵੋਟਾਂ (43.2%) ਨਾਲ ਲੀਡ ਬਣਾਈ ਹੈ। ਬੱਗਾ ਵਿੱਚ ਰਵਾਇਤੀ ਲੀਡਰਸ਼ਿਪ ਤੋਂ ਨਿਰਾਸ਼ ਕਿਸਾਨ ਅਤੇ ਪੰਥਕ ਪਰਿਵਾਰਾਂ ਨਾਲ ਸੰਵਾਦ ਕਰੋ। ਪਿੰਡਾਂ ਵਿੱਚ ਪੰਜਾਬ ਸਰਕਾਰ ਦੇ ਵਿਕਾਸ ਕਾਰਜਾਂ ਅਤੇ ਨਿਰਪੱਖ ਭਰਤੀਆਂ ਦੇ ਸੁਨੇਹੇ ਨਾਲ ਸੰਨ੍ਹ ਲਗਾਓ।,"{'booth_no': '153', 'village_en': 'Bagga', 'village_pa': 'ਬੱਗਾ', 'zone_en': 'Akali Bastion: Strategic Penetration & Demolition Zone', 'zone_pa': 'ਅਕਾਲੀ ਦਲ ਦਾ ਪ੍ਰਭਾਵਿਤ ਖੇਤਰ: ਵਿਸ਼ੇਸ਼ ਘੇਰਾਬੰਦੀ ਜ਼ੋਨ', 'action_en': 'SAD retained lead here by +49 votes (43.2% share). Target moderate Panthic and farming families in Bagga disillusioned with traditional leadership. Appoint dedicated block coordinators and highlight direct government procurement and village development works.', 'action_pa': 'ਅਕਾਲੀ ਦਲ ਨੇ ਇੱਥੇ +49 ਵੋਟਾਂ (43.2%) ਨਾਲ ਲੀਡ ਬਣਾਈ ਹੈ। ਬੱਗਾ ਵਿੱਚ ਰਵਾਇਤੀ ਲੀਡਰਸ਼ਿਪ ਤੋਂ ਨਿਰਾਸ਼ ਕਿਸਾਨ ਅਤੇ ਪੰਥਕ ਪਰਿਵਾਰਾਂ ਨਾਲ ਸੰਵਾਦ ਕਰੋ। ਪਿੰਡਾਂ ਵਿੱਚ ਪੰਜਾਬ ਸਰਕਾਰ ਦੇ ਵਿਕਾਸ ਕਾਰਜਾਂ ਅਤੇ ਨਿਰਪੱਖ ਭਰਤੀਆਂ ਦੇ ਸੁਨੇਹੇ ਨਾਲ ਸੰਨ੍ਹ ਲਗਾਓ।', 'action_steps_en': ['Days 1-30: Map the top 30 influential non-committed Panthic families in Bagga.', 'Days 31-60: Deploy senior constituency leaders for direct home visits to address local disgruntlement.', ""Days 61-90: Neutralize SAD's +49 vote cushion by winning over agricultural youth.""], 'action_steps_pa': ['ਦਿਨ 1-30: ਬੱਗਾ ਦੇ 30 ਨਿਰਪੱਖ ਅਤੇ ਪ੍ਰਭਾਵਸ਼ਾਲੀ ਪਰਿਵਾਰਾਂ ਦੀ ਸ਼ਨਾਖਤ ਕਰੋ।', 'ਦਿਨ 31-60: ਸੀਨੀਅਰ ਲੀਡਰਸ਼ਿਪ ਰਾਹੀਂ ਘਰ-ਘਰ ਜਾ ਕੇ ਸਰਕਾਰ ਦੀਆਂ ਨਿਰਪੱਖ ਨੀਤੀਆਂ ਸਾਂਝੀਆਂ ਕਰੋ।', 'ਦਿਨ 61-90: ਨੌਜਵਾਨ ਵਰਗ ਨੂੰ ਸਰਕਾਰੀ ਨੌਕਰੀਆਂ ਅਤੇ ਖੇਡ ਕਿੱਟਾਂ ਰਾਹੀਂ ਪਾਰਟੀ ਨਾਲ ਜੋੜ ਕੇ ਲੀਡ ਘਟਾਓ।'], 'action_steps': ['ਦਿਨ 1-30: ਬੱਗਾ ਦੇ 30 ਨਿਰਪੱਖ ਅਤੇ ਪ੍ਰਭਾਵਸ਼ਾਲੀ ਪਰਿਵਾਰਾਂ ਦੀ ਸ਼ਨਾਖਤ ਕਰੋ।', 'ਦਿਨ 31-60: ਸੀਨੀਅਰ ਲੀਡਰਸ਼ਿਪ ਰਾਹੀਂ ਘਰ-ਘਰ ਜਾ ਕੇ ਸਰਕਾਰ ਦੀਆਂ ਨਿਰਪੱਖ ਨੀਤੀਆਂ ਸਾਂਝੀਆਂ ਕਰੋ।', 'ਦਿਨ 61-90: ਨੌਜਵਾਨ ਵਰਗ ਨੂੰ ਸਰਕਾਰੀ ਨੌਕਰੀਆਂ ਅਤੇ ਖੇਡ ਕਿੱਟਾਂ ਰਾਹੀਂ ਪਾਰਟੀ ਨਾਲ ਜੋੜ ਕੇ ਲੀਡ ਘਟਾਓ।']}"
154,154,150,154,154,False,#154,Booth #154 (Unchanged),ਬੂਥ #154 (ਅਣਬਦਲਿਆ),Sidhwan,ਸਿੱਧਵਾਂ,ਸਿੱਧਵਾਂ,Sidhwan,ਸਿੱਧਵਾਂ,Sidhwan,ਸਿੱਧਵਾਂ,SAD,SAD,128,12,SAD Retained,SAD Retained,AAP Deficit,ਆਪ ਘਾਟ,INC Deficit,"{'AAP': 'LOST_BOTH', 'SAD': 'WON_BOTH', 'INC': 'WEAK', 'BJP': 'WEAK'}",False,"{'is_flip': False, 'status_label': 'SAD Retained', 'turnout_diff': -34, 'turnout_pct': -6.88, 'sad_swing': -21.13, 'aap_swing': 2.18, 'inc_swing': 3.94, 'bjp_swing': 7.86}",494,460,-34,-6.88,288,171,-117,58.3,37.17,-21.13,160,159,-1,32.39,34.57,2.18,31,47,16,6.28,10.22,3.94,2,38,36,0.4,8.26,7.86,28,6.09,"{'total': 494, 'sad': 288, 'aap': 160, 'inc': 31, 'bjp': 2, 'sad_votes': 288, 'sad_pct': 58.3, 'aap_votes': 160, 'aap_pct': 32.39, 'inc_votes': 31, 'inc_pct': 6.28, 'bjp_votes': 2, 'bjp_pct': 0.4, 'winner_party': 'SAD', 'margin': 128, 'winner_candidate': 'Ganieve Kaur Majithia'}","{'total': 460, 'sad': 171, 'aap': 159, 'inc': 47, 'bjp': 38, 'sada': 28, 'bsp': 2, 'others': 13, 'sad_votes': 171, 'sad_pct': 37.17, 'aap_votes': 159, 'aap_pct': 34.57, 'inc_votes': 47, 'inc_pct': 10.22, 'bjp_votes': 38, 'bjp_pct': 8.26, 'sada_votes': 28, 'sada_pct': 6.09, 'winner_party': 'SAD', 'margin': 12, 'winner_candidate': 'Anil Joshi'}","{'turnout_diff': -34, 'turnout_pct': -6.88, 'sad_shift': -117, 'sad_swing': -21.13, 'aap_shift': -1, 'aap_swing': 2.18, 'inc_shift': 16, 'inc_swing': 3.94, 'bjp_shift': 36, 'bjp_swing': 7.86}",Akali Bastion: Strategic Penetration & Demolition Zone,ਅਕਾਲੀ ਦਲ ਦਾ ਪ੍ਰਭਾਵਿਤ ਖੇਤਰ: ਵਿਸ਼ੇਸ਼ ਘੇਰਾਬੰਦੀ ਜ਼ੋਨ,SAD retained lead here by +12 votes (37.2% share). Target moderate Panthic and farming families in Sidhwan disillusioned with traditional leadership. Appoint dedicated block coordinators and highlight direct government procurement and village development works.,ਅਕਾਲੀ ਦਲ ਨੇ ਇੱਥੇ +12 ਵੋਟਾਂ (37.2%) ਨਾਲ ਲੀਡ ਬਣਾਈ ਹੈ। ਸਿੱਧਵਾਂ ਵਿੱਚ ਰਵਾਇਤੀ ਲੀਡਰਸ਼ਿਪ ਤੋਂ ਨਿਰਾਸ਼ ਕਿਸਾਨ ਅਤੇ ਪੰਥਕ ਪਰਿਵਾਰਾਂ ਨਾਲ ਸੰਵਾਦ ਕਰੋ। ਪਿੰਡਾਂ ਵਿੱਚ ਪੰਜਾਬ ਸਰਕਾਰ ਦੇ ਵਿਕਾਸ ਕਾਰਜਾਂ ਅਤੇ ਨਿਰਪੱਖ ਭਰਤੀਆਂ ਦੇ ਸੁਨੇਹੇ ਨਾਲ ਸੰਨ੍ਹ ਲਗਾਓ।,"{'booth_no': '154', 'village_en': 'Sidhwan', 'village_pa': 'ਸਿੱਧਵਾਂ', 'zone_en': 'Akali Bastion: Strategic Penetration & Demolition Zone', 'zone_pa': 'ਅਕਾਲੀ ਦਲ ਦਾ ਪ੍ਰਭਾਵਿਤ ਖੇਤਰ: ਵਿਸ਼ੇਸ਼ ਘੇਰਾਬੰਦੀ ਜ਼ੋਨ', 'action_en': 'SAD retained lead here by +12 votes (37.2% share). Target moderate Panthic and farming families in Sidhwan disillusioned with traditional leadership. Appoint dedicated block coordinators and highlight direct government procurement and village development works.', 'action_pa': 'ਅਕਾਲੀ ਦਲ ਨੇ ਇੱਥੇ +12 ਵੋਟਾਂ (37.2%) ਨਾਲ ਲੀਡ ਬਣਾਈ ਹੈ। ਸਿੱਧਵਾਂ ਵਿੱਚ ਰਵਾਇਤੀ ਲੀਡਰਸ਼ਿਪ ਤੋਂ ਨਿਰਾਸ਼ ਕਿਸਾਨ ਅਤੇ ਪੰਥਕ ਪਰਿਵਾਰਾਂ ਨਾਲ ਸੰਵਾਦ ਕਰੋ। ਪਿੰਡਾਂ ਵਿੱਚ ਪੰਜਾਬ ਸਰਕਾਰ ਦੇ ਵਿਕਾਸ ਕਾਰਜਾਂ ਅਤੇ ਨਿਰਪੱਖ ਭਰਤੀਆਂ ਦੇ ਸੁਨੇਹੇ ਨਾਲ ਸੰਨ੍ਹ ਲਗਾਓ।', 'action_steps_en': ['Days 1-30: Map the top 30 influential non-committed Panthic families in Sidhwan.', 'Days 31-60: Deploy senior constituency leaders for direct home visits to address local disgruntlement.', ""Days 61-90: Neutralize SAD's +12 vote cushion by winning over agricultural youth.""], 'action_steps_pa': ['ਦਿਨ 1-30: ਸਿੱਧਵਾਂ ਦੇ 30 ਨਿਰਪੱਖ ਅਤੇ ਪ੍ਰਭਾਵਸ਼ਾਲੀ ਪਰਿਵਾਰਾਂ ਦੀ ਸ਼ਨਾਖਤ ਕਰੋ।', 'ਦਿਨ 31-60: ਸੀਨੀਅਰ ਲੀਡਰਸ਼ਿਪ ਰਾਹੀਂ ਘਰ-ਘਰ ਜਾ ਕੇ ਸਰਕਾਰ ਦੀਆਂ ਨਿਰਪੱਖ ਨੀਤੀਆਂ ਸਾਂਝੀਆਂ ਕਰੋ।', 'ਦਿਨ 61-90: ਨੌਜਵਾਨ ਵਰਗ ਨੂੰ ਸਰਕਾਰੀ ਨੌਕਰੀਆਂ ਅਤੇ ਖੇਡ ਕਿੱਟਾਂ ਰਾਹੀਂ ਪਾਰਟੀ ਨਾਲ ਜੋੜ ਕੇ ਲੀਡ ਘਟਾਓ।'], 'action_steps': ['ਦਿਨ 1-30: ਸਿੱਧਵਾਂ ਦੇ 30 ਨਿਰਪੱਖ ਅਤੇ ਪ੍ਰਭਾਵਸ਼ਾਲੀ ਪਰਿਵਾਰਾਂ ਦੀ ਸ਼ਨਾਖਤ ਕਰੋ।', 'ਦਿਨ 31-60: ਸੀਨੀਅਰ ਲੀਡਰਸ਼ਿਪ ਰਾਹੀਂ ਘਰ-ਘਰ ਜਾ ਕੇ ਸਰਕਾਰ ਦੀਆਂ ਨਿਰਪੱਖ ਨੀਤੀਆਂ ਸਾਂਝੀਆਂ ਕਰੋ।', 'ਦਿਨ 61-90: ਨੌਜਵਾਨ ਵਰਗ ਨੂੰ ਸਰਕਾਰੀ ਨੌਕਰੀਆਂ ਅਤੇ ਖੇਡ ਕਿੱਟਾਂ ਰਾਹੀਂ ਪਾਰਟੀ ਨਾਲ ਜੋੜ ਕੇ ਲੀਡ ਘਟਾਓ।']}"
155,155,151,155,155,False,#155,Booth #155 (Unchanged),ਬੂਥ #155 (ਅਣਬਦਲਿਆ),Tahli Sahib,ਟਾਹਲੀ ਸਾਹਿਬ,ਟਾਹਲੀ ਸਾਹਿਬ,Tahli Sahib,ਟਾਹਲੀ ਸਾਹਿਬ,Tahli Sahib,ਟਾਹਲੀ ਸਾਹਿਬ,SAD,SAD,188,67,SAD Retained,SAD Retained,AAP Deficit,ਆਪ ਘਾਟ,INC Deficit,"{'AAP': 'LOST_BOTH', 'SAD': 'WON_BOTH', 'INC': 'LOST_BOTH', 'BJP': 'WEAK'}",False,"{'is_flip': False, 'status_label': 'SAD Retained', 'turnout_diff': -71, 'turnout_pct': -13.32, 'sad_swing': -16.69, 'aap_swing': 10.84, 'inc_swing': 3.43, 'bjp_swing': -0.29}",533,462,-71,-13.32,307,189,-118,57.6,40.91,-16.69,83,122,39,15.57,26.41,10.84,119,119,0,22.33,25.76,3.43,5,3,-2,0.94,0.65,-0.29,21,4.55,"{'total': 533, 'sad': 307, 'aap': 83, 'inc': 119, 'bjp': 5, 'sad_votes': 307, 'sad_pct': 57.6, 'aap_votes': 83, 'aap_pct': 15.57, 'inc_votes': 119, 'inc_pct': 22.33, 'bjp_votes': 5, 'bjp_pct': 0.94, 'winner_party': 'SAD', 'margin': 188, 'winner_candidate': 'Ganieve Kaur Majithia'}","{'total': 462, 'sad': 189, 'aap': 122, 'inc': 119, 'bjp': 3, 'sada': 21, 'bsp': 0, 'others': 8, 'sad_votes': 189, 'sad_pct': 40.91, 'aap_votes': 122, 'aap_pct': 26.41, 'inc_votes': 119, 'inc_pct': 25.76, 'bjp_votes': 3, 'bjp_pct': 0.65, 'sada_votes': 21, 'sada_pct': 4.55, 'winner_party': 'SAD', 'margin': 67, 'winner_candidate': 'Anil Joshi'}","{'turnout_diff': -71, 'turnout_pct': -13.32, 'sad_shift': -118, 'sad_swing': -16.69, 'aap_shift': 39, 'aap_swing': 10.84, 'inc_shift': 0, 'inc_swing': 3.43, 'bjp_shift': -2, 'bjp_swing': -0.29}",Akali Bastion: Strategic Penetration & Demolition Zone,ਅਕਾਲੀ ਦਲ ਦਾ ਪ੍ਰਭਾਵਿਤ ਖੇਤਰ: ਵਿਸ਼ੇਸ਼ ਘੇਰਾਬੰਦੀ ਜ਼ੋਨ,SAD retained lead here by +67 votes (40.9% share). Target moderate Panthic and farming families in Tahli Sahib disillusioned with traditional leadership. Appoint dedicated block coordinators and highlight direct government procurement and village development works.,ਅਕਾਲੀ ਦਲ ਨੇ ਇੱਥੇ +67 ਵੋਟਾਂ (40.9%) ਨਾਲ ਲੀਡ ਬਣਾਈ ਹੈ। ਟਾਹਲੀ ਸਾਹਿਬ ਵਿੱਚ ਰਵਾਇਤੀ ਲੀਡਰਸ਼ਿਪ ਤੋਂ ਨਿਰਾਸ਼ ਕਿਸਾਨ ਅਤੇ ਪੰਥਕ ਪਰਿਵਾਰਾਂ ਨਾਲ ਸੰਵਾਦ ਕਰੋ। ਪਿੰਡਾਂ ਵਿੱਚ ਪੰਜਾਬ ਸਰਕਾਰ ਦੇ ਵਿਕਾਸ ਕਾਰਜਾਂ ਅਤੇ ਨਿਰਪੱਖ ਭਰਤੀਆਂ ਦੇ ਸੁਨੇਹੇ ਨਾਲ ਸੰਨ੍ਹ ਲਗਾਓ।,"{'booth_no': '155', 'village_en': 'Tahli Sahib', 'village_pa': 'ਟਾਹਲੀ ਸਾਹਿਬ', 'zone_en': 'Akali Bastion: Strategic Penetration & Demolition Zone', 'zone_pa': 'ਅਕਾਲੀ ਦਲ ਦਾ ਪ੍ਰਭਾਵਿਤ ਖੇਤਰ: ਵਿਸ਼ੇਸ਼ ਘੇਰਾਬੰਦੀ ਜ਼ੋਨ', 'action_en': 'SAD retained lead here by +67 votes (40.9% share). Target moderate Panthic and farming families in Tahli Sahib disillusioned with traditional leadership. Appoint dedicated block coordinators and highlight direct government procurement and village development works.', 'action_pa': 'ਅਕਾਲੀ ਦਲ ਨੇ ਇੱਥੇ +67 ਵੋਟਾਂ (40.9%) ਨਾਲ ਲੀਡ ਬਣਾਈ ਹੈ। ਟਾਹਲੀ ਸਾਹਿਬ ਵਿੱਚ ਰਵਾਇਤੀ ਲੀਡਰਸ਼ਿਪ ਤੋਂ ਨਿਰਾਸ਼ ਕਿਸਾਨ ਅਤੇ ਪੰਥਕ ਪਰਿਵਾਰਾਂ ਨਾਲ ਸੰਵਾਦ ਕਰੋ। ਪਿੰਡਾਂ ਵਿੱਚ ਪੰਜਾਬ ਸਰਕਾਰ ਦੇ ਵਿਕਾਸ ਕਾਰਜਾਂ ਅਤੇ ਨਿਰਪੱਖ ਭਰਤੀਆਂ ਦੇ ਸੁਨੇਹੇ ਨਾਲ ਸੰਨ੍ਹ ਲਗਾਓ।', 'action_steps_en': ['Days 1-30: Map the top 30 influential non-committed Panthic families in Tahli Sahib.', 'Days 31-60: Deploy senior constituency leaders for direct home visits to address local disgruntlement.', ""Days 61-90: Neutralize SAD's +67 vote cushion by winning over agricultural youth.""], 'action_steps_pa': ['ਦਿਨ 1-30: ਟਾਹਲੀ ਸਾਹਿਬ ਦੇ 30 ਨਿਰਪੱਖ ਅਤੇ ਪ੍ਰਭਾਵਸ਼ਾਲੀ ਪਰਿਵਾਰਾਂ ਦੀ ਸ਼ਨਾਖਤ ਕਰੋ।', 'ਦਿਨ 31-60: ਸੀਨੀਅਰ ਲੀਡਰਸ਼ਿਪ ਰਾਹੀਂ ਘਰ-ਘਰ ਜਾ ਕੇ ਸਰਕਾਰ ਦੀਆਂ ਨਿਰਪੱਖ ਨੀਤੀਆਂ ਸਾਂਝੀਆਂ ਕਰੋ।', 'ਦਿਨ 61-90: ਨੌਜਵਾਨ ਵਰਗ ਨੂੰ ਸਰਕਾਰੀ ਨੌਕਰੀਆਂ ਅਤੇ ਖੇਡ ਕਿੱਟਾਂ ਰਾਹੀਂ ਪਾਰਟੀ ਨਾਲ ਜੋੜ ਕੇ ਲੀਡ ਘਟਾਓ।'], 'action_steps': ['ਦਿਨ 1-30: ਟਾਹਲੀ ਸਾਹਿਬ ਦੇ 30 ਨਿਰਪੱਖ ਅਤੇ ਪ੍ਰਭਾਵਸ਼ਾਲੀ ਪਰਿਵਾਰਾਂ ਦੀ ਸ਼ਨਾਖਤ ਕਰੋ।', 'ਦਿਨ 31-60: ਸੀਨੀਅਰ ਲੀਡਰਸ਼ਿਪ ਰਾਹੀਂ ਘਰ-ਘਰ ਜਾ ਕੇ ਸਰਕਾਰ ਦੀਆਂ ਨਿਰਪੱਖ ਨੀਤੀਆਂ ਸਾਂਝੀਆਂ ਕਰੋ।', 'ਦਿਨ 61-90: ਨੌਜਵਾਨ ਵਰਗ ਨੂੰ ਸਰਕਾਰੀ ਨੌਕਰੀਆਂ ਅਤੇ ਖੇਡ ਕਿੱਟਾਂ ਰਾਹੀਂ ਪਾਰਟੀ ਨਾਲ ਜੋੜ ਕੇ ਲੀਡ ਘਟਾਓ।']}"
156,156,152,156,156,False,#156,Booth #156 (Unchanged),ਬੂਥ #156 (ਅਣਬਦਲਿਆ),Gadorjada,ਗਦੋਰਜਾਦਾ,ਗਦੋਰਜਾਦਾ,Gadorjada,ਗਦੋਰਜਾਦਾ,Gadorjada,ਗਦੋਰਜਾਦਾ,SAD,SAD,87,76,SAD Retained,SAD Retained,AAP Deficit,ਆਪ ਘਾਟ,INC Deficit,"{'AAP': 'LOST_BOTH', 'SAD': 'WON_BOTH', 'INC': 'WEAK', 'BJP': 'WEAK'}",False,"{'is_flip': False, 'status_label': 'SAD Retained', 'turnout_diff': -147, 'turnout_pct': -31.21, 'sad_swing': -5.88, 'aap_swing': -10.86, 'inc_swing': 5.86, 'bjp_swing': 8.95}",471,324,-147,-31.21,253,155,-98,53.72,47.84,-5.88,166,79,-87,35.24,24.38,-10.86,32,41,9,6.79,12.65,5.86,0,29,29,0.0,8.95,8.95,14,4.32,"{'total': 471, 'sad': 253, 'aap': 166, 'inc': 32, 'bjp': 0, 'sad_votes': 253, 'sad_pct': 53.72, 'aap_votes': 166, 'aap_pct': 35.24, 'inc_votes': 32, 'inc_pct': 6.79, 'bjp_votes': 0, 'bjp_pct': 0.0, 'winner_party': 'SAD', 'margin': 87, 'winner_candidate': 'Ganieve Kaur Majithia'}","{'total': 324, 'sad': 155, 'aap': 79, 'inc': 41, 'bjp': 29, 'sada': 14, 'bsp': 1, 'others': 4, 'sad_votes': 155, 'sad_pct': 47.84, 'aap_votes': 79, 'aap_pct': 24.38, 'inc_votes': 41, 'inc_pct': 12.65, 'bjp_votes': 29, 'bjp_pct': 8.95, 'sada_votes': 14, 'sada_pct': 4.32, 'winner_party': 'SAD', 'margin': 76, 'winner_candidate': 'Anil Joshi'}","{'turnout_diff': -147, 'turnout_pct': -31.21, 'sad_shift': -98, 'sad_swing': -5.88, 'aap_shift': -87, 'aap_swing': -10.86, 'inc_shift': 9, 'inc_swing': 5.86, 'bjp_shift': 29, 'bjp_swing': 8.95}",Akali Bastion: Strategic Penetration & Demolition Zone,ਅਕਾਲੀ ਦਲ ਦਾ ਪ੍ਰਭਾਵਿਤ ਖੇਤਰ: ਵਿਸ਼ੇਸ਼ ਘੇਰਾਬੰਦੀ ਜ਼ੋਨ,SAD retained lead here by +76 votes (47.8% share). Target moderate Panthic and farming families in Gadorjada disillusioned with traditional leadership. Appoint dedicated block coordinators and highlight direct government procurement and village development works.,ਅਕਾਲੀ ਦਲ ਨੇ ਇੱਥੇ +76 ਵੋਟਾਂ (47.8%) ਨਾਲ ਲੀਡ ਬਣਾਈ ਹੈ। ਗਦੋਰਜਾਦਾ ਵਿੱਚ ਰਵਾਇਤੀ ਲੀਡਰਸ਼ਿਪ ਤੋਂ ਨਿਰਾਸ਼ ਕਿਸਾਨ ਅਤੇ ਪੰਥਕ ਪਰਿਵਾਰਾਂ ਨਾਲ ਸੰਵਾਦ ਕਰੋ। ਪਿੰਡਾਂ ਵਿੱਚ ਪੰਜਾਬ ਸਰਕਾਰ ਦੇ ਵਿਕਾਸ ਕਾਰਜਾਂ ਅਤੇ ਨਿਰਪੱਖ ਭਰਤੀਆਂ ਦੇ ਸੁਨੇਹੇ ਨਾਲ ਸੰਨ੍ਹ ਲਗਾਓ।,"{'booth_no': '156', 'village_en': 'Gadorjada', 'village_pa': 'ਗਦੋਰਜਾਦਾ', 'zone_en': 'Akali Bastion: Strategic Penetration & Demolition Zone', 'zone_pa': 'ਅਕਾਲੀ ਦਲ ਦਾ ਪ੍ਰਭਾਵਿਤ ਖੇਤਰ: ਵਿਸ਼ੇਸ਼ ਘੇਰਾਬੰਦੀ ਜ਼ੋਨ', 'action_en': 'SAD retained lead here by +76 votes (47.8% share). Target moderate Panthic and farming families in Gadorjada disillusioned with traditional leadership. Appoint dedicated block coordinators and highlight direct government procurement and village development works.', 'action_pa': 'ਅਕਾਲੀ ਦਲ ਨੇ ਇੱਥੇ +76 ਵੋਟਾਂ (47.8%) ਨਾਲ ਲੀਡ ਬਣਾਈ ਹੈ। ਗਦੋਰਜਾਦਾ ਵਿੱਚ ਰਵਾਇਤੀ ਲੀਡਰਸ਼ਿਪ ਤੋਂ ਨਿਰਾਸ਼ ਕਿਸਾਨ ਅਤੇ ਪੰਥਕ ਪਰਿਵਾਰਾਂ ਨਾਲ ਸੰਵਾਦ ਕਰੋ। ਪਿੰਡਾਂ ਵਿੱਚ ਪੰਜਾਬ ਸਰਕਾਰ ਦੇ ਵਿਕਾਸ ਕਾਰਜਾਂ ਅਤੇ ਨਿਰਪੱਖ ਭਰਤੀਆਂ ਦੇ ਸੁਨੇਹੇ ਨਾਲ ਸੰਨ੍ਹ ਲਗਾਓ।', 'action_steps_en': ['Days 1-30: Map the top 30 influential non-committed Panthic families in Gadorjada.', 'Days 31-60: Deploy senior constituency leaders for direct home visits to address local disgruntlement.', ""Days 61-90: Neutralize SAD's +76 vote cushion by winning over agricultural youth.""], 'action_steps_pa': ['ਦਿਨ 1-30: ਗਦੋਰਜਾਦਾ ਦੇ 30 ਨਿਰਪੱਖ ਅਤੇ ਪ੍ਰਭਾਵਸ਼ਾਲੀ ਪਰਿਵਾਰਾਂ ਦੀ ਸ਼ਨਾਖਤ ਕਰੋ।', 'ਦਿਨ 31-60: ਸੀਨੀਅਰ ਲੀਡਰਸ਼ਿਪ ਰਾਹੀਂ ਘਰ-ਘਰ ਜਾ ਕੇ ਸਰਕਾਰ ਦੀਆਂ ਨਿਰਪੱਖ ਨੀਤੀਆਂ ਸਾਂਝੀਆਂ ਕਰੋ।', 'ਦਿਨ 61-90: ਨੌਜਵਾਨ ਵਰਗ ਨੂੰ ਸਰਕਾਰੀ ਨੌਕਰੀਆਂ ਅਤੇ ਖੇਡ ਕਿੱਟਾਂ ਰਾਹੀਂ ਪਾਰਟੀ ਨਾਲ ਜੋੜ ਕੇ ਲੀਡ ਘਟਾਓ।'], 'action_steps': ['ਦਿਨ 1-30: ਗਦੋਰਜਾਦਾ ਦੇ 30 ਨਿਰਪੱਖ ਅਤੇ ਪ੍ਰਭਾਵਸ਼ਾਲੀ ਪਰਿਵਾਰਾਂ ਦੀ ਸ਼ਨਾਖਤ ਕਰੋ।', 'ਦਿਨ 31-60: ਸੀਨੀਅਰ ਲੀਡਰਸ਼ਿਪ ਰਾਹੀਂ ਘਰ-ਘਰ ਜਾ ਕੇ ਸਰਕਾਰ ਦੀਆਂ ਨਿਰਪੱਖ ਨੀਤੀਆਂ ਸਾਂਝੀਆਂ ਕਰੋ।', 'ਦਿਨ 61-90: ਨੌਜਵਾਨ ਵਰਗ ਨੂੰ ਸਰਕਾਰੀ ਨੌਕਰੀਆਂ ਅਤੇ ਖੇਡ ਕਿੱਟਾਂ ਰਾਹੀਂ ਪਾਰਟੀ ਨਾਲ ਜੋੜ ਕੇ ਲੀਡ ਘਟਾਓ।']}"
157,157,153,157,157,False,#157,Booth #157 (Unchanged),ਬੂਥ #157 (ਅਣਬਦਲਿਆ),Babowal,ਬਾਬੋਵਾਲ,ਬਾਬੋਵਾਲ,Babowal,ਬਾਬੋਵਾਲ,Babowal,ਬਾਬੋਵਾਲ,SAD,SAD,86,18,SAD Retained,SAD Retained,AAP Deficit,ਆਪ ਘਾਟ,INC Deficit,"{'AAP': 'LOST_BOTH', 'SAD': 'WON_BOTH', 'INC': 'LOST_BOTH', 'BJP': 'WEAK'}",False,"{'is_flip': False, 'status_label': 'SAD Retained', 'turnout_diff': -187, 'turnout_pct': -31.01, 'sad_swing': -21.66, 'aap_swing': -11.72, 'inc_swing': 14.77, 'bjp_swing': 1.51}",603,416,-187,-31.01,306,121,-185,50.75,29.09,-21.66,220,103,-117,36.48,24.76,-11.72,53,98,45,8.79,23.56,14.77,1,7,6,0.17,1.68,1.51,64,15.38,"{'total': 603, 'sad': 306, 'aap': 220, 'inc': 53, 'bjp': 1, 'sad_votes': 306, 'sad_pct': 50.75, 'aap_votes': 220, 'aap_pct': 36.48, 'inc_votes': 53, 'inc_pct': 8.79, 'bjp_votes': 1, 'bjp_pct': 0.17, 'winner_party': 'SAD', 'margin': 86, 'winner_candidate': 'Ganieve Kaur Majithia'}","{'total': 416, 'sad': 121, 'aap': 103, 'inc': 98, 'bjp': 7, 'sada': 64, 'bsp': 3, 'others': 20, 'sad_votes': 121, 'sad_pct': 29.09, 'aap_votes': 103, 'aap_pct': 24.76, 'inc_votes': 98, 'inc_pct': 23.56, 'bjp_votes': 7, 'bjp_pct': 1.68, 'sada_votes': 64, 'sada_pct': 15.38, 'winner_party': 'SAD', 'margin': 18, 'winner_candidate': 'Anil Joshi'}","{'turnout_diff': -187, 'turnout_pct': -31.01, 'sad_shift': -185, 'sad_swing': -21.66, 'aap_shift': -117, 'aap_swing': -11.72, 'inc_shift': 45, 'inc_swing': 14.77, 'bjp_shift': 6, 'bjp_swing': 1.51}",Akali Bastion: Strategic Penetration & Demolition Zone,ਅਕਾਲੀ ਦਲ ਦਾ ਪ੍ਰਭਾਵਿਤ ਖੇਤਰ: ਵਿਸ਼ੇਸ਼ ਘੇਰਾਬੰਦੀ ਜ਼ੋਨ,SAD retained lead here by +18 votes (29.1% share). Target moderate Panthic and farming families in Babowal disillusioned with traditional leadership. Appoint dedicated block coordinators and highlight direct government procurement and village development works.,ਅਕਾਲੀ ਦਲ ਨੇ ਇੱਥੇ +18 ਵੋਟਾਂ (29.1%) ਨਾਲ ਲੀਡ ਬਣਾਈ ਹੈ। ਬਾਬੋਵਾਲ ਵਿੱਚ ਰਵਾਇਤੀ ਲੀਡਰਸ਼ਿਪ ਤੋਂ ਨਿਰਾਸ਼ ਕਿਸਾਨ ਅਤੇ ਪੰਥਕ ਪਰਿਵਾਰਾਂ ਨਾਲ ਸੰਵਾਦ ਕਰੋ। ਪਿੰਡਾਂ ਵਿੱਚ ਪੰਜਾਬ ਸਰਕਾਰ ਦੇ ਵਿਕਾਸ ਕਾਰਜਾਂ ਅਤੇ ਨਿਰਪੱਖ ਭਰਤੀਆਂ ਦੇ ਸੁਨੇਹੇ ਨਾਲ ਸੰਨ੍ਹ ਲਗਾਓ।,"{'booth_no': '157', 'village_en': 'Babowal', 'village_pa': 'ਬਾਬੋਵਾਲ', 'zone_en': 'Akali Bastion: Strategic Penetration & Demolition Zone', 'zone_pa': 'ਅਕਾਲੀ ਦਲ ਦਾ ਪ੍ਰਭਾਵਿਤ ਖੇਤਰ: ਵਿਸ਼ੇਸ਼ ਘੇਰਾਬੰਦੀ ਜ਼ੋਨ', 'action_en': 'SAD retained lead here by +18 votes (29.1% share). Target moderate Panthic and farming families in Babowal disillusioned with traditional leadership. Appoint dedicated block coordinators and highlight direct government procurement and village development works.', 'action_pa': 'ਅਕਾਲੀ ਦਲ ਨੇ ਇੱਥੇ +18 ਵੋਟਾਂ (29.1%) ਨਾਲ ਲੀਡ ਬਣਾਈ ਹੈ। ਬਾਬੋਵਾਲ ਵਿੱਚ ਰਵਾਇਤੀ ਲੀਡਰਸ਼ਿਪ ਤੋਂ ਨਿਰਾਸ਼ ਕਿਸਾਨ ਅਤੇ ਪੰਥਕ ਪਰਿਵਾਰਾਂ ਨਾਲ ਸੰਵਾਦ ਕਰੋ। ਪਿੰਡਾਂ ਵਿੱਚ ਪੰਜਾਬ ਸਰਕਾਰ ਦੇ ਵਿਕਾਸ ਕਾਰਜਾਂ ਅਤੇ ਨਿਰਪੱਖ ਭਰਤੀਆਂ ਦੇ ਸੁਨੇਹੇ ਨਾਲ ਸੰਨ੍ਹ ਲਗਾਓ।', 'action_steps_en': ['Days 1-30: Map the top 30 influential non-committed Panthic families in Babowal.', 'Days 31-60: Deploy senior constituency leaders for direct home visits to address local disgruntlement.', ""Days 61-90: Neutralize SAD's +18 vote cushion by winning over agricultural youth.""], 'action_steps_pa': ['ਦਿਨ 1-30: ਬਾਬੋਵਾਲ ਦੇ 30 ਨਿਰਪੱਖ ਅਤੇ ਪ੍ਰਭਾਵਸ਼ਾਲੀ ਪਰਿਵਾਰਾਂ ਦੀ ਸ਼ਨਾਖਤ ਕਰੋ।', 'ਦਿਨ 31-60: ਸੀਨੀਅਰ ਲੀਡਰਸ਼ਿਪ ਰਾਹੀਂ ਘਰ-ਘਰ ਜਾ ਕੇ ਸਰਕਾਰ ਦੀਆਂ ਨਿਰਪੱਖ ਨੀਤੀਆਂ ਸਾਂਝੀਆਂ ਕਰੋ।', 'ਦਿਨ 61-90: ਨੌਜਵਾਨ ਵਰਗ ਨੂੰ ਸਰਕਾਰੀ ਨੌਕਰੀਆਂ ਅਤੇ ਖੇਡ ਕਿੱਟਾਂ ਰਾਹੀਂ ਪਾਰਟੀ ਨਾਲ ਜੋੜ ਕੇ ਲੀਡ ਘਟਾਓ।'], 'action_steps': ['ਦਿਨ 1-30: ਬਾਬੋਵਾਲ ਦੇ 30 ਨਿਰਪੱਖ ਅਤੇ ਪ੍ਰਭਾਵਸ਼ਾਲੀ ਪਰਿਵਾਰਾਂ ਦੀ ਸ਼ਨਾਖਤ ਕਰੋ।', 'ਦਿਨ 31-60: ਸੀਨੀਅਰ ਲੀਡਰਸ਼ਿਪ ਰਾਹੀਂ ਘਰ-ਘਰ ਜਾ ਕੇ ਸਰਕਾਰ ਦੀਆਂ ਨਿਰਪੱਖ ਨੀਤੀਆਂ ਸਾਂਝੀਆਂ ਕਰੋ।', 'ਦਿਨ 61-90: ਨੌਜਵਾਨ ਵਰਗ ਨੂੰ ਸਰਕਾਰੀ ਨੌਕਰੀਆਂ ਅਤੇ ਖੇਡ ਕਿੱਟਾਂ ਰਾਹੀਂ ਪਾਰਟੀ ਨਾਲ ਜੋੜ ਕੇ ਲੀਡ ਘਟਾਓ।']}"
158,158,154,158,158,False,#158,Booth #158 (Unchanged),ਬੂਥ #158 (ਅਣਬਦਲਿਆ),Babowal,ਬਾਬੋਵਾਲ,ਬਾਬੋਵਾਲ,Babowal,ਬਾਬੋਵਾਲ,Babowal,ਬਾਬੋਵਾਲ,SAD,SAD,56,49,SAD Retained,SAD Retained,AAP Deficit,ਆਪ ਘਾਟ,INC Deficit,"{'AAP': 'WEAK', 'SAD': 'WON_BOTH', 'INC': 'LOST_BOTH', 'BJP': 'WEAK'}",False,"{'is_flip': False, 'status_label': 'SAD Retained', 'turnout_diff': 79, 'turnout_pct': 18.63, 'sad_swing': -0.13, 'aap_swing': -13.53, 'inc_swing': 3.33, 'bjp_swing': -0.51}",424,503,79,18.63,170,201,31,40.09,39.96,-0.13,113,66,-47,26.65,13.12,-13.53,114,152,38,26.89,30.22,3.33,3,1,-2,0.71,0.2,-0.51,44,8.75,"{'total': 424, 'sad': 170, 'aap': 113, 'inc': 114, 'bjp': 3, 'sad_votes': 170, 'sad_pct': 40.09, 'aap_votes': 113, 'aap_pct': 26.65, 'inc_votes': 114, 'inc_pct': 26.89, 'bjp_votes': 3, 'bjp_pct': 0.71, 'winner_party': 'SAD', 'margin': 56, 'winner_candidate': 'Ganieve Kaur Majithia'}","{'total': 503, 'sad': 201, 'aap': 66, 'inc': 152, 'bjp': 1, 'sada': 44, 'bsp': 0, 'others': 33, 'sad_votes': 201, 'sad_pct': 39.96, 'aap_votes': 66, 'aap_pct': 13.12, 'inc_votes': 152, 'inc_pct': 30.22, 'bjp_votes': 1, 'bjp_pct': 0.2, 'sada_votes': 44, 'sada_pct': 8.75, 'winner_party': 'SAD', 'margin': 49, 'winner_candidate': 'Anil Joshi'}","{'turnout_diff': 79, 'turnout_pct': 18.63, 'sad_shift': 31, 'sad_swing': -0.13, 'aap_shift': -47, 'aap_swing': -13.53, 'inc_shift': 38, 'inc_swing': 3.33, 'bjp_shift': -2, 'bjp_swing': -0.51}",Akali Bastion: Strategic Penetration & Demolition Zone,ਅਕਾਲੀ ਦਲ ਦਾ ਪ੍ਰਭਾਵਿਤ ਖੇਤਰ: ਵਿਸ਼ੇਸ਼ ਘੇਰਾਬੰਦੀ ਜ਼ੋਨ,SAD retained lead here by +49 votes (40.0% share). Target moderate Panthic and farming families in Babowal disillusioned with traditional leadership. Appoint dedicated block coordinators and highlight direct government procurement and village development works.,ਅਕਾਲੀ ਦਲ ਨੇ ਇੱਥੇ +49 ਵੋਟਾਂ (40.0%) ਨਾਲ ਲੀਡ ਬਣਾਈ ਹੈ। ਬਾਬੋਵਾਲ ਵਿੱਚ ਰਵਾਇਤੀ ਲੀਡਰਸ਼ਿਪ ਤੋਂ ਨਿਰਾਸ਼ ਕਿਸਾਨ ਅਤੇ ਪੰਥਕ ਪਰਿਵਾਰਾਂ ਨਾਲ ਸੰਵਾਦ ਕਰੋ। ਪਿੰਡਾਂ ਵਿੱਚ ਪੰਜਾਬ ਸਰਕਾਰ ਦੇ ਵਿਕਾਸ ਕਾਰਜਾਂ ਅਤੇ ਨਿਰਪੱਖ ਭਰਤੀਆਂ ਦੇ ਸੁਨੇਹੇ ਨਾਲ ਸੰਨ੍ਹ ਲਗਾਓ।,"{'booth_no': '158', 'village_en': 'Babowal', 'village_pa': 'ਬਾਬੋਵਾਲ', 'zone_en': 'Akali Bastion: Strategic Penetration & Demolition Zone', 'zone_pa': 'ਅਕਾਲੀ ਦਲ ਦਾ ਪ੍ਰਭਾਵਿਤ ਖੇਤਰ: ਵਿਸ਼ੇਸ਼ ਘੇਰਾਬੰਦੀ ਜ਼ੋਨ', 'action_en': 'SAD retained lead here by +49 votes (40.0% share). Target moderate Panthic and farming families in Babowal disillusioned with traditional leadership. Appoint dedicated block coordinators and highlight direct government procurement and village development works.', 'action_pa': 'ਅਕਾਲੀ ਦਲ ਨੇ ਇੱਥੇ +49 ਵੋਟਾਂ (40.0%) ਨਾਲ ਲੀਡ ਬਣਾਈ ਹੈ। ਬਾਬੋਵਾਲ ਵਿੱਚ ਰਵਾਇਤੀ ਲੀਡਰਸ਼ਿਪ ਤੋਂ ਨਿਰਾਸ਼ ਕਿਸਾਨ ਅਤੇ ਪੰਥਕ ਪਰਿਵਾਰਾਂ ਨਾਲ ਸੰਵਾਦ ਕਰੋ। ਪਿੰਡਾਂ ਵਿੱਚ ਪੰਜਾਬ ਸਰਕਾਰ ਦੇ ਵਿਕਾਸ ਕਾਰਜਾਂ ਅਤੇ ਨਿਰਪੱਖ ਭਰਤੀਆਂ ਦੇ ਸੁਨੇਹੇ ਨਾਲ ਸੰਨ੍ਹ ਲਗਾਓ।', 'action_steps_en': ['Days 1-30: Map the top 30 influential non-committed Panthic families in Babowal.', 'Days 31-60: Deploy senior constituency leaders for direct home visits to address local disgruntlement.', ""Days 61-90: Neutralize SAD's +49 vote cushion by winning over agricultural youth.""], 'action_steps_pa': ['ਦਿਨ 1-30: ਬਾਬੋਵਾਲ ਦੇ 30 ਨਿਰਪੱਖ ਅਤੇ ਪ੍ਰਭਾਵਸ਼ਾਲੀ ਪਰਿਵਾਰਾਂ ਦੀ ਸ਼ਨਾਖਤ ਕਰੋ।', 'ਦਿਨ 31-60: ਸੀਨੀਅਰ ਲੀਡਰਸ਼ਿਪ ਰਾਹੀਂ ਘਰ-ਘਰ ਜਾ ਕੇ ਸਰਕਾਰ ਦੀਆਂ ਨਿਰਪੱਖ ਨੀਤੀਆਂ ਸਾਂਝੀਆਂ ਕਰੋ।', 'ਦਿਨ 61-90: ਨੌਜਵਾਨ ਵਰਗ ਨੂੰ ਸਰਕਾਰੀ ਨੌਕਰੀਆਂ ਅਤੇ ਖੇਡ ਕਿੱਟਾਂ ਰਾਹੀਂ ਪਾਰਟੀ ਨਾਲ ਜੋੜ ਕੇ ਲੀਡ ਘਟਾਓ।'], 'action_steps': ['ਦਿਨ 1-30: ਬਾਬੋਵਾਲ ਦੇ 30 ਨਿਰਪੱਖ ਅਤੇ ਪ੍ਰਭਾਵਸ਼ਾਲੀ ਪਰਿਵਾਰਾਂ ਦੀ ਸ਼ਨਾਖਤ ਕਰੋ।', 'ਦਿਨ 31-60: ਸੀਨੀਅਰ ਲੀਡਰਸ਼ਿਪ ਰਾਹੀਂ ਘਰ-ਘਰ ਜਾ ਕੇ ਸਰਕਾਰ ਦੀਆਂ ਨਿਰਪੱਖ ਨੀਤੀਆਂ ਸਾਂਝੀਆਂ ਕਰੋ।', 'ਦਿਨ 61-90: ਨੌਜਵਾਨ ਵਰਗ ਨੂੰ ਸਰਕਾਰੀ ਨੌਕਰੀਆਂ ਅਤੇ ਖੇਡ ਕਿੱਟਾਂ ਰਾਹੀਂ ਪਾਰਟੀ ਨਾਲ ਜੋੜ ਕੇ ਲੀਡ ਘਟਾਓ।']}"
159,159,155,159,159,False,#159,Booth #159 (Unchanged),ਬੂਥ #159 (ਅਣਬਦਲਿਆ),Bhilowal,ਭੀਲੋਵਾਲ,ਭੀਲੋਵਾਲ,Bhilowal,ਭੀਲੋਵਾਲ,Bhilowal,ਭੀਲੋਵਾਲ,SAD,INC,56,50,SAD → INC,SAD → INC,AAP Deficit,ਆਪ ਘਾਟ,INC Gain,"{'AAP': 'LOST_BOTH', 'SAD': 'LOST_24', 'INC': 'GAINED', 'BJP': 'WEAK'}",True,"{'is_flip': True, 'status_label': 'SAD → INC', 'turnout_diff': -28, 'turnout_pct': -5.14, 'sad_swing': -17.83, 'aap_swing': 3.17, 'inc_swing': 3.85, 'bjp_swing': 4.27}",545,517,-28,-5.14,230,126,-104,42.2,24.37,-17.83,125,135,10,22.94,26.11,3.17,174,185,11,31.93,35.78,3.85,1,23,22,0.18,4.45,4.27,36,6.96,"{'total': 545, 'sad': 230, 'aap': 125, 'inc': 174, 'bjp': 1, 'sad_votes': 230, 'sad_pct': 42.2, 'aap_votes': 125, 'aap_pct': 22.94, 'inc_votes': 174, 'inc_pct': 31.93, 'bjp_votes': 1, 'bjp_pct': 0.18, 'winner_party': 'SAD', 'margin': 56, 'winner_candidate': 'Ganieve Kaur Majithia'}","{'total': 517, 'sad': 126, 'aap': 135, 'inc': 185, 'bjp': 23, 'sada': 36, 'bsp': 0, 'others': 9, 'sad_votes': 126, 'sad_pct': 24.37, 'aap_votes': 135, 'aap_pct': 26.11, 'inc_votes': 185, 'inc_pct': 35.78, 'bjp_votes': 23, 'bjp_pct': 4.45, 'sada_votes': 36, 'sada_pct': 6.96, 'winner_party': 'INC', 'margin': 50, 'winner_candidate': 'Gurjeet Singh Aujla'}","{'turnout_diff': -28, 'turnout_pct': -5.14, 'sad_shift': -104, 'sad_swing': -17.83, 'aap_shift': 10, 'aap_swing': 3.17, 'inc_shift': 11, 'inc_swing': 3.85, 'bjp_shift': 22, 'bjp_swing': 4.27}",Congress Belt: High-Intensity Reclamation Zone,ਕਾਂਗਰਸੀ ਪ੍ਰਭਾਵ ਵਾਲਾ ਹਲਕਾ: ਮੁੜ-ਬਹਾਲੀ ਜ਼ੋਨ,INC led by +50 votes with 35.8% vote share in Bhilowal. Neutralize traditional Congress sarpanch networks. Appoint 2 booth captains and directly onboard dynamic rural youth.,ਕਾਂਗਰਸ ਨੇ ਇੱਥੇ +50 ਵੋਟਾਂ (35.8%) ਦੀ ਲੀਡ ਲਈ ਹੈ। ਭੀਲੋਵਾਲ ਵਿੱਚ ਪੁਰਾਣੇ ਸਰਪੰਚੀ ਪ੍ਰਭਾਵ ਨੂੰ ਘਟਾਉਣ ਲਈ ਦੋ ਨਵੇਂ ਯੂਥ ਬੂਥ ਇੰਚਾਰਜ ਲਗਾਓ ਅਤੇ ਘਰ-ਘਰ ਸੰਪਰਕ ਮੁਹਿੰਮ ਚਲਾਓ।,"{'booth_no': '159', 'village_en': 'Bhilowal', 'village_pa': 'ਭੀਲੋਵਾਲ', 'zone_en': 'Congress Belt: High-Intensity Reclamation Zone', 'zone_pa': 'ਕਾਂਗਰਸੀ ਪ੍ਰਭਾਵ ਵਾਲਾ ਹਲਕਾ: ਮੁੜ-ਬਹਾਲੀ ਜ਼ੋਨ', 'action_en': 'INC led by +50 votes with 35.8% vote share in Bhilowal. Neutralize traditional Congress sarpanch networks. Appoint 2 booth captains and directly onboard dynamic rural youth.', 'action_pa': 'ਕਾਂਗਰਸ ਨੇ ਇੱਥੇ +50 ਵੋਟਾਂ (35.8%) ਦੀ ਲੀਡ ਲਈ ਹੈ। ਭੀਲੋਵਾਲ ਵਿੱਚ ਪੁਰਾਣੇ ਸਰਪੰਚੀ ਪ੍ਰਭਾਵ ਨੂੰ ਘਟਾਉਣ ਲਈ ਦੋ ਨਵੇਂ ਯੂਥ ਬੂਥ ਇੰਚਾਰਜ ਲਗਾਓ ਅਤੇ ਘਰ-ਘਰ ਸੰਪਰਕ ਮੁਹਿੰਮ ਚਲਾਓ।', 'action_steps_en': ['Days 1-30: Identify active vs inactive Congress booth workers in Bhilowal.', 'Days 31-60: Form rural welfare monitoring committee to connect village elders with state pensions.', ""Days 61-90: Overcome Congress's +50 vote lead through door-to-door cadre contact.""], 'action_steps_pa': ['ਦਿਨ 1-30: ਭੀਲੋਵਾਲ ਵਿੱਚ ਕਾਂਗਰਸੀ ਸਰਪੰਚਾਂ ਅਤੇ ਆਗੂਆਂ ਦੇ ਪ੍ਰਭਾਵ ਦਾ ਵਿਸ਼ਲੇਸ਼ਣ ਕਰੋ।', 'ਦਿਨ 31-60: ਬਜ਼ੁਰਗਾਂ ਅਤੇ ਔਰਤਾਂ ਨੂੰ ਪੈਨਸ਼ਨਾਂ ਤੇ ਭਲਾਈ ਸਕੀਮਾਂ ਨਾਲ ਜੋੜਨ ਲਈ ਕੈਂਪ ਲਗਾਓ।', 'ਦਿਨ 61-90: ਨੌਜਵਾਨਾਂ ਦੀ ਟੀਮ ਰਾਹੀਂ ਕਾਂਗਰਸ ਦੀ +50 ਵੋਟਾਂ ਦੀ ਲੀਡ ਖ਼ਤਮ ਕਰੋ।'], 'action_steps': ['ਦਿਨ 1-30: ਭੀਲੋਵਾਲ ਵਿੱਚ ਕਾਂਗਰਸੀ ਸਰਪੰਚਾਂ ਅਤੇ ਆਗੂਆਂ ਦੇ ਪ੍ਰਭਾਵ ਦਾ ਵਿਸ਼ਲੇਸ਼ਣ ਕਰੋ।', 'ਦਿਨ 31-60: ਬਜ਼ੁਰਗਾਂ ਅਤੇ ਔਰਤਾਂ ਨੂੰ ਪੈਨਸ਼ਨਾਂ ਤੇ ਭਲਾਈ ਸਕੀਮਾਂ ਨਾਲ ਜੋੜਨ ਲਈ ਕੈਂਪ ਲਗਾਓ।', 'ਦਿਨ 61-90: ਨੌਜਵਾਨਾਂ ਦੀ ਟੀਮ ਰਾਹੀਂ ਕਾਂਗਰਸ ਦੀ +50 ਵੋਟਾਂ ਦੀ ਲੀਡ ਖ਼ਤਮ ਕਰੋ।']}"
160,160,156,160,160,False,#160,Booth #160 (Unchanged),ਬੂਥ #160 (ਅਣਬਦਲਿਆ),Bhilowal,ਭੀਲੋਵਾਲ,ਭੀਲੋਵਾਲ,Bhilowal,ਭੀਲੋਵਾਲ,Bhilowal,ਭੀਲੋਵਾਲ,SAD,AAP,128,1,SAD → AAP,SAD → AAP,AAP Gain,ਆਪ ਲਾਭ,INC Deficit,"{'AAP': 'GAINED', 'SAD': 'LOST_24', 'INC': 'LOST_BOTH', 'BJP': 'WEAK'}",True,"{'is_flip': True, 'status_label': 'SAD → AAP', 'turnout_diff': -80, 'turnout_pct': -10.54, 'sad_swing': -27.65, 'aap_swing': 5.56, 'inc_swing': 16.08, 'bjp_swing': 1.53}",759,679,-80,-10.54,344,120,-224,45.32,17.67,-27.65,216,231,15,28.46,34.02,5.56,135,230,95,17.79,33.87,16.08,4,14,10,0.53,2.06,1.53,36,5.3,"{'total': 759, 'sad': 344, 'aap': 216, 'inc': 135, 'bjp': 4, 'sad_votes': 344, 'sad_pct': 45.32, 'aap_votes': 216, 'aap_pct': 28.46, 'inc_votes': 135, 'inc_pct': 17.79, 'bjp_votes': 4, 'bjp_pct': 0.53, 'winner_party': 'SAD', 'margin': 128, 'winner_candidate': 'Ganieve Kaur Majithia'}","{'total': 679, 'sad': 120, 'aap': 231, 'inc': 230, 'bjp': 14, 'sada': 36, 'bsp': 3, 'others': 40, 'sad_votes': 120, 'sad_pct': 17.67, 'aap_votes': 231, 'aap_pct': 34.02, 'inc_votes': 230, 'inc_pct': 33.87, 'bjp_votes': 14, 'bjp_pct': 2.06, 'sada_votes': 36, 'sada_pct': 5.3, 'winner_party': 'AAP', 'margin': 1, 'winner_candidate': 'Kuldeep Singh Dhaliwal'}","{'turnout_diff': -80, 'turnout_pct': -10.54, 'sad_shift': -224, 'sad_swing': -27.65, 'aap_shift': 15, 'aap_swing': 5.56, 'inc_shift': 95, 'inc_swing': 16.08, 'bjp_shift': 10, 'bjp_swing': 1.53}",Historic Breakthrough: AAP Flipped Stronghold,ਇਤਿਹਾਸਕ ਪ੍ਰਾਪਤੀ: ਅਕਾਲੀ ਗੜ੍ਹ ਵਿੱਚ ਆਪ ਦੀ ਜਿੱਤ ਜ਼ੋਨ,"Major breakthrough in Bhilowal previously held by SAD. Formally induct local village swing leaders and youth volunteers who backed AAP in 2024. Resolve local village infrastructure, canal tail issues, and cement +1 lead.","ਭੀਲੋਵਾਲ ਵਿੱਚ ਵੱਡੀ ਇਤਿਹਾਸਕ ਸਫ਼ਲਤਾ, ਜਿੱਥੇ SAD ਦਾ ਪੁਰਾਣਾ ਦਬਦਬਾ ਟੁੱਟਿਆ। 2024 ਵਿੱਚ ਆਪ ਨਾਲ ਜੁੜੇ ਨੌਜਵਾਨਾਂ ਅਤੇ ਪੰਚਾਇਤੀ ਆਗੂਆਂ ਨੂੰ ਜਥੇਬੰਦਕ ਜ਼ਿੰਮੇਵਾਰੀਆਂ ਦਿਓ ਅਤੇ +1 ਵੋਟਾਂ ਦੀ ਲੀਡ ਨੂੰ ਸਥਾਈ ਵੋਟ ਬੈਂਕ ਵਿੱਚ ਬਦਲੋ।","{'booth_no': '160', 'village_en': 'Bhilowal', 'village_pa': 'ਭੀਲੋਵਾਲ', 'zone_en': 'Historic Breakthrough: AAP Flipped Stronghold', 'zone_pa': 'ਇਤਿਹਾਸਕ ਪ੍ਰਾਪਤੀ: ਅਕਾਲੀ ਗੜ੍ਹ ਵਿੱਚ ਆਪ ਦੀ ਜਿੱਤ ਜ਼ੋਨ', 'action_en': 'Major breakthrough in Bhilowal previously held by SAD. Formally induct local village swing leaders and youth volunteers who backed AAP in 2024. Resolve local village infrastructure, canal tail issues, and cement +1 lead.', 'action_pa': 'ਭੀਲੋਵਾਲ ਵਿੱਚ ਵੱਡੀ ਇਤਿਹਾਸਕ ਸਫ਼ਲਤਾ, ਜਿੱਥੇ SAD ਦਾ ਪੁਰਾਣਾ ਦਬਦਬਾ ਟੁੱਟਿਆ। 2024 ਵਿੱਚ ਆਪ ਨਾਲ ਜੁੜੇ ਨੌਜਵਾਨਾਂ ਅਤੇ ਪੰਚਾਇਤੀ ਆਗੂਆਂ ਨੂੰ ਜਥੇਬੰਦਕ ਜ਼ਿੰਮੇਵਾਰੀਆਂ ਦਿਓ ਅਤੇ +1 ਵੋਟਾਂ ਦੀ ਲੀਡ ਨੂੰ ਸਥਾਈ ਵੋਟ ਬੈਂਕ ਵਿੱਚ ਬਦਲੋ।', 'action_steps_en': ['Days 1-30: Onboard dynamic swing workers who crossed over from SAD into the formal AAP booth structure.', 'Days 31-60: Prioritize village link road and street light repairs in Bhilowal through rural development grants.', 'Days 61-90: Convert current +1 vote lead into permanent party loyalty before 2027.'], 'action_steps_pa': ['ਦਿਨ 1-30: SAD ਛੱਡ ਕੇ ਆਪ ਵਿੱਚ ਸ਼ਾਮਲ ਹੋਏ ਆਗੂਆਂ ਨੂੰ ਬੂਥ ਕਮੇਟੀ ਵਿੱਚ ਅਹਿਮ ਜ਼ਿੰਮੇਵਾਰੀਆਂ ਦਿਓ।', ""ਦਿਨ 31-60: ਭੀਲੋਵਾਲ ਵਿੱਚ ਪਿੰਡ ਦੀਆਂ ਫਿਰਨੀਆਂ, ਗਲੀਆਂ ਅਤੇ ਲਿੰਕ ਸੜਕਾਂ ਦੇ ਕੰਮ ਤਰਜੀਹ 'ਤੇ ਕਰਵਾਓ।"", 'ਦਿਨ 61-90: +1 ਵੋਟਾਂ ਦੀ ਲੀਡ ਨੂੰ ਪੱਕੇ ਵੋਟ ਬੈਂਕ ਵਿੱਚ ਤਬਦੀਲ ਕਰੋ।'], 'action_steps': ['ਦਿਨ 1-30: SAD ਛੱਡ ਕੇ ਆਪ ਵਿੱਚ ਸ਼ਾਮਲ ਹੋਏ ਆਗੂਆਂ ਨੂੰ ਬੂਥ ਕਮੇਟੀ ਵਿੱਚ ਅਹਿਮ ਜ਼ਿੰਮੇਵਾਰੀਆਂ ਦਿਓ।', ""ਦਿਨ 31-60: ਭੀਲੋਵਾਲ ਵਿੱਚ ਪਿੰਡ ਦੀਆਂ ਫਿਰਨੀਆਂ, ਗਲੀਆਂ ਅਤੇ ਲਿੰਕ ਸੜਕਾਂ ਦੇ ਕੰਮ ਤਰਜੀਹ 'ਤੇ ਕਰਵਾਓ।"", 'ਦਿਨ 61-90: +1 ਵੋਟਾਂ ਦੀ ਲੀਡ ਨੂੰ ਪੱਕੇ ਵੋਟ ਬੈਂਕ ਵਿੱਚ ਤਬਦੀਲ ਕਰੋ।']}"
161,161,157,161,161,False,#161,Booth #161 (Unchanged),ਬੂਥ #161 (ਅਣਬਦਲਿਆ),Panwan,ਪੰਵਾਂ,ਪੰਵਾਂ,Panwan,ਪੰਵਾਂ,Panwan,ਪੰਵਾਂ,SAD,SAD,100,50,SAD Retained,SAD Retained,AAP Deficit,ਆਪ ਘਾਟ,INC Deficit,"{'AAP': 'LOST_BOTH', 'SAD': 'WON_BOTH', 'INC': 'WEAK', 'BJP': 'WEAK'}",False,"{'is_flip': False, 'status_label': 'SAD Retained', 'turnout_diff': -173, 'turnout_pct': -40.33, 'sad_swing': 2.46, 'aap_swing': 6.24, 'inc_swing': -11.1, 'bjp_swing': -0.54}",429,256,-173,-40.33,214,134,-80,49.88,52.34,2.46,114,84,-30,26.57,32.81,6.24,61,8,-53,14.22,3.12,-11.1,4,1,-3,0.93,0.39,-0.54,10,3.91,"{'total': 429, 'sad': 214, 'aap': 114, 'inc': 61, 'bjp': 4, 'sad_votes': 214, 'sad_pct': 49.88, 'aap_votes': 114, 'aap_pct': 26.57, 'inc_votes': 61, 'inc_pct': 14.22, 'bjp_votes': 4, 'bjp_pct': 0.93, 'winner_party': 'SAD', 'margin': 100, 'winner_candidate': 'Ganieve Kaur Majithia'}","{'total': 256, 'sad': 134, 'aap': 84, 'inc': 8, 'bjp': 1, 'sada': 10, 'bsp': 0, 'others': 18, 'sad_votes': 134, 'sad_pct': 52.34, 'aap_votes': 84, 'aap_pct': 32.81, 'inc_votes': 8, 'inc_pct': 3.12, 'bjp_votes': 1, 'bjp_pct': 0.39, 'sada_votes': 10, 'sada_pct': 3.91, 'winner_party': 'SAD', 'margin': 50, 'winner_candidate': 'Anil Joshi'}","{'turnout_diff': -173, 'turnout_pct': -40.33, 'sad_shift': -80, 'sad_swing': 2.46, 'aap_shift': -30, 'aap_swing': 6.24, 'inc_shift': -53, 'inc_swing': -11.1, 'bjp_shift': -3, 'bjp_swing': -0.54}",Akali Bastion: Strategic Penetration & Demolition Zone,ਅਕਾਲੀ ਦਲ ਦਾ ਪ੍ਰਭਾਵਿਤ ਖੇਤਰ: ਵਿਸ਼ੇਸ਼ ਘੇਰਾਬੰਦੀ ਜ਼ੋਨ,SAD retained lead here by +50 votes (52.3% share). Target moderate Panthic and farming families in Panwan disillusioned with traditional leadership. Appoint dedicated block coordinators and highlight direct government procurement and village development works.,ਅਕਾਲੀ ਦਲ ਨੇ ਇੱਥੇ +50 ਵੋਟਾਂ (52.3%) ਨਾਲ ਲੀਡ ਬਣਾਈ ਹੈ। ਪੰਵਾਂ ਵਿੱਚ ਰਵਾਇਤੀ ਲੀਡਰਸ਼ਿਪ ਤੋਂ ਨਿਰਾਸ਼ ਕਿਸਾਨ ਅਤੇ ਪੰਥਕ ਪਰਿਵਾਰਾਂ ਨਾਲ ਸੰਵਾਦ ਕਰੋ। ਪਿੰਡਾਂ ਵਿੱਚ ਪੰਜਾਬ ਸਰਕਾਰ ਦੇ ਵਿਕਾਸ ਕਾਰਜਾਂ ਅਤੇ ਨਿਰਪੱਖ ਭਰਤੀਆਂ ਦੇ ਸੁਨੇਹੇ ਨਾਲ ਸੰਨ੍ਹ ਲਗਾਓ।,"{'booth_no': '161', 'village_en': 'Panwan', 'village_pa': 'ਪੰਵਾਂ', 'zone_en': 'Akali Bastion: Strategic Penetration & Demolition Zone', 'zone_pa': 'ਅਕਾਲੀ ਦਲ ਦਾ ਪ੍ਰਭਾਵਿਤ ਖੇਤਰ: ਵਿਸ਼ੇਸ਼ ਘੇਰਾਬੰਦੀ ਜ਼ੋਨ', 'action_en': 'SAD retained lead here by +50 votes (52.3% share). Target moderate Panthic and farming families in Panwan disillusioned with traditional leadership. Appoint dedicated block coordinators and highlight direct government procurement and village development works.', 'action_pa': 'ਅਕਾਲੀ ਦਲ ਨੇ ਇੱਥੇ +50 ਵੋਟਾਂ (52.3%) ਨਾਲ ਲੀਡ ਬਣਾਈ ਹੈ। ਪੰਵਾਂ ਵਿੱਚ ਰਵਾਇਤੀ ਲੀਡਰਸ਼ਿਪ ਤੋਂ ਨਿਰਾਸ਼ ਕਿਸਾਨ ਅਤੇ ਪੰਥਕ ਪਰਿਵਾਰਾਂ ਨਾਲ ਸੰਵਾਦ ਕਰੋ। ਪਿੰਡਾਂ ਵਿੱਚ ਪੰਜਾਬ ਸਰਕਾਰ ਦੇ ਵਿਕਾਸ ਕਾਰਜਾਂ ਅਤੇ ਨਿਰਪੱਖ ਭਰਤੀਆਂ ਦੇ ਸੁਨੇਹੇ ਨਾਲ ਸੰਨ੍ਹ ਲਗਾਓ।', 'action_steps_en': ['Days 1-30: Map the top 30 influential non-committed Panthic families in Panwan.', 'Days 31-60: Deploy senior constituency leaders for direct home visits to address local disgruntlement.', ""Days 61-90: Neutralize SAD's +50 vote cushion by winning over agricultural youth.""], 'action_steps_pa': ['ਦਿਨ 1-30: ਪੰਵਾਂ ਦੇ 30 ਨਿਰਪੱਖ ਅਤੇ ਪ੍ਰਭਾਵਸ਼ਾਲੀ ਪਰਿਵਾਰਾਂ ਦੀ ਸ਼ਨਾਖਤ ਕਰੋ।', 'ਦਿਨ 31-60: ਸੀਨੀਅਰ ਲੀਡਰਸ਼ਿਪ ਰਾਹੀਂ ਘਰ-ਘਰ ਜਾ ਕੇ ਸਰਕਾਰ ਦੀਆਂ ਨਿਰਪੱਖ ਨੀਤੀਆਂ ਸਾਂਝੀਆਂ ਕਰੋ।', 'ਦਿਨ 61-90: ਨੌਜਵਾਨ ਵਰਗ ਨੂੰ ਸਰਕਾਰੀ ਨੌਕਰੀਆਂ ਅਤੇ ਖੇਡ ਕਿੱਟਾਂ ਰਾਹੀਂ ਪਾਰਟੀ ਨਾਲ ਜੋੜ ਕੇ ਲੀਡ ਘਟਾਓ।'], 'action_steps': ['ਦਿਨ 1-30: ਪੰਵਾਂ ਦੇ 30 ਨਿਰਪੱਖ ਅਤੇ ਪ੍ਰਭਾਵਸ਼ਾਲੀ ਪਰਿਵਾਰਾਂ ਦੀ ਸ਼ਨਾਖਤ ਕਰੋ।', 'ਦਿਨ 31-60: ਸੀਨੀਅਰ ਲੀਡਰਸ਼ਿਪ ਰਾਹੀਂ ਘਰ-ਘਰ ਜਾ ਕੇ ਸਰਕਾਰ ਦੀਆਂ ਨਿਰਪੱਖ ਨੀਤੀਆਂ ਸਾਂਝੀਆਂ ਕਰੋ।', 'ਦਿਨ 61-90: ਨੌਜਵਾਨ ਵਰਗ ਨੂੰ ਸਰਕਾਰੀ ਨੌਕਰੀਆਂ ਅਤੇ ਖੇਡ ਕਿੱਟਾਂ ਰਾਹੀਂ ਪਾਰਟੀ ਨਾਲ ਜੋੜ ਕੇ ਲੀਡ ਘਟਾਓ।']}"
162,162,158,162,162,False,#162,Booth #162 (Unchanged),ਬੂਥ #162 (ਅਣਬਦਲਿਆ),Khidowali,ਖਿਦੋਵਾਲੀ,ਖਿਦੋਵਾਲੀ,Khidowali,ਖਿਦੋਵਾਲੀ,Khidowali,ਖਿਦੋਵਾਲੀ,SAD,AAP,72,11,SAD → AAP,SAD → AAP,AAP Gain,ਆਪ ਲਾਭ,INC Deficit,"{'AAP': 'GAINED', 'SAD': 'LOST_24', 'INC': 'WEAK', 'BJP': 'WEAK'}",True,"{'is_flip': True, 'status_label': 'SAD → AAP', 'turnout_diff': -43, 'turnout_pct': -5.36, 'sad_swing': 4.92, 'aap_swing': 28.81, 'inc_swing': -27.47, 'bjp_swing': -0.47}",802,759,-43,-5.36,324,344,20,40.4,45.32,4.92,144,355,211,17.96,46.77,28.81,252,30,-222,31.42,3.95,-27.47,8,4,-4,1.0,0.53,-0.47,15,1.98,"{'total': 802, 'sad': 324, 'aap': 144, 'inc': 252, 'bjp': 8, 'sad_votes': 324, 'sad_pct': 40.4, 'aap_votes': 144, 'aap_pct': 17.96, 'inc_votes': 252, 'inc_pct': 31.42, 'bjp_votes': 8, 'bjp_pct': 1.0, 'winner_party': 'SAD', 'margin': 72, 'winner_candidate': 'Ganieve Kaur Majithia'}","{'total': 759, 'sad': 344, 'aap': 355, 'inc': 30, 'bjp': 4, 'sada': 15, 'bsp': 1, 'others': 10, 'sad_votes': 344, 'sad_pct': 45.32, 'aap_votes': 355, 'aap_pct': 46.77, 'inc_votes': 30, 'inc_pct': 3.95, 'bjp_votes': 4, 'bjp_pct': 0.53, 'sada_votes': 15, 'sada_pct': 1.98, 'winner_party': 'AAP', 'margin': 11, 'winner_candidate': 'Kuldeep Singh Dhaliwal'}","{'turnout_diff': -43, 'turnout_pct': -5.36, 'sad_shift': 20, 'sad_swing': 4.92, 'aap_shift': 211, 'aap_swing': 28.81, 'inc_shift': -222, 'inc_swing': -27.47, 'bjp_shift': -4, 'bjp_swing': -0.47}",Historic Breakthrough: AAP Flipped Stronghold,ਇਤਿਹਾਸਕ ਪ੍ਰਾਪਤੀ: ਅਕਾਲੀ ਗੜ੍ਹ ਵਿੱਚ ਆਪ ਦੀ ਜਿੱਤ ਜ਼ੋਨ,"Major breakthrough in Khidowali previously held by SAD. Formally induct local village swing leaders and youth volunteers who backed AAP in 2024. Resolve local village infrastructure, canal tail issues, and cement +11 lead.","ਖਿਦੋਵਾਲੀ ਵਿੱਚ ਵੱਡੀ ਇਤਿਹਾਸਕ ਸਫ਼ਲਤਾ, ਜਿੱਥੇ SAD ਦਾ ਪੁਰਾਣਾ ਦਬਦਬਾ ਟੁੱਟਿਆ। 2024 ਵਿੱਚ ਆਪ ਨਾਲ ਜੁੜੇ ਨੌਜਵਾਨਾਂ ਅਤੇ ਪੰਚਾਇਤੀ ਆਗੂਆਂ ਨੂੰ ਜਥੇਬੰਦਕ ਜ਼ਿੰਮੇਵਾਰੀਆਂ ਦਿਓ ਅਤੇ +11 ਵੋਟਾਂ ਦੀ ਲੀਡ ਨੂੰ ਸਥਾਈ ਵੋਟ ਬੈਂਕ ਵਿੱਚ ਬਦਲੋ।","{'booth_no': '162', 'village_en': 'Khidowali', 'village_pa': 'ਖਿਦੋਵਾਲੀ', 'zone_en': 'Historic Breakthrough: AAP Flipped Stronghold', 'zone_pa': 'ਇਤਿਹਾਸਕ ਪ੍ਰਾਪਤੀ: ਅਕਾਲੀ ਗੜ੍ਹ ਵਿੱਚ ਆਪ ਦੀ ਜਿੱਤ ਜ਼ੋਨ', 'action_en': 'Major breakthrough in Khidowali previously held by SAD. Formally induct local village swing leaders and youth volunteers who backed AAP in 2024. Resolve local village infrastructure, canal tail issues, and cement +11 lead.', 'action_pa': 'ਖਿਦੋਵਾਲੀ ਵਿੱਚ ਵੱਡੀ ਇਤਿਹਾਸਕ ਸਫ਼ਲਤਾ, ਜਿੱਥੇ SAD ਦਾ ਪੁਰਾਣਾ ਦਬਦਬਾ ਟੁੱਟਿਆ। 2024 ਵਿੱਚ ਆਪ ਨਾਲ ਜੁੜੇ ਨੌਜਵਾਨਾਂ ਅਤੇ ਪੰਚਾਇਤੀ ਆਗੂਆਂ ਨੂੰ ਜਥੇਬੰਦਕ ਜ਼ਿੰਮੇਵਾਰੀਆਂ ਦਿਓ ਅਤੇ +11 ਵੋਟਾਂ ਦੀ ਲੀਡ ਨੂੰ ਸਥਾਈ ਵੋਟ ਬੈਂਕ ਵਿੱਚ ਬਦਲੋ।', 'action_steps_en': ['Days 1-30: Onboard dynamic swing workers who crossed over from SAD into the formal AAP booth structure.', 'Days 31-60: Prioritize village link road and street light repairs in Khidowali through rural development grants.', 'Days 61-90: Convert current +11 vote lead into permanent party loyalty before 2027.'], 'action_steps_pa': ['ਦਿਨ 1-30: SAD ਛੱਡ ਕੇ ਆਪ ਵਿੱਚ ਸ਼ਾਮਲ ਹੋਏ ਆਗੂਆਂ ਨੂੰ ਬੂਥ ਕਮੇਟੀ ਵਿੱਚ ਅਹਿਮ ਜ਼ਿੰਮੇਵਾਰੀਆਂ ਦਿਓ।', ""ਦਿਨ 31-60: ਖਿਦੋਵਾਲੀ ਵਿੱਚ ਪਿੰਡ ਦੀਆਂ ਫਿਰਨੀਆਂ, ਗਲੀਆਂ ਅਤੇ ਲਿੰਕ ਸੜਕਾਂ ਦੇ ਕੰਮ ਤਰਜੀਹ 'ਤੇ ਕਰਵਾਓ।"", 'ਦਿਨ 61-90: +11 ਵੋਟਾਂ ਦੀ ਲੀਡ ਨੂੰ ਪੱਕੇ ਵੋਟ ਬੈਂਕ ਵਿੱਚ ਤਬਦੀਲ ਕਰੋ।'], 'action_steps': ['ਦਿਨ 1-30: SAD ਛੱਡ ਕੇ ਆਪ ਵਿੱਚ ਸ਼ਾਮਲ ਹੋਏ ਆਗੂਆਂ ਨੂੰ ਬੂਥ ਕਮੇਟੀ ਵਿੱਚ ਅਹਿਮ ਜ਼ਿੰਮੇਵਾਰੀਆਂ ਦਿਓ।', ""ਦਿਨ 31-60: ਖਿਦੋਵਾਲੀ ਵਿੱਚ ਪਿੰਡ ਦੀਆਂ ਫਿਰਨੀਆਂ, ਗਲੀਆਂ ਅਤੇ ਲਿੰਕ ਸੜਕਾਂ ਦੇ ਕੰਮ ਤਰਜੀਹ 'ਤੇ ਕਰਵਾਓ।"", 'ਦਿਨ 61-90: +11 ਵੋਟਾਂ ਦੀ ਲੀਡ ਨੂੰ ਪੱਕੇ ਵੋਟ ਬੈਂਕ ਵਿੱਚ ਤਬਦੀਲ ਕਰੋ।']}"
163,163,159,163,163,False,#163,Booth #163 (Unchanged),ਬੂਥ #163 (ਅਣਬਦਲਿਆ),Rupowali Brahmana,ਰੂਪੋਵਾਲੀ ਬ੍ਰਾਹਮਣਾਂ,ਰੂਪੋਵਾਲੀ ਬ੍ਰਾਹਮਣਾਂ,Rupowali Brahmana,ਰੂਪੋਵਾਲੀ ਬ੍ਰਾਹਮਣਾਂ,Rupowali Brahmana,ਰੂਪੋਵਾਲੀ ਬ੍ਰਾਹਮਣਾਂ,SAD,BJP,34,59,SAD → BJP,SAD → BJP,AAP Deficit,ਆਪ ਘਾਟ,INC Deficit,"{'AAP': 'WEAK', 'SAD': 'LOST_24', 'INC': 'LOST_BOTH', 'BJP': 'GAINED'}",True,"{'is_flip': True, 'status_label': 'SAD → BJP', 'turnout_diff': 348, 'turnout_pct': 139.2, 'sad_swing': -32.54, 'aap_swing': 8.62, 'inc_swing': -10.41, 'bjp_swing': 34.25}",250,598,348,139.2,124,102,-22,49.6,17.06,-32.54,19,97,78,7.6,16.22,8.62,90,153,63,36.0,25.59,-10.41,3,212,209,1.2,35.45,34.25,9,1.51,"{'total': 250, 'sad': 124, 'aap': 19, 'inc': 90, 'bjp': 3, 'sad_votes': 124, 'sad_pct': 49.6, 'aap_votes': 19, 'aap_pct': 7.6, 'inc_votes': 90, 'inc_pct': 36.0, 'bjp_votes': 3, 'bjp_pct': 1.2, 'winner_party': 'SAD', 'margin': 34, 'winner_candidate': 'Ganieve Kaur Majithia'}","{'total': 598, 'sad': 102, 'aap': 97, 'inc': 153, 'bjp': 212, 'sada': 9, 'bsp': 0, 'others': 22, 'sad_votes': 102, 'sad_pct': 17.06, 'aap_votes': 97, 'aap_pct': 16.22, 'inc_votes': 153, 'inc_pct': 25.59, 'bjp_votes': 212, 'bjp_pct': 35.45, 'sada_votes': 9, 'sada_pct': 1.51, 'winner_party': 'BJP', 'margin': 59, 'winner_candidate': 'Taranjit Singh Sandhu Samundri'}","{'turnout_diff': 348, 'turnout_pct': 139.2, 'sad_shift': -22, 'sad_swing': -32.54, 'aap_shift': 78, 'aap_swing': 8.62, 'inc_shift': 63, 'inc_swing': -10.41, 'bjp_shift': 209, 'bjp_swing': 34.25}",Urban Infiltration: BJP Containment & Counter-Offensive,ਸ਼ਹਿਰੀ ਸੰਵੇਦਨਸ਼ੀਲ ਖੇਤਰ: ਭਾਜਪਾ ਕਾਊਂਟਰ-ਮੁਹਿੰਮ ਜ਼ੋਨ,"BJP led here by +59 votes with 35.5% vote share in urban pockets of Rupowali Brahmana. Conduct structured dialogues with local shopkeepers, commission agents, and urban families. Emphasize state guarantees vs central economic policies.","ਭਾਜਪਾ ਨੇ ਰੂਪੋਵਾਲੀ ਬ੍ਰਾਹਮਣਾਂ ਦੇ ਸ਼ਹਿਰੀ ਹਿੱਸਿਆਂ ਵਿੱਚ +59 ਵੋਟਾਂ (35.5%) ਹਾਸਲ ਕੀਤੇ ਹਨ। ਵਪਾਰੀਆਂ, ਦੁਕਾਨਦਾਰਾਂ ਅਤੇ ਮੁਹੱਲਾ ਕਮੇਟੀਆਂ ਨਾਲ ਮੀਟਿੰਗਾਂ ਕਰਕੇ ਸਿੱਧਾ ਸੰਵਾਦ ਕਰੋ ਅਤੇ ਲੋਕ-ਪੱਖੀ ਨੀਤੀਆਂ ਬਾਰੇ ਜਾਗਰੂਕ ਕਰੋ।","{'booth_no': '163', 'village_en': 'Rupowali Brahmana', 'village_pa': 'ਰੂਪੋਵਾਲੀ ਬ੍ਰਾਹਮਣਾਂ', 'zone_en': 'Urban Infiltration: BJP Containment & Counter-Offensive', 'zone_pa': 'ਸ਼ਹਿਰੀ ਸੰਵੇਦਨਸ਼ੀਲ ਖੇਤਰ: ਭਾਜਪਾ ਕਾਊਂਟਰ-ਮੁਹਿੰਮ ਜ਼ੋਨ', 'action_en': 'BJP led here by +59 votes with 35.5% vote share in urban pockets of Rupowali Brahmana. Conduct structured dialogues with local shopkeepers, commission agents, and urban families. Emphasize state guarantees vs central economic policies.', 'action_pa': 'ਭਾਜਪਾ ਨੇ ਰੂਪੋਵਾਲੀ ਬ੍ਰਾਹਮਣਾਂ ਦੇ ਸ਼ਹਿਰੀ ਹਿੱਸਿਆਂ ਵਿੱਚ +59 ਵੋਟਾਂ (35.5%) ਹਾਸਲ ਕੀਤੇ ਹਨ। ਵਪਾਰੀਆਂ, ਦੁਕਾਨਦਾਰਾਂ ਅਤੇ ਮੁਹੱਲਾ ਕਮੇਟੀਆਂ ਨਾਲ ਮੀਟਿੰਗਾਂ ਕਰਕੇ ਸਿੱਧਾ ਸੰਵਾਦ ਕਰੋ ਅਤੇ ਲੋਕ-ਪੱਖੀ ਨੀਤੀਆਂ ਬਾਰੇ ਜਾਗਰੂਕ ਕਰੋ।', 'action_steps_en': ['Days 1-30: Organize urban merchant and shopkeeper roundtables in Rupowali Brahmana.', 'Days 31-60: Counter central economic propaganda with Punjab business facilitation policies.', ""Days 61-90: Establish active urban ward cell to dismantle BJP's +59 vote pocket.""], 'action_steps_pa': ['ਦਿਨ 1-30: ਰੂਪੋਵਾਲੀ ਬ੍ਰਾਹਮਣਾਂ ਦੇ ਦੁਕਾਨਦਾਰਾਂ ਅਤੇ ਵਪਾਰੀ ਭਾਈਚਾਰੇ ਨਾਲ ਮੀਟਿੰਗਾਂ ਦਾ ਸਿਲਸਿਲਾ ਸ਼ੁਰੂ ਕਰੋ।', 'ਦਿਨ 31-60: ਕੇਂਦਰ ਸਰਕਾਰ ਦੀਆਂ ਆਰਥਿਕ ਨੀਤੀਆਂ ਬਨਾਮ ਪੰਜਾਬ ਸਰਕਾਰ ਦੀ ਵਪਾਰੀ ਪੱਖੀ ਪਹੁੰਚ ਬਾਰੇ ਦੱਸੋ।', 'ਦਿਨ 61-90: ਸ਼ਹਿਰੀ ਵਾਰਡਾਂ ਵਿੱਚ ਆਪ ਦਾ ਮਜ਼ਬੂਤ ਯੂਨਿਟ ਸਥਾਪਿਤ ਕਰੋ।'], 'action_steps': ['ਦਿਨ 1-30: ਰੂਪੋਵਾਲੀ ਬ੍ਰਾਹਮਣਾਂ ਦੇ ਦੁਕਾਨਦਾਰਾਂ ਅਤੇ ਵਪਾਰੀ ਭਾਈਚਾਰੇ ਨਾਲ ਮੀਟਿੰਗਾਂ ਦਾ ਸਿਲਸਿਲਾ ਸ਼ੁਰੂ ਕਰੋ।', 'ਦਿਨ 31-60: ਕੇਂਦਰ ਸਰਕਾਰ ਦੀਆਂ ਆਰਥਿਕ ਨੀਤੀਆਂ ਬਨਾਮ ਪੰਜਾਬ ਸਰਕਾਰ ਦੀ ਵਪਾਰੀ ਪੱਖੀ ਪਹੁੰਚ ਬਾਰੇ ਦੱਸੋ।', 'ਦਿਨ 61-90: ਸ਼ਹਿਰੀ ਵਾਰਡਾਂ ਵਿੱਚ ਆਪ ਦਾ ਮਜ਼ਬੂਤ ਯੂਨਿਟ ਸਥਾਪਿਤ ਕਰੋ।']}"
164,164,160,164,164,False,#164,Booth #164 (Unchanged),ਬੂਥ #164 (ਅਣਬਦਲਿਆ),Kaler Bala Pai,ਕਲੇਰ ਬਾਲਾ ਪਾਈ,ਕਲੇਰ ਬਾਲਾ ਪਾਈ,Kaler Bala Pai,ਕਲੇਰ ਬਾਲਾ ਪਾਈ,Kaler Bala Pai,ਕਲੇਰ ਬਾਲਾ ਪਾਈ,SAD,SAD,107,108,SAD Retained,SAD Retained,AAP Deficit,ਆਪ ਘਾਟ,INC Deficit,"{'AAP': 'LOST_BOTH', 'SAD': 'WON_BOTH', 'INC': 'WEAK', 'BJP': 'WEAK'}",False,"{'is_flip': False, 'status_label': 'SAD Retained', 'turnout_diff': 281, 'turnout_pct': 81.69, 'sad_swing': -14.07, 'aap_swing': -0.24, 'inc_swing': -3.84, 'bjp_swing': 4.25}",344,625,281,81.69,197,270,73,57.27,43.2,-14.07,90,162,72,26.16,25.92,-0.24,49,65,16,14.24,10.4,-3.84,3,32,29,0.87,5.12,4.25,75,12.0,"{'total': 344, 'sad': 197, 'aap': 90, 'inc': 49, 'bjp': 3, 'sad_votes': 197, 'sad_pct': 57.27, 'aap_votes': 90, 'aap_pct': 26.16, 'inc_votes': 49, 'inc_pct': 14.24, 'bjp_votes': 3, 'bjp_pct': 0.87, 'winner_party': 'SAD', 'margin': 107, 'winner_candidate': 'Ganieve Kaur Majithia'}","{'total': 625, 'sad': 270, 'aap': 162, 'inc': 65, 'bjp': 32, 'sada': 75, 'bsp': 0, 'others': 20, 'sad_votes': 270, 'sad_pct': 43.2, 'aap_votes': 162, 'aap_pct': 25.92, 'inc_votes': 65, 'inc_pct': 10.4, 'bjp_votes': 32, 'bjp_pct': 5.12, 'sada_votes': 75, 'sada_pct': 12.0, 'winner_party': 'SAD', 'margin': 108, 'winner_candidate': 'Anil Joshi'}","{'turnout_diff': 281, 'turnout_pct': 81.69, 'sad_shift': 73, 'sad_swing': -14.07, 'aap_shift': 72, 'aap_swing': -0.24, 'inc_shift': 16, 'inc_swing': -3.84, 'bjp_shift': 29, 'bjp_swing': 4.25}",Akali Bastion: Strategic Penetration & Demolition Zone,ਅਕਾਲੀ ਦਲ ਦਾ ਪ੍ਰਭਾਵਿਤ ਖੇਤਰ: ਵਿਸ਼ੇਸ਼ ਘੇਰਾਬੰਦੀ ਜ਼ੋਨ,SAD retained lead here by +108 votes (43.2% share). Target moderate Panthic and farming families in Kaler Bala Pai disillusioned with traditional leadership. Appoint dedicated block coordinators and highlight direct government procurement and village development works.,ਅਕਾਲੀ ਦਲ ਨੇ ਇੱਥੇ +108 ਵੋਟਾਂ (43.2%) ਨਾਲ ਲੀਡ ਬਣਾਈ ਹੈ। ਕਲੇਰ ਬਾਲਾ ਪਾਈ ਵਿੱਚ ਰਵਾਇਤੀ ਲੀਡਰਸ਼ਿਪ ਤੋਂ ਨਿਰਾਸ਼ ਕਿਸਾਨ ਅਤੇ ਪੰਥਕ ਪਰਿਵਾਰਾਂ ਨਾਲ ਸੰਵਾਦ ਕਰੋ। ਪਿੰਡਾਂ ਵਿੱਚ ਪੰਜਾਬ ਸਰਕਾਰ ਦੇ ਵਿਕਾਸ ਕਾਰਜਾਂ ਅਤੇ ਨਿਰਪੱਖ ਭਰਤੀਆਂ ਦੇ ਸੁਨੇਹੇ ਨਾਲ ਸੰਨ੍ਹ ਲਗਾਓ।,"{'booth_no': '164', 'village_en': 'Kaler Bala Pai', 'village_pa': 'ਕਲੇਰ ਬਾਲਾ ਪਾਈ', 'zone_en': 'Akali Bastion: Strategic Penetration & Demolition Zone', 'zone_pa': 'ਅਕਾਲੀ ਦਲ ਦਾ ਪ੍ਰਭਾਵਿਤ ਖੇਤਰ: ਵਿਸ਼ੇਸ਼ ਘੇਰਾਬੰਦੀ ਜ਼ੋਨ', 'action_en': 'SAD retained lead here by +108 votes (43.2% share). Target moderate Panthic and farming families in Kaler Bala Pai disillusioned with traditional leadership. Appoint dedicated block coordinators and highlight direct government procurement and village development works.', 'action_pa': 'ਅਕਾਲੀ ਦਲ ਨੇ ਇੱਥੇ +108 ਵੋਟਾਂ (43.2%) ਨਾਲ ਲੀਡ ਬਣਾਈ ਹੈ। ਕਲੇਰ ਬਾਲਾ ਪਾਈ ਵਿੱਚ ਰਵਾਇਤੀ ਲੀਡਰਸ਼ਿਪ ਤੋਂ ਨਿਰਾਸ਼ ਕਿਸਾਨ ਅਤੇ ਪੰਥਕ ਪਰਿਵਾਰਾਂ ਨਾਲ ਸੰਵਾਦ ਕਰੋ। ਪਿੰਡਾਂ ਵਿੱਚ ਪੰਜਾਬ ਸਰਕਾਰ ਦੇ ਵਿਕਾਸ ਕਾਰਜਾਂ ਅਤੇ ਨਿਰਪੱਖ ਭਰਤੀਆਂ ਦੇ ਸੁਨੇਹੇ ਨਾਲ ਸੰਨ੍ਹ ਲਗਾਓ।', 'action_steps_en': ['Days 1-30: Map the top 30 influential non-committed Panthic families in Kaler Bala Pai.', 'Days 31-60: Deploy senior constituency leaders for direct home visits to address local disgruntlement.', ""Days 61-90: Neutralize SAD's +108 vote cushion by winning over agricultural youth.""], 'action_steps_pa': ['ਦਿਨ 1-30: ਕਲੇਰ ਬਾਲਾ ਪਾਈ ਦੇ 30 ਨਿਰਪੱਖ ਅਤੇ ਪ੍ਰਭਾਵਸ਼ਾਲੀ ਪਰਿਵਾਰਾਂ ਦੀ ਸ਼ਨਾਖਤ ਕਰੋ।', 'ਦਿਨ 31-60: ਸੀਨੀਅਰ ਲੀਡਰਸ਼ਿਪ ਰਾਹੀਂ ਘਰ-ਘਰ ਜਾ ਕੇ ਸਰਕਾਰ ਦੀਆਂ ਨਿਰਪੱਖ ਨੀਤੀਆਂ ਸਾਂਝੀਆਂ ਕਰੋ।', 'ਦਿਨ 61-90: ਨੌਜਵਾਨ ਵਰਗ ਨੂੰ ਸਰਕਾਰੀ ਨੌਕਰੀਆਂ ਅਤੇ ਖੇਡ ਕਿੱਟਾਂ ਰਾਹੀਂ ਪਾਰਟੀ ਨਾਲ ਜੋੜ ਕੇ ਲੀਡ ਘਟਾਓ।'], 'action_steps': ['ਦਿਨ 1-30: ਕਲੇਰ ਬਾਲਾ ਪਾਈ ਦੇ 30 ਨਿਰਪੱਖ ਅਤੇ ਪ੍ਰਭਾਵਸ਼ਾਲੀ ਪਰਿਵਾਰਾਂ ਦੀ ਸ਼ਨਾਖਤ ਕਰੋ।', 'ਦਿਨ 31-60: ਸੀਨੀਅਰ ਲੀਡਰਸ਼ਿਪ ਰਾਹੀਂ ਘਰ-ਘਰ ਜਾ ਕੇ ਸਰਕਾਰ ਦੀਆਂ ਨਿਰਪੱਖ ਨੀਤੀਆਂ ਸਾਂਝੀਆਂ ਕਰੋ।', 'ਦਿਨ 61-90: ਨੌਜਵਾਨ ਵਰਗ ਨੂੰ ਸਰਕਾਰੀ ਨੌਕਰੀਆਂ ਅਤੇ ਖੇਡ ਕਿੱਟਾਂ ਰਾਹੀਂ ਪਾਰਟੀ ਨਾਲ ਜੋੜ ਕੇ ਲੀਡ ਘਟਾਓ।']}"
165,165,161,165,165,False,#165,Booth #165 (Unchanged),ਬੂਥ #165 (ਅਣਬਦਲਿਆ),Athwal,ਅਠਵਾਲ,ਅਠਵਾਲ,Athwal,ਅਠਵਾਲ,Athwal,ਅਠਵਾਲ,SAD,SAD,12,44,SAD Retained,SAD Retained,AAP Deficit,ਆਪ ਘਾਟ,INC Deficit,"{'AAP': 'WEAK', 'SAD': 'WON_BOTH', 'INC': 'LOST_BOTH', 'BJP': 'LOST_BOTH'}",False,"{'is_flip': False, 'status_label': 'SAD Retained', 'turnout_diff': -161, 'turnout_pct': -28.05, 'sad_swing': -7.19, 'aap_swing': 3.57, 'inc_swing': -15.75, 'bjp_swing': 10.57}",574,413,-161,-28.05,240,143,-97,41.81,34.62,-7.19,81,73,-8,14.11,17.68,3.57,228,99,-129,39.72,23.97,-15.75,6,48,42,1.05,11.62,10.57,25,6.05,"{'total': 574, 'sad': 240, 'aap': 81, 'inc': 228, 'bjp': 6, 'sad_votes': 240, 'sad_pct': 41.81, 'aap_votes': 81, 'aap_pct': 14.11, 'inc_votes': 228, 'inc_pct': 39.72, 'bjp_votes': 6, 'bjp_pct': 1.05, 'winner_party': 'SAD', 'margin': 12, 'winner_candidate': 'Ganieve Kaur Majithia'}","{'total': 413, 'sad': 143, 'aap': 73, 'inc': 99, 'bjp': 48, 'sada': 25, 'bsp': 2, 'others': 22, 'sad_votes': 143, 'sad_pct': 34.62, 'aap_votes': 73, 'aap_pct': 17.68, 'inc_votes': 99, 'inc_pct': 23.97, 'bjp_votes': 48, 'bjp_pct': 11.62, 'sada_votes': 25, 'sada_pct': 6.05, 'winner_party': 'SAD', 'margin': 44, 'winner_candidate': 'Anil Joshi'}","{'turnout_diff': -161, 'turnout_pct': -28.05, 'sad_shift': -97, 'sad_swing': -7.19, 'aap_shift': -8, 'aap_swing': 3.57, 'inc_shift': -129, 'inc_swing': -15.75, 'bjp_shift': 42, 'bjp_swing': 10.57}",Akali Bastion: Strategic Penetration & Demolition Zone,ਅਕਾਲੀ ਦਲ ਦਾ ਪ੍ਰਭਾਵਿਤ ਖੇਤਰ: ਵਿਸ਼ੇਸ਼ ਘੇਰਾਬੰਦੀ ਜ਼ੋਨ,SAD retained lead here by +44 votes (34.6% share). Target moderate Panthic and farming families in Athwal disillusioned with traditional leadership. Appoint dedicated block coordinators and highlight direct government procurement and village development works.,ਅਕਾਲੀ ਦਲ ਨੇ ਇੱਥੇ +44 ਵੋਟਾਂ (34.6%) ਨਾਲ ਲੀਡ ਬਣਾਈ ਹੈ। ਅਠਵਾਲ ਵਿੱਚ ਰਵਾਇਤੀ ਲੀਡਰਸ਼ਿਪ ਤੋਂ ਨਿਰਾਸ਼ ਕਿਸਾਨ ਅਤੇ ਪੰਥਕ ਪਰਿਵਾਰਾਂ ਨਾਲ ਸੰਵਾਦ ਕਰੋ। ਪਿੰਡਾਂ ਵਿੱਚ ਪੰਜਾਬ ਸਰਕਾਰ ਦੇ ਵਿਕਾਸ ਕਾਰਜਾਂ ਅਤੇ ਨਿਰਪੱਖ ਭਰਤੀਆਂ ਦੇ ਸੁਨੇਹੇ ਨਾਲ ਸੰਨ੍ਹ ਲਗਾਓ।,"{'booth_no': '165', 'village_en': 'Athwal', 'village_pa': 'ਅਠਵਾਲ', 'zone_en': 'Akali Bastion: Strategic Penetration & Demolition Zone', 'zone_pa': 'ਅਕਾਲੀ ਦਲ ਦਾ ਪ੍ਰਭਾਵਿਤ ਖੇਤਰ: ਵਿਸ਼ੇਸ਼ ਘੇਰਾਬੰਦੀ ਜ਼ੋਨ', 'action_en': 'SAD retained lead here by +44 votes (34.6% share). Target moderate Panthic and farming families in Athwal disillusioned with traditional leadership. Appoint dedicated block coordinators and highlight direct government procurement and village development works.', 'action_pa': 'ਅਕਾਲੀ ਦਲ ਨੇ ਇੱਥੇ +44 ਵੋਟਾਂ (34.6%) ਨਾਲ ਲੀਡ ਬਣਾਈ ਹੈ। ਅਠਵਾਲ ਵਿੱਚ ਰਵਾਇਤੀ ਲੀਡਰਸ਼ਿਪ ਤੋਂ ਨਿਰਾਸ਼ ਕਿਸਾਨ ਅਤੇ ਪੰਥਕ ਪਰਿਵਾਰਾਂ ਨਾਲ ਸੰਵਾਦ ਕਰੋ। ਪਿੰਡਾਂ ਵਿੱਚ ਪੰਜਾਬ ਸਰਕਾਰ ਦੇ ਵਿਕਾਸ ਕਾਰਜਾਂ ਅਤੇ ਨਿਰਪੱਖ ਭਰਤੀਆਂ ਦੇ ਸੁਨੇਹੇ ਨਾਲ ਸੰਨ੍ਹ ਲਗਾਓ।', 'action_steps_en': ['Days 1-30: Map the top 30 influential non-committed Panthic families in Athwal.', 'Days 31-60: Deploy senior constituency leaders for direct home visits to address local disgruntlement.', ""Days 61-90: Neutralize SAD's +44 vote cushion by winning over agricultural youth.""], 'action_steps_pa': ['ਦਿਨ 1-30: ਅਠਵਾਲ ਦੇ 30 ਨਿਰਪੱਖ ਅਤੇ ਪ੍ਰਭਾਵਸ਼ਾਲੀ ਪਰਿਵਾਰਾਂ ਦੀ ਸ਼ਨਾਖਤ ਕਰੋ।', 'ਦਿਨ 31-60: ਸੀਨੀਅਰ ਲੀਡਰਸ਼ਿਪ ਰਾਹੀਂ ਘਰ-ਘਰ ਜਾ ਕੇ ਸਰਕਾਰ ਦੀਆਂ ਨਿਰਪੱਖ ਨੀਤੀਆਂ ਸਾਂਝੀਆਂ ਕਰੋ।', 'ਦਿਨ 61-90: ਨੌਜਵਾਨ ਵਰਗ ਨੂੰ ਸਰਕਾਰੀ ਨੌਕਰੀਆਂ ਅਤੇ ਖੇਡ ਕਿੱਟਾਂ ਰਾਹੀਂ ਪਾਰਟੀ ਨਾਲ ਜੋੜ ਕੇ ਲੀਡ ਘਟਾਓ।'], 'action_steps': ['ਦਿਨ 1-30: ਅਠਵਾਲ ਦੇ 30 ਨਿਰਪੱਖ ਅਤੇ ਪ੍ਰਭਾਵਸ਼ਾਲੀ ਪਰਿਵਾਰਾਂ ਦੀ ਸ਼ਨਾਖਤ ਕਰੋ।', 'ਦਿਨ 31-60: ਸੀਨੀਅਰ ਲੀਡਰਸ਼ਿਪ ਰਾਹੀਂ ਘਰ-ਘਰ ਜਾ ਕੇ ਸਰਕਾਰ ਦੀਆਂ ਨਿਰਪੱਖ ਨੀਤੀਆਂ ਸਾਂਝੀਆਂ ਕਰੋ।', 'ਦਿਨ 61-90: ਨੌਜਵਾਨ ਵਰਗ ਨੂੰ ਸਰਕਾਰੀ ਨੌਕਰੀਆਂ ਅਤੇ ਖੇਡ ਕਿੱਟਾਂ ਰਾਹੀਂ ਪਾਰਟੀ ਨਾਲ ਜੋੜ ਕੇ ਲੀਡ ਘਟਾਓ।']}"
166,166,162,166,166,False,#166,Booth #166 (Unchanged),ਬੂਥ #166 (ਅਣਬਦਲਿਆ),Arjan Manga,ਅਰਜਨ ਮੰਗਾ,ਅਰਜਨ ਮੰਗਾ,Arjan Manga,ਅਰਜਨ ਮੰਗਾ,Arjan Manga,ਅਰਜਨ ਮੰਗਾ,SAD,SAD,91,132,SAD Retained,SAD Retained,AAP Deficit,ਆਪ ਘਾਟ,INC Deficit,"{'AAP': 'LOST_BOTH', 'SAD': 'WON_BOTH', 'INC': 'LOST_BOTH', 'BJP': 'WEAK'}",False,"{'is_flip': False, 'status_label': 'SAD Retained', 'turnout_diff': 312, 'turnout_pct': 66.81, 'sad_swing': -1.28, 'aap_swing': 1.26, 'inc_swing': -2.75, 'bjp_swing': -0.52}",467,779,312,66.81,211,342,131,45.18,43.9,-1.28,120,210,90,25.7,26.96,1.26,110,162,52,23.55,20.8,-2.75,9,11,2,1.93,1.41,-0.52,34,4.36,"{'total': 467, 'sad': 211, 'aap': 120, 'inc': 110, 'bjp': 9, 'sad_votes': 211, 'sad_pct': 45.18, 'aap_votes': 120, 'aap_pct': 25.7, 'inc_votes': 110, 'inc_pct': 23.55, 'bjp_votes': 9, 'bjp_pct': 1.93, 'winner_party': 'SAD', 'margin': 91, 'winner_candidate': 'Ganieve Kaur Majithia'}","{'total': 779, 'sad': 342, 'aap': 210, 'inc': 162, 'bjp': 11, 'sada': 34, 'bsp': 1, 'others': 18, 'sad_votes': 342, 'sad_pct': 43.9, 'aap_votes': 210, 'aap_pct': 26.96, 'inc_votes': 162, 'inc_pct': 20.8, 'bjp_votes': 11, 'bjp_pct': 1.41, 'sada_votes': 34, 'sada_pct': 4.36, 'winner_party': 'SAD', 'margin': 132, 'winner_candidate': 'Anil Joshi'}","{'turnout_diff': 312, 'turnout_pct': 66.81, 'sad_shift': 131, 'sad_swing': -1.28, 'aap_shift': 90, 'aap_swing': 1.26, 'inc_shift': 52, 'inc_swing': -2.75, 'bjp_shift': 2, 'bjp_swing': -0.52}",Akali Bastion: Strategic Penetration & Demolition Zone,ਅਕਾਲੀ ਦਲ ਦਾ ਪ੍ਰਭਾਵਿਤ ਖੇਤਰ: ਵਿਸ਼ੇਸ਼ ਘੇਰਾਬੰਦੀ ਜ਼ੋਨ,SAD retained lead here by +132 votes (43.9% share). Target moderate Panthic and farming families in Arjan Manga disillusioned with traditional leadership. Appoint dedicated block coordinators and highlight direct government procurement and village development works.,ਅਕਾਲੀ ਦਲ ਨੇ ਇੱਥੇ +132 ਵੋਟਾਂ (43.9%) ਨਾਲ ਲੀਡ ਬਣਾਈ ਹੈ। ਅਰਜਨ ਮੰਗਾ ਵਿੱਚ ਰਵਾਇਤੀ ਲੀਡਰਸ਼ਿਪ ਤੋਂ ਨਿਰਾਸ਼ ਕਿਸਾਨ ਅਤੇ ਪੰਥਕ ਪਰਿਵਾਰਾਂ ਨਾਲ ਸੰਵਾਦ ਕਰੋ। ਪਿੰਡਾਂ ਵਿੱਚ ਪੰਜਾਬ ਸਰਕਾਰ ਦੇ ਵਿਕਾਸ ਕਾਰਜਾਂ ਅਤੇ ਨਿਰਪੱਖ ਭਰਤੀਆਂ ਦੇ ਸੁਨੇਹੇ ਨਾਲ ਸੰਨ੍ਹ ਲਗਾਓ।,"{'booth_no': '166', 'village_en': 'Arjan Manga', 'village_pa': 'ਅਰਜਨ ਮੰਗਾ', 'zone_en': 'Akali Bastion: Strategic Penetration & Demolition Zone', 'zone_pa': 'ਅਕਾਲੀ ਦਲ ਦਾ ਪ੍ਰਭਾਵਿਤ ਖੇਤਰ: ਵਿਸ਼ੇਸ਼ ਘੇਰਾਬੰਦੀ ਜ਼ੋਨ', 'action_en': 'SAD retained lead here by +132 votes (43.9% share). Target moderate Panthic and farming families in Arjan Manga disillusioned with traditional leadership. Appoint dedicated block coordinators and highlight direct government procurement and village development works.', 'action_pa': 'ਅਕਾਲੀ ਦਲ ਨੇ ਇੱਥੇ +132 ਵੋਟਾਂ (43.9%) ਨਾਲ ਲੀਡ ਬਣਾਈ ਹੈ। ਅਰਜਨ ਮੰਗਾ ਵਿੱਚ ਰਵਾਇਤੀ ਲੀਡਰਸ਼ਿਪ ਤੋਂ ਨਿਰਾਸ਼ ਕਿਸਾਨ ਅਤੇ ਪੰਥਕ ਪਰਿਵਾਰਾਂ ਨਾਲ ਸੰਵਾਦ ਕਰੋ। ਪਿੰਡਾਂ ਵਿੱਚ ਪੰਜਾਬ ਸਰਕਾਰ ਦੇ ਵਿਕਾਸ ਕਾਰਜਾਂ ਅਤੇ ਨਿਰਪੱਖ ਭਰਤੀਆਂ ਦੇ ਸੁਨੇਹੇ ਨਾਲ ਸੰਨ੍ਹ ਲਗਾਓ।', 'action_steps_en': ['Days 1-30: Map the top 30 influential non-committed Panthic families in Arjan Manga.', 'Days 31-60: Deploy senior constituency leaders for direct home visits to address local disgruntlement.', ""Days 61-90: Neutralize SAD's +132 vote cushion by winning over agricultural youth.""], 'action_steps_pa': ['ਦਿਨ 1-30: ਅਰਜਨ ਮੰਗਾ ਦੇ 30 ਨਿਰਪੱਖ ਅਤੇ ਪ੍ਰਭਾਵਸ਼ਾਲੀ ਪਰਿਵਾਰਾਂ ਦੀ ਸ਼ਨਾਖਤ ਕਰੋ।', 'ਦਿਨ 31-60: ਸੀਨੀਅਰ ਲੀਡਰਸ਼ਿਪ ਰਾਹੀਂ ਘਰ-ਘਰ ਜਾ ਕੇ ਸਰਕਾਰ ਦੀਆਂ ਨਿਰਪੱਖ ਨੀਤੀਆਂ ਸਾਂਝੀਆਂ ਕਰੋ।', 'ਦਿਨ 61-90: ਨੌਜਵਾਨ ਵਰਗ ਨੂੰ ਸਰਕਾਰੀ ਨੌਕਰੀਆਂ ਅਤੇ ਖੇਡ ਕਿੱਟਾਂ ਰਾਹੀਂ ਪਾਰਟੀ ਨਾਲ ਜੋੜ ਕੇ ਲੀਡ ਘਟਾਓ।'], 'action_steps': ['ਦਿਨ 1-30: ਅਰਜਨ ਮੰਗਾ ਦੇ 30 ਨਿਰਪੱਖ ਅਤੇ ਪ੍ਰਭਾਵਸ਼ਾਲੀ ਪਰਿਵਾਰਾਂ ਦੀ ਸ਼ਨਾਖਤ ਕਰੋ।', 'ਦਿਨ 31-60: ਸੀਨੀਅਰ ਲੀਡਰਸ਼ਿਪ ਰਾਹੀਂ ਘਰ-ਘਰ ਜਾ ਕੇ ਸਰਕਾਰ ਦੀਆਂ ਨਿਰਪੱਖ ਨੀਤੀਆਂ ਸਾਂਝੀਆਂ ਕਰੋ।', 'ਦਿਨ 61-90: ਨੌਜਵਾਨ ਵਰਗ ਨੂੰ ਸਰਕਾਰੀ ਨੌਕਰੀਆਂ ਅਤੇ ਖੇਡ ਕਿੱਟਾਂ ਰਾਹੀਂ ਪਾਰਟੀ ਨਾਲ ਜੋੜ ਕੇ ਲੀਡ ਘਟਾਓ।']}"
167,167,163,167,167,False,#167,Booth #167 (Unchanged),ਬੂਥ #167 (ਅਣਬਦਲਿਆ),Ramdiwali Musalmana,ਰਾਮਦਿਵਾਲੀ ਮੁਸਲਮਾਨਾਂ,ਰਾਮਦਿਵਾਲੀ ਮੁਸਲਮਾਨਾਂ,Ramdiwali Musalmana,ਰਾਮਦਿਵਾਲੀ ਮੁਸਲਮਾਨਾਂ,Ramdiwali Musalmana,ਰਾਮਦਿਵਾਲੀ ਮੁਸਲਮਾਨਾਂ,SAD,SAD,55,86,SAD Retained,SAD Retained,AAP Deficit,ਆਪ ਘਾਟ,INC Deficit,"{'AAP': 'LOST_BOTH', 'SAD': 'WON_BOTH', 'INC': 'WEAK', 'BJP': 'LOST_BOTH'}",False,"{'is_flip': False, 'status_label': 'SAD Retained', 'turnout_diff': 68, 'turnout_pct': 16.19, 'sad_swing': -5.73, 'aap_swing': 0.94, 'inc_swing': -17.84, 'bjp_swing': 11.44}",420,488,68,16.19,185,187,2,44.05,38.32,-5.73,83,101,18,19.76,20.7,0.94,130,64,-66,30.95,13.11,-17.84,7,64,57,1.67,13.11,11.44,28,5.74,"{'total': 420, 'sad': 185, 'aap': 83, 'inc': 130, 'bjp': 7, 'sad_votes': 185, 'sad_pct': 44.05, 'aap_votes': 83, 'aap_pct': 19.76, 'inc_votes': 130, 'inc_pct': 30.95, 'bjp_votes': 7, 'bjp_pct': 1.67, 'winner_party': 'SAD', 'margin': 55, 'winner_candidate': 'Ganieve Kaur Majithia'}","{'total': 488, 'sad': 187, 'aap': 101, 'inc': 64, 'bjp': 64, 'sada': 28, 'bsp': 14, 'others': 26, 'sad_votes': 187, 'sad_pct': 38.32, 'aap_votes': 101, 'aap_pct': 20.7, 'inc_votes': 64, 'inc_pct': 13.11, 'bjp_votes': 64, 'bjp_pct': 13.11, 'sada_votes': 28, 'sada_pct': 5.74, 'winner_party': 'SAD', 'margin': 86, 'winner_candidate': 'Anil Joshi'}","{'turnout_diff': 68, 'turnout_pct': 16.19, 'sad_shift': 2, 'sad_swing': -5.73, 'aap_shift': 18, 'aap_swing': 0.94, 'inc_shift': -66, 'inc_swing': -17.84, 'bjp_shift': 57, 'bjp_swing': 11.44}",Akali Bastion: Strategic Penetration & Demolition Zone,ਅਕਾਲੀ ਦਲ ਦਾ ਪ੍ਰਭਾਵਿਤ ਖੇਤਰ: ਵਿਸ਼ੇਸ਼ ਘੇਰਾਬੰਦੀ ਜ਼ੋਨ,SAD retained lead here by +86 votes (38.3% share). Target moderate Panthic and farming families in Ramdiwali Musalmana disillusioned with traditional leadership. Appoint dedicated block coordinators and highlight direct government procurement and village development works.,ਅਕਾਲੀ ਦਲ ਨੇ ਇੱਥੇ +86 ਵੋਟਾਂ (38.3%) ਨਾਲ ਲੀਡ ਬਣਾਈ ਹੈ। ਰਾਮਦਿਵਾਲੀ ਮੁਸਲਮਾਨਾਂ ਵਿੱਚ ਰਵਾਇਤੀ ਲੀਡਰਸ਼ਿਪ ਤੋਂ ਨਿਰਾਸ਼ ਕਿਸਾਨ ਅਤੇ ਪੰਥਕ ਪਰਿਵਾਰਾਂ ਨਾਲ ਸੰਵਾਦ ਕਰੋ। ਪਿੰਡਾਂ ਵਿੱਚ ਪੰਜਾਬ ਸਰਕਾਰ ਦੇ ਵਿਕਾਸ ਕਾਰਜਾਂ ਅਤੇ ਨਿਰਪੱਖ ਭਰਤੀਆਂ ਦੇ ਸੁਨੇਹੇ ਨਾਲ ਸੰਨ੍ਹ ਲਗਾਓ।,"{'booth_no': '167', 'village_en': 'Ramdiwali Musalmana', 'village_pa': 'ਰਾਮਦਿਵਾਲੀ ਮੁਸਲਮਾਨਾਂ', 'zone_en': 'Akali Bastion: Strategic Penetration & Demolition Zone', 'zone_pa': 'ਅਕਾਲੀ ਦਲ ਦਾ ਪ੍ਰਭਾਵਿਤ ਖੇਤਰ: ਵਿਸ਼ੇਸ਼ ਘੇਰਾਬੰਦੀ ਜ਼ੋਨ', 'action_en': 'SAD retained lead here by +86 votes (38.3% share). Target moderate Panthic and farming families in Ramdiwali Musalmana disillusioned with traditional leadership. Appoint dedicated block coordinators and highlight direct government procurement and village development works.', 'action_pa': 'ਅਕਾਲੀ ਦਲ ਨੇ ਇੱਥੇ +86 ਵੋਟਾਂ (38.3%) ਨਾਲ ਲੀਡ ਬਣਾਈ ਹੈ। ਰਾਮਦਿਵਾਲੀ ਮੁਸਲਮਾਨਾਂ ਵਿੱਚ ਰਵਾਇਤੀ ਲੀਡਰਸ਼ਿਪ ਤੋਂ ਨਿਰਾਸ਼ ਕਿਸਾਨ ਅਤੇ ਪੰਥਕ ਪਰਿਵਾਰਾਂ ਨਾਲ ਸੰਵਾਦ ਕਰੋ। ਪਿੰਡਾਂ ਵਿੱਚ ਪੰਜਾਬ ਸਰਕਾਰ ਦੇ ਵਿਕਾਸ ਕਾਰਜਾਂ ਅਤੇ ਨਿਰਪੱਖ ਭਰਤੀਆਂ ਦੇ ਸੁਨੇਹੇ ਨਾਲ ਸੰਨ੍ਹ ਲਗਾਓ।', 'action_steps_en': ['Days 1-30: Map the top 30 influential non-committed Panthic families in Ramdiwali Musalmana.', 'Days 31-60: Deploy senior constituency leaders for direct home visits to address local disgruntlement.', ""Days 61-90: Neutralize SAD's +86 vote cushion by winning over agricultural youth.""], 'action_steps_pa': ['ਦਿਨ 1-30: ਰਾਮਦਿਵਾਲੀ ਮੁਸਲਮਾਨਾਂ ਦੇ 30 ਨਿਰਪੱਖ ਅਤੇ ਪ੍ਰਭਾਵਸ਼ਾਲੀ ਪਰਿਵਾਰਾਂ ਦੀ ਸ਼ਨਾਖਤ ਕਰੋ।', 'ਦਿਨ 31-60: ਸੀਨੀਅਰ ਲੀਡਰਸ਼ਿਪ ਰਾਹੀਂ ਘਰ-ਘਰ ਜਾ ਕੇ ਸਰਕਾਰ ਦੀਆਂ ਨਿਰਪੱਖ ਨੀਤੀਆਂ ਸਾਂਝੀਆਂ ਕਰੋ।', 'ਦਿਨ 61-90: ਨੌਜਵਾਨ ਵਰਗ ਨੂੰ ਸਰਕਾਰੀ ਨੌਕਰੀਆਂ ਅਤੇ ਖੇਡ ਕਿੱਟਾਂ ਰਾਹੀਂ ਪਾਰਟੀ ਨਾਲ ਜੋੜ ਕੇ ਲੀਡ ਘਟਾਓ।'], 'action_steps': ['ਦਿਨ 1-30: ਰਾਮਦਿਵਾਲੀ ਮੁਸਲਮਾਨਾਂ ਦੇ 30 ਨਿਰਪੱਖ ਅਤੇ ਪ੍ਰਭਾਵਸ਼ਾਲੀ ਪਰਿਵਾਰਾਂ ਦੀ ਸ਼ਨਾਖਤ ਕਰੋ।', 'ਦਿਨ 31-60: ਸੀਨੀਅਰ ਲੀਡਰਸ਼ਿਪ ਰਾਹੀਂ ਘਰ-ਘਰ ਜਾ ਕੇ ਸਰਕਾਰ ਦੀਆਂ ਨਿਰਪੱਖ ਨੀਤੀਆਂ ਸਾਂਝੀਆਂ ਕਰੋ।', 'ਦਿਨ 61-90: ਨੌਜਵਾਨ ਵਰਗ ਨੂੰ ਸਰਕਾਰੀ ਨੌਕਰੀਆਂ ਅਤੇ ਖੇਡ ਕਿੱਟਾਂ ਰਾਹੀਂ ਪਾਰਟੀ ਨਾਲ ਜੋੜ ਕੇ ਲੀਡ ਘਟਾਓ।']}"
168,168,164,168,168,False,#168,Booth #168 (Unchanged),ਬੂਥ #168 (ਅਣਬਦਲਿਆ),Ramdiwali Musalmana,ਰਾਮਦਿਵਾਲੀ ਮੁਸਲਮਾਨਾਂ,ਰਾਮਦਿਵਾਲੀ ਮੁਸਲਮਾਨਾਂ,Ramdiwali Musalmana,ਰਾਮਦਿਵਾਲੀ ਮੁਸਲਮਾਨਾਂ,Ramdiwali Musalmana,ਰਾਮਦਿਵਾਲੀ ਮੁਸਲਮਾਨਾਂ,SAD,SAD,67,120,SAD Retained,SAD Retained,AAP Deficit,ਆਪ ਘਾਟ,INC Deficit,"{'AAP': 'WEAK', 'SAD': 'WON_BOTH', 'INC': 'WEAK', 'BJP': 'LOST_BOTH'}",False,"{'is_flip': False, 'status_label': 'SAD Retained', 'turnout_diff': -113, 'turnout_pct': -17.2, 'sad_swing': -0.4, 'aap_swing': -18.33, 'inc_swing': -4.32, 'bjp_swing': 19.24}",657,544,-113,-17.2,278,228,-50,42.31,41.91,-0.4,211,75,-136,32.12,13.79,-18.33,125,80,-45,19.03,14.71,-4.32,4,108,104,0.61,19.85,19.24,10,1.84,"{'total': 657, 'sad': 278, 'aap': 211, 'inc': 125, 'bjp': 4, 'sad_votes': 278, 'sad_pct': 42.31, 'aap_votes': 211, 'aap_pct': 32.12, 'inc_votes': 125, 'inc_pct': 19.03, 'bjp_votes': 4, 'bjp_pct': 0.61, 'winner_party': 'SAD', 'margin': 67, 'winner_candidate': 'Ganieve Kaur Majithia'}","{'total': 544, 'sad': 228, 'aap': 75, 'inc': 80, 'bjp': 108, 'sada': 10, 'bsp': 11, 'others': 30, 'sad_votes': 228, 'sad_pct': 41.91, 'aap_votes': 75, 'aap_pct': 13.79, 'inc_votes': 80, 'inc_pct': 14.71, 'bjp_votes': 108, 'bjp_pct': 19.85, 'sada_votes': 10, 'sada_pct': 1.84, 'winner_party': 'SAD', 'margin': 120, 'winner_candidate': 'Anil Joshi'}","{'turnout_diff': -113, 'turnout_pct': -17.2, 'sad_shift': -50, 'sad_swing': -0.4, 'aap_shift': -136, 'aap_swing': -18.33, 'inc_shift': -45, 'inc_swing': -4.32, 'bjp_shift': 104, 'bjp_swing': 19.24}",Akali Bastion: Strategic Penetration & Demolition Zone,ਅਕਾਲੀ ਦਲ ਦਾ ਪ੍ਰਭਾਵਿਤ ਖੇਤਰ: ਵਿਸ਼ੇਸ਼ ਘੇਰਾਬੰਦੀ ਜ਼ੋਨ,SAD retained lead here by +120 votes (41.9% share). Target moderate Panthic and farming families in Ramdiwali Musalmana disillusioned with traditional leadership. Appoint dedicated block coordinators and highlight direct government procurement and village development works.,ਅਕਾਲੀ ਦਲ ਨੇ ਇੱਥੇ +120 ਵੋਟਾਂ (41.9%) ਨਾਲ ਲੀਡ ਬਣਾਈ ਹੈ। ਰਾਮਦਿਵਾਲੀ ਮੁਸਲਮਾਨਾਂ ਵਿੱਚ ਰਵਾਇਤੀ ਲੀਡਰਸ਼ਿਪ ਤੋਂ ਨਿਰਾਸ਼ ਕਿਸਾਨ ਅਤੇ ਪੰਥਕ ਪਰਿਵਾਰਾਂ ਨਾਲ ਸੰਵਾਦ ਕਰੋ। ਪਿੰਡਾਂ ਵਿੱਚ ਪੰਜਾਬ ਸਰਕਾਰ ਦੇ ਵਿਕਾਸ ਕਾਰਜਾਂ ਅਤੇ ਨਿਰਪੱਖ ਭਰਤੀਆਂ ਦੇ ਸੁਨੇਹੇ ਨਾਲ ਸੰਨ੍ਹ ਲਗਾਓ।,"{'booth_no': '168', 'village_en': 'Ramdiwali Musalmana', 'village_pa': 'ਰਾਮਦਿਵਾਲੀ ਮੁਸਲਮਾਨਾਂ', 'zone_en': 'Akali Bastion: Strategic Penetration & Demolition Zone', 'zone_pa': 'ਅਕਾਲੀ ਦਲ ਦਾ ਪ੍ਰਭਾਵਿਤ ਖੇਤਰ: ਵਿਸ਼ੇਸ਼ ਘੇਰਾਬੰਦੀ ਜ਼ੋਨ', 'action_en': 'SAD retained lead here by +120 votes (41.9% share). Target moderate Panthic and farming families in Ramdiwali Musalmana disillusioned with traditional leadership. Appoint dedicated block coordinators and highlight direct government procurement and village development works.', 'action_pa': 'ਅਕਾਲੀ ਦਲ ਨੇ ਇੱਥੇ +120 ਵੋਟਾਂ (41.9%) ਨਾਲ ਲੀਡ ਬਣਾਈ ਹੈ। ਰਾਮਦਿਵਾਲੀ ਮੁਸਲਮਾਨਾਂ ਵਿੱਚ ਰਵਾਇਤੀ ਲੀਡਰਸ਼ਿਪ ਤੋਂ ਨਿਰਾਸ਼ ਕਿਸਾਨ ਅਤੇ ਪੰਥਕ ਪਰਿਵਾਰਾਂ ਨਾਲ ਸੰਵਾਦ ਕਰੋ। ਪਿੰਡਾਂ ਵਿੱਚ ਪੰਜਾਬ ਸਰਕਾਰ ਦੇ ਵਿਕਾਸ ਕਾਰਜਾਂ ਅਤੇ ਨਿਰਪੱਖ ਭਰਤੀਆਂ ਦੇ ਸੁਨੇਹੇ ਨਾਲ ਸੰਨ੍ਹ ਲਗਾਓ।', 'action_steps_en': ['Days 1-30: Map the top 30 influential non-committed Panthic families in Ramdiwali Musalmana.', 'Days 31-60: Deploy senior constituency leaders for direct home visits to address local disgruntlement.', ""Days 61-90: Neutralize SAD's +120 vote cushion by winning over agricultural youth.""], 'action_steps_pa': ['ਦਿਨ 1-30: ਰਾਮਦਿਵਾਲੀ ਮੁਸਲਮਾਨਾਂ ਦੇ 30 ਨਿਰਪੱਖ ਅਤੇ ਪ੍ਰਭਾਵਸ਼ਾਲੀ ਪਰਿਵਾਰਾਂ ਦੀ ਸ਼ਨਾਖਤ ਕਰੋ।', 'ਦਿਨ 31-60: ਸੀਨੀਅਰ ਲੀਡਰਸ਼ਿਪ ਰਾਹੀਂ ਘਰ-ਘਰ ਜਾ ਕੇ ਸਰਕਾਰ ਦੀਆਂ ਨਿਰਪੱਖ ਨੀਤੀਆਂ ਸਾਂਝੀਆਂ ਕਰੋ।', 'ਦਿਨ 61-90: ਨੌਜਵਾਨ ਵਰਗ ਨੂੰ ਸਰਕਾਰੀ ਨੌਕਰੀਆਂ ਅਤੇ ਖੇਡ ਕਿੱਟਾਂ ਰਾਹੀਂ ਪਾਰਟੀ ਨਾਲ ਜੋੜ ਕੇ ਲੀਡ ਘਟਾਓ।'], 'action_steps': ['ਦਿਨ 1-30: ਰਾਮਦਿਵਾਲੀ ਮੁਸਲਮਾਨਾਂ ਦੇ 30 ਨਿਰਪੱਖ ਅਤੇ ਪ੍ਰਭਾਵਸ਼ਾਲੀ ਪਰਿਵਾਰਾਂ ਦੀ ਸ਼ਨਾਖਤ ਕਰੋ।', 'ਦਿਨ 31-60: ਸੀਨੀਅਰ ਲੀਡਰਸ਼ਿਪ ਰਾਹੀਂ ਘਰ-ਘਰ ਜਾ ਕੇ ਸਰਕਾਰ ਦੀਆਂ ਨਿਰਪੱਖ ਨੀਤੀਆਂ ਸਾਂਝੀਆਂ ਕਰੋ।', 'ਦਿਨ 61-90: ਨੌਜਵਾਨ ਵਰਗ ਨੂੰ ਸਰਕਾਰੀ ਨੌਕਰੀਆਂ ਅਤੇ ਖੇਡ ਕਿੱਟਾਂ ਰਾਹੀਂ ਪਾਰਟੀ ਨਾਲ ਜੋੜ ਕੇ ਲੀਡ ਘਟਾਓ।']}"
169,169,165,169,169,False,#169,Booth #169 (Unchanged),ਬੂਥ #169 (ਅਣਬਦਲਿਆ),Mattewal,ਮੱਤੇਵਾਲ,ਮੱਤੇਵਾਲ,Mattewal,ਮੱਤੇਵਾਲ,Mattewal,ਮੱਤੇਵਾਲ,SAD,SAD,103,137,SAD Retained,SAD Retained,AAP Deficit,ਆਪ ਘਾਟ,INC Deficit,"{'AAP': 'LOST_BOTH', 'SAD': 'WON_BOTH', 'INC': 'WEAK', 'BJP': 'WEAK'}",False,"{'is_flip': False, 'status_label': 'SAD Retained', 'turnout_diff': 180, 'turnout_pct': 44.01, 'sad_swing': 5.36, 'aap_swing': 7.28, 'inc_swing': -17.13, 'bjp_swing': 1.74}",409,589,180,44.01,201,321,120,49.14,54.5,5.36,98,184,86,23.96,31.24,7.28,86,23,-63,21.03,3.9,-17.13,4,16,12,0.98,2.72,1.74,27,4.58,"{'total': 409, 'sad': 201, 'aap': 98, 'inc': 86, 'bjp': 4, 'sad_votes': 201, 'sad_pct': 49.14, 'aap_votes': 98, 'aap_pct': 23.96, 'inc_votes': 86, 'inc_pct': 21.03, 'bjp_votes': 4, 'bjp_pct': 0.98, 'winner_party': 'SAD', 'margin': 103, 'winner_candidate': 'Ganieve Kaur Majithia'}","{'total': 589, 'sad': 321, 'aap': 184, 'inc': 23, 'bjp': 16, 'sada': 27, 'bsp': 0, 'others': 16, 'sad_votes': 321, 'sad_pct': 54.5, 'aap_votes': 184, 'aap_pct': 31.24, 'inc_votes': 23, 'inc_pct': 3.9, 'bjp_votes': 16, 'bjp_pct': 2.72, 'sada_votes': 27, 'sada_pct': 4.58, 'winner_party': 'SAD', 'margin': 137, 'winner_candidate': 'Anil Joshi'}","{'turnout_diff': 180, 'turnout_pct': 44.01, 'sad_shift': 120, 'sad_swing': 5.36, 'aap_shift': 86, 'aap_swing': 7.28, 'inc_shift': -63, 'inc_swing': -17.13, 'bjp_shift': 12, 'bjp_swing': 1.74}",Akali Bastion: Strategic Penetration & Demolition Zone,ਅਕਾਲੀ ਦਲ ਦਾ ਪ੍ਰਭਾਵਿਤ ਖੇਤਰ: ਵਿਸ਼ੇਸ਼ ਘੇਰਾਬੰਦੀ ਜ਼ੋਨ,SAD retained lead here by +137 votes (54.5% share). Target moderate Panthic and farming families in Mattewal disillusioned with traditional leadership. Appoint dedicated block coordinators and highlight direct government procurement and village development works.,ਅਕਾਲੀ ਦਲ ਨੇ ਇੱਥੇ +137 ਵੋਟਾਂ (54.5%) ਨਾਲ ਲੀਡ ਬਣਾਈ ਹੈ। ਮੱਤੇਵਾਲ ਵਿੱਚ ਰਵਾਇਤੀ ਲੀਡਰਸ਼ਿਪ ਤੋਂ ਨਿਰਾਸ਼ ਕਿਸਾਨ ਅਤੇ ਪੰਥਕ ਪਰਿਵਾਰਾਂ ਨਾਲ ਸੰਵਾਦ ਕਰੋ। ਪਿੰਡਾਂ ਵਿੱਚ ਪੰਜਾਬ ਸਰਕਾਰ ਦੇ ਵਿਕਾਸ ਕਾਰਜਾਂ ਅਤੇ ਨਿਰਪੱਖ ਭਰਤੀਆਂ ਦੇ ਸੁਨੇਹੇ ਨਾਲ ਸੰਨ੍ਹ ਲਗਾਓ।,"{'booth_no': '169', 'village_en': 'Mattewal', 'village_pa': 'ਮੱਤੇਵਾਲ', 'zone_en': 'Akali Bastion: Strategic Penetration & Demolition Zone', 'zone_pa': 'ਅਕਾਲੀ ਦਲ ਦਾ ਪ੍ਰਭਾਵਿਤ ਖੇਤਰ: ਵਿਸ਼ੇਸ਼ ਘੇਰਾਬੰਦੀ ਜ਼ੋਨ', 'action_en': 'SAD retained lead here by +137 votes (54.5% share). Target moderate Panthic and farming families in Mattewal disillusioned with traditional leadership. Appoint dedicated block coordinators and highlight direct government procurement and village development works.', 'action_pa': 'ਅਕਾਲੀ ਦਲ ਨੇ ਇੱਥੇ +137 ਵੋਟਾਂ (54.5%) ਨਾਲ ਲੀਡ ਬਣਾਈ ਹੈ। ਮੱਤੇਵਾਲ ਵਿੱਚ ਰਵਾਇਤੀ ਲੀਡਰਸ਼ਿਪ ਤੋਂ ਨਿਰਾਸ਼ ਕਿਸਾਨ ਅਤੇ ਪੰਥਕ ਪਰਿਵਾਰਾਂ ਨਾਲ ਸੰਵਾਦ ਕਰੋ। ਪਿੰਡਾਂ ਵਿੱਚ ਪੰਜਾਬ ਸਰਕਾਰ ਦੇ ਵਿਕਾਸ ਕਾਰਜਾਂ ਅਤੇ ਨਿਰਪੱਖ ਭਰਤੀਆਂ ਦੇ ਸੁਨੇਹੇ ਨਾਲ ਸੰਨ੍ਹ ਲਗਾਓ।', 'action_steps_en': ['Days 1-30: Map the top 30 influential non-committed Panthic families in Mattewal.', 'Days 31-60: Deploy senior constituency leaders for direct home visits to address local disgruntlement.', ""Days 61-90: Neutralize SAD's +137 vote cushion by winning over agricultural youth.""], 'action_steps_pa': ['ਦਿਨ 1-30: ਮੱਤੇਵਾਲ ਦੇ 30 ਨਿਰਪੱਖ ਅਤੇ ਪ੍ਰਭਾਵਸ਼ਾਲੀ ਪਰਿਵਾਰਾਂ ਦੀ ਸ਼ਨਾਖਤ ਕਰੋ।', 'ਦਿਨ 31-60: ਸੀਨੀਅਰ ਲੀਡਰਸ਼ਿਪ ਰਾਹੀਂ ਘਰ-ਘਰ ਜਾ ਕੇ ਸਰਕਾਰ ਦੀਆਂ ਨਿਰਪੱਖ ਨੀਤੀਆਂ ਸਾਂਝੀਆਂ ਕਰੋ।', 'ਦਿਨ 61-90: ਨੌਜਵਾਨ ਵਰਗ ਨੂੰ ਸਰਕਾਰੀ ਨੌਕਰੀਆਂ ਅਤੇ ਖੇਡ ਕਿੱਟਾਂ ਰਾਹੀਂ ਪਾਰਟੀ ਨਾਲ ਜੋੜ ਕੇ ਲੀਡ ਘਟਾਓ।'], 'action_steps': ['ਦਿਨ 1-30: ਮੱਤੇਵਾਲ ਦੇ 30 ਨਿਰਪੱਖ ਅਤੇ ਪ੍ਰਭਾਵਸ਼ਾਲੀ ਪਰਿਵਾਰਾਂ ਦੀ ਸ਼ਨਾਖਤ ਕਰੋ।', 'ਦਿਨ 31-60: ਸੀਨੀਅਰ ਲੀਡਰਸ਼ਿਪ ਰਾਹੀਂ ਘਰ-ਘਰ ਜਾ ਕੇ ਸਰਕਾਰ ਦੀਆਂ ਨਿਰਪੱਖ ਨੀਤੀਆਂ ਸਾਂਝੀਆਂ ਕਰੋ।', 'ਦਿਨ 61-90: ਨੌਜਵਾਨ ਵਰਗ ਨੂੰ ਸਰਕਾਰੀ ਨੌਕਰੀਆਂ ਅਤੇ ਖੇਡ ਕਿੱਟਾਂ ਰਾਹੀਂ ਪਾਰਟੀ ਨਾਲ ਜੋੜ ਕੇ ਲੀਡ ਘਟਾਓ।']}"
170,170,166,170,170,False,#170,Booth #170 (Unchanged),ਬੂਥ #170 (ਅਣਬਦਲਿਆ),Mattewal,ਮੱਤੇਵਾਲ,ਮੱਤੇਵਾਲ,Mattewal,ਮੱਤੇਵਾਲ,Mattewal,ਮੱਤੇਵਾਲ,SAD,SAD,118,267,SAD Retained,SAD Retained,AAP Deficit,ਆਪ ਘਾਟ,INC Deficit,"{'AAP': 'LOST_BOTH', 'SAD': 'WON_BOTH', 'INC': 'WEAK', 'BJP': 'WEAK'}",False,"{'is_flip': False, 'status_label': 'SAD Retained', 'turnout_diff': 4, 'turnout_pct': 0.6, 'sad_swing': 16.57, 'aap_swing': 0.02, 'inc_swing': -21.77, 'bjp_swing': 2.08}",667,671,4,0.6,298,411,113,44.68,61.25,16.57,143,144,1,21.44,21.46,0.02,180,35,-145,26.99,5.22,-21.77,8,22,14,1.2,3.28,2.08,33,4.92,"{'total': 667, 'sad': 298, 'aap': 143, 'inc': 180, 'bjp': 8, 'sad_votes': 298, 'sad_pct': 44.68, 'aap_votes': 143, 'aap_pct': 21.44, 'inc_votes': 180, 'inc_pct': 26.99, 'bjp_votes': 8, 'bjp_pct': 1.2, 'winner_party': 'SAD', 'margin': 118, 'winner_candidate': 'Ganieve Kaur Majithia'}","{'total': 671, 'sad': 411, 'aap': 144, 'inc': 35, 'bjp': 22, 'sada': 33, 'bsp': 0, 'others': 23, 'sad_votes': 411, 'sad_pct': 61.25, 'aap_votes': 144, 'aap_pct': 21.46, 'inc_votes': 35, 'inc_pct': 5.22, 'bjp_votes': 22, 'bjp_pct': 3.28, 'sada_votes': 33, 'sada_pct': 4.92, 'winner_party': 'SAD', 'margin': 267, 'winner_candidate': 'Anil Joshi'}","{'turnout_diff': 4, 'turnout_pct': 0.6, 'sad_shift': 113, 'sad_swing': 16.57, 'aap_shift': 1, 'aap_swing': 0.02, 'inc_shift': -145, 'inc_swing': -21.77, 'bjp_shift': 14, 'bjp_swing': 2.08}",Akali Bastion: Strategic Penetration & Demolition Zone,ਅਕਾਲੀ ਦਲ ਦਾ ਪ੍ਰਭਾਵਿਤ ਖੇਤਰ: ਵਿਸ਼ੇਸ਼ ਘੇਰਾਬੰਦੀ ਜ਼ੋਨ,SAD retained lead here by +267 votes (61.2% share). Target moderate Panthic and farming families in Mattewal disillusioned with traditional leadership. Appoint dedicated block coordinators and highlight direct government procurement and village development works.,ਅਕਾਲੀ ਦਲ ਨੇ ਇੱਥੇ +267 ਵੋਟਾਂ (61.2%) ਨਾਲ ਲੀਡ ਬਣਾਈ ਹੈ। ਮੱਤੇਵਾਲ ਵਿੱਚ ਰਵਾਇਤੀ ਲੀਡਰਸ਼ਿਪ ਤੋਂ ਨਿਰਾਸ਼ ਕਿਸਾਨ ਅਤੇ ਪੰਥਕ ਪਰਿਵਾਰਾਂ ਨਾਲ ਸੰਵਾਦ ਕਰੋ। ਪਿੰਡਾਂ ਵਿੱਚ ਪੰਜਾਬ ਸਰਕਾਰ ਦੇ ਵਿਕਾਸ ਕਾਰਜਾਂ ਅਤੇ ਨਿਰਪੱਖ ਭਰਤੀਆਂ ਦੇ ਸੁਨੇਹੇ ਨਾਲ ਸੰਨ੍ਹ ਲਗਾਓ।,"{'booth_no': '170', 'village_en': 'Mattewal', 'village_pa': 'ਮੱਤੇਵਾਲ', 'zone_en': 'Akali Bastion: Strategic Penetration & Demolition Zone', 'zone_pa': 'ਅਕਾਲੀ ਦਲ ਦਾ ਪ੍ਰਭਾਵਿਤ ਖੇਤਰ: ਵਿਸ਼ੇਸ਼ ਘੇਰਾਬੰਦੀ ਜ਼ੋਨ', 'action_en': 'SAD retained lead here by +267 votes (61.2% share). Target moderate Panthic and farming families in Mattewal disillusioned with traditional leadership. Appoint dedicated block coordinators and highlight direct government procurement and village development works.', 'action_pa': 'ਅਕਾਲੀ ਦਲ ਨੇ ਇੱਥੇ +267 ਵੋਟਾਂ (61.2%) ਨਾਲ ਲੀਡ ਬਣਾਈ ਹੈ। ਮੱਤੇਵਾਲ ਵਿੱਚ ਰਵਾਇਤੀ ਲੀਡਰਸ਼ਿਪ ਤੋਂ ਨਿਰਾਸ਼ ਕਿਸਾਨ ਅਤੇ ਪੰਥਕ ਪਰਿਵਾਰਾਂ ਨਾਲ ਸੰਵਾਦ ਕਰੋ। ਪਿੰਡਾਂ ਵਿੱਚ ਪੰਜਾਬ ਸਰਕਾਰ ਦੇ ਵਿਕਾਸ ਕਾਰਜਾਂ ਅਤੇ ਨਿਰਪੱਖ ਭਰਤੀਆਂ ਦੇ ਸੁਨੇਹੇ ਨਾਲ ਸੰਨ੍ਹ ਲਗਾਓ।', 'action_steps_en': ['Days 1-30: Map the top 30 influential non-committed Panthic families in Mattewal.', 'Days 31-60: Deploy senior constituency leaders for direct home visits to address local disgruntlement.', ""Days 61-90: Neutralize SAD's +267 vote cushion by winning over agricultural youth.""], 'action_steps_pa': ['ਦਿਨ 1-30: ਮੱਤੇਵਾਲ ਦੇ 30 ਨਿਰਪੱਖ ਅਤੇ ਪ੍ਰਭਾਵਸ਼ਾਲੀ ਪਰਿਵਾਰਾਂ ਦੀ ਸ਼ਨਾਖਤ ਕਰੋ।', 'ਦਿਨ 31-60: ਸੀਨੀਅਰ ਲੀਡਰਸ਼ਿਪ ਰਾਹੀਂ ਘਰ-ਘਰ ਜਾ ਕੇ ਸਰਕਾਰ ਦੀਆਂ ਨਿਰਪੱਖ ਨੀਤੀਆਂ ਸਾਂਝੀਆਂ ਕਰੋ।', 'ਦਿਨ 61-90: ਨੌਜਵਾਨ ਵਰਗ ਨੂੰ ਸਰਕਾਰੀ ਨੌਕਰੀਆਂ ਅਤੇ ਖੇਡ ਕਿੱਟਾਂ ਰਾਹੀਂ ਪਾਰਟੀ ਨਾਲ ਜੋੜ ਕੇ ਲੀਡ ਘਟਾਓ।'], 'action_steps': ['ਦਿਨ 1-30: ਮੱਤੇਵਾਲ ਦੇ 30 ਨਿਰਪੱਖ ਅਤੇ ਪ੍ਰਭਾਵਸ਼ਾਲੀ ਪਰਿਵਾਰਾਂ ਦੀ ਸ਼ਨਾਖਤ ਕਰੋ।', 'ਦਿਨ 31-60: ਸੀਨੀਅਰ ਲੀਡਰਸ਼ਿਪ ਰਾਹੀਂ ਘਰ-ਘਰ ਜਾ ਕੇ ਸਰਕਾਰ ਦੀਆਂ ਨਿਰਪੱਖ ਨੀਤੀਆਂ ਸਾਂਝੀਆਂ ਕਰੋ।', 'ਦਿਨ 61-90: ਨੌਜਵਾਨ ਵਰਗ ਨੂੰ ਸਰਕਾਰੀ ਨੌਕਰੀਆਂ ਅਤੇ ਖੇਡ ਕਿੱਟਾਂ ਰਾਹੀਂ ਪਾਰਟੀ ਨਾਲ ਜੋੜ ਕੇ ਲੀਡ ਘਟਾਓ।']}"
171,171,167,171,171,False,#171,Booth #171 (Unchanged),ਬੂਥ #171 (ਅਣਬਦਲਿਆ),Mattewal,ਮੱਤੇਵਾਲ,ਮੱਤੇਵਾਲ,Mattewal,ਮੱਤੇਵਾਲ,Mattewal,ਮੱਤੇਵਾਲ,SAD,SAD,130,90,SAD Retained,SAD Retained,AAP Deficit,ਆਪ ਘਾਟ,INC Deficit,"{'AAP': 'LOST_BOTH', 'SAD': 'WON_BOTH', 'INC': 'WEAK', 'BJP': 'WEAK'}",False,"{'is_flip': False, 'status_label': 'SAD Retained', 'turnout_diff': -112, 'turnout_pct': -15.58, 'sad_swing': 1.84, 'aap_swing': 10.38, 'inc_swing': -22.75, 'bjp_swing': 0.26}",719,607,-112,-15.58,322,283,-39,44.78,46.62,1.84,154,193,39,21.42,31.8,10.38,192,24,-168,26.7,3.95,-22.75,10,10,0,1.39,1.65,0.26,56,9.23,"{'total': 719, 'sad': 322, 'aap': 154, 'inc': 192, 'bjp': 10, 'sad_votes': 322, 'sad_pct': 44.78, 'aap_votes': 154, 'aap_pct': 21.42, 'inc_votes': 192, 'inc_pct': 26.7, 'bjp_votes': 10, 'bjp_pct': 1.39, 'winner_party': 'SAD', 'margin': 130, 'winner_candidate': 'Ganieve Kaur Majithia'}","{'total': 607, 'sad': 283, 'aap': 193, 'inc': 24, 'bjp': 10, 'sada': 56, 'bsp': 2, 'others': 35, 'sad_votes': 283, 'sad_pct': 46.62, 'aap_votes': 193, 'aap_pct': 31.8, 'inc_votes': 24, 'inc_pct': 3.95, 'bjp_votes': 10, 'bjp_pct': 1.65, 'sada_votes': 56, 'sada_pct': 9.23, 'winner_party': 'SAD', 'margin': 90, 'winner_candidate': 'Anil Joshi'}","{'turnout_diff': -112, 'turnout_pct': -15.58, 'sad_shift': -39, 'sad_swing': 1.84, 'aap_shift': 39, 'aap_swing': 10.38, 'inc_shift': -168, 'inc_swing': -22.75, 'bjp_shift': 0, 'bjp_swing': 0.26}",Akali Bastion: Strategic Penetration & Demolition Zone,ਅਕਾਲੀ ਦਲ ਦਾ ਪ੍ਰਭਾਵਿਤ ਖੇਤਰ: ਵਿਸ਼ੇਸ਼ ਘੇਰਾਬੰਦੀ ਜ਼ੋਨ,SAD retained lead here by +90 votes (46.6% share). Target moderate Panthic and farming families in Mattewal disillusioned with traditional leadership. Appoint dedicated block coordinators and highlight direct government procurement and village development works.,ਅਕਾਲੀ ਦਲ ਨੇ ਇੱਥੇ +90 ਵੋਟਾਂ (46.6%) ਨਾਲ ਲੀਡ ਬਣਾਈ ਹੈ। ਮੱਤੇਵਾਲ ਵਿੱਚ ਰਵਾਇਤੀ ਲੀਡਰਸ਼ਿਪ ਤੋਂ ਨਿਰਾਸ਼ ਕਿਸਾਨ ਅਤੇ ਪੰਥਕ ਪਰਿਵਾਰਾਂ ਨਾਲ ਸੰਵਾਦ ਕਰੋ। ਪਿੰਡਾਂ ਵਿੱਚ ਪੰਜਾਬ ਸਰਕਾਰ ਦੇ ਵਿਕਾਸ ਕਾਰਜਾਂ ਅਤੇ ਨਿਰਪੱਖ ਭਰਤੀਆਂ ਦੇ ਸੁਨੇਹੇ ਨਾਲ ਸੰਨ੍ਹ ਲਗਾਓ।,"{'booth_no': '171', 'village_en': 'Mattewal', 'village_pa': 'ਮੱਤੇਵਾਲ', 'zone_en': 'Akali Bastion: Strategic Penetration & Demolition Zone', 'zone_pa': 'ਅਕਾਲੀ ਦਲ ਦਾ ਪ੍ਰਭਾਵਿਤ ਖੇਤਰ: ਵਿਸ਼ੇਸ਼ ਘੇਰਾਬੰਦੀ ਜ਼ੋਨ', 'action_en': 'SAD retained lead here by +90 votes (46.6% share). Target moderate Panthic and farming families in Mattewal disillusioned with traditional leadership. Appoint dedicated block coordinators and highlight direct government procurement and village development works.', 'action_pa': 'ਅਕਾਲੀ ਦਲ ਨੇ ਇੱਥੇ +90 ਵੋਟਾਂ (46.6%) ਨਾਲ ਲੀਡ ਬਣਾਈ ਹੈ। ਮੱਤੇਵਾਲ ਵਿੱਚ ਰਵਾਇਤੀ ਲੀਡਰਸ਼ਿਪ ਤੋਂ ਨਿਰਾਸ਼ ਕਿਸਾਨ ਅਤੇ ਪੰਥਕ ਪਰਿਵਾਰਾਂ ਨਾਲ ਸੰਵਾਦ ਕਰੋ। ਪਿੰਡਾਂ ਵਿੱਚ ਪੰਜਾਬ ਸਰਕਾਰ ਦੇ ਵਿਕਾਸ ਕਾਰਜਾਂ ਅਤੇ ਨਿਰਪੱਖ ਭਰਤੀਆਂ ਦੇ ਸੁਨੇਹੇ ਨਾਲ ਸੰਨ੍ਹ ਲਗਾਓ।', 'action_steps_en': ['Days 1-30: Map the top 30 influential non-committed Panthic families in Mattewal.', 'Days 31-60: Deploy senior constituency leaders for direct home visits to address local disgruntlement.', ""Days 61-90: Neutralize SAD's +90 vote cushion by winning over agricultural youth.""], 'action_steps_pa': ['ਦਿਨ 1-30: ਮੱਤੇਵਾਲ ਦੇ 30 ਨਿਰਪੱਖ ਅਤੇ ਪ੍ਰਭਾਵਸ਼ਾਲੀ ਪਰਿਵਾਰਾਂ ਦੀ ਸ਼ਨਾਖਤ ਕਰੋ।', 'ਦਿਨ 31-60: ਸੀਨੀਅਰ ਲੀਡਰਸ਼ਿਪ ਰਾਹੀਂ ਘਰ-ਘਰ ਜਾ ਕੇ ਸਰਕਾਰ ਦੀਆਂ ਨਿਰਪੱਖ ਨੀਤੀਆਂ ਸਾਂਝੀਆਂ ਕਰੋ।', 'ਦਿਨ 61-90: ਨੌਜਵਾਨ ਵਰਗ ਨੂੰ ਸਰਕਾਰੀ ਨੌਕਰੀਆਂ ਅਤੇ ਖੇਡ ਕਿੱਟਾਂ ਰਾਹੀਂ ਪਾਰਟੀ ਨਾਲ ਜੋੜ ਕੇ ਲੀਡ ਘਟਾਓ।'], 'action_steps': ['ਦਿਨ 1-30: ਮੱਤੇਵਾਲ ਦੇ 30 ਨਿਰਪੱਖ ਅਤੇ ਪ੍ਰਭਾਵਸ਼ਾਲੀ ਪਰਿਵਾਰਾਂ ਦੀ ਸ਼ਨਾਖਤ ਕਰੋ।', 'ਦਿਨ 31-60: ਸੀਨੀਅਰ ਲੀਡਰਸ਼ਿਪ ਰਾਹੀਂ ਘਰ-ਘਰ ਜਾ ਕੇ ਸਰਕਾਰ ਦੀਆਂ ਨਿਰਪੱਖ ਨੀਤੀਆਂ ਸਾਂਝੀਆਂ ਕਰੋ।', 'ਦਿਨ 61-90: ਨੌਜਵਾਨ ਵਰਗ ਨੂੰ ਸਰਕਾਰੀ ਨੌਕਰੀਆਂ ਅਤੇ ਖੇਡ ਕਿੱਟਾਂ ਰਾਹੀਂ ਪਾਰਟੀ ਨਾਲ ਜੋੜ ਕੇ ਲੀਡ ਘਟਾਓ।']}"
172,172,168,172,172,False,#172,Booth #172 (Unchanged),ਬੂਥ #172 (ਅਣਬਦਲਿਆ),Nibberwind,ਨਿੱਬਰਵਿੰਡ,ਨਿੱਬਰਵਿੰਡ,Nibberwind,ਨਿੱਬਰਵਿੰਡ,Nibberwind,ਨਿੱਬਰਵਿੰਡ,SAD,SAD,118,25,SAD Retained,SAD Retained,AAP Deficit,ਆਪ ਘਾਟ,INC Deficit,"{'AAP': 'LOST_BOTH', 'SAD': 'WON_BOTH', 'INC': 'LOST_BOTH', 'BJP': 'WEAK'}",False,"{'is_flip': False, 'status_label': 'SAD Retained', 'turnout_diff': -108, 'turnout_pct': -18.24, 'sad_swing': -7.47, 'aap_swing': 7.29, 'inc_swing': 5.72, 'bjp_swing': -0.35}",592,484,-108,-18.24,284,196,-88,47.97,40.5,-7.47,166,171,5,28.04,35.33,7.29,64,80,16,10.81,16.53,5.72,7,4,-3,1.18,0.83,-0.35,15,3.1,"{'total': 592, 'sad': 284, 'aap': 166, 'inc': 64, 'bjp': 7, 'sad_votes': 284, 'sad_pct': 47.97, 'aap_votes': 166, 'aap_pct': 28.04, 'inc_votes': 64, 'inc_pct': 10.81, 'bjp_votes': 7, 'bjp_pct': 1.18, 'winner_party': 'SAD', 'margin': 118, 'winner_candidate': 'Ganieve Kaur Majithia'}","{'total': 484, 'sad': 196, 'aap': 171, 'inc': 80, 'bjp': 4, 'sada': 15, 'bsp': 0, 'others': 15, 'sad_votes': 196, 'sad_pct': 40.5, 'aap_votes': 171, 'aap_pct': 35.33, 'inc_votes': 80, 'inc_pct': 16.53, 'bjp_votes': 4, 'bjp_pct': 0.83, 'sada_votes': 15, 'sada_pct': 3.1, 'winner_party': 'SAD', 'margin': 25, 'winner_candidate': 'Anil Joshi'}","{'turnout_diff': -108, 'turnout_pct': -18.24, 'sad_shift': -88, 'sad_swing': -7.47, 'aap_shift': 5, 'aap_swing': 7.29, 'inc_shift': 16, 'inc_swing': 5.72, 'bjp_shift': -3, 'bjp_swing': -0.35}",Akali Bastion: Strategic Penetration & Demolition Zone,ਅਕਾਲੀ ਦਲ ਦਾ ਪ੍ਰਭਾਵਿਤ ਖੇਤਰ: ਵਿਸ਼ੇਸ਼ ਘੇਰਾਬੰਦੀ ਜ਼ੋਨ,SAD retained lead here by +25 votes (40.5% share). Target moderate Panthic and farming families in Nibberwind disillusioned with traditional leadership. Appoint dedicated block coordinators and highlight direct government procurement and village development works.,ਅਕਾਲੀ ਦਲ ਨੇ ਇੱਥੇ +25 ਵੋਟਾਂ (40.5%) ਨਾਲ ਲੀਡ ਬਣਾਈ ਹੈ। ਨਿੱਬਰਵਿੰਡ ਵਿੱਚ ਰਵਾਇਤੀ ਲੀਡਰਸ਼ਿਪ ਤੋਂ ਨਿਰਾਸ਼ ਕਿਸਾਨ ਅਤੇ ਪੰਥਕ ਪਰਿਵਾਰਾਂ ਨਾਲ ਸੰਵਾਦ ਕਰੋ। ਪਿੰਡਾਂ ਵਿੱਚ ਪੰਜਾਬ ਸਰਕਾਰ ਦੇ ਵਿਕਾਸ ਕਾਰਜਾਂ ਅਤੇ ਨਿਰਪੱਖ ਭਰਤੀਆਂ ਦੇ ਸੁਨੇਹੇ ਨਾਲ ਸੰਨ੍ਹ ਲਗਾਓ।,"{'booth_no': '172', 'village_en': 'Nibberwind', 'village_pa': 'ਨਿੱਬਰਵਿੰਡ', 'zone_en': 'Akali Bastion: Strategic Penetration & Demolition Zone', 'zone_pa': 'ਅਕਾਲੀ ਦਲ ਦਾ ਪ੍ਰਭਾਵਿਤ ਖੇਤਰ: ਵਿਸ਼ੇਸ਼ ਘੇਰਾਬੰਦੀ ਜ਼ੋਨ', 'action_en': 'SAD retained lead here by +25 votes (40.5% share). Target moderate Panthic and farming families in Nibberwind disillusioned with traditional leadership. Appoint dedicated block coordinators and highlight direct government procurement and village development works.', 'action_pa': 'ਅਕਾਲੀ ਦਲ ਨੇ ਇੱਥੇ +25 ਵੋਟਾਂ (40.5%) ਨਾਲ ਲੀਡ ਬਣਾਈ ਹੈ। ਨਿੱਬਰਵਿੰਡ ਵਿੱਚ ਰਵਾਇਤੀ ਲੀਡਰਸ਼ਿਪ ਤੋਂ ਨਿਰਾਸ਼ ਕਿਸਾਨ ਅਤੇ ਪੰਥਕ ਪਰਿਵਾਰਾਂ ਨਾਲ ਸੰਵਾਦ ਕਰੋ। ਪਿੰਡਾਂ ਵਿੱਚ ਪੰਜਾਬ ਸਰਕਾਰ ਦੇ ਵਿਕਾਸ ਕਾਰਜਾਂ ਅਤੇ ਨਿਰਪੱਖ ਭਰਤੀਆਂ ਦੇ ਸੁਨੇਹੇ ਨਾਲ ਸੰਨ੍ਹ ਲਗਾਓ।', 'action_steps_en': ['Days 1-30: Map the top 30 influential non-committed Panthic families in Nibberwind.', 'Days 31-60: Deploy senior constituency leaders for direct home visits to address local disgruntlement.', ""Days 61-90: Neutralize SAD's +25 vote cushion by winning over agricultural youth.""], 'action_steps_pa': ['ਦਿਨ 1-30: ਨਿੱਬਰਵਿੰਡ ਦੇ 30 ਨਿਰਪੱਖ ਅਤੇ ਪ੍ਰਭਾਵਸ਼ਾਲੀ ਪਰਿਵਾਰਾਂ ਦੀ ਸ਼ਨਾਖਤ ਕਰੋ।', 'ਦਿਨ 31-60: ਸੀਨੀਅਰ ਲੀਡਰਸ਼ਿਪ ਰਾਹੀਂ ਘਰ-ਘਰ ਜਾ ਕੇ ਸਰਕਾਰ ਦੀਆਂ ਨਿਰਪੱਖ ਨੀਤੀਆਂ ਸਾਂਝੀਆਂ ਕਰੋ।', 'ਦਿਨ 61-90: ਨੌਜਵਾਨ ਵਰਗ ਨੂੰ ਸਰਕਾਰੀ ਨੌਕਰੀਆਂ ਅਤੇ ਖੇਡ ਕਿੱਟਾਂ ਰਾਹੀਂ ਪਾਰਟੀ ਨਾਲ ਜੋੜ ਕੇ ਲੀਡ ਘਟਾਓ।'], 'action_steps': ['ਦਿਨ 1-30: ਨਿੱਬਰਵਿੰਡ ਦੇ 30 ਨਿਰਪੱਖ ਅਤੇ ਪ੍ਰਭਾਵਸ਼ਾਲੀ ਪਰਿਵਾਰਾਂ ਦੀ ਸ਼ਨਾਖਤ ਕਰੋ।', 'ਦਿਨ 31-60: ਸੀਨੀਅਰ ਲੀਡਰਸ਼ਿਪ ਰਾਹੀਂ ਘਰ-ਘਰ ਜਾ ਕੇ ਸਰਕਾਰ ਦੀਆਂ ਨਿਰਪੱਖ ਨੀਤੀਆਂ ਸਾਂਝੀਆਂ ਕਰੋ।', 'ਦਿਨ 61-90: ਨੌਜਵਾਨ ਵਰਗ ਨੂੰ ਸਰਕਾਰੀ ਨੌਕਰੀਆਂ ਅਤੇ ਖੇਡ ਕਿੱਟਾਂ ਰਾਹੀਂ ਪਾਰਟੀ ਨਾਲ ਜੋੜ ਕੇ ਲੀਡ ਘਟਾਓ।']}"
173,173,169,173,173,False,#173,Booth #173 (Unchanged),ਬੂਥ #173 (ਅਣਬਦਲਿਆ),Sadpur,ਸਾਦਪੁਰ,ਸਾਦਪੁਰ,Sadpur,ਸਾਦਪੁਰ,Sadpur,ਸਾਦਪੁਰ,INC,SAD,15,115,INC → SAD,INC → SAD,AAP Deficit,ਆਪ ਘਾਟ,INC Loss,"{'AAP': 'LOST_BOTH', 'SAD': 'GAINED', 'INC': 'LOST_24', 'BJP': 'WEAK'}",True,"{'is_flip': True, 'status_label': 'INC → SAD', 'turnout_diff': 86, 'turnout_pct': 16.93, 'sad_swing': 12.59, 'aap_swing': -1.23, 'inc_swing': -9.73, 'bjp_swing': 0.03}",508,594,86,16.93,161,263,102,31.69,44.28,12.59,132,147,15,25.98,24.75,-1.23,176,148,-28,34.65,24.92,-9.73,5,6,1,0.98,1.01,0.03,7,1.18,"{'total': 508, 'sad': 161, 'aap': 132, 'inc': 176, 'bjp': 5, 'sad_votes': 161, 'sad_pct': 31.69, 'aap_votes': 132, 'aap_pct': 25.98, 'inc_votes': 176, 'inc_pct': 34.65, 'bjp_votes': 5, 'bjp_pct': 0.98, 'winner_party': 'INC', 'margin': 15, 'winner_candidate': 'Jagwinder Pal Singh (Jagga)'}","{'total': 594, 'sad': 263, 'aap': 147, 'inc': 148, 'bjp': 6, 'sada': 7, 'bsp': 1, 'others': 19, 'sad_votes': 263, 'sad_pct': 44.28, 'aap_votes': 147, 'aap_pct': 24.75, 'inc_votes': 148, 'inc_pct': 24.92, 'bjp_votes': 6, 'bjp_pct': 1.01, 'sada_votes': 7, 'sada_pct': 1.18, 'winner_party': 'SAD', 'margin': 115, 'winner_candidate': 'Anil Joshi'}","{'turnout_diff': 86, 'turnout_pct': 16.93, 'sad_shift': 102, 'sad_swing': 12.59, 'aap_shift': 15, 'aap_swing': -1.23, 'inc_shift': -28, 'inc_swing': -9.73, 'bjp_shift': 1, 'bjp_swing': 0.03}",Akali Bastion: Strategic Penetration & Demolition Zone,ਅਕਾਲੀ ਦਲ ਦਾ ਪ੍ਰਭਾਵਿਤ ਖੇਤਰ: ਵਿਸ਼ੇਸ਼ ਘੇਰਾਬੰਦੀ ਜ਼ੋਨ,SAD retained lead here by +115 votes (44.3% share). Target moderate Panthic and farming families in Sadpur disillusioned with traditional leadership. Appoint dedicated block coordinators and highlight direct government procurement and village development works.,ਅਕਾਲੀ ਦਲ ਨੇ ਇੱਥੇ +115 ਵੋਟਾਂ (44.3%) ਨਾਲ ਲੀਡ ਬਣਾਈ ਹੈ। ਸਾਦਪੁਰ ਵਿੱਚ ਰਵਾਇਤੀ ਲੀਡਰਸ਼ਿਪ ਤੋਂ ਨਿਰਾਸ਼ ਕਿਸਾਨ ਅਤੇ ਪੰਥਕ ਪਰਿਵਾਰਾਂ ਨਾਲ ਸੰਵਾਦ ਕਰੋ। ਪਿੰਡਾਂ ਵਿੱਚ ਪੰਜਾਬ ਸਰਕਾਰ ਦੇ ਵਿਕਾਸ ਕਾਰਜਾਂ ਅਤੇ ਨਿਰਪੱਖ ਭਰਤੀਆਂ ਦੇ ਸੁਨੇਹੇ ਨਾਲ ਸੰਨ੍ਹ ਲਗਾਓ।,"{'booth_no': '173', 'village_en': 'Sadpur', 'village_pa': 'ਸਾਦਪੁਰ', 'zone_en': 'Akali Bastion: Strategic Penetration & Demolition Zone', 'zone_pa': 'ਅਕਾਲੀ ਦਲ ਦਾ ਪ੍ਰਭਾਵਿਤ ਖੇਤਰ: ਵਿਸ਼ੇਸ਼ ਘੇਰਾਬੰਦੀ ਜ਼ੋਨ', 'action_en': 'SAD retained lead here by +115 votes (44.3% share). Target moderate Panthic and farming families in Sadpur disillusioned with traditional leadership. Appoint dedicated block coordinators and highlight direct government procurement and village development works.', 'action_pa': 'ਅਕਾਲੀ ਦਲ ਨੇ ਇੱਥੇ +115 ਵੋਟਾਂ (44.3%) ਨਾਲ ਲੀਡ ਬਣਾਈ ਹੈ। ਸਾਦਪੁਰ ਵਿੱਚ ਰਵਾਇਤੀ ਲੀਡਰਸ਼ਿਪ ਤੋਂ ਨਿਰਾਸ਼ ਕਿਸਾਨ ਅਤੇ ਪੰਥਕ ਪਰਿਵਾਰਾਂ ਨਾਲ ਸੰਵਾਦ ਕਰੋ। ਪਿੰਡਾਂ ਵਿੱਚ ਪੰਜਾਬ ਸਰਕਾਰ ਦੇ ਵਿਕਾਸ ਕਾਰਜਾਂ ਅਤੇ ਨਿਰਪੱਖ ਭਰਤੀਆਂ ਦੇ ਸੁਨੇਹੇ ਨਾਲ ਸੰਨ੍ਹ ਲਗਾਓ।', 'action_steps_en': ['Days 1-30: Map the top 30 influential non-committed Panthic families in Sadpur.', 'Days 31-60: Deploy senior constituency leaders for direct home visits to address local disgruntlement.', ""Days 61-90: Neutralize SAD's +115 vote cushion by winning over agricultural youth.""], 'action_steps_pa': ['ਦਿਨ 1-30: ਸਾਦਪੁਰ ਦੇ 30 ਨਿਰਪੱਖ ਅਤੇ ਪ੍ਰਭਾਵਸ਼ਾਲੀ ਪਰਿਵਾਰਾਂ ਦੀ ਸ਼ਨਾਖਤ ਕਰੋ।', 'ਦਿਨ 31-60: ਸੀਨੀਅਰ ਲੀਡਰਸ਼ਿਪ ਰਾਹੀਂ ਘਰ-ਘਰ ਜਾ ਕੇ ਸਰਕਾਰ ਦੀਆਂ ਨਿਰਪੱਖ ਨੀਤੀਆਂ ਸਾਂਝੀਆਂ ਕਰੋ।', 'ਦਿਨ 61-90: ਨੌਜਵਾਨ ਵਰਗ ਨੂੰ ਸਰਕਾਰੀ ਨੌਕਰੀਆਂ ਅਤੇ ਖੇਡ ਕਿੱਟਾਂ ਰਾਹੀਂ ਪਾਰਟੀ ਨਾਲ ਜੋੜ ਕੇ ਲੀਡ ਘਟਾਓ।'], 'action_steps': ['ਦਿਨ 1-30: ਸਾਦਪੁਰ ਦੇ 30 ਨਿਰਪੱਖ ਅਤੇ ਪ੍ਰਭਾਵਸ਼ਾਲੀ ਪਰਿਵਾਰਾਂ ਦੀ ਸ਼ਨਾਖਤ ਕਰੋ।', 'ਦਿਨ 31-60: ਸੀਨੀਅਰ ਲੀਡਰਸ਼ਿਪ ਰਾਹੀਂ ਘਰ-ਘਰ ਜਾ ਕੇ ਸਰਕਾਰ ਦੀਆਂ ਨਿਰਪੱਖ ਨੀਤੀਆਂ ਸਾਂਝੀਆਂ ਕਰੋ।', 'ਦਿਨ 61-90: ਨੌਜਵਾਨ ਵਰਗ ਨੂੰ ਸਰਕਾਰੀ ਨੌਕਰੀਆਂ ਅਤੇ ਖੇਡ ਕਿੱਟਾਂ ਰਾਹੀਂ ਪਾਰਟੀ ਨਾਲ ਜੋੜ ਕੇ ਲੀਡ ਘਟਾਓ।']}"
174,174,170,174,174,False,#174,Booth #174 (Unchanged),ਬੂਥ #174 (ਅਣਬਦਲਿਆ),Chaugawan Sadpur,ਚੌਗਾਵਾਂ ਸਾਦਪੁਰ,ਚੌਗਾਵਾਂ ਸਾਦਪੁਰ,Chaugawan Sadpur,ਚੌਗਾਵਾਂ ਸਾਦਪੁਰ,Chaugawan Sadpur,ਚੌਗਾਵਾਂ ਸਾਦਪੁਰ,SAD,SAD,11,68,SAD Retained,SAD Retained,AAP Deficit,ਆਪ ਘਾਟ,INC Deficit,"{'AAP': 'LOST_BOTH', 'SAD': 'WON_BOTH', 'INC': 'LOST_BOTH', 'BJP': 'WEAK'}",False,"{'is_flip': False, 'status_label': 'SAD Retained', 'turnout_diff': 134, 'turnout_pct': 26.75, 'sad_swing': -0.04, 'aap_swing': -8.55, 'inc_swing': -1.53, 'bjp_swing': 4.94}",501,635,134,26.75,184,233,49,36.73,36.69,-0.04,173,165,-8,34.53,25.98,-8.55,115,136,21,22.95,21.42,-1.53,6,39,33,1.2,6.14,4.94,25,3.94,"{'total': 501, 'sad': 184, 'aap': 173, 'inc': 115, 'bjp': 6, 'sad_votes': 184, 'sad_pct': 36.73, 'aap_votes': 173, 'aap_pct': 34.53, 'inc_votes': 115, 'inc_pct': 22.95, 'bjp_votes': 6, 'bjp_pct': 1.2, 'winner_party': 'SAD', 'margin': 11, 'winner_candidate': 'Ganieve Kaur Majithia'}","{'total': 635, 'sad': 233, 'aap': 165, 'inc': 136, 'bjp': 39, 'sada': 25, 'bsp': 1, 'others': 33, 'sad_votes': 233, 'sad_pct': 36.69, 'aap_votes': 165, 'aap_pct': 25.98, 'inc_votes': 136, 'inc_pct': 21.42, 'bjp_votes': 39, 'bjp_pct': 6.14, 'sada_votes': 25, 'sada_pct': 3.94, 'winner_party': 'SAD', 'margin': 68, 'winner_candidate': 'Anil Joshi'}","{'turnout_diff': 134, 'turnout_pct': 26.75, 'sad_shift': 49, 'sad_swing': -0.04, 'aap_shift': -8, 'aap_swing': -8.55, 'inc_shift': 21, 'inc_swing': -1.53, 'bjp_shift': 33, 'bjp_swing': 4.94}",Akali Bastion: Strategic Penetration & Demolition Zone,ਅਕਾਲੀ ਦਲ ਦਾ ਪ੍ਰਭਾਵਿਤ ਖੇਤਰ: ਵਿਸ਼ੇਸ਼ ਘੇਰਾਬੰਦੀ ਜ਼ੋਨ,SAD retained lead here by +68 votes (36.7% share). Target moderate Panthic and farming families in Chaugawan Sadpur disillusioned with traditional leadership. Appoint dedicated block coordinators and highlight direct government procurement and village development works.,ਅਕਾਲੀ ਦਲ ਨੇ ਇੱਥੇ +68 ਵੋਟਾਂ (36.7%) ਨਾਲ ਲੀਡ ਬਣਾਈ ਹੈ। ਚੌਗਾਵਾਂ ਸਾਦਪੁਰ ਵਿੱਚ ਰਵਾਇਤੀ ਲੀਡਰਸ਼ਿਪ ਤੋਂ ਨਿਰਾਸ਼ ਕਿਸਾਨ ਅਤੇ ਪੰਥਕ ਪਰਿਵਾਰਾਂ ਨਾਲ ਸੰਵਾਦ ਕਰੋ। ਪਿੰਡਾਂ ਵਿੱਚ ਪੰਜਾਬ ਸਰਕਾਰ ਦੇ ਵਿਕਾਸ ਕਾਰਜਾਂ ਅਤੇ ਨਿਰਪੱਖ ਭਰਤੀਆਂ ਦੇ ਸੁਨੇਹੇ ਨਾਲ ਸੰਨ੍ਹ ਲਗਾਓ।,"{'booth_no': '174', 'village_en': 'Chaugawan Sadpur', 'village_pa': 'ਚੌਗਾਵਾਂ ਸਾਦਪੁਰ', 'zone_en': 'Akali Bastion: Strategic Penetration & Demolition Zone', 'zone_pa': 'ਅਕਾਲੀ ਦਲ ਦਾ ਪ੍ਰਭਾਵਿਤ ਖੇਤਰ: ਵਿਸ਼ੇਸ਼ ਘੇਰਾਬੰਦੀ ਜ਼ੋਨ', 'action_en': 'SAD retained lead here by +68 votes (36.7% share). Target moderate Panthic and farming families in Chaugawan Sadpur disillusioned with traditional leadership. Appoint dedicated block coordinators and highlight direct government procurement and village development works.', 'action_pa': 'ਅਕਾਲੀ ਦਲ ਨੇ ਇੱਥੇ +68 ਵੋਟਾਂ (36.7%) ਨਾਲ ਲੀਡ ਬਣਾਈ ਹੈ। ਚੌਗਾਵਾਂ ਸਾਦਪੁਰ ਵਿੱਚ ਰਵਾਇਤੀ ਲੀਡਰਸ਼ਿਪ ਤੋਂ ਨਿਰਾਸ਼ ਕਿਸਾਨ ਅਤੇ ਪੰਥਕ ਪਰਿਵਾਰਾਂ ਨਾਲ ਸੰਵਾਦ ਕਰੋ। ਪਿੰਡਾਂ ਵਿੱਚ ਪੰਜਾਬ ਸਰਕਾਰ ਦੇ ਵਿਕਾਸ ਕਾਰਜਾਂ ਅਤੇ ਨਿਰਪੱਖ ਭਰਤੀਆਂ ਦੇ ਸੁਨੇਹੇ ਨਾਲ ਸੰਨ੍ਹ ਲਗਾਓ।', 'action_steps_en': ['Days 1-30: Map the top 30 influential non-committed Panthic families in Chaugawan Sadpur.', 'Days 31-60: Deploy senior constituency leaders for direct home visits to address local disgruntlement.', ""Days 61-90: Neutralize SAD's +68 vote cushion by winning over agricultural youth.""], 'action_steps_pa': ['ਦਿਨ 1-30: ਚੌਗਾਵਾਂ ਸਾਦਪੁਰ ਦੇ 30 ਨਿਰਪੱਖ ਅਤੇ ਪ੍ਰਭਾਵਸ਼ਾਲੀ ਪਰਿਵਾਰਾਂ ਦੀ ਸ਼ਨਾਖਤ ਕਰੋ।', 'ਦਿਨ 31-60: ਸੀਨੀਅਰ ਲੀਡਰਸ਼ਿਪ ਰਾਹੀਂ ਘਰ-ਘਰ ਜਾ ਕੇ ਸਰਕਾਰ ਦੀਆਂ ਨਿਰਪੱਖ ਨੀਤੀਆਂ ਸਾਂਝੀਆਂ ਕਰੋ।', 'ਦਿਨ 61-90: ਨੌਜਵਾਨ ਵਰਗ ਨੂੰ ਸਰਕਾਰੀ ਨੌਕਰੀਆਂ ਅਤੇ ਖੇਡ ਕਿੱਟਾਂ ਰਾਹੀਂ ਪਾਰਟੀ ਨਾਲ ਜੋੜ ਕੇ ਲੀਡ ਘਟਾਓ।'], 'action_steps': ['ਦਿਨ 1-30: ਚੌਗਾਵਾਂ ਸਾਦਪੁਰ ਦੇ 30 ਨਿਰਪੱਖ ਅਤੇ ਪ੍ਰਭਾਵਸ਼ਾਲੀ ਪਰਿਵਾਰਾਂ ਦੀ ਸ਼ਨਾਖਤ ਕਰੋ।', 'ਦਿਨ 31-60: ਸੀਨੀਅਰ ਲੀਡਰਸ਼ਿਪ ਰਾਹੀਂ ਘਰ-ਘਰ ਜਾ ਕੇ ਸਰਕਾਰ ਦੀਆਂ ਨਿਰਪੱਖ ਨੀਤੀਆਂ ਸਾਂਝੀਆਂ ਕਰੋ।', 'ਦਿਨ 61-90: ਨੌਜਵਾਨ ਵਰਗ ਨੂੰ ਸਰਕਾਰੀ ਨੌਕਰੀਆਂ ਅਤੇ ਖੇਡ ਕਿੱਟਾਂ ਰਾਹੀਂ ਪਾਰਟੀ ਨਾਲ ਜੋੜ ਕੇ ਲੀਡ ਘਟਾਓ।']}"
175,175,171,175,175,False,#175,Booth #175 (Unchanged),ਬੂਥ #175 (ਅਣਬਦਲਿਆ),Chaugawan Sadpur,ਚੌਗਾਵਾਂ ਸਾਦਪੁਰ,ਚੌਗਾਵਾਂ ਸਾਦਪੁਰ,Chaugawan Sadpur,ਚੌਗਾਵਾਂ ਸਾਦਪੁਰ,Chaugawan Sadpur,ਚੌਗਾਵਾਂ ਸਾਦਪੁਰ,SAD,SAD,26,26,SAD Retained,SAD Retained,AAP Deficit,ਆਪ ਘਾਟ,INC Deficit,"{'AAP': 'LOST_BOTH', 'SAD': 'WON_BOTH', 'INC': 'LOST_BOTH', 'BJP': 'WEAK'}",False,"{'is_flip': False, 'status_label': 'SAD Retained', 'turnout_diff': 92, 'turnout_pct': 23.23, 'sad_swing': -10.7, 'aap_swing': -14.37, 'inc_swing': 16.3, 'bjp_swing': 6.51}",396,488,92,23.23,173,161,-12,43.69,32.99,-10.7,147,111,-36,37.12,22.75,-14.37,45,135,90,11.36,27.66,16.3,1,33,32,0.25,6.76,6.51,19,3.89,"{'total': 396, 'sad': 173, 'aap': 147, 'inc': 45, 'bjp': 1, 'sad_votes': 173, 'sad_pct': 43.69, 'aap_votes': 147, 'aap_pct': 37.12, 'inc_votes': 45, 'inc_pct': 11.36, 'bjp_votes': 1, 'bjp_pct': 0.25, 'winner_party': 'SAD', 'margin': 26, 'winner_candidate': 'Ganieve Kaur Majithia'}","{'total': 488, 'sad': 161, 'aap': 111, 'inc': 135, 'bjp': 33, 'sada': 19, 'bsp': 3, 'others': 26, 'sad_votes': 161, 'sad_pct': 32.99, 'aap_votes': 111, 'aap_pct': 22.75, 'inc_votes': 135, 'inc_pct': 27.66, 'bjp_votes': 33, 'bjp_pct': 6.76, 'sada_votes': 19, 'sada_pct': 3.89, 'winner_party': 'SAD', 'margin': 26, 'winner_candidate': 'Anil Joshi'}","{'turnout_diff': 92, 'turnout_pct': 23.23, 'sad_shift': -12, 'sad_swing': -10.7, 'aap_shift': -36, 'aap_swing': -14.37, 'inc_shift': 90, 'inc_swing': 16.3, 'bjp_shift': 32, 'bjp_swing': 6.51}",Akali Bastion: Strategic Penetration & Demolition Zone,ਅਕਾਲੀ ਦਲ ਦਾ ਪ੍ਰਭਾਵਿਤ ਖੇਤਰ: ਵਿਸ਼ੇਸ਼ ਘੇਰਾਬੰਦੀ ਜ਼ੋਨ,SAD retained lead here by +26 votes (33.0% share). Target moderate Panthic and farming families in Chaugawan Sadpur disillusioned with traditional leadership. Appoint dedicated block coordinators and highlight direct government procurement and village development works.,ਅਕਾਲੀ ਦਲ ਨੇ ਇੱਥੇ +26 ਵੋਟਾਂ (33.0%) ਨਾਲ ਲੀਡ ਬਣਾਈ ਹੈ। ਚੌਗਾਵਾਂ ਸਾਦਪੁਰ ਵਿੱਚ ਰਵਾਇਤੀ ਲੀਡਰਸ਼ਿਪ ਤੋਂ ਨਿਰਾਸ਼ ਕਿਸਾਨ ਅਤੇ ਪੰਥਕ ਪਰਿਵਾਰਾਂ ਨਾਲ ਸੰਵਾਦ ਕਰੋ। ਪਿੰਡਾਂ ਵਿੱਚ ਪੰਜਾਬ ਸਰਕਾਰ ਦੇ ਵਿਕਾਸ ਕਾਰਜਾਂ ਅਤੇ ਨਿਰਪੱਖ ਭਰਤੀਆਂ ਦੇ ਸੁਨੇਹੇ ਨਾਲ ਸੰਨ੍ਹ ਲਗਾਓ।,"{'booth_no': '175', 'village_en': 'Chaugawan Sadpur', 'village_pa': 'ਚੌਗਾਵਾਂ ਸਾਦਪੁਰ', 'zone_en': 'Akali Bastion: Strategic Penetration & Demolition Zone', 'zone_pa': 'ਅਕਾਲੀ ਦਲ ਦਾ ਪ੍ਰਭਾਵਿਤ ਖੇਤਰ: ਵਿਸ਼ੇਸ਼ ਘੇਰਾਬੰਦੀ ਜ਼ੋਨ', 'action_en': 'SAD retained lead here by +26 votes (33.0% share). Target moderate Panthic and farming families in Chaugawan Sadpur disillusioned with traditional leadership. Appoint dedicated block coordinators and highlight direct government procurement and village development works.', 'action_pa': 'ਅਕਾਲੀ ਦਲ ਨੇ ਇੱਥੇ +26 ਵੋਟਾਂ (33.0%) ਨਾਲ ਲੀਡ ਬਣਾਈ ਹੈ। ਚੌਗਾਵਾਂ ਸਾਦਪੁਰ ਵਿੱਚ ਰਵਾਇਤੀ ਲੀਡਰਸ਼ਿਪ ਤੋਂ ਨਿਰਾਸ਼ ਕਿਸਾਨ ਅਤੇ ਪੰਥਕ ਪਰਿਵਾਰਾਂ ਨਾਲ ਸੰਵਾਦ ਕਰੋ। ਪਿੰਡਾਂ ਵਿੱਚ ਪੰਜਾਬ ਸਰਕਾਰ ਦੇ ਵਿਕਾਸ ਕਾਰਜਾਂ ਅਤੇ ਨਿਰਪੱਖ ਭਰਤੀਆਂ ਦੇ ਸੁਨੇਹੇ ਨਾਲ ਸੰਨ੍ਹ ਲਗਾਓ।', 'action_steps_en': ['Days 1-30: Map the top 30 influential non-committed Panthic families in Chaugawan Sadpur.', 'Days 31-60: Deploy senior constituency leaders for direct home visits to address local disgruntlement.', ""Days 61-90: Neutralize SAD's +26 vote cushion by winning over agricultural youth.""], 'action_steps_pa': ['ਦਿਨ 1-30: ਚੌਗਾਵਾਂ ਸਾਦਪੁਰ ਦੇ 30 ਨਿਰਪੱਖ ਅਤੇ ਪ੍ਰਭਾਵਸ਼ਾਲੀ ਪਰਿਵਾਰਾਂ ਦੀ ਸ਼ਨਾਖਤ ਕਰੋ।', 'ਦਿਨ 31-60: ਸੀਨੀਅਰ ਲੀਡਰਸ਼ਿਪ ਰਾਹੀਂ ਘਰ-ਘਰ ਜਾ ਕੇ ਸਰਕਾਰ ਦੀਆਂ ਨਿਰਪੱਖ ਨੀਤੀਆਂ ਸਾਂਝੀਆਂ ਕਰੋ।', 'ਦਿਨ 61-90: ਨੌਜਵਾਨ ਵਰਗ ਨੂੰ ਸਰਕਾਰੀ ਨੌਕਰੀਆਂ ਅਤੇ ਖੇਡ ਕਿੱਟਾਂ ਰਾਹੀਂ ਪਾਰਟੀ ਨਾਲ ਜੋੜ ਕੇ ਲੀਡ ਘਟਾਓ।'], 'action_steps': ['ਦਿਨ 1-30: ਚੌਗਾਵਾਂ ਸਾਦਪੁਰ ਦੇ 30 ਨਿਰਪੱਖ ਅਤੇ ਪ੍ਰਭਾਵਸ਼ਾਲੀ ਪਰਿਵਾਰਾਂ ਦੀ ਸ਼ਨਾਖਤ ਕਰੋ।', 'ਦਿਨ 31-60: ਸੀਨੀਅਰ ਲੀਡਰਸ਼ਿਪ ਰਾਹੀਂ ਘਰ-ਘਰ ਜਾ ਕੇ ਸਰਕਾਰ ਦੀਆਂ ਨਿਰਪੱਖ ਨੀਤੀਆਂ ਸਾਂਝੀਆਂ ਕਰੋ।', 'ਦਿਨ 61-90: ਨੌਜਵਾਨ ਵਰਗ ਨੂੰ ਸਰਕਾਰੀ ਨੌਕਰੀਆਂ ਅਤੇ ਖੇਡ ਕਿੱਟਾਂ ਰਾਹੀਂ ਪਾਰਟੀ ਨਾਲ ਜੋੜ ਕੇ ਲੀਡ ਘਟਾਓ।']}"
176,176,172,176,176,False,#176,Booth #176 (Unchanged),ਬੂਥ #176 (ਅਣਬਦਲਿਆ),Bhoe,ਭੋਏ,ਭੋਏ,Bhoe,ਭੋਏ,Bhoe,ਭੋਏ,AAP,SAD,8,20,AAP → SAD,AAP → SAD,AAP Loss,ਆਪ ਨੁਕਸਾਨ,INC Deficit,"{'AAP': 'LOST_24', 'SAD': 'GAINED', 'INC': 'LOST_BOTH', 'BJP': 'WEAK'}",True,"{'is_flip': True, 'status_label': 'AAP → SAD', 'turnout_diff': -184, 'turnout_pct': -36.51, 'sad_swing': 5.94, 'aap_swing': -1.9, 'inc_swing': 8.71, 'bjp_swing': -0.09}",504,320,-184,-36.51,189,139,-50,37.5,43.44,5.94,197,119,-78,39.09,37.19,-1.9,38,52,14,7.54,16.25,8.71,2,1,-1,0.4,0.31,-0.09,4,1.25,"{'total': 504, 'sad': 189, 'aap': 197, 'inc': 38, 'bjp': 2, 'sad_votes': 189, 'sad_pct': 37.5, 'aap_votes': 197, 'aap_pct': 39.09, 'inc_votes': 38, 'inc_pct': 7.54, 'bjp_votes': 2, 'bjp_pct': 0.4, 'winner_party': 'AAP', 'margin': 8, 'winner_candidate': 'Sukhjinder Raj Singh (Lalli)'}","{'total': 320, 'sad': 139, 'aap': 119, 'inc': 52, 'bjp': 1, 'sada': 4, 'bsp': 0, 'others': 4, 'sad_votes': 139, 'sad_pct': 43.44, 'aap_votes': 119, 'aap_pct': 37.19, 'inc_votes': 52, 'inc_pct': 16.25, 'bjp_votes': 1, 'bjp_pct': 0.31, 'sada_votes': 4, 'sada_pct': 1.25, 'winner_party': 'SAD', 'margin': 20, 'winner_candidate': 'Anil Joshi'}","{'turnout_diff': -184, 'turnout_pct': -36.51, 'sad_shift': -50, 'sad_swing': 5.94, 'aap_shift': -78, 'aap_swing': -1.9, 'inc_shift': 14, 'inc_swing': 8.71, 'bjp_shift': -1, 'bjp_swing': -0.09}",Akali Bastion: Strategic Penetration & Demolition Zone,ਅਕਾਲੀ ਦਲ ਦਾ ਪ੍ਰਭਾਵਿਤ ਖੇਤਰ: ਵਿਸ਼ੇਸ਼ ਘੇਰਾਬੰਦੀ ਜ਼ੋਨ,SAD retained lead here by +20 votes (43.4% share). Target moderate Panthic and farming families in Bhoe disillusioned with traditional leadership. Appoint dedicated block coordinators and highlight direct government procurement and village development works.,ਅਕਾਲੀ ਦਲ ਨੇ ਇੱਥੇ +20 ਵੋਟਾਂ (43.4%) ਨਾਲ ਲੀਡ ਬਣਾਈ ਹੈ। ਭੋਏ ਵਿੱਚ ਰਵਾਇਤੀ ਲੀਡਰਸ਼ਿਪ ਤੋਂ ਨਿਰਾਸ਼ ਕਿਸਾਨ ਅਤੇ ਪੰਥਕ ਪਰਿਵਾਰਾਂ ਨਾਲ ਸੰਵਾਦ ਕਰੋ। ਪਿੰਡਾਂ ਵਿੱਚ ਪੰਜਾਬ ਸਰਕਾਰ ਦੇ ਵਿਕਾਸ ਕਾਰਜਾਂ ਅਤੇ ਨਿਰਪੱਖ ਭਰਤੀਆਂ ਦੇ ਸੁਨੇਹੇ ਨਾਲ ਸੰਨ੍ਹ ਲਗਾਓ।,"{'booth_no': '176', 'village_en': 'Bhoe', 'village_pa': 'ਭੋਏ', 'zone_en': 'Akali Bastion: Strategic Penetration & Demolition Zone', 'zone_pa': 'ਅਕਾਲੀ ਦਲ ਦਾ ਪ੍ਰਭਾਵਿਤ ਖੇਤਰ: ਵਿਸ਼ੇਸ਼ ਘੇਰਾਬੰਦੀ ਜ਼ੋਨ', 'action_en': 'SAD retained lead here by +20 votes (43.4% share). Target moderate Panthic and farming families in Bhoe disillusioned with traditional leadership. Appoint dedicated block coordinators and highlight direct government procurement and village development works.', 'action_pa': 'ਅਕਾਲੀ ਦਲ ਨੇ ਇੱਥੇ +20 ਵੋਟਾਂ (43.4%) ਨਾਲ ਲੀਡ ਬਣਾਈ ਹੈ। ਭੋਏ ਵਿੱਚ ਰਵਾਇਤੀ ਲੀਡਰਸ਼ਿਪ ਤੋਂ ਨਿਰਾਸ਼ ਕਿਸਾਨ ਅਤੇ ਪੰਥਕ ਪਰਿਵਾਰਾਂ ਨਾਲ ਸੰਵਾਦ ਕਰੋ। ਪਿੰਡਾਂ ਵਿੱਚ ਪੰਜਾਬ ਸਰਕਾਰ ਦੇ ਵਿਕਾਸ ਕਾਰਜਾਂ ਅਤੇ ਨਿਰਪੱਖ ਭਰਤੀਆਂ ਦੇ ਸੁਨੇਹੇ ਨਾਲ ਸੰਨ੍ਹ ਲਗਾਓ।', 'action_steps_en': ['Days 1-30: Map the top 30 influential non-committed Panthic families in Bhoe.', 'Days 31-60: Deploy senior constituency leaders for direct home visits to address local disgruntlement.', ""Days 61-90: Neutralize SAD's +20 vote cushion by winning over agricultural youth.""], 'action_steps_pa': ['ਦਿਨ 1-30: ਭੋਏ ਦੇ 30 ਨਿਰਪੱਖ ਅਤੇ ਪ੍ਰਭਾਵਸ਼ਾਲੀ ਪਰਿਵਾਰਾਂ ਦੀ ਸ਼ਨਾਖਤ ਕਰੋ।', 'ਦਿਨ 31-60: ਸੀਨੀਅਰ ਲੀਡਰਸ਼ਿਪ ਰਾਹੀਂ ਘਰ-ਘਰ ਜਾ ਕੇ ਸਰਕਾਰ ਦੀਆਂ ਨਿਰਪੱਖ ਨੀਤੀਆਂ ਸਾਂਝੀਆਂ ਕਰੋ।', 'ਦਿਨ 61-90: ਨੌਜਵਾਨ ਵਰਗ ਨੂੰ ਸਰਕਾਰੀ ਨੌਕਰੀਆਂ ਅਤੇ ਖੇਡ ਕਿੱਟਾਂ ਰਾਹੀਂ ਪਾਰਟੀ ਨਾਲ ਜੋੜ ਕੇ ਲੀਡ ਘਟਾਓ।'], 'action_steps': ['ਦਿਨ 1-30: ਭੋਏ ਦੇ 30 ਨਿਰਪੱਖ ਅਤੇ ਪ੍ਰਭਾਵਸ਼ਾਲੀ ਪਰਿਵਾਰਾਂ ਦੀ ਸ਼ਨਾਖਤ ਕਰੋ।', 'ਦਿਨ 31-60: ਸੀਨੀਅਰ ਲੀਡਰਸ਼ਿਪ ਰਾਹੀਂ ਘਰ-ਘਰ ਜਾ ਕੇ ਸਰਕਾਰ ਦੀਆਂ ਨਿਰਪੱਖ ਨੀਤੀਆਂ ਸਾਂਝੀਆਂ ਕਰੋ।', 'ਦਿਨ 61-90: ਨੌਜਵਾਨ ਵਰਗ ਨੂੰ ਸਰਕਾਰੀ ਨੌਕਰੀਆਂ ਅਤੇ ਖੇਡ ਕਿੱਟਾਂ ਰਾਹੀਂ ਪਾਰਟੀ ਨਾਲ ਜੋੜ ਕੇ ਲੀਡ ਘਟਾਓ।']}"
177,177,173,177,177,False,#177,Booth #177 (Unchanged),ਬੂਥ #177 (ਅਣਬਦਲਿਆ),Taharpura,ਤਾਹਰਪੁਰਾ,ਤਾਹਰਪੁਰਾ,Taharpura,ਤਾਹਰਪੁਰਾ,Taharpura,ਤਾਹਰਪੁਰਾ,SAD,SAD,149,180,SAD Retained,SAD Retained,AAP Deficit,ਆਪ ਘਾਟ,INC Deficit,"{'AAP': 'LOST_BOTH', 'SAD': 'WON_BOTH', 'INC': 'WEAK', 'BJP': 'WEAK'}",False,"{'is_flip': False, 'status_label': 'SAD Retained', 'turnout_diff': 133, 'turnout_pct': 23.29, 'sad_swing': 8.53, 'aap_swing': 10.65, 'inc_swing': -18.92, 'bjp_swing': 1.5}",571,704,133,23.29,270,393,123,47.29,55.82,8.53,112,213,101,19.61,30.26,10.65,121,16,-105,21.19,2.27,-18.92,2,13,11,0.35,1.85,1.5,45,6.39,"{'total': 571, 'sad': 270, 'aap': 112, 'inc': 121, 'bjp': 2, 'sad_votes': 270, 'sad_pct': 47.29, 'aap_votes': 112, 'aap_pct': 19.61, 'inc_votes': 121, 'inc_pct': 21.19, 'bjp_votes': 2, 'bjp_pct': 0.35, 'winner_party': 'SAD', 'margin': 149, 'winner_candidate': 'Ganieve Kaur Majithia'}","{'total': 704, 'sad': 393, 'aap': 213, 'inc': 16, 'bjp': 13, 'sada': 45, 'bsp': 0, 'others': 20, 'sad_votes': 393, 'sad_pct': 55.82, 'aap_votes': 213, 'aap_pct': 30.26, 'inc_votes': 16, 'inc_pct': 2.27, 'bjp_votes': 13, 'bjp_pct': 1.85, 'sada_votes': 45, 'sada_pct': 6.39, 'winner_party': 'SAD', 'margin': 180, 'winner_candidate': 'Anil Joshi'}","{'turnout_diff': 133, 'turnout_pct': 23.29, 'sad_shift': 123, 'sad_swing': 8.53, 'aap_shift': 101, 'aap_swing': 10.65, 'inc_shift': -105, 'inc_swing': -18.92, 'bjp_shift': 11, 'bjp_swing': 1.5}",Akali Bastion: Strategic Penetration & Demolition Zone,ਅਕਾਲੀ ਦਲ ਦਾ ਪ੍ਰਭਾਵਿਤ ਖੇਤਰ: ਵਿਸ਼ੇਸ਼ ਘੇਰਾਬੰਦੀ ਜ਼ੋਨ,SAD retained lead here by +180 votes (55.8% share). Target moderate Panthic and farming families in Taharpura disillusioned with traditional leadership. Appoint dedicated block coordinators and highlight direct government procurement and village development works.,ਅਕਾਲੀ ਦਲ ਨੇ ਇੱਥੇ +180 ਵੋਟਾਂ (55.8%) ਨਾਲ ਲੀਡ ਬਣਾਈ ਹੈ। ਤਾਹਰਪੁਰਾ ਵਿੱਚ ਰਵਾਇਤੀ ਲੀਡਰਸ਼ਿਪ ਤੋਂ ਨਿਰਾਸ਼ ਕਿਸਾਨ ਅਤੇ ਪੰਥਕ ਪਰਿਵਾਰਾਂ ਨਾਲ ਸੰਵਾਦ ਕਰੋ। ਪਿੰਡਾਂ ਵਿੱਚ ਪੰਜਾਬ ਸਰਕਾਰ ਦੇ ਵਿਕਾਸ ਕਾਰਜਾਂ ਅਤੇ ਨਿਰਪੱਖ ਭਰਤੀਆਂ ਦੇ ਸੁਨੇਹੇ ਨਾਲ ਸੰਨ੍ਹ ਲਗਾਓ।,"{'booth_no': '177', 'village_en': 'Taharpura', 'village_pa': 'ਤਾਹਰਪੁਰਾ', 'zone_en': 'Akali Bastion: Strategic Penetration & Demolition Zone', 'zone_pa': 'ਅਕਾਲੀ ਦਲ ਦਾ ਪ੍ਰਭਾਵਿਤ ਖੇਤਰ: ਵਿਸ਼ੇਸ਼ ਘੇਰਾਬੰਦੀ ਜ਼ੋਨ', 'action_en': 'SAD retained lead here by +180 votes (55.8% share). Target moderate Panthic and farming families in Taharpura disillusioned with traditional leadership. Appoint dedicated block coordinators and highlight direct government procurement and village development works.', 'action_pa': 'ਅਕਾਲੀ ਦਲ ਨੇ ਇੱਥੇ +180 ਵੋਟਾਂ (55.8%) ਨਾਲ ਲੀਡ ਬਣਾਈ ਹੈ। ਤਾਹਰਪੁਰਾ ਵਿੱਚ ਰਵਾਇਤੀ ਲੀਡਰਸ਼ਿਪ ਤੋਂ ਨਿਰਾਸ਼ ਕਿਸਾਨ ਅਤੇ ਪੰਥਕ ਪਰਿਵਾਰਾਂ ਨਾਲ ਸੰਵਾਦ ਕਰੋ। ਪਿੰਡਾਂ ਵਿੱਚ ਪੰਜਾਬ ਸਰਕਾਰ ਦੇ ਵਿਕਾਸ ਕਾਰਜਾਂ ਅਤੇ ਨਿਰਪੱਖ ਭਰਤੀਆਂ ਦੇ ਸੁਨੇਹੇ ਨਾਲ ਸੰਨ੍ਹ ਲਗਾਓ।', 'action_steps_en': ['Days 1-30: Map the top 30 influential non-committed Panthic families in Taharpura.', 'Days 31-60: Deploy senior constituency leaders for direct home visits to address local disgruntlement.', ""Days 61-90: Neutralize SAD's +180 vote cushion by winning over agricultural youth.""], 'action_steps_pa': ['ਦਿਨ 1-30: ਤਾਹਰਪੁਰਾ ਦੇ 30 ਨਿਰਪੱਖ ਅਤੇ ਪ੍ਰਭਾਵਸ਼ਾਲੀ ਪਰਿਵਾਰਾਂ ਦੀ ਸ਼ਨਾਖਤ ਕਰੋ।', 'ਦਿਨ 31-60: ਸੀਨੀਅਰ ਲੀਡਰਸ਼ਿਪ ਰਾਹੀਂ ਘਰ-ਘਰ ਜਾ ਕੇ ਸਰਕਾਰ ਦੀਆਂ ਨਿਰਪੱਖ ਨੀਤੀਆਂ ਸਾਂਝੀਆਂ ਕਰੋ।', 'ਦਿਨ 61-90: ਨੌਜਵਾਨ ਵਰਗ ਨੂੰ ਸਰਕਾਰੀ ਨੌਕਰੀਆਂ ਅਤੇ ਖੇਡ ਕਿੱਟਾਂ ਰਾਹੀਂ ਪਾਰਟੀ ਨਾਲ ਜੋੜ ਕੇ ਲੀਡ ਘਟਾਓ।'], 'action_steps': ['ਦਿਨ 1-30: ਤਾਹਰਪੁਰਾ ਦੇ 30 ਨਿਰਪੱਖ ਅਤੇ ਪ੍ਰਭਾਵਸ਼ਾਲੀ ਪਰਿਵਾਰਾਂ ਦੀ ਸ਼ਨਾਖਤ ਕਰੋ।', 'ਦਿਨ 31-60: ਸੀਨੀਅਰ ਲੀਡਰਸ਼ਿਪ ਰਾਹੀਂ ਘਰ-ਘਰ ਜਾ ਕੇ ਸਰਕਾਰ ਦੀਆਂ ਨਿਰਪੱਖ ਨੀਤੀਆਂ ਸਾਂਝੀਆਂ ਕਰੋ।', 'ਦਿਨ 61-90: ਨੌਜਵਾਨ ਵਰਗ ਨੂੰ ਸਰਕਾਰੀ ਨੌਕਰੀਆਂ ਅਤੇ ਖੇਡ ਕਿੱਟਾਂ ਰਾਹੀਂ ਪਾਰਟੀ ਨਾਲ ਜੋੜ ਕੇ ਲੀਡ ਘਟਾਓ।']}"
178,178,174,178,178,False,#178,Booth #178 (Unchanged),ਬੂਥ #178 (ਅਣਬਦਲਿਆ),Boparai,ਬੋਪਾਰਾਏ,ਬੋਪਾਰਾਏ,Boparai,ਬੋਪਾਰਾਏ,Boparai,ਬੋਪਾਰਾਏ,SAD,AAP,25,59,SAD → AAP,SAD → AAP,AAP Gain,ਆਪ ਲਾਭ,INC Deficit,"{'AAP': 'GAINED', 'SAD': 'LOST_24', 'INC': 'WEAK', 'BJP': 'WEAK'}",True,"{'is_flip': True, 'status_label': 'SAD → AAP', 'turnout_diff': -62, 'turnout_pct': -9.98, 'sad_swing': -0.73, 'aap_swing': 13.86, 'inc_swing': -12.97, 'bjp_swing': 0.08}",621,559,-62,-9.98,230,203,-27,37.04,36.31,-0.73,205,262,57,33.01,46.87,13.86,135,49,-86,21.74,8.77,-12.97,4,4,0,0.64,0.72,0.08,24,4.29,"{'total': 621, 'sad': 230, 'aap': 205, 'inc': 135, 'bjp': 4, 'sad_votes': 230, 'sad_pct': 37.04, 'aap_votes': 205, 'aap_pct': 33.01, 'inc_votes': 135, 'inc_pct': 21.74, 'bjp_votes': 4, 'bjp_pct': 0.64, 'winner_party': 'SAD', 'margin': 25, 'winner_candidate': 'Ganieve Kaur Majithia'}","{'total': 559, 'sad': 203, 'aap': 262, 'inc': 49, 'bjp': 4, 'sada': 24, 'bsp': 1, 'others': 15, 'sad_votes': 203, 'sad_pct': 36.31, 'aap_votes': 262, 'aap_pct': 46.87, 'inc_votes': 49, 'inc_pct': 8.77, 'bjp_votes': 4, 'bjp_pct': 0.72, 'sada_votes': 24, 'sada_pct': 4.29, 'winner_party': 'AAP', 'margin': 59, 'winner_candidate': 'Kuldeep Singh Dhaliwal'}","{'turnout_diff': -62, 'turnout_pct': -9.98, 'sad_shift': -27, 'sad_swing': -0.73, 'aap_shift': 57, 'aap_swing': 13.86, 'inc_shift': -86, 'inc_swing': -12.97, 'bjp_shift': 0, 'bjp_swing': 0.08}",Historic Breakthrough: AAP Flipped Stronghold,ਇਤਿਹਾਸਕ ਪ੍ਰਾਪਤੀ: ਅਕਾਲੀ ਗੜ੍ਹ ਵਿੱਚ ਆਪ ਦੀ ਜਿੱਤ ਜ਼ੋਨ,"Major breakthrough in Boparai previously held by SAD. Formally induct local village swing leaders and youth volunteers who backed AAP in 2024. Resolve local village infrastructure, canal tail issues, and cement +59 lead.","ਬੋਪਾਰਾਏ ਵਿੱਚ ਵੱਡੀ ਇਤਿਹਾਸਕ ਸਫ਼ਲਤਾ, ਜਿੱਥੇ SAD ਦਾ ਪੁਰਾਣਾ ਦਬਦਬਾ ਟੁੱਟਿਆ। 2024 ਵਿੱਚ ਆਪ ਨਾਲ ਜੁੜੇ ਨੌਜਵਾਨਾਂ ਅਤੇ ਪੰਚਾਇਤੀ ਆਗੂਆਂ ਨੂੰ ਜਥੇਬੰਦਕ ਜ਼ਿੰਮੇਵਾਰੀਆਂ ਦਿਓ ਅਤੇ +59 ਵੋਟਾਂ ਦੀ ਲੀਡ ਨੂੰ ਸਥਾਈ ਵੋਟ ਬੈਂਕ ਵਿੱਚ ਬਦਲੋ।","{'booth_no': '178', 'village_en': 'Boparai', 'village_pa': 'ਬੋਪਾਰਾਏ', 'zone_en': 'Historic Breakthrough: AAP Flipped Stronghold', 'zone_pa': 'ਇਤਿਹਾਸਕ ਪ੍ਰਾਪਤੀ: ਅਕਾਲੀ ਗੜ੍ਹ ਵਿੱਚ ਆਪ ਦੀ ਜਿੱਤ ਜ਼ੋਨ', 'action_en': 'Major breakthrough in Boparai previously held by SAD. Formally induct local village swing leaders and youth volunteers who backed AAP in 2024. Resolve local village infrastructure, canal tail issues, and cement +59 lead.', 'action_pa': 'ਬੋਪਾਰਾਏ ਵਿੱਚ ਵੱਡੀ ਇਤਿਹਾਸਕ ਸਫ਼ਲਤਾ, ਜਿੱਥੇ SAD ਦਾ ਪੁਰਾਣਾ ਦਬਦਬਾ ਟੁੱਟਿਆ। 2024 ਵਿੱਚ ਆਪ ਨਾਲ ਜੁੜੇ ਨੌਜਵਾਨਾਂ ਅਤੇ ਪੰਚਾਇਤੀ ਆਗੂਆਂ ਨੂੰ ਜਥੇਬੰਦਕ ਜ਼ਿੰਮੇਵਾਰੀਆਂ ਦਿਓ ਅਤੇ +59 ਵੋਟਾਂ ਦੀ ਲੀਡ ਨੂੰ ਸਥਾਈ ਵੋਟ ਬੈਂਕ ਵਿੱਚ ਬਦਲੋ।', 'action_steps_en': ['Days 1-30: Onboard dynamic swing workers who crossed over from SAD into the formal AAP booth structure.', 'Days 31-60: Prioritize village link road and street light repairs in Boparai through rural development grants.', 'Days 61-90: Convert current +59 vote lead into permanent party loyalty before 2027.'], 'action_steps_pa': ['ਦਿਨ 1-30: SAD ਛੱਡ ਕੇ ਆਪ ਵਿੱਚ ਸ਼ਾਮਲ ਹੋਏ ਆਗੂਆਂ ਨੂੰ ਬੂਥ ਕਮੇਟੀ ਵਿੱਚ ਅਹਿਮ ਜ਼ਿੰਮੇਵਾਰੀਆਂ ਦਿਓ।', ""ਦਿਨ 31-60: ਬੋਪਾਰਾਏ ਵਿੱਚ ਪਿੰਡ ਦੀਆਂ ਫਿਰਨੀਆਂ, ਗਲੀਆਂ ਅਤੇ ਲਿੰਕ ਸੜਕਾਂ ਦੇ ਕੰਮ ਤਰਜੀਹ 'ਤੇ ਕਰਵਾਓ।"", 'ਦਿਨ 61-90: +59 ਵੋਟਾਂ ਦੀ ਲੀਡ ਨੂੰ ਪੱਕੇ ਵੋਟ ਬੈਂਕ ਵਿੱਚ ਤਬਦੀਲ ਕਰੋ।'], 'action_steps': ['ਦਿਨ 1-30: SAD ਛੱਡ ਕੇ ਆਪ ਵਿੱਚ ਸ਼ਾਮਲ ਹੋਏ ਆਗੂਆਂ ਨੂੰ ਬੂਥ ਕਮੇਟੀ ਵਿੱਚ ਅਹਿਮ ਜ਼ਿੰਮੇਵਾਰੀਆਂ ਦਿਓ।', ""ਦਿਨ 31-60: ਬੋਪਾਰਾਏ ਵਿੱਚ ਪਿੰਡ ਦੀਆਂ ਫਿਰਨੀਆਂ, ਗਲੀਆਂ ਅਤੇ ਲਿੰਕ ਸੜਕਾਂ ਦੇ ਕੰਮ ਤਰਜੀਹ 'ਤੇ ਕਰਵਾਓ।"", 'ਦਿਨ 61-90: +59 ਵੋਟਾਂ ਦੀ ਲੀਡ ਨੂੰ ਪੱਕੇ ਵੋਟ ਬੈਂਕ ਵਿੱਚ ਤਬਦੀਲ ਕਰੋ।']}"
179,179,175,179,179,False,#179,Booth #179 (Unchanged),ਬੂਥ #179 (ਅਣਬਦਲਿਆ),Bhoewal,ਭੋਏਵਾਲ,ਭੋਏਵਾਲ,Bhoewal,ਭੋਏਵਾਲ,Bhoewal,ਭੋਏਵਾਲ,AAP,SAD,8,212,AAP → SAD,AAP → SAD,AAP Loss,ਆਪ ਨੁਕਸਾਨ,INC Deficit,"{'AAP': 'LOST_24', 'SAD': 'GAINED', 'INC': 'WEAK', 'BJP': 'WEAK'}",True,"{'is_flip': True, 'status_label': 'AAP → SAD', 'turnout_diff': 32, 'turnout_pct': 3.96, 'sad_swing': 19.85, 'aap_swing': -6.35, 'inc_swing': -12.02, 'bjp_swing': -0.03}",809,841,32,3.96,256,433,177,31.64,51.49,19.85,264,221,-43,32.63,26.28,-6.35,206,113,-93,25.46,13.44,-12.02,6,6,0,0.74,0.71,-0.03,56,6.66,"{'total': 809, 'sad': 256, 'aap': 264, 'inc': 206, 'bjp': 6, 'sad_votes': 256, 'sad_pct': 31.64, 'aap_votes': 264, 'aap_pct': 32.63, 'inc_votes': 206, 'inc_pct': 25.46, 'bjp_votes': 6, 'bjp_pct': 0.74, 'winner_party': 'AAP', 'margin': 8, 'winner_candidate': 'Sukhjinder Raj Singh (Lalli)'}","{'total': 841, 'sad': 433, 'aap': 221, 'inc': 113, 'bjp': 6, 'sada': 56, 'bsp': 0, 'others': 11, 'sad_votes': 433, 'sad_pct': 51.49, 'aap_votes': 221, 'aap_pct': 26.28, 'inc_votes': 113, 'inc_pct': 13.44, 'bjp_votes': 6, 'bjp_pct': 0.71, 'sada_votes': 56, 'sada_pct': 6.66, 'winner_party': 'SAD', 'margin': 212, 'winner_candidate': 'Anil Joshi'}","{'turnout_diff': 32, 'turnout_pct': 3.96, 'sad_shift': 177, 'sad_swing': 19.85, 'aap_shift': -43, 'aap_swing': -6.35, 'inc_shift': -93, 'inc_swing': -12.02, 'bjp_shift': 0, 'bjp_swing': -0.03}",Akali Bastion: Strategic Penetration & Demolition Zone,ਅਕਾਲੀ ਦਲ ਦਾ ਪ੍ਰਭਾਵਿਤ ਖੇਤਰ: ਵਿਸ਼ੇਸ਼ ਘੇਰਾਬੰਦੀ ਜ਼ੋਨ,SAD retained lead here by +212 votes (51.5% share). Target moderate Panthic and farming families in Bhoewal disillusioned with traditional leadership. Appoint dedicated block coordinators and highlight direct government procurement and village development works.,ਅਕਾਲੀ ਦਲ ਨੇ ਇੱਥੇ +212 ਵੋਟਾਂ (51.5%) ਨਾਲ ਲੀਡ ਬਣਾਈ ਹੈ। ਭੋਏਵਾਲ ਵਿੱਚ ਰਵਾਇਤੀ ਲੀਡਰਸ਼ਿਪ ਤੋਂ ਨਿਰਾਸ਼ ਕਿਸਾਨ ਅਤੇ ਪੰਥਕ ਪਰਿਵਾਰਾਂ ਨਾਲ ਸੰਵਾਦ ਕਰੋ। ਪਿੰਡਾਂ ਵਿੱਚ ਪੰਜਾਬ ਸਰਕਾਰ ਦੇ ਵਿਕਾਸ ਕਾਰਜਾਂ ਅਤੇ ਨਿਰਪੱਖ ਭਰਤੀਆਂ ਦੇ ਸੁਨੇਹੇ ਨਾਲ ਸੰਨ੍ਹ ਲਗਾਓ।,"{'booth_no': '179', 'village_en': 'Bhoewal', 'village_pa': 'ਭੋਏਵਾਲ', 'zone_en': 'Akali Bastion: Strategic Penetration & Demolition Zone', 'zone_pa': 'ਅਕਾਲੀ ਦਲ ਦਾ ਪ੍ਰਭਾਵਿਤ ਖੇਤਰ: ਵਿਸ਼ੇਸ਼ ਘੇਰਾਬੰਦੀ ਜ਼ੋਨ', 'action_en': 'SAD retained lead here by +212 votes (51.5% share). Target moderate Panthic and farming families in Bhoewal disillusioned with traditional leadership. Appoint dedicated block coordinators and highlight direct government procurement and village development works.', 'action_pa': 'ਅਕਾਲੀ ਦਲ ਨੇ ਇੱਥੇ +212 ਵੋਟਾਂ (51.5%) ਨਾਲ ਲੀਡ ਬਣਾਈ ਹੈ। ਭੋਏਵਾਲ ਵਿੱਚ ਰਵਾਇਤੀ ਲੀਡਰਸ਼ਿਪ ਤੋਂ ਨਿਰਾਸ਼ ਕਿਸਾਨ ਅਤੇ ਪੰਥਕ ਪਰਿਵਾਰਾਂ ਨਾਲ ਸੰਵਾਦ ਕਰੋ। ਪਿੰਡਾਂ ਵਿੱਚ ਪੰਜਾਬ ਸਰਕਾਰ ਦੇ ਵਿਕਾਸ ਕਾਰਜਾਂ ਅਤੇ ਨਿਰਪੱਖ ਭਰਤੀਆਂ ਦੇ ਸੁਨੇਹੇ ਨਾਲ ਸੰਨ੍ਹ ਲਗਾਓ।', 'action_steps_en': ['Days 1-30: Map the top 30 influential non-committed Panthic families in Bhoewal.', 'Days 31-60: Deploy senior constituency leaders for direct home visits to address local disgruntlement.', ""Days 61-90: Neutralize SAD's +212 vote cushion by winning over agricultural youth.""], 'action_steps_pa': ['ਦਿਨ 1-30: ਭੋਏਵਾਲ ਦੇ 30 ਨਿਰਪੱਖ ਅਤੇ ਪ੍ਰਭਾਵਸ਼ਾਲੀ ਪਰਿਵਾਰਾਂ ਦੀ ਸ਼ਨਾਖਤ ਕਰੋ।', 'ਦਿਨ 31-60: ਸੀਨੀਅਰ ਲੀਡਰਸ਼ਿਪ ਰਾਹੀਂ ਘਰ-ਘਰ ਜਾ ਕੇ ਸਰਕਾਰ ਦੀਆਂ ਨਿਰਪੱਖ ਨੀਤੀਆਂ ਸਾਂਝੀਆਂ ਕਰੋ।', 'ਦਿਨ 61-90: ਨੌਜਵਾਨ ਵਰਗ ਨੂੰ ਸਰਕਾਰੀ ਨੌਕਰੀਆਂ ਅਤੇ ਖੇਡ ਕਿੱਟਾਂ ਰਾਹੀਂ ਪਾਰਟੀ ਨਾਲ ਜੋੜ ਕੇ ਲੀਡ ਘਟਾਓ।'], 'action_steps': ['ਦਿਨ 1-30: ਭੋਏਵਾਲ ਦੇ 30 ਨਿਰਪੱਖ ਅਤੇ ਪ੍ਰਭਾਵਸ਼ਾਲੀ ਪਰਿਵਾਰਾਂ ਦੀ ਸ਼ਨਾਖਤ ਕਰੋ।', 'ਦਿਨ 31-60: ਸੀਨੀਅਰ ਲੀਡਰਸ਼ਿਪ ਰਾਹੀਂ ਘਰ-ਘਰ ਜਾ ਕੇ ਸਰਕਾਰ ਦੀਆਂ ਨਿਰਪੱਖ ਨੀਤੀਆਂ ਸਾਂਝੀਆਂ ਕਰੋ।', 'ਦਿਨ 61-90: ਨੌਜਵਾਨ ਵਰਗ ਨੂੰ ਸਰਕਾਰੀ ਨੌਕਰੀਆਂ ਅਤੇ ਖੇਡ ਕਿੱਟਾਂ ਰਾਹੀਂ ਪਾਰਟੀ ਨਾਲ ਜੋੜ ਕੇ ਲੀਡ ਘਟਾਓ।']}"
180,180,176,180,180,False,#180,Booth #180 (Unchanged),ਬੂਥ #180 (ਅਣਬਦਲਿਆ),Chananke,ਚਨਣਕੇ,ਚਨਣਕੇ,Chananke,ਚਨਣਕੇ,Chananke,ਚਨਣਕੇ,SAD,SAD,63,109,SAD Retained,SAD Retained,AAP Deficit,ਆਪ ਘਾਟ,INC Deficit,"{'AAP': 'LOST_BOTH', 'SAD': 'WON_BOTH', 'INC': 'WEAK', 'BJP': 'WEAK'}",False,"{'is_flip': False, 'status_label': 'SAD Retained', 'turnout_diff': 272, 'turnout_pct': 91.89, 'sad_swing': -13.58, 'aap_swing': -11.49, 'inc_swing': 4.41, 'bjp_swing': 6.16}",296,568,272,91.89,171,251,80,57.77,44.19,-13.58,108,142,34,36.49,25.0,-11.49,13,50,37,4.39,8.8,4.41,0,35,35,0.0,6.16,6.16,36,6.34,"{'total': 296, 'sad': 171, 'aap': 108, 'inc': 13, 'bjp': 0, 'sad_votes': 171, 'sad_pct': 57.77, 'aap_votes': 108, 'aap_pct': 36.49, 'inc_votes': 13, 'inc_pct': 4.39, 'bjp_votes': 0, 'bjp_pct': 0.0, 'winner_party': 'SAD', 'margin': 63, 'winner_candidate': 'Ganieve Kaur Majithia'}","{'total': 568, 'sad': 251, 'aap': 142, 'inc': 50, 'bjp': 35, 'sada': 36, 'bsp': 0, 'others': 52, 'sad_votes': 251, 'sad_pct': 44.19, 'aap_votes': 142, 'aap_pct': 25.0, 'inc_votes': 50, 'inc_pct': 8.8, 'bjp_votes': 35, 'bjp_pct': 6.16, 'sada_votes': 36, 'sada_pct': 6.34, 'winner_party': 'SAD', 'margin': 109, 'winner_candidate': 'Anil Joshi'}","{'turnout_diff': 272, 'turnout_pct': 91.89, 'sad_shift': 80, 'sad_swing': -13.58, 'aap_shift': 34, 'aap_swing': -11.49, 'inc_shift': 37, 'inc_swing': 4.41, 'bjp_shift': 35, 'bjp_swing': 6.16}",Akali Bastion: Strategic Penetration & Demolition Zone,ਅਕਾਲੀ ਦਲ ਦਾ ਪ੍ਰਭਾਵਿਤ ਖੇਤਰ: ਵਿਸ਼ੇਸ਼ ਘੇਰਾਬੰਦੀ ਜ਼ੋਨ,SAD retained lead here by +109 votes (44.2% share). Target moderate Panthic and farming families in Chananke disillusioned with traditional leadership. Appoint dedicated block coordinators and highlight direct government procurement and village development works.,ਅਕਾਲੀ ਦਲ ਨੇ ਇੱਥੇ +109 ਵੋਟਾਂ (44.2%) ਨਾਲ ਲੀਡ ਬਣਾਈ ਹੈ। ਚਨਣਕੇ ਵਿੱਚ ਰਵਾਇਤੀ ਲੀਡਰਸ਼ਿਪ ਤੋਂ ਨਿਰਾਸ਼ ਕਿਸਾਨ ਅਤੇ ਪੰਥਕ ਪਰਿਵਾਰਾਂ ਨਾਲ ਸੰਵਾਦ ਕਰੋ। ਪਿੰਡਾਂ ਵਿੱਚ ਪੰਜਾਬ ਸਰਕਾਰ ਦੇ ਵਿਕਾਸ ਕਾਰਜਾਂ ਅਤੇ ਨਿਰਪੱਖ ਭਰਤੀਆਂ ਦੇ ਸੁਨੇਹੇ ਨਾਲ ਸੰਨ੍ਹ ਲਗਾਓ।,"{'booth_no': '180', 'village_en': 'Chananke', 'village_pa': 'ਚਨਣਕੇ', 'zone_en': 'Akali Bastion: Strategic Penetration & Demolition Zone', 'zone_pa': 'ਅਕਾਲੀ ਦਲ ਦਾ ਪ੍ਰਭਾਵਿਤ ਖੇਤਰ: ਵਿਸ਼ੇਸ਼ ਘੇਰਾਬੰਦੀ ਜ਼ੋਨ', 'action_en': 'SAD retained lead here by +109 votes (44.2% share). Target moderate Panthic and farming families in Chananke disillusioned with traditional leadership. Appoint dedicated block coordinators and highlight direct government procurement and village development works.', 'action_pa': 'ਅਕਾਲੀ ਦਲ ਨੇ ਇੱਥੇ +109 ਵੋਟਾਂ (44.2%) ਨਾਲ ਲੀਡ ਬਣਾਈ ਹੈ। ਚਨਣਕੇ ਵਿੱਚ ਰਵਾਇਤੀ ਲੀਡਰਸ਼ਿਪ ਤੋਂ ਨਿਰਾਸ਼ ਕਿਸਾਨ ਅਤੇ ਪੰਥਕ ਪਰਿਵਾਰਾਂ ਨਾਲ ਸੰਵਾਦ ਕਰੋ। ਪਿੰਡਾਂ ਵਿੱਚ ਪੰਜਾਬ ਸਰਕਾਰ ਦੇ ਵਿਕਾਸ ਕਾਰਜਾਂ ਅਤੇ ਨਿਰਪੱਖ ਭਰਤੀਆਂ ਦੇ ਸੁਨੇਹੇ ਨਾਲ ਸੰਨ੍ਹ ਲਗਾਓ।', 'action_steps_en': ['Days 1-30: Map the top 30 influential non-committed Panthic families in Chananke.', 'Days 31-60: Deploy senior constituency leaders for direct home visits to address local disgruntlement.', ""Days 61-90: Neutralize SAD's +109 vote cushion by winning over agricultural youth.""], 'action_steps_pa': ['ਦਿਨ 1-30: ਚਨਣਕੇ ਦੇ 30 ਨਿਰਪੱਖ ਅਤੇ ਪ੍ਰਭਾਵਸ਼ਾਲੀ ਪਰਿਵਾਰਾਂ ਦੀ ਸ਼ਨਾਖਤ ਕਰੋ।', 'ਦਿਨ 31-60: ਸੀਨੀਅਰ ਲੀਡਰਸ਼ਿਪ ਰਾਹੀਂ ਘਰ-ਘਰ ਜਾ ਕੇ ਸਰਕਾਰ ਦੀਆਂ ਨਿਰਪੱਖ ਨੀਤੀਆਂ ਸਾਂਝੀਆਂ ਕਰੋ।', 'ਦਿਨ 61-90: ਨੌਜਵਾਨ ਵਰਗ ਨੂੰ ਸਰਕਾਰੀ ਨੌਕਰੀਆਂ ਅਤੇ ਖੇਡ ਕਿੱਟਾਂ ਰਾਹੀਂ ਪਾਰਟੀ ਨਾਲ ਜੋੜ ਕੇ ਲੀਡ ਘਟਾਓ।'], 'action_steps': ['ਦਿਨ 1-30: ਚਨਣਕੇ ਦੇ 30 ਨਿਰਪੱਖ ਅਤੇ ਪ੍ਰਭਾਵਸ਼ਾਲੀ ਪਰਿਵਾਰਾਂ ਦੀ ਸ਼ਨਾਖਤ ਕਰੋ।', 'ਦਿਨ 31-60: ਸੀਨੀਅਰ ਲੀਡਰਸ਼ਿਪ ਰਾਹੀਂ ਘਰ-ਘਰ ਜਾ ਕੇ ਸਰਕਾਰ ਦੀਆਂ ਨਿਰਪੱਖ ਨੀਤੀਆਂ ਸਾਂਝੀਆਂ ਕਰੋ।', 'ਦਿਨ 61-90: ਨੌਜਵਾਨ ਵਰਗ ਨੂੰ ਸਰਕਾਰੀ ਨੌਕਰੀਆਂ ਅਤੇ ਖੇਡ ਕਿੱਟਾਂ ਰਾਹੀਂ ਪਾਰਟੀ ਨਾਲ ਜੋੜ ਕੇ ਲੀਡ ਘਟਾਓ।']}"
181,181,177,181,181,False,#181,Booth #181 (Unchanged),ਬੂਥ #181 (ਅਣਬਦਲਿਆ),Chananke,ਚਨਣਕੇ,ਚਨਣਕੇ,Chananke,ਚਨਣਕੇ,Chananke,ਚਨਣਕੇ,SAD,AAP,194,55,SAD → AAP,SAD → AAP,AAP Gain,ਆਪ ਲਾਭ,INC Deficit,"{'AAP': 'GAINED', 'SAD': 'LOST_24', 'INC': 'WEAK', 'BJP': 'WEAK'}",True,"{'is_flip': True, 'status_label': 'SAD → AAP', 'turnout_diff': -290, 'turnout_pct': -34.69, 'sad_swing': -18.99, 'aap_swing': 14.28, 'inc_swing': -9.16, 'bjp_swing': 6.79}",836,546,-290,-34.69,416,168,-248,49.76,30.77,-18.99,222,223,1,26.56,40.84,14.28,170,61,-109,20.33,11.17,-9.16,6,41,35,0.72,7.51,6.79,26,4.76,"{'total': 836, 'sad': 416, 'aap': 222, 'inc': 170, 'bjp': 6, 'sad_votes': 416, 'sad_pct': 49.76, 'aap_votes': 222, 'aap_pct': 26.56, 'inc_votes': 170, 'inc_pct': 20.33, 'bjp_votes': 6, 'bjp_pct': 0.72, 'winner_party': 'SAD', 'margin': 194, 'winner_candidate': 'Ganieve Kaur Majithia'}","{'total': 546, 'sad': 168, 'aap': 223, 'inc': 61, 'bjp': 41, 'sada': 26, 'bsp': 2, 'others': 22, 'sad_votes': 168, 'sad_pct': 30.77, 'aap_votes': 223, 'aap_pct': 40.84, 'inc_votes': 61, 'inc_pct': 11.17, 'bjp_votes': 41, 'bjp_pct': 7.51, 'sada_votes': 26, 'sada_pct': 4.76, 'winner_party': 'AAP', 'margin': 55, 'winner_candidate': 'Kuldeep Singh Dhaliwal'}","{'turnout_diff': -290, 'turnout_pct': -34.69, 'sad_shift': -248, 'sad_swing': -18.99, 'aap_shift': 1, 'aap_swing': 14.28, 'inc_shift': -109, 'inc_swing': -9.16, 'bjp_shift': 35, 'bjp_swing': 6.79}",Historic Breakthrough: AAP Flipped Stronghold,ਇਤਿਹਾਸਕ ਪ੍ਰਾਪਤੀ: ਅਕਾਲੀ ਗੜ੍ਹ ਵਿੱਚ ਆਪ ਦੀ ਜਿੱਤ ਜ਼ੋਨ,"Major breakthrough in Chananke previously held by SAD. Formally induct local village swing leaders and youth volunteers who backed AAP in 2024. Resolve local village infrastructure, canal tail issues, and cement +55 lead.","ਚਨਣਕੇ ਵਿੱਚ ਵੱਡੀ ਇਤਿਹਾਸਕ ਸਫ਼ਲਤਾ, ਜਿੱਥੇ SAD ਦਾ ਪੁਰਾਣਾ ਦਬਦਬਾ ਟੁੱਟਿਆ। 2024 ਵਿੱਚ ਆਪ ਨਾਲ ਜੁੜੇ ਨੌਜਵਾਨਾਂ ਅਤੇ ਪੰਚਾਇਤੀ ਆਗੂਆਂ ਨੂੰ ਜਥੇਬੰਦਕ ਜ਼ਿੰਮੇਵਾਰੀਆਂ ਦਿਓ ਅਤੇ +55 ਵੋਟਾਂ ਦੀ ਲੀਡ ਨੂੰ ਸਥਾਈ ਵੋਟ ਬੈਂਕ ਵਿੱਚ ਬਦਲੋ।","{'booth_no': '181', 'village_en': 'Chananke', 'village_pa': 'ਚਨਣਕੇ', 'zone_en': 'Historic Breakthrough: AAP Flipped Stronghold', 'zone_pa': 'ਇਤਿਹਾਸਕ ਪ੍ਰਾਪਤੀ: ਅਕਾਲੀ ਗੜ੍ਹ ਵਿੱਚ ਆਪ ਦੀ ਜਿੱਤ ਜ਼ੋਨ', 'action_en': 'Major breakthrough in Chananke previously held by SAD. Formally induct local village swing leaders and youth volunteers who backed AAP in 2024. Resolve local village infrastructure, canal tail issues, and cement +55 lead.', 'action_pa': 'ਚਨਣਕੇ ਵਿੱਚ ਵੱਡੀ ਇਤਿਹਾਸਕ ਸਫ਼ਲਤਾ, ਜਿੱਥੇ SAD ਦਾ ਪੁਰਾਣਾ ਦਬਦਬਾ ਟੁੱਟਿਆ। 2024 ਵਿੱਚ ਆਪ ਨਾਲ ਜੁੜੇ ਨੌਜਵਾਨਾਂ ਅਤੇ ਪੰਚਾਇਤੀ ਆਗੂਆਂ ਨੂੰ ਜਥੇਬੰਦਕ ਜ਼ਿੰਮੇਵਾਰੀਆਂ ਦਿਓ ਅਤੇ +55 ਵੋਟਾਂ ਦੀ ਲੀਡ ਨੂੰ ਸਥਾਈ ਵੋਟ ਬੈਂਕ ਵਿੱਚ ਬਦਲੋ।', 'action_steps_en': ['Days 1-30: Onboard dynamic swing workers who crossed over from SAD into the formal AAP booth structure.', 'Days 31-60: Prioritize village link road and street light repairs in Chananke through rural development grants.', 'Days 61-90: Convert current +55 vote lead into permanent party loyalty before 2027.'], 'action_steps_pa': ['ਦਿਨ 1-30: SAD ਛੱਡ ਕੇ ਆਪ ਵਿੱਚ ਸ਼ਾਮਲ ਹੋਏ ਆਗੂਆਂ ਨੂੰ ਬੂਥ ਕਮੇਟੀ ਵਿੱਚ ਅਹਿਮ ਜ਼ਿੰਮੇਵਾਰੀਆਂ ਦਿਓ।', ""ਦਿਨ 31-60: ਚਨਣਕੇ ਵਿੱਚ ਪਿੰਡ ਦੀਆਂ ਫਿਰਨੀਆਂ, ਗਲੀਆਂ ਅਤੇ ਲਿੰਕ ਸੜਕਾਂ ਦੇ ਕੰਮ ਤਰਜੀਹ 'ਤੇ ਕਰਵਾਓ।"", 'ਦਿਨ 61-90: +55 ਵੋਟਾਂ ਦੀ ਲੀਡ ਨੂੰ ਪੱਕੇ ਵੋਟ ਬੈਂਕ ਵਿੱਚ ਤਬਦੀਲ ਕਰੋ।'], 'action_steps': ['ਦਿਨ 1-30: SAD ਛੱਡ ਕੇ ਆਪ ਵਿੱਚ ਸ਼ਾਮਲ ਹੋਏ ਆਗੂਆਂ ਨੂੰ ਬੂਥ ਕਮੇਟੀ ਵਿੱਚ ਅਹਿਮ ਜ਼ਿੰਮੇਵਾਰੀਆਂ ਦਿਓ।', ""ਦਿਨ 31-60: ਚਨਣਕੇ ਵਿੱਚ ਪਿੰਡ ਦੀਆਂ ਫਿਰਨੀਆਂ, ਗਲੀਆਂ ਅਤੇ ਲਿੰਕ ਸੜਕਾਂ ਦੇ ਕੰਮ ਤਰਜੀਹ 'ਤੇ ਕਰਵਾਓ।"", 'ਦਿਨ 61-90: +55 ਵੋਟਾਂ ਦੀ ਲੀਡ ਨੂੰ ਪੱਕੇ ਵੋਟ ਬੈਂਕ ਵਿੱਚ ਤਬਦੀਲ ਕਰੋ।']}"
182,182,178,182,182,False,#182,Booth #182 (Unchanged),ਬੂਥ #182 (ਅਣਬਦਲਿਆ),Chananke,ਚਨਣਕੇ,ਚਨਣਕੇ,Chananke,ਚਨਣਕੇ,Chananke,ਚਨਣਕੇ,SAD,SAD,139,3,SAD Retained,SAD Retained,AAP Deficit,ਆਪ ਘਾਟ,INC Deficit,"{'AAP': 'LOST_BOTH', 'SAD': 'WON_BOTH', 'INC': 'WEAK', 'BJP': 'WEAK'}",False,"{'is_flip': False, 'status_label': 'SAD Retained', 'turnout_diff': -418, 'turnout_pct': -65.62, 'sad_swing': -6.3, 'aap_swing': 16.19, 'inc_swing': -16.9, 'bjp_swing': -0.03}",637,219,-418,-65.62,299,89,-210,46.94,40.64,-6.3,147,86,-61,23.08,39.27,16.19,160,18,-142,25.12,8.22,-16.9,6,2,-4,0.94,0.91,-0.03,14,6.39,"{'total': 637, 'sad': 299, 'aap': 147, 'inc': 160, 'bjp': 6, 'sad_votes': 299, 'sad_pct': 46.94, 'aap_votes': 147, 'aap_pct': 23.08, 'inc_votes': 160, 'inc_pct': 25.12, 'bjp_votes': 6, 'bjp_pct': 0.94, 'winner_party': 'SAD', 'margin': 139, 'winner_candidate': 'Ganieve Kaur Majithia'}","{'total': 219, 'sad': 89, 'aap': 86, 'inc': 18, 'bjp': 2, 'sada': 14, 'bsp': 0, 'others': 10, 'sad_votes': 89, 'sad_pct': 40.64, 'aap_votes': 86, 'aap_pct': 39.27, 'inc_votes': 18, 'inc_pct': 8.22, 'bjp_votes': 2, 'bjp_pct': 0.91, 'sada_votes': 14, 'sada_pct': 6.39, 'winner_party': 'SAD', 'margin': 3, 'winner_candidate': 'Anil Joshi'}","{'turnout_diff': -418, 'turnout_pct': -65.62, 'sad_shift': -210, 'sad_swing': -6.3, 'aap_shift': -61, 'aap_swing': 16.19, 'inc_shift': -142, 'inc_swing': -16.9, 'bjp_shift': -4, 'bjp_swing': -0.03}",Akali Bastion: Strategic Penetration & Demolition Zone,ਅਕਾਲੀ ਦਲ ਦਾ ਪ੍ਰਭਾਵਿਤ ਖੇਤਰ: ਵਿਸ਼ੇਸ਼ ਘੇਰਾਬੰਦੀ ਜ਼ੋਨ,SAD retained lead here by +3 votes (40.6% share). Target moderate Panthic and farming families in Chananke disillusioned with traditional leadership. Appoint dedicated block coordinators and highlight direct government procurement and village development works.,ਅਕਾਲੀ ਦਲ ਨੇ ਇੱਥੇ +3 ਵੋਟਾਂ (40.6%) ਨਾਲ ਲੀਡ ਬਣਾਈ ਹੈ। ਚਨਣਕੇ ਵਿੱਚ ਰਵਾਇਤੀ ਲੀਡਰਸ਼ਿਪ ਤੋਂ ਨਿਰਾਸ਼ ਕਿਸਾਨ ਅਤੇ ਪੰਥਕ ਪਰਿਵਾਰਾਂ ਨਾਲ ਸੰਵਾਦ ਕਰੋ। ਪਿੰਡਾਂ ਵਿੱਚ ਪੰਜਾਬ ਸਰਕਾਰ ਦੇ ਵਿਕਾਸ ਕਾਰਜਾਂ ਅਤੇ ਨਿਰਪੱਖ ਭਰਤੀਆਂ ਦੇ ਸੁਨੇਹੇ ਨਾਲ ਸੰਨ੍ਹ ਲਗਾਓ।,"{'booth_no': '182', 'village_en': 'Chananke', 'village_pa': 'ਚਨਣਕੇ', 'zone_en': 'Akali Bastion: Strategic Penetration & Demolition Zone', 'zone_pa': 'ਅਕਾਲੀ ਦਲ ਦਾ ਪ੍ਰਭਾਵਿਤ ਖੇਤਰ: ਵਿਸ਼ੇਸ਼ ਘੇਰਾਬੰਦੀ ਜ਼ੋਨ', 'action_en': 'SAD retained lead here by +3 votes (40.6% share). Target moderate Panthic and farming families in Chananke disillusioned with traditional leadership. Appoint dedicated block coordinators and highlight direct government procurement and village development works.', 'action_pa': 'ਅਕਾਲੀ ਦਲ ਨੇ ਇੱਥੇ +3 ਵੋਟਾਂ (40.6%) ਨਾਲ ਲੀਡ ਬਣਾਈ ਹੈ। ਚਨਣਕੇ ਵਿੱਚ ਰਵਾਇਤੀ ਲੀਡਰਸ਼ਿਪ ਤੋਂ ਨਿਰਾਸ਼ ਕਿਸਾਨ ਅਤੇ ਪੰਥਕ ਪਰਿਵਾਰਾਂ ਨਾਲ ਸੰਵਾਦ ਕਰੋ। ਪਿੰਡਾਂ ਵਿੱਚ ਪੰਜਾਬ ਸਰਕਾਰ ਦੇ ਵਿਕਾਸ ਕਾਰਜਾਂ ਅਤੇ ਨਿਰਪੱਖ ਭਰਤੀਆਂ ਦੇ ਸੁਨੇਹੇ ਨਾਲ ਸੰਨ੍ਹ ਲਗਾਓ।', 'action_steps_en': ['Days 1-30: Map the top 30 influential non-committed Panthic families in Chananke.', 'Days 31-60: Deploy senior constituency leaders for direct home visits to address local disgruntlement.', ""Days 61-90: Neutralize SAD's +3 vote cushion by winning over agricultural youth.""], 'action_steps_pa': ['ਦਿਨ 1-30: ਚਨਣਕੇ ਦੇ 30 ਨਿਰਪੱਖ ਅਤੇ ਪ੍ਰਭਾਵਸ਼ਾਲੀ ਪਰਿਵਾਰਾਂ ਦੀ ਸ਼ਨਾਖਤ ਕਰੋ।', 'ਦਿਨ 31-60: ਸੀਨੀਅਰ ਲੀਡਰਸ਼ਿਪ ਰਾਹੀਂ ਘਰ-ਘਰ ਜਾ ਕੇ ਸਰਕਾਰ ਦੀਆਂ ਨਿਰਪੱਖ ਨੀਤੀਆਂ ਸਾਂਝੀਆਂ ਕਰੋ।', 'ਦਿਨ 61-90: ਨੌਜਵਾਨ ਵਰਗ ਨੂੰ ਸਰਕਾਰੀ ਨੌਕਰੀਆਂ ਅਤੇ ਖੇਡ ਕਿੱਟਾਂ ਰਾਹੀਂ ਪਾਰਟੀ ਨਾਲ ਜੋੜ ਕੇ ਲੀਡ ਘਟਾਓ।'], 'action_steps': ['ਦਿਨ 1-30: ਚਨਣਕੇ ਦੇ 30 ਨਿਰਪੱਖ ਅਤੇ ਪ੍ਰਭਾਵਸ਼ਾਲੀ ਪਰਿਵਾਰਾਂ ਦੀ ਸ਼ਨਾਖਤ ਕਰੋ।', 'ਦਿਨ 31-60: ਸੀਨੀਅਰ ਲੀਡਰਸ਼ਿਪ ਰਾਹੀਂ ਘਰ-ਘਰ ਜਾ ਕੇ ਸਰਕਾਰ ਦੀਆਂ ਨਿਰਪੱਖ ਨੀਤੀਆਂ ਸਾਂਝੀਆਂ ਕਰੋ।', 'ਦਿਨ 61-90: ਨੌਜਵਾਨ ਵਰਗ ਨੂੰ ਸਰਕਾਰੀ ਨੌਕਰੀਆਂ ਅਤੇ ਖੇਡ ਕਿੱਟਾਂ ਰਾਹੀਂ ਪਾਰਟੀ ਨਾਲ ਜੋੜ ਕੇ ਲੀਡ ਘਟਾਓ।']}"
183,183,179,183,183,False,#183,Booth #183 (Unchanged),ਬੂਥ #183 (ਅਣਬਦਲਿਆ),Ghanshampura,ਘਨਸ਼ਾਮਪੁਰਾ,ਘਨਸ਼ਾਮਪੁਰਾ,Ghanshampura,ਘਨਸ਼ਾਮਪੁਰਾ,Ghanshampura,ਘਨਸ਼ਾਮਪੁਰਾ,SAD,SAD,216,108,SAD Retained,SAD Retained,AAP Deficit,ਆਪ ਘਾਟ,INC Deficit,"{'AAP': 'LOST_BOTH', 'SAD': 'WON_BOTH', 'INC': 'WEAK', 'BJP': 'WEAK'}",False,"{'is_flip': False, 'status_label': 'SAD Retained', 'turnout_diff': -57, 'turnout_pct': -7.22, 'sad_swing': -7.77, 'aap_swing': 4.85, 'inc_swing': -3.35, 'bjp_swing': 1.02}",789,732,-57,-7.22,431,343,-88,54.63,46.86,-7.77,215,235,20,27.25,32.1,4.85,90,59,-31,11.41,8.06,-3.35,6,13,7,0.76,1.78,1.02,18,2.46,"{'total': 789, 'sad': 431, 'aap': 215, 'inc': 90, 'bjp': 6, 'sad_votes': 431, 'sad_pct': 54.63, 'aap_votes': 215, 'aap_pct': 27.25, 'inc_votes': 90, 'inc_pct': 11.41, 'bjp_votes': 6, 'bjp_pct': 0.76, 'winner_party': 'SAD', 'margin': 216, 'winner_candidate': 'Ganieve Kaur Majithia'}","{'total': 732, 'sad': 343, 'aap': 235, 'inc': 59, 'bjp': 13, 'sada': 18, 'bsp': 2, 'others': 57, 'sad_votes': 343, 'sad_pct': 46.86, 'aap_votes': 235, 'aap_pct': 32.1, 'inc_votes': 59, 'inc_pct': 8.06, 'bjp_votes': 13, 'bjp_pct': 1.78, 'sada_votes': 18, 'sada_pct': 2.46, 'winner_party': 'SAD', 'margin': 108, 'winner_candidate': 'Anil Joshi'}","{'turnout_diff': -57, 'turnout_pct': -7.22, 'sad_shift': -88, 'sad_swing': -7.77, 'aap_shift': 20, 'aap_swing': 4.85, 'inc_shift': -31, 'inc_swing': -3.35, 'bjp_shift': 7, 'bjp_swing': 1.02}",Akali Bastion: Strategic Penetration & Demolition Zone,ਅਕਾਲੀ ਦਲ ਦਾ ਪ੍ਰਭਾਵਿਤ ਖੇਤਰ: ਵਿਸ਼ੇਸ਼ ਘੇਰਾਬੰਦੀ ਜ਼ੋਨ,SAD retained lead here by +108 votes (46.9% share). Target moderate Panthic and farming families in Ghanshampura disillusioned with traditional leadership. Appoint dedicated block coordinators and highlight direct government procurement and village development works.,ਅਕਾਲੀ ਦਲ ਨੇ ਇੱਥੇ +108 ਵੋਟਾਂ (46.9%) ਨਾਲ ਲੀਡ ਬਣਾਈ ਹੈ। ਘਨਸ਼ਾਮਪੁਰਾ ਵਿੱਚ ਰਵਾਇਤੀ ਲੀਡਰਸ਼ਿਪ ਤੋਂ ਨਿਰਾਸ਼ ਕਿਸਾਨ ਅਤੇ ਪੰਥਕ ਪਰਿਵਾਰਾਂ ਨਾਲ ਸੰਵਾਦ ਕਰੋ। ਪਿੰਡਾਂ ਵਿੱਚ ਪੰਜਾਬ ਸਰਕਾਰ ਦੇ ਵਿਕਾਸ ਕਾਰਜਾਂ ਅਤੇ ਨਿਰਪੱਖ ਭਰਤੀਆਂ ਦੇ ਸੁਨੇਹੇ ਨਾਲ ਸੰਨ੍ਹ ਲਗਾਓ।,"{'booth_no': '183', 'village_en': 'Ghanshampura', 'village_pa': 'ਘਨਸ਼ਾਮਪੁਰਾ', 'zone_en': 'Akali Bastion: Strategic Penetration & Demolition Zone', 'zone_pa': 'ਅਕਾਲੀ ਦਲ ਦਾ ਪ੍ਰਭਾਵਿਤ ਖੇਤਰ: ਵਿਸ਼ੇਸ਼ ਘੇਰਾਬੰਦੀ ਜ਼ੋਨ', 'action_en': 'SAD retained lead here by +108 votes (46.9% share). Target moderate Panthic and farming families in Ghanshampura disillusioned with traditional leadership. Appoint dedicated block coordinators and highlight direct government procurement and village development works.', 'action_pa': 'ਅਕਾਲੀ ਦਲ ਨੇ ਇੱਥੇ +108 ਵੋਟਾਂ (46.9%) ਨਾਲ ਲੀਡ ਬਣਾਈ ਹੈ। ਘਨਸ਼ਾਮਪੁਰਾ ਵਿੱਚ ਰਵਾਇਤੀ ਲੀਡਰਸ਼ਿਪ ਤੋਂ ਨਿਰਾਸ਼ ਕਿਸਾਨ ਅਤੇ ਪੰਥਕ ਪਰਿਵਾਰਾਂ ਨਾਲ ਸੰਵਾਦ ਕਰੋ। ਪਿੰਡਾਂ ਵਿੱਚ ਪੰਜਾਬ ਸਰਕਾਰ ਦੇ ਵਿਕਾਸ ਕਾਰਜਾਂ ਅਤੇ ਨਿਰਪੱਖ ਭਰਤੀਆਂ ਦੇ ਸੁਨੇਹੇ ਨਾਲ ਸੰਨ੍ਹ ਲਗਾਓ।', 'action_steps_en': ['Days 1-30: Map the top 30 influential non-committed Panthic families in Ghanshampura.', 'Days 31-60: Deploy senior constituency leaders for direct home visits to address local disgruntlement.', ""Days 61-90: Neutralize SAD's +108 vote cushion by winning over agricultural youth.""], 'action_steps_pa': ['ਦਿਨ 1-30: ਘਨਸ਼ਾਮਪੁਰਾ ਦੇ 30 ਨਿਰਪੱਖ ਅਤੇ ਪ੍ਰਭਾਵਸ਼ਾਲੀ ਪਰਿਵਾਰਾਂ ਦੀ ਸ਼ਨਾਖਤ ਕਰੋ।', 'ਦਿਨ 31-60: ਸੀਨੀਅਰ ਲੀਡਰਸ਼ਿਪ ਰਾਹੀਂ ਘਰ-ਘਰ ਜਾ ਕੇ ਸਰਕਾਰ ਦੀਆਂ ਨਿਰਪੱਖ ਨੀਤੀਆਂ ਸਾਂਝੀਆਂ ਕਰੋ।', 'ਦਿਨ 61-90: ਨੌਜਵਾਨ ਵਰਗ ਨੂੰ ਸਰਕਾਰੀ ਨੌਕਰੀਆਂ ਅਤੇ ਖੇਡ ਕਿੱਟਾਂ ਰਾਹੀਂ ਪਾਰਟੀ ਨਾਲ ਜੋੜ ਕੇ ਲੀਡ ਘਟਾਓ।'], 'action_steps': ['ਦਿਨ 1-30: ਘਨਸ਼ਾਮਪੁਰਾ ਦੇ 30 ਨਿਰਪੱਖ ਅਤੇ ਪ੍ਰਭਾਵਸ਼ਾਲੀ ਪਰਿਵਾਰਾਂ ਦੀ ਸ਼ਨਾਖਤ ਕਰੋ।', 'ਦਿਨ 31-60: ਸੀਨੀਅਰ ਲੀਡਰਸ਼ਿਪ ਰਾਹੀਂ ਘਰ-ਘਰ ਜਾ ਕੇ ਸਰਕਾਰ ਦੀਆਂ ਨਿਰਪੱਖ ਨੀਤੀਆਂ ਸਾਂਝੀਆਂ ਕਰੋ।', 'ਦਿਨ 61-90: ਨੌਜਵਾਨ ਵਰਗ ਨੂੰ ਸਰਕਾਰੀ ਨੌਕਰੀਆਂ ਅਤੇ ਖੇਡ ਕਿੱਟਾਂ ਰਾਹੀਂ ਪਾਰਟੀ ਨਾਲ ਜੋੜ ਕੇ ਲੀਡ ਘਟਾਓ।']}"
184,184,180,184,184,False,#184,Booth #184 (Unchanged),ਬੂਥ #184 (ਅਣਬਦਲਿਆ),Tanel,ਤਨੇਲ,ਤਨੇਲ,Tanel,ਤਨੇਲ,Tanel,ਤਨੇਲ,SAD,SAD,3,128,SAD Retained,SAD Retained,AAP Deficit,ਆਪ ਘਾਟ,INC Deficit,"{'AAP': 'WEAK', 'SAD': 'WON_BOTH', 'INC': 'LOST_BOTH', 'BJP': 'WEAK'}",False,"{'is_flip': False, 'status_label': 'SAD Retained', 'turnout_diff': -112, 'turnout_pct': -26.67, 'sad_swing': 24.26, 'aap_swing': -4.29, 'inc_swing': -16.58, 'bjp_swing': 0.26}",420,308,-112,-26.67,164,195,31,39.05,63.31,24.26,63,33,-30,15.0,10.71,-4.29,161,67,-94,38.33,21.75,-16.58,3,3,0,0.71,0.97,0.26,2,0.65,"{'total': 420, 'sad': 164, 'aap': 63, 'inc': 161, 'bjp': 3, 'sad_votes': 164, 'sad_pct': 39.05, 'aap_votes': 63, 'aap_pct': 15.0, 'inc_votes': 161, 'inc_pct': 38.33, 'bjp_votes': 3, 'bjp_pct': 0.71, 'winner_party': 'SAD', 'margin': 3, 'winner_candidate': 'Ganieve Kaur Majithia'}","{'total': 308, 'sad': 195, 'aap': 33, 'inc': 67, 'bjp': 3, 'sada': 2, 'bsp': 0, 'others': 6, 'sad_votes': 195, 'sad_pct': 63.31, 'aap_votes': 33, 'aap_pct': 10.71, 'inc_votes': 67, 'inc_pct': 21.75, 'bjp_votes': 3, 'bjp_pct': 0.97, 'sada_votes': 2, 'sada_pct': 0.65, 'winner_party': 'SAD', 'margin': 128, 'winner_candidate': 'Anil Joshi'}","{'turnout_diff': -112, 'turnout_pct': -26.67, 'sad_shift': 31, 'sad_swing': 24.26, 'aap_shift': -30, 'aap_swing': -4.29, 'inc_shift': -94, 'inc_swing': -16.58, 'bjp_shift': 0, 'bjp_swing': 0.26}",Akali Bastion: Strategic Penetration & Demolition Zone,ਅਕਾਲੀ ਦਲ ਦਾ ਪ੍ਰਭਾਵਿਤ ਖੇਤਰ: ਵਿਸ਼ੇਸ਼ ਘੇਰਾਬੰਦੀ ਜ਼ੋਨ,SAD retained lead here by +128 votes (63.3% share). Target moderate Panthic and farming families in Tanel disillusioned with traditional leadership. Appoint dedicated block coordinators and highlight direct government procurement and village development works.,ਅਕਾਲੀ ਦਲ ਨੇ ਇੱਥੇ +128 ਵੋਟਾਂ (63.3%) ਨਾਲ ਲੀਡ ਬਣਾਈ ਹੈ। ਤਨੇਲ ਵਿੱਚ ਰਵਾਇਤੀ ਲੀਡਰਸ਼ਿਪ ਤੋਂ ਨਿਰਾਸ਼ ਕਿਸਾਨ ਅਤੇ ਪੰਥਕ ਪਰਿਵਾਰਾਂ ਨਾਲ ਸੰਵਾਦ ਕਰੋ। ਪਿੰਡਾਂ ਵਿੱਚ ਪੰਜਾਬ ਸਰਕਾਰ ਦੇ ਵਿਕਾਸ ਕਾਰਜਾਂ ਅਤੇ ਨਿਰਪੱਖ ਭਰਤੀਆਂ ਦੇ ਸੁਨੇਹੇ ਨਾਲ ਸੰਨ੍ਹ ਲਗਾਓ।,"{'booth_no': '184', 'village_en': 'Tanel', 'village_pa': 'ਤਨੇਲ', 'zone_en': 'Akali Bastion: Strategic Penetration & Demolition Zone', 'zone_pa': 'ਅਕਾਲੀ ਦਲ ਦਾ ਪ੍ਰਭਾਵਿਤ ਖੇਤਰ: ਵਿਸ਼ੇਸ਼ ਘੇਰਾਬੰਦੀ ਜ਼ੋਨ', 'action_en': 'SAD retained lead here by +128 votes (63.3% share). Target moderate Panthic and farming families in Tanel disillusioned with traditional leadership. Appoint dedicated block coordinators and highlight direct government procurement and village development works.', 'action_pa': 'ਅਕਾਲੀ ਦਲ ਨੇ ਇੱਥੇ +128 ਵੋਟਾਂ (63.3%) ਨਾਲ ਲੀਡ ਬਣਾਈ ਹੈ। ਤਨੇਲ ਵਿੱਚ ਰਵਾਇਤੀ ਲੀਡਰਸ਼ਿਪ ਤੋਂ ਨਿਰਾਸ਼ ਕਿਸਾਨ ਅਤੇ ਪੰਥਕ ਪਰਿਵਾਰਾਂ ਨਾਲ ਸੰਵਾਦ ਕਰੋ। ਪਿੰਡਾਂ ਵਿੱਚ ਪੰਜਾਬ ਸਰਕਾਰ ਦੇ ਵਿਕਾਸ ਕਾਰਜਾਂ ਅਤੇ ਨਿਰਪੱਖ ਭਰਤੀਆਂ ਦੇ ਸੁਨੇਹੇ ਨਾਲ ਸੰਨ੍ਹ ਲਗਾਓ।', 'action_steps_en': ['Days 1-30: Map the top 30 influential non-committed Panthic families in Tanel.', 'Days 31-60: Deploy senior constituency leaders for direct home visits to address local disgruntlement.', ""Days 61-90: Neutralize SAD's +128 vote cushion by winning over agricultural youth.""], 'action_steps_pa': ['ਦਿਨ 1-30: ਤਨੇਲ ਦੇ 30 ਨਿਰਪੱਖ ਅਤੇ ਪ੍ਰਭਾਵਸ਼ਾਲੀ ਪਰਿਵਾਰਾਂ ਦੀ ਸ਼ਨਾਖਤ ਕਰੋ।', 'ਦਿਨ 31-60: ਸੀਨੀਅਰ ਲੀਡਰਸ਼ਿਪ ਰਾਹੀਂ ਘਰ-ਘਰ ਜਾ ਕੇ ਸਰਕਾਰ ਦੀਆਂ ਨਿਰਪੱਖ ਨੀਤੀਆਂ ਸਾਂਝੀਆਂ ਕਰੋ।', 'ਦਿਨ 61-90: ਨੌਜਵਾਨ ਵਰਗ ਨੂੰ ਸਰਕਾਰੀ ਨੌਕਰੀਆਂ ਅਤੇ ਖੇਡ ਕਿੱਟਾਂ ਰਾਹੀਂ ਪਾਰਟੀ ਨਾਲ ਜੋੜ ਕੇ ਲੀਡ ਘਟਾਓ।'], 'action_steps': ['ਦਿਨ 1-30: ਤਨੇਲ ਦੇ 30 ਨਿਰਪੱਖ ਅਤੇ ਪ੍ਰਭਾਵਸ਼ਾਲੀ ਪਰਿਵਾਰਾਂ ਦੀ ਸ਼ਨਾਖਤ ਕਰੋ।', 'ਦਿਨ 31-60: ਸੀਨੀਅਰ ਲੀਡਰਸ਼ਿਪ ਰਾਹੀਂ ਘਰ-ਘਰ ਜਾ ਕੇ ਸਰਕਾਰ ਦੀਆਂ ਨਿਰਪੱਖ ਨੀਤੀਆਂ ਸਾਂਝੀਆਂ ਕਰੋ।', 'ਦਿਨ 61-90: ਨੌਜਵਾਨ ਵਰਗ ਨੂੰ ਸਰਕਾਰੀ ਨੌਕਰੀਆਂ ਅਤੇ ਖੇਡ ਕਿੱਟਾਂ ਰਾਹੀਂ ਪਾਰਟੀ ਨਾਲ ਜੋੜ ਕੇ ਲੀਡ ਘਟਾਓ।']}"
185,185,181,185,185,False,#185,Booth #185 (Unchanged),ਬੂਥ #185 (ਅਣਬਦਲਿਆ),Tanel,ਤਨੇਲ,ਤਨੇਲ,Tanel,ਤਨੇਲ,Tanel,ਤਨੇਲ,SAD,SAD,119,108,SAD Retained,SAD Retained,AAP Deficit,ਆਪ ਘਾਟ,INC Deficit,"{'AAP': 'WEAK', 'SAD': 'WON_BOTH', 'INC': 'LOST_BOTH', 'BJP': 'WEAK'}",False,"{'is_flip': False, 'status_label': 'SAD Retained', 'turnout_diff': 184, 'turnout_pct': 38.33, 'sad_swing': -9.07, 'aap_swing': -11.39, 'inc_swing': 15.08, 'bjp_swing': 6.01}",480,664,184,38.33,251,287,36,52.29,43.22,-9.07,132,107,-25,27.5,16.11,-11.39,57,179,122,11.88,26.96,15.08,3,44,41,0.62,6.63,6.01,12,1.81,"{'total': 480, 'sad': 251, 'aap': 132, 'inc': 57, 'bjp': 3, 'sad_votes': 251, 'sad_pct': 52.29, 'aap_votes': 132, 'aap_pct': 27.5, 'inc_votes': 57, 'inc_pct': 11.88, 'bjp_votes': 3, 'bjp_pct': 0.62, 'winner_party': 'SAD', 'margin': 119, 'winner_candidate': 'Ganieve Kaur Majithia'}","{'total': 664, 'sad': 287, 'aap': 107, 'inc': 179, 'bjp': 44, 'sada': 12, 'bsp': 1, 'others': 34, 'sad_votes': 287, 'sad_pct': 43.22, 'aap_votes': 107, 'aap_pct': 16.11, 'inc_votes': 179, 'inc_pct': 26.96, 'bjp_votes': 44, 'bjp_pct': 6.63, 'sada_votes': 12, 'sada_pct': 1.81, 'winner_party': 'SAD', 'margin': 108, 'winner_candidate': 'Anil Joshi'}","{'turnout_diff': 184, 'turnout_pct': 38.33, 'sad_shift': 36, 'sad_swing': -9.07, 'aap_shift': -25, 'aap_swing': -11.39, 'inc_shift': 122, 'inc_swing': 15.08, 'bjp_shift': 41, 'bjp_swing': 6.01}",Akali Bastion: Strategic Penetration & Demolition Zone,ਅਕਾਲੀ ਦਲ ਦਾ ਪ੍ਰਭਾਵਿਤ ਖੇਤਰ: ਵਿਸ਼ੇਸ਼ ਘੇਰਾਬੰਦੀ ਜ਼ੋਨ,SAD retained lead here by +108 votes (43.2% share). Target moderate Panthic and farming families in Tanel disillusioned with traditional leadership. Appoint dedicated block coordinators and highlight direct government procurement and village development works.,ਅਕਾਲੀ ਦਲ ਨੇ ਇੱਥੇ +108 ਵੋਟਾਂ (43.2%) ਨਾਲ ਲੀਡ ਬਣਾਈ ਹੈ। ਤਨੇਲ ਵਿੱਚ ਰਵਾਇਤੀ ਲੀਡਰਸ਼ਿਪ ਤੋਂ ਨਿਰਾਸ਼ ਕਿਸਾਨ ਅਤੇ ਪੰਥਕ ਪਰਿਵਾਰਾਂ ਨਾਲ ਸੰਵਾਦ ਕਰੋ। ਪਿੰਡਾਂ ਵਿੱਚ ਪੰਜਾਬ ਸਰਕਾਰ ਦੇ ਵਿਕਾਸ ਕਾਰਜਾਂ ਅਤੇ ਨਿਰਪੱਖ ਭਰਤੀਆਂ ਦੇ ਸੁਨੇਹੇ ਨਾਲ ਸੰਨ੍ਹ ਲਗਾਓ।,"{'booth_no': '185', 'village_en': 'Tanel', 'village_pa': 'ਤਨੇਲ', 'zone_en': 'Akali Bastion: Strategic Penetration & Demolition Zone', 'zone_pa': 'ਅਕਾਲੀ ਦਲ ਦਾ ਪ੍ਰਭਾਵਿਤ ਖੇਤਰ: ਵਿਸ਼ੇਸ਼ ਘੇਰਾਬੰਦੀ ਜ਼ੋਨ', 'action_en': 'SAD retained lead here by +108 votes (43.2% share). Target moderate Panthic and farming families in Tanel disillusioned with traditional leadership. Appoint dedicated block coordinators and highlight direct government procurement and village development works.', 'action_pa': 'ਅਕਾਲੀ ਦਲ ਨੇ ਇੱਥੇ +108 ਵੋਟਾਂ (43.2%) ਨਾਲ ਲੀਡ ਬਣਾਈ ਹੈ। ਤਨੇਲ ਵਿੱਚ ਰਵਾਇਤੀ ਲੀਡਰਸ਼ਿਪ ਤੋਂ ਨਿਰਾਸ਼ ਕਿਸਾਨ ਅਤੇ ਪੰਥਕ ਪਰਿਵਾਰਾਂ ਨਾਲ ਸੰਵਾਦ ਕਰੋ। ਪਿੰਡਾਂ ਵਿੱਚ ਪੰਜਾਬ ਸਰਕਾਰ ਦੇ ਵਿਕਾਸ ਕਾਰਜਾਂ ਅਤੇ ਨਿਰਪੱਖ ਭਰਤੀਆਂ ਦੇ ਸੁਨੇਹੇ ਨਾਲ ਸੰਨ੍ਹ ਲਗਾਓ।', 'action_steps_en': ['Days 1-30: Map the top 30 influential non-committed Panthic families in Tanel.', 'Days 31-60: Deploy senior constituency leaders for direct home visits to address local disgruntlement.', ""Days 61-90: Neutralize SAD's +108 vote cushion by winning over agricultural youth.""], 'action_steps_pa': ['ਦਿਨ 1-30: ਤਨੇਲ ਦੇ 30 ਨਿਰਪੱਖ ਅਤੇ ਪ੍ਰਭਾਵਸ਼ਾਲੀ ਪਰਿਵਾਰਾਂ ਦੀ ਸ਼ਨਾਖਤ ਕਰੋ।', 'ਦਿਨ 31-60: ਸੀਨੀਅਰ ਲੀਡਰਸ਼ਿਪ ਰਾਹੀਂ ਘਰ-ਘਰ ਜਾ ਕੇ ਸਰਕਾਰ ਦੀਆਂ ਨਿਰਪੱਖ ਨੀਤੀਆਂ ਸਾਂਝੀਆਂ ਕਰੋ।', 'ਦਿਨ 61-90: ਨੌਜਵਾਨ ਵਰਗ ਨੂੰ ਸਰਕਾਰੀ ਨੌਕਰੀਆਂ ਅਤੇ ਖੇਡ ਕਿੱਟਾਂ ਰਾਹੀਂ ਪਾਰਟੀ ਨਾਲ ਜੋੜ ਕੇ ਲੀਡ ਘਟਾਓ।'], 'action_steps': ['ਦਿਨ 1-30: ਤਨੇਲ ਦੇ 30 ਨਿਰਪੱਖ ਅਤੇ ਪ੍ਰਭਾਵਸ਼ਾਲੀ ਪਰਿਵਾਰਾਂ ਦੀ ਸ਼ਨਾਖਤ ਕਰੋ।', 'ਦਿਨ 31-60: ਸੀਨੀਅਰ ਲੀਡਰਸ਼ਿਪ ਰਾਹੀਂ ਘਰ-ਘਰ ਜਾ ਕੇ ਸਰਕਾਰ ਦੀਆਂ ਨਿਰਪੱਖ ਨੀਤੀਆਂ ਸਾਂਝੀਆਂ ਕਰੋ।', 'ਦਿਨ 61-90: ਨੌਜਵਾਨ ਵਰਗ ਨੂੰ ਸਰਕਾਰੀ ਨੌਕਰੀਆਂ ਅਤੇ ਖੇਡ ਕਿੱਟਾਂ ਰਾਹੀਂ ਪਾਰਟੀ ਨਾਲ ਜੋੜ ਕੇ ਲੀਡ ਘਟਾਓ।']}"
186,186,182,186,186,False,#186,Booth #186 (Unchanged),ਬੂਥ #186 (ਅਣਬਦਲਿਆ),Bulara,ਬੁਲਾਰਾ,ਬੁਲਾਰਾ,Bulara,ਬੁਲਾਰਾ,Bulara,ਬੁਲਾਰਾ,AAP,SAD,11,164,AAP → SAD,AAP → SAD,AAP Loss,ਆਪ ਨੁਕਸਾਨ,INC Deficit,"{'AAP': 'LOST_24', 'SAD': 'GAINED', 'INC': 'LOST_BOTH', 'BJP': 'WEAK'}",True,"{'is_flip': True, 'status_label': 'AAP → SAD', 'turnout_diff': 93, 'turnout_pct': 17.25, 'sad_swing': 1.37, 'aap_swing': -28.68, 'inc_swing': 6.57, 'bjp_swing': 4.87}",539,632,93,17.25,228,276,48,42.3,43.67,1.37,239,99,-140,44.34,15.66,-28.68,49,99,50,9.09,15.66,6.57,1,32,31,0.19,5.06,4.87,112,17.72,"{'total': 539, 'sad': 228, 'aap': 239, 'inc': 49, 'bjp': 1, 'sad_votes': 228, 'sad_pct': 42.3, 'aap_votes': 239, 'aap_pct': 44.34, 'inc_votes': 49, 'inc_pct': 9.09, 'bjp_votes': 1, 'bjp_pct': 0.19, 'winner_party': 'AAP', 'margin': 11, 'winner_candidate': 'Sukhjinder Raj Singh (Lalli)'}","{'total': 632, 'sad': 276, 'aap': 99, 'inc': 99, 'bjp': 32, 'sada': 112, 'bsp': 2, 'others': 10, 'sad_votes': 276, 'sad_pct': 43.67, 'aap_votes': 99, 'aap_pct': 15.66, 'inc_votes': 99, 'inc_pct': 15.66, 'bjp_votes': 32, 'bjp_pct': 5.06, 'sada_votes': 112, 'sada_pct': 17.72, 'winner_party': 'SAD', 'margin': 164, 'winner_candidate': 'Anil Joshi'}","{'turnout_diff': 93, 'turnout_pct': 17.25, 'sad_shift': 48, 'sad_swing': 1.37, 'aap_shift': -140, 'aap_swing': -28.68, 'inc_shift': 50, 'inc_swing': 6.57, 'bjp_shift': 31, 'bjp_swing': 4.87}",Akali Bastion: Strategic Penetration & Demolition Zone,ਅਕਾਲੀ ਦਲ ਦਾ ਪ੍ਰਭਾਵਿਤ ਖੇਤਰ: ਵਿਸ਼ੇਸ਼ ਘੇਰਾਬੰਦੀ ਜ਼ੋਨ,SAD retained lead here by +164 votes (43.7% share). Target moderate Panthic and farming families in Bulara disillusioned with traditional leadership. Appoint dedicated block coordinators and highlight direct government procurement and village development works.,ਅਕਾਲੀ ਦਲ ਨੇ ਇੱਥੇ +164 ਵੋਟਾਂ (43.7%) ਨਾਲ ਲੀਡ ਬਣਾਈ ਹੈ। ਬੁਲਾਰਾ ਵਿੱਚ ਰਵਾਇਤੀ ਲੀਡਰਸ਼ਿਪ ਤੋਂ ਨਿਰਾਸ਼ ਕਿਸਾਨ ਅਤੇ ਪੰਥਕ ਪਰਿਵਾਰਾਂ ਨਾਲ ਸੰਵਾਦ ਕਰੋ। ਪਿੰਡਾਂ ਵਿੱਚ ਪੰਜਾਬ ਸਰਕਾਰ ਦੇ ਵਿਕਾਸ ਕਾਰਜਾਂ ਅਤੇ ਨਿਰਪੱਖ ਭਰਤੀਆਂ ਦੇ ਸੁਨੇਹੇ ਨਾਲ ਸੰਨ੍ਹ ਲਗਾਓ।,"{'booth_no': '186', 'village_en': 'Bulara', 'village_pa': 'ਬੁਲਾਰਾ', 'zone_en': 'Akali Bastion: Strategic Penetration & Demolition Zone', 'zone_pa': 'ਅਕਾਲੀ ਦਲ ਦਾ ਪ੍ਰਭਾਵਿਤ ਖੇਤਰ: ਵਿਸ਼ੇਸ਼ ਘੇਰਾਬੰਦੀ ਜ਼ੋਨ', 'action_en': 'SAD retained lead here by +164 votes (43.7% share). Target moderate Panthic and farming families in Bulara disillusioned with traditional leadership. Appoint dedicated block coordinators and highlight direct government procurement and village development works.', 'action_pa': 'ਅਕਾਲੀ ਦਲ ਨੇ ਇੱਥੇ +164 ਵੋਟਾਂ (43.7%) ਨਾਲ ਲੀਡ ਬਣਾਈ ਹੈ। ਬੁਲਾਰਾ ਵਿੱਚ ਰਵਾਇਤੀ ਲੀਡਰਸ਼ਿਪ ਤੋਂ ਨਿਰਾਸ਼ ਕਿਸਾਨ ਅਤੇ ਪੰਥਕ ਪਰਿਵਾਰਾਂ ਨਾਲ ਸੰਵਾਦ ਕਰੋ। ਪਿੰਡਾਂ ਵਿੱਚ ਪੰਜਾਬ ਸਰਕਾਰ ਦੇ ਵਿਕਾਸ ਕਾਰਜਾਂ ਅਤੇ ਨਿਰਪੱਖ ਭਰਤੀਆਂ ਦੇ ਸੁਨੇਹੇ ਨਾਲ ਸੰਨ੍ਹ ਲਗਾਓ।', 'action_steps_en': ['Days 1-30: Map the top 30 influential non-committed Panthic families in Bulara.', 'Days 31-60: Deploy senior constituency leaders for direct home visits to address local disgruntlement.', ""Days 61-90: Neutralize SAD's +164 vote cushion by winning over agricultural youth.""], 'action_steps_pa': ['ਦਿਨ 1-30: ਬੁਲਾਰਾ ਦੇ 30 ਨਿਰਪੱਖ ਅਤੇ ਪ੍ਰਭਾਵਸ਼ਾਲੀ ਪਰਿਵਾਰਾਂ ਦੀ ਸ਼ਨਾਖਤ ਕਰੋ।', 'ਦਿਨ 31-60: ਸੀਨੀਅਰ ਲੀਡਰਸ਼ਿਪ ਰਾਹੀਂ ਘਰ-ਘਰ ਜਾ ਕੇ ਸਰਕਾਰ ਦੀਆਂ ਨਿਰਪੱਖ ਨੀਤੀਆਂ ਸਾਂਝੀਆਂ ਕਰੋ।', 'ਦਿਨ 61-90: ਨੌਜਵਾਨ ਵਰਗ ਨੂੰ ਸਰਕਾਰੀ ਨੌਕਰੀਆਂ ਅਤੇ ਖੇਡ ਕਿੱਟਾਂ ਰਾਹੀਂ ਪਾਰਟੀ ਨਾਲ ਜੋੜ ਕੇ ਲੀਡ ਘਟਾਓ।'], 'action_steps': ['ਦਿਨ 1-30: ਬੁਲਾਰਾ ਦੇ 30 ਨਿਰਪੱਖ ਅਤੇ ਪ੍ਰਭਾਵਸ਼ਾਲੀ ਪਰਿਵਾਰਾਂ ਦੀ ਸ਼ਨਾਖਤ ਕਰੋ।', 'ਦਿਨ 31-60: ਸੀਨੀਅਰ ਲੀਡਰਸ਼ਿਪ ਰਾਹੀਂ ਘਰ-ਘਰ ਜਾ ਕੇ ਸਰਕਾਰ ਦੀਆਂ ਨਿਰਪੱਖ ਨੀਤੀਆਂ ਸਾਂਝੀਆਂ ਕਰੋ।', 'ਦਿਨ 61-90: ਨੌਜਵਾਨ ਵਰਗ ਨੂੰ ਸਰਕਾਰੀ ਨੌਕਰੀਆਂ ਅਤੇ ਖੇਡ ਕਿੱਟਾਂ ਰਾਹੀਂ ਪਾਰਟੀ ਨਾਲ ਜੋੜ ਕੇ ਲੀਡ ਘਟਾਓ।']}"
187,187,183,187,187,False,#187,Booth #187 (Unchanged),ਬੂਥ #187 (ਅਣਬਦਲਿਆ),Bulara,ਬੁਲਾਰਾ,ਬੁਲਾਰਾ,Bulara,ਬੁਲਾਰਾ,Bulara,ਬੁਲਾਰਾ,AAP,AAP,93,87,AAP Retained,AAP Retained,AAP Win,ਆਪ ਜਿੱਤ,INC Deficit,"{'AAP': 'WON_BOTH', 'SAD': 'LOST_BOTH', 'INC': 'WEAK', 'BJP': 'WEAK'}",False,"{'is_flip': False, 'status_label': 'AAP Retained', 'turnout_diff': -307, 'turnout_pct': -51.17, 'sad_swing': -1.35, 'aap_swing': 12.84, 'inc_swing': -18.62, 'bjp_swing': 0.54}",600,293,-307,-51.17,174,81,-93,29.0,27.65,-1.35,267,168,-99,44.5,57.34,12.84,124,6,-118,20.67,2.05,-18.62,7,5,-2,1.17,1.71,0.54,18,6.14,"{'total': 600, 'sad': 174, 'aap': 267, 'inc': 124, 'bjp': 7, 'sad_votes': 174, 'sad_pct': 29.0, 'aap_votes': 267, 'aap_pct': 44.5, 'inc_votes': 124, 'inc_pct': 20.67, 'bjp_votes': 7, 'bjp_pct': 1.17, 'winner_party': 'AAP', 'margin': 93, 'winner_candidate': 'Sukhjinder Raj Singh (Lalli)'}","{'total': 293, 'sad': 81, 'aap': 168, 'inc': 6, 'bjp': 5, 'sada': 18, 'bsp': 0, 'others': 13, 'sad_votes': 81, 'sad_pct': 27.65, 'aap_votes': 168, 'aap_pct': 57.34, 'inc_votes': 6, 'inc_pct': 2.05, 'bjp_votes': 5, 'bjp_pct': 1.71, 'sada_votes': 18, 'sada_pct': 6.14, 'winner_party': 'AAP', 'margin': 87, 'winner_candidate': 'Kuldeep Singh Dhaliwal'}","{'turnout_diff': -307, 'turnout_pct': -51.17, 'sad_shift': -93, 'sad_swing': -1.35, 'aap_shift': -99, 'aap_swing': 12.84, 'inc_shift': -118, 'inc_swing': -18.62, 'bjp_shift': -2, 'bjp_swing': 0.54}",Core AAP Citadel (Retention & Reinforcement Zone),ਆਪ ਦਾ ਪੱਕਾ ਗੜ੍ਹ (ਸਾਂਭ-ਸੰਭਾਲ ਅਤੇ ਮਜ਼ਬੂਤੀ ਜ਼ੋਨ),"Deploy 12-member active booth cadre in Bulara. Consolidate agricultural and youth voter base. Protect and expand the current +87 vote lead through welfare scheme outreach (free electricity, canal water access, health clinics).","ਬੁਲਾਰਾ ਵਿੱਚ 12 ਮੈਂਬਰੀ ਸਰਗਰਮ ਬੂਥ ਟੀਮ ਤਾਇਨਾਤ ਕਰੋ। ਕਿਸਾਨੀ ਅਤੇ ਨੌਜਵਾਨ ਵਰਗ ਨਾਲ ਨਿੱਜੀ ਰਾਬਤਾ ਵਧਾਓ। ਪੰਜਾਬ ਸਰਕਾਰ ਦੀਆਂ ਭਲਾਈ ਸਕੀਮਾਂ (ਮੁਫ਼ਤ ਬਿਜਲੀ, ਨਹਿਰੀ ਪਾਣੀ, ਆਮ ਆਦਮੀ ਕਲੀਨਿਕ) ਰਾਹੀਂ +87 ਵੋਟਾਂ ਦੀ ਲੀਡ ਨੂੰ ਹੋਰ ਪੱਕਾ ਕਰੋ।","{'booth_no': '187', 'village_en': 'Bulara', 'village_pa': 'ਬੁਲਾਰਾ', 'zone_en': 'Core AAP Citadel (Retention & Reinforcement Zone)', 'zone_pa': 'ਆਪ ਦਾ ਪੱਕਾ ਗੜ੍ਹ (ਸਾਂਭ-ਸੰਭਾਲ ਅਤੇ ਮਜ਼ਬੂਤੀ ਜ਼ੋਨ)', 'action_en': 'Deploy 12-member active booth cadre in Bulara. Consolidate agricultural and youth voter base. Protect and expand the current +87 vote lead through welfare scheme outreach (free electricity, canal water access, health clinics).', 'action_pa': 'ਬੁਲਾਰਾ ਵਿੱਚ 12 ਮੈਂਬਰੀ ਸਰਗਰਮ ਬੂਥ ਟੀਮ ਤਾਇਨਾਤ ਕਰੋ। ਕਿਸਾਨੀ ਅਤੇ ਨੌਜਵਾਨ ਵਰਗ ਨਾਲ ਨਿੱਜੀ ਰਾਬਤਾ ਵਧਾਓ। ਪੰਜਾਬ ਸਰਕਾਰ ਦੀਆਂ ਭਲਾਈ ਸਕੀਮਾਂ (ਮੁਫ਼ਤ ਬਿਜਲੀ, ਨਹਿਰੀ ਪਾਣੀ, ਆਮ ਆਦਮੀ ਕਲੀਨਿਕ) ਰਾਹੀਂ +87 ਵੋਟਾਂ ਦੀ ਲੀਡ ਨੂੰ ਹੋਰ ਪੱਕਾ ਕਰੋ।', 'action_steps_en': ['Days 1-30: Verify all beneficiaries of 300 units free power and state health schemes in Bulara.', 'Days 31-60: Conduct small farmer dialogues addressing canal water tail-end irrigation concerns.', 'Days 61-90: Fortify booth committee with 12 youth mobilizers to protect +87 vote lead.'], 'action_steps_pa': ['ਦਿਨ 1-30: ਬੁਲਾਰਾ ਵਿੱਚ 300 ਯੂਨਿਟ ਮੁਫ਼ਤ ਬਿਜਲੀ ਅਤੇ ਸਿਹਤ ਸਕੀਮਾਂ ਦੇ ਲਾਭਪਾਤਰੀਆਂ ਨਾਲ ਸੰਪਰਕ ਕਰੋ।', ""ਦਿਨ 31-60: ਨਹਿਰੀ ਪਾਣੀ ਅਤੇ ਖੇਤੀਬਾੜੀ ਮਸਲਿਆਂ 'ਤੇ ਕਿਸਾਨਾਂ ਨਾਲ ਸਿੱਧਾ ਸੰਵਾਦ ਰਚਾਓ।"", 'ਦਿਨ 61-90: +87 ਵੋਟਾਂ ਦੀ ਲੀਡ ਬਰਕਰਾਰ ਰੱਖਣ ਲਈ 12 ਮੈਂਬਰੀ ਯੂਥ ਕਮੇਟੀ ਬਣਾਓ।'], 'action_steps': ['ਦਿਨ 1-30: ਬੁਲਾਰਾ ਵਿੱਚ 300 ਯੂਨਿਟ ਮੁਫ਼ਤ ਬਿਜਲੀ ਅਤੇ ਸਿਹਤ ਸਕੀਮਾਂ ਦੇ ਲਾਭਪਾਤਰੀਆਂ ਨਾਲ ਸੰਪਰਕ ਕਰੋ।', ""ਦਿਨ 31-60: ਨਹਿਰੀ ਪਾਣੀ ਅਤੇ ਖੇਤੀਬਾੜੀ ਮਸਲਿਆਂ 'ਤੇ ਕਿਸਾਨਾਂ ਨਾਲ ਸਿੱਧਾ ਸੰਵਾਦ ਰਚਾਓ।"", 'ਦਿਨ 61-90: +87 ਵੋਟਾਂ ਦੀ ਲੀਡ ਬਰਕਰਾਰ ਰੱਖਣ ਲਈ 12 ਮੈਂਬਰੀ ਯੂਥ ਕਮੇਟੀ ਬਣਾਓ।']}"
