serial_no,booth_no,village_english,village_punjabi,exact_name_punjabi,village_en,village_pa,winner_22,winner_24,margin_22,margin_24,status_label,status,aap_status,aap_status_pa,inc_status,categories,is_flipped,comparison,turnout_22,turnout_24,turnout_diff,turnout_pct,sad_22,sad_24,sad_diff,sad_share_22,sad_share_24,sad_swing,aap_22,aap_24,aap_diff,aap_share_22,aap_share_24,aap_swing,inc_22,inc_24,inc_diff,inc_share_22,inc_share_24,inc_swing,bjp_22,bjp_24,bjp_diff,bjp_share_22,bjp_share_24,bjp_swing,sada_24,sada_share_24,data_2022,data_2024,swings,zone_en,zone_pa,action_en,action_pa,masterplan
1,1,Majitha Ward 1 / Urban Core,ਮਜੀਠਾ ਵਾਰਡ 1 / ਸ਼ਹਿਰੀ ਕੋਰ,ਮਜੀਠਾ ਵਾਰਡ 1 / ਸ਼ਹਿਰੀ ਕੋਰ,Majitha Ward 1 / Urban Core,ਮਜੀਠਾ ਵਾਰਡ 1 / ਸ਼ਹਿਰੀ ਕੋਰ,SAD,SAD,168,281,SAD Retained,SAD Retained,AAP Deficit,ਆਪ ਘਾਟ,INC Deficit,"{'AAP': 'WEAK', 'SAD': 'WON_BOTH', 'INC': 'WEAK', 'BJP': 'WEAK'}",False,"{'is_flip': False, 'status_label': 'SAD Retained', 'turnout_diff': 296, 'turnout_pct': 58.27, 'sad_swing': -8.73, 'aap_swing': -5.49, 'inc_swing': -16.58, 'bjp_swing': -1.92}",508,804,296,58.27,280,373,93,55.12,46.39,-8.73,86,92,6,16.93,11.44,-5.49,112,44,-68,22.05,5.47,-16.58,11,2,-9,2.17,0.25,-1.92,10,1.24,"{'total': 508, 'sad': 280, 'aap': 86, 'inc': 112, 'bjp': 11, 'sad_votes': 280, 'sad_pct': 55.12, 'aap_votes': 86, 'aap_pct': 16.93, 'inc_votes': 112, 'inc_pct': 22.05, 'bjp_votes': 11, 'bjp_pct': 2.17, 'winner_party': 'SAD', 'margin': 168, 'winner_candidate': 'Ganieve Kaur Majithia'}","{'total': 804, 'sad': 373, 'aap': 92, 'inc': 44, 'bjp': 2, 'sada': 10, 'bsp': 1, 'others': 280, 'sad_votes': 373, 'sad_pct': 46.39, 'aap_votes': 92, 'aap_pct': 11.44, 'inc_votes': 44, 'inc_pct': 5.47, 'bjp_votes': 2, 'bjp_pct': 0.25, 'sada_votes': 10, 'sada_pct': 1.24, 'winner_party': 'SAD', 'margin': 281, 'winner_candidate': 'Anil Joshi'}","{'turnout_diff': 296, 'turnout_pct': 58.27, 'sad_shift': 93, 'sad_swing': -8.73, 'aap_shift': 6, 'aap_swing': -5.49, 'inc_shift': -68, 'inc_swing': -16.58, 'bjp_shift': -9, 'bjp_swing': -1.92}",Akali Bastion: Strategic Penetration & Demolition Zone,ਅਕਾਲੀ ਦਲ ਦਾ ਪ੍ਰਭਾਵਿਤ ਖੇਤਰ: ਵਿਸ਼ੇਸ਼ ਘੇਰਾਬੰਦੀ ਜ਼ੋਨ,SAD retained lead here by +281 votes (46.4% share). Target moderate Panthic and farming families in Majitha Ward 1 / Urban Core disillusioned with traditional leadership. Appoint dedicated block coordinators and highlight direct government procurement and village development works.,ਅਕਾਲੀ ਦਲ ਨੇ ਇੱਥੇ +281 ਵੋਟਾਂ (46.4%) ਨਾਲ ਲੀਡ ਬਣਾਈ ਹੈ। ਮਜੀਠਾ ਵਾਰਡ 1 / ਸ਼ਹਿਰੀ ਕੋਰ ਵਿੱਚ ਰਵਾਇਤੀ ਲੀਡਰਸ਼ਿਪ ਤੋਂ ਨਿਰਾਸ਼ ਕਿਸਾਨ ਅਤੇ ਪੰਥਕ ਪਰਿਵਾਰਾਂ ਨਾਲ ਸੰਵਾਦ ਕਰੋ। ਪਿੰਡਾਂ ਵਿੱਚ ਪੰਜਾਬ ਸਰਕਾਰ ਦੇ ਵਿਕਾਸ ਕਾਰਜਾਂ ਅਤੇ ਨਿਰਪੱਖ ਭਰਤੀਆਂ ਦੇ ਸੁਨੇਹੇ ਨਾਲ ਸੰਨ੍ਹ ਲਗਾਓ।,"{'booth_no': '1', 'village_en': 'Majitha Ward 1 / Urban Core', 'village_pa': 'ਮਜੀਠਾ ਵਾਰਡ 1 / ਸ਼ਹਿਰੀ ਕੋਰ', 'zone_en': 'Akali Bastion: Strategic Penetration & Demolition Zone', 'zone_pa': 'ਅਕਾਲੀ ਦਲ ਦਾ ਪ੍ਰਭਾਵਿਤ ਖੇਤਰ: ਵਿਸ਼ੇਸ਼ ਘੇਰਾਬੰਦੀ ਜ਼ੋਨ', 'action_en': 'SAD retained lead here by +281 votes (46.4% share). Target moderate Panthic and farming families in Majitha Ward 1 / Urban Core disillusioned with traditional leadership. Appoint dedicated block coordinators and highlight direct government procurement and village development works.', 'action_pa': 'ਅਕਾਲੀ ਦਲ ਨੇ ਇੱਥੇ +281 ਵੋਟਾਂ (46.4%) ਨਾਲ ਲੀਡ ਬਣਾਈ ਹੈ। ਮਜੀਠਾ ਵਾਰਡ 1 / ਸ਼ਹਿਰੀ ਕੋਰ ਵਿੱਚ ਰਵਾਇਤੀ ਲੀਡਰਸ਼ਿਪ ਤੋਂ ਨਿਰਾਸ਼ ਕਿਸਾਨ ਅਤੇ ਪੰਥਕ ਪਰਿਵਾਰਾਂ ਨਾਲ ਸੰਵਾਦ ਕਰੋ। ਪਿੰਡਾਂ ਵਿੱਚ ਪੰਜਾਬ ਸਰਕਾਰ ਦੇ ਵਿਕਾਸ ਕਾਰਜਾਂ ਅਤੇ ਨਿਰਪੱਖ ਭਰਤੀਆਂ ਦੇ ਸੁਨੇਹੇ ਨਾਲ ਸੰਨ੍ਹ ਲਗਾਓ।', 'action_steps_en': ['Days 1-30: Map the top 30 influential non-committed Panthic families in Majitha Ward 1 / Urban Core.', 'Days 31-60: Deploy senior constituency leaders for direct home visits to address local disgruntlement.', ""Days 61-90: Neutralize SAD's +281 vote cushion by winning over agricultural youth.""], 'action_steps_pa': ['ਦਿਨ 1-30: ਮਜੀਠਾ ਵਾਰਡ 1 / ਸ਼ਹਿਰੀ ਕੋਰ ਦੇ 30 ਨਿਰਪੱਖ ਅਤੇ ਪ੍ਰਭਾਵਸ਼ਾਲੀ ਪਰਿਵਾਰਾਂ ਦੀ ਸ਼ਨਾਖਤ ਕਰੋ।', 'ਦਿਨ 31-60: ਸੀਨੀਅਰ ਲੀਡਰਸ਼ਿਪ ਰਾਹੀਂ ਘਰ-ਘਰ ਜਾ ਕੇ ਸਰਕਾਰ ਦੀਆਂ ਨਿਰਪੱਖ ਨੀਤੀਆਂ ਸਾਂਝੀਆਂ ਕਰੋ।', 'ਦਿਨ 61-90: ਨੌਜਵਾਨ ਵਰਗ ਨੂੰ ਸਰਕਾਰੀ ਨੌਕਰੀਆਂ ਅਤੇ ਖੇਡ ਕਿੱਟਾਂ ਰਾਹੀਂ ਪਾਰਟੀ ਨਾਲ ਜੋੜ ਕੇ ਲੀਡ ਘਟਾਓ।'], 'action_steps': ['ਦਿਨ 1-30: ਮਜੀਠਾ ਵਾਰਡ 1 / ਸ਼ਹਿਰੀ ਕੋਰ ਦੇ 30 ਨਿਰਪੱਖ ਅਤੇ ਪ੍ਰਭਾਵਸ਼ਾਲੀ ਪਰਿਵਾਰਾਂ ਦੀ ਸ਼ਨਾਖਤ ਕਰੋ।', 'ਦਿਨ 31-60: ਸੀਨੀਅਰ ਲੀਡਰਸ਼ਿਪ ਰਾਹੀਂ ਘਰ-ਘਰ ਜਾ ਕੇ ਸਰਕਾਰ ਦੀਆਂ ਨਿਰਪੱਖ ਨੀਤੀਆਂ ਸਾਂਝੀਆਂ ਕਰੋ।', 'ਦਿਨ 61-90: ਨੌਜਵਾਨ ਵਰਗ ਨੂੰ ਸਰਕਾਰੀ ਨੌਕਰੀਆਂ ਅਤੇ ਖੇਡ ਕਿੱਟਾਂ ਰਾਹੀਂ ਪਾਰਟੀ ਨਾਲ ਜੋੜ ਕੇ ਲੀਡ ਘਟਾਓ।']}"
2,2,Majitha Ward 2 / Main Bazaar,ਮਜੀਠਾ ਵਾਰਡ 2 / ਮੁੱਖ ਬਾਜ਼ਾਰ,ਮਜੀਠਾ ਵਾਰਡ 2 / ਮੁੱਖ ਬਾਜ਼ਾਰ,Majitha Ward 2 / Main Bazaar,ਮਜੀਠਾ ਵਾਰਡ 2 / ਮੁੱਖ ਬਾਜ਼ਾਰ,SAD,SAD,77,147,SAD Retained,SAD Retained,AAP Deficit,ਆਪ ਘਾਟ,INC Deficit,"{'AAP': 'WEAK', 'SAD': 'WON_BOTH', 'INC': 'LOST_BOTH', 'BJP': 'WEAK'}",False,"{'is_flip': False, 'status_label': 'SAD Retained', 'turnout_diff': 79, 'turnout_pct': 19.36, 'sad_swing': 4.92, 'aap_swing': -5.43, 'inc_swing': -6.39, 'bjp_swing': 0.98}",408,487,79,19.36,186,246,60,45.59,50.51,4.92,90,81,-9,22.06,16.63,-5.43,109,99,-10,26.72,20.33,-6.39,1,6,5,0.25,1.23,0.98,26,5.34,"{'total': 408, 'sad': 186, 'aap': 90, 'inc': 109, 'bjp': 1, 'sad_votes': 186, 'sad_pct': 45.59, 'aap_votes': 90, 'aap_pct': 22.06, 'inc_votes': 109, 'inc_pct': 26.72, 'bjp_votes': 1, 'bjp_pct': 0.25, 'winner_party': 'SAD', 'margin': 77, 'winner_candidate': 'Ganieve Kaur Majithia'}","{'total': 487, 'sad': 246, 'aap': 81, 'inc': 99, 'bjp': 6, 'sada': 26, 'bsp': 1, 'others': 27, 'sad_votes': 246, 'sad_pct': 50.51, 'aap_votes': 81, 'aap_pct': 16.63, 'inc_votes': 99, 'inc_pct': 20.33, 'bjp_votes': 6, 'bjp_pct': 1.23, 'sada_votes': 26, 'sada_pct': 5.34, 'winner_party': 'SAD', 'margin': 147, 'winner_candidate': 'Anil Joshi'}","{'turnout_diff': 79, 'turnout_pct': 19.36, 'sad_shift': 60, 'sad_swing': 4.92, 'aap_shift': -9, 'aap_swing': -5.43, 'inc_shift': -10, 'inc_swing': -6.39, 'bjp_shift': 5, 'bjp_swing': 0.98}",Akali Bastion: Strategic Penetration & Demolition Zone,ਅਕਾਲੀ ਦਲ ਦਾ ਪ੍ਰਭਾਵਿਤ ਖੇਤਰ: ਵਿਸ਼ੇਸ਼ ਘੇਰਾਬੰਦੀ ਜ਼ੋਨ,SAD retained lead here by +147 votes (50.5% share). Target moderate Panthic and farming families in Majitha Ward 2 / Main Bazaar disillusioned with traditional leadership. Appoint dedicated block coordinators and highlight direct government procurement and village development works.,ਅਕਾਲੀ ਦਲ ਨੇ ਇੱਥੇ +147 ਵੋਟਾਂ (50.5%) ਨਾਲ ਲੀਡ ਬਣਾਈ ਹੈ। ਮਜੀਠਾ ਵਾਰਡ 2 / ਮੁੱਖ ਬਾਜ਼ਾਰ ਵਿੱਚ ਰਵਾਇਤੀ ਲੀਡਰਸ਼ਿਪ ਤੋਂ ਨਿਰਾਸ਼ ਕਿਸਾਨ ਅਤੇ ਪੰਥਕ ਪਰਿਵਾਰਾਂ ਨਾਲ ਸੰਵਾਦ ਕਰੋ। ਪਿੰਡਾਂ ਵਿੱਚ ਪੰਜਾਬ ਸਰਕਾਰ ਦੇ ਵਿਕਾਸ ਕਾਰਜਾਂ ਅਤੇ ਨਿਰਪੱਖ ਭਰਤੀਆਂ ਦੇ ਸੁਨੇਹੇ ਨਾਲ ਸੰਨ੍ਹ ਲਗਾਓ।,"{'booth_no': '2', 'village_en': 'Majitha Ward 2 / Main Bazaar', 'village_pa': 'ਮਜੀਠਾ ਵਾਰਡ 2 / ਮੁੱਖ ਬਾਜ਼ਾਰ', 'zone_en': 'Akali Bastion: Strategic Penetration & Demolition Zone', 'zone_pa': 'ਅਕਾਲੀ ਦਲ ਦਾ ਪ੍ਰਭਾਵਿਤ ਖੇਤਰ: ਵਿਸ਼ੇਸ਼ ਘੇਰਾਬੰਦੀ ਜ਼ੋਨ', 'action_en': 'SAD retained lead here by +147 votes (50.5% share). Target moderate Panthic and farming families in Majitha Ward 2 / Main Bazaar disillusioned with traditional leadership. Appoint dedicated block coordinators and highlight direct government procurement and village development works.', 'action_pa': 'ਅਕਾਲੀ ਦਲ ਨੇ ਇੱਥੇ +147 ਵੋਟਾਂ (50.5%) ਨਾਲ ਲੀਡ ਬਣਾਈ ਹੈ। ਮਜੀਠਾ ਵਾਰਡ 2 / ਮੁੱਖ ਬਾਜ਼ਾਰ ਵਿੱਚ ਰਵਾਇਤੀ ਲੀਡਰਸ਼ਿਪ ਤੋਂ ਨਿਰਾਸ਼ ਕਿਸਾਨ ਅਤੇ ਪੰਥਕ ਪਰਿਵਾਰਾਂ ਨਾਲ ਸੰਵਾਦ ਕਰੋ। ਪਿੰਡਾਂ ਵਿੱਚ ਪੰਜਾਬ ਸਰਕਾਰ ਦੇ ਵਿਕਾਸ ਕਾਰਜਾਂ ਅਤੇ ਨਿਰਪੱਖ ਭਰਤੀਆਂ ਦੇ ਸੁਨੇਹੇ ਨਾਲ ਸੰਨ੍ਹ ਲਗਾਓ।', 'action_steps_en': ['Days 1-30: Map the top 30 influential non-committed Panthic families in Majitha Ward 2 / Main Bazaar.', 'Days 31-60: Deploy senior constituency leaders for direct home visits to address local disgruntlement.', ""Days 61-90: Neutralize SAD's +147 vote cushion by winning over agricultural youth.""], 'action_steps_pa': ['ਦਿਨ 1-30: ਮਜੀਠਾ ਵਾਰਡ 2 / ਮੁੱਖ ਬਾਜ਼ਾਰ ਦੇ 30 ਨਿਰਪੱਖ ਅਤੇ ਪ੍ਰਭਾਵਸ਼ਾਲੀ ਪਰਿਵਾਰਾਂ ਦੀ ਸ਼ਨਾਖਤ ਕਰੋ।', 'ਦਿਨ 31-60: ਸੀਨੀਅਰ ਲੀਡਰਸ਼ਿਪ ਰਾਹੀਂ ਘਰ-ਘਰ ਜਾ ਕੇ ਸਰਕਾਰ ਦੀਆਂ ਨਿਰਪੱਖ ਨੀਤੀਆਂ ਸਾਂਝੀਆਂ ਕਰੋ।', 'ਦਿਨ 61-90: ਨੌਜਵਾਨ ਵਰਗ ਨੂੰ ਸਰਕਾਰੀ ਨੌਕਰੀਆਂ ਅਤੇ ਖੇਡ ਕਿੱਟਾਂ ਰਾਹੀਂ ਪਾਰਟੀ ਨਾਲ ਜੋੜ ਕੇ ਲੀਡ ਘਟਾਓ।'], 'action_steps': ['ਦਿਨ 1-30: ਮਜੀਠਾ ਵਾਰਡ 2 / ਮੁੱਖ ਬਾਜ਼ਾਰ ਦੇ 30 ਨਿਰਪੱਖ ਅਤੇ ਪ੍ਰਭਾਵਸ਼ਾਲੀ ਪਰਿਵਾਰਾਂ ਦੀ ਸ਼ਨਾਖਤ ਕਰੋ।', 'ਦਿਨ 31-60: ਸੀਨੀਅਰ ਲੀਡਰਸ਼ਿਪ ਰਾਹੀਂ ਘਰ-ਘਰ ਜਾ ਕੇ ਸਰਕਾਰ ਦੀਆਂ ਨਿਰਪੱਖ ਨੀਤੀਆਂ ਸਾਂਝੀਆਂ ਕਰੋ।', 'ਦਿਨ 61-90: ਨੌਜਵਾਨ ਵਰਗ ਨੂੰ ਸਰਕਾਰੀ ਨੌਕਰੀਆਂ ਅਤੇ ਖੇਡ ਕਿੱਟਾਂ ਰਾਹੀਂ ਪਾਰਟੀ ਨਾਲ ਜੋੜ ਕੇ ਲੀਡ ਘਟਾਓ।']}"
3,3,Majitha Ward 3 / Qila Patti,ਮਜੀਠਾ ਵਾਰਡ 3 / ਕਿਲਾ ਪੱਤੀ,ਮਜੀਠਾ ਵਾਰਡ 3 / ਕਿਲਾ ਪੱਤੀ,Majitha Ward 3 / Qila Patti,ਮਜੀਠਾ ਵਾਰਡ 3 / ਕਿਲਾ ਪੱਤੀ,SAD,SAD,150,167,SAD Retained,SAD Retained,AAP Deficit,ਆਪ ਘਾਟ,INC Deficit,"{'AAP': 'LOST_BOTH', 'SAD': 'WON_BOTH', 'INC': 'WEAK', 'BJP': 'WEAK'}",False,"{'is_flip': False, 'status_label': 'SAD Retained', 'turnout_diff': -115, 'turnout_pct': -19.43, 'sad_swing': 10.31, 'aap_swing': 1.65, 'inc_swing': -12.15, 'bjp_swing': -2.45}",592,477,-115,-19.43,279,274,-5,47.13,57.44,10.31,123,107,-16,20.78,22.43,1.65,129,46,-83,21.79,9.64,-12.15,17,2,-15,2.87,0.42,-2.45,29,6.08,"{'total': 592, 'sad': 279, 'aap': 123, 'inc': 129, 'bjp': 17, 'sad_votes': 279, 'sad_pct': 47.13, 'aap_votes': 123, 'aap_pct': 20.78, 'inc_votes': 129, 'inc_pct': 21.79, 'bjp_votes': 17, 'bjp_pct': 2.87, 'winner_party': 'SAD', 'margin': 150, 'winner_candidate': 'Ganieve Kaur Majithia'}","{'total': 477, 'sad': 274, 'aap': 107, 'inc': 46, 'bjp': 2, 'sada': 29, 'bsp': 0, 'others': 19, 'sad_votes': 274, 'sad_pct': 57.44, 'aap_votes': 107, 'aap_pct': 22.43, 'inc_votes': 46, 'inc_pct': 9.64, 'bjp_votes': 2, 'bjp_pct': 0.42, 'sada_votes': 29, 'sada_pct': 6.08, 'winner_party': 'SAD', 'margin': 167, 'winner_candidate': 'Anil Joshi'}","{'turnout_diff': -115, 'turnout_pct': -19.43, 'sad_shift': -5, 'sad_swing': 10.31, 'aap_shift': -16, 'aap_swing': 1.65, 'inc_shift': -83, 'inc_swing': -12.15, 'bjp_shift': -15, 'bjp_swing': -2.45}",Akali Bastion: Strategic Penetration & Demolition Zone,ਅਕਾਲੀ ਦਲ ਦਾ ਪ੍ਰਭਾਵਿਤ ਖੇਤਰ: ਵਿਸ਼ੇਸ਼ ਘੇਰਾਬੰਦੀ ਜ਼ੋਨ,SAD retained lead here by +167 votes (57.4% share). Target moderate Panthic and farming families in Majitha Ward 3 / Qila Patti disillusioned with traditional leadership. Appoint dedicated block coordinators and highlight direct government procurement and village development works.,ਅਕਾਲੀ ਦਲ ਨੇ ਇੱਥੇ +167 ਵੋਟਾਂ (57.4%) ਨਾਲ ਲੀਡ ਬਣਾਈ ਹੈ। ਮਜੀਠਾ ਵਾਰਡ 3 / ਕਿਲਾ ਪੱਤੀ ਵਿੱਚ ਰਵਾਇਤੀ ਲੀਡਰਸ਼ਿਪ ਤੋਂ ਨਿਰਾਸ਼ ਕਿਸਾਨ ਅਤੇ ਪੰਥਕ ਪਰਿਵਾਰਾਂ ਨਾਲ ਸੰਵਾਦ ਕਰੋ। ਪਿੰਡਾਂ ਵਿੱਚ ਪੰਜਾਬ ਸਰਕਾਰ ਦੇ ਵਿਕਾਸ ਕਾਰਜਾਂ ਅਤੇ ਨਿਰਪੱਖ ਭਰਤੀਆਂ ਦੇ ਸੁਨੇਹੇ ਨਾਲ ਸੰਨ੍ਹ ਲਗਾਓ।,"{'booth_no': '3', 'village_en': 'Majitha Ward 3 / Qila Patti', 'village_pa': 'ਮਜੀਠਾ ਵਾਰਡ 3 / ਕਿਲਾ ਪੱਤੀ', 'zone_en': 'Akali Bastion: Strategic Penetration & Demolition Zone', 'zone_pa': 'ਅਕਾਲੀ ਦਲ ਦਾ ਪ੍ਰਭਾਵਿਤ ਖੇਤਰ: ਵਿਸ਼ੇਸ਼ ਘੇਰਾਬੰਦੀ ਜ਼ੋਨ', 'action_en': 'SAD retained lead here by +167 votes (57.4% share). Target moderate Panthic and farming families in Majitha Ward 3 / Qila Patti disillusioned with traditional leadership. Appoint dedicated block coordinators and highlight direct government procurement and village development works.', 'action_pa': 'ਅਕਾਲੀ ਦਲ ਨੇ ਇੱਥੇ +167 ਵੋਟਾਂ (57.4%) ਨਾਲ ਲੀਡ ਬਣਾਈ ਹੈ। ਮਜੀਠਾ ਵਾਰਡ 3 / ਕਿਲਾ ਪੱਤੀ ਵਿੱਚ ਰਵਾਇਤੀ ਲੀਡਰਸ਼ਿਪ ਤੋਂ ਨਿਰਾਸ਼ ਕਿਸਾਨ ਅਤੇ ਪੰਥਕ ਪਰਿਵਾਰਾਂ ਨਾਲ ਸੰਵਾਦ ਕਰੋ। ਪਿੰਡਾਂ ਵਿੱਚ ਪੰਜਾਬ ਸਰਕਾਰ ਦੇ ਵਿਕਾਸ ਕਾਰਜਾਂ ਅਤੇ ਨਿਰਪੱਖ ਭਰਤੀਆਂ ਦੇ ਸੁਨੇਹੇ ਨਾਲ ਸੰਨ੍ਹ ਲਗਾਓ।', 'action_steps_en': ['Days 1-30: Map the top 30 influential non-committed Panthic families in Majitha Ward 3 / Qila Patti.', 'Days 31-60: Deploy senior constituency leaders for direct home visits to address local disgruntlement.', ""Days 61-90: Neutralize SAD's +167 vote cushion by winning over agricultural youth.""], 'action_steps_pa': ['ਦਿਨ 1-30: ਮਜੀਠਾ ਵਾਰਡ 3 / ਕਿਲਾ ਪੱਤੀ ਦੇ 30 ਨਿਰਪੱਖ ਅਤੇ ਪ੍ਰਭਾਵਸ਼ਾਲੀ ਪਰਿਵਾਰਾਂ ਦੀ ਸ਼ਨਾਖਤ ਕਰੋ।', 'ਦਿਨ 31-60: ਸੀਨੀਅਰ ਲੀਡਰਸ਼ਿਪ ਰਾਹੀਂ ਘਰ-ਘਰ ਜਾ ਕੇ ਸਰਕਾਰ ਦੀਆਂ ਨਿਰਪੱਖ ਨੀਤੀਆਂ ਸਾਂਝੀਆਂ ਕਰੋ।', 'ਦਿਨ 61-90: ਨੌਜਵਾਨ ਵਰਗ ਨੂੰ ਸਰਕਾਰੀ ਨੌਕਰੀਆਂ ਅਤੇ ਖੇਡ ਕਿੱਟਾਂ ਰਾਹੀਂ ਪਾਰਟੀ ਨਾਲ ਜੋੜ ਕੇ ਲੀਡ ਘਟਾਓ।'], 'action_steps': ['ਦਿਨ 1-30: ਮਜੀਠਾ ਵਾਰਡ 3 / ਕਿਲਾ ਪੱਤੀ ਦੇ 30 ਨਿਰਪੱਖ ਅਤੇ ਪ੍ਰਭਾਵਸ਼ਾਲੀ ਪਰਿਵਾਰਾਂ ਦੀ ਸ਼ਨਾਖਤ ਕਰੋ।', 'ਦਿਨ 31-60: ਸੀਨੀਅਰ ਲੀਡਰਸ਼ਿਪ ਰਾਹੀਂ ਘਰ-ਘਰ ਜਾ ਕੇ ਸਰਕਾਰ ਦੀਆਂ ਨਿਰਪੱਖ ਨੀਤੀਆਂ ਸਾਂਝੀਆਂ ਕਰੋ।', 'ਦਿਨ 61-90: ਨੌਜਵਾਨ ਵਰਗ ਨੂੰ ਸਰਕਾਰੀ ਨੌਕਰੀਆਂ ਅਤੇ ਖੇਡ ਕਿੱਟਾਂ ਰਾਹੀਂ ਪਾਰਟੀ ਨਾਲ ਜੋੜ ਕੇ ਲੀਡ ਘਟਾਓ।']}"
4,4,Majitha Ward 4 / Railway Road,ਮਜੀਠਾ ਵਾਰਡ 4 / ਰੇਲਵੇ ਰੋਡ,ਮਜੀਠਾ ਵਾਰਡ 4 / ਰੇਲਵੇ ਰੋਡ,Majitha Ward 4 / Railway Road,ਮਜੀਠਾ ਵਾਰਡ 4 / ਰੇਲਵੇ ਰੋਡ,SAD,SAD,70,74,SAD Retained,SAD Retained,AAP Deficit,ਆਪ ਘਾਟ,INC Deficit,"{'AAP': 'WEAK', 'SAD': 'WON_BOTH', 'INC': 'LOST_BOTH', 'BJP': 'WEAK'}",False,"{'is_flip': False, 'status_label': 'SAD Retained', 'turnout_diff': -277, 'turnout_pct': -48.43, 'sad_swing': 10.05, 'aap_swing': -20.42, 'inc_swing': 10.32, 'bjp_swing': -1.59}",572,295,-277,-48.43,245,156,-89,42.83,52.88,10.05,175,30,-145,30.59,10.17,-20.42,100,82,-18,17.48,27.8,10.32,13,2,-11,2.27,0.68,-1.59,13,4.41,"{'total': 572, 'sad': 245, 'aap': 175, 'inc': 100, 'bjp': 13, 'sad_votes': 245, 'sad_pct': 42.83, 'aap_votes': 175, 'aap_pct': 30.59, 'inc_votes': 100, 'inc_pct': 17.48, 'bjp_votes': 13, 'bjp_pct': 2.27, 'winner_party': 'SAD', 'margin': 70, 'winner_candidate': 'Ganieve Kaur Majithia'}","{'total': 295, 'sad': 156, 'aap': 30, 'inc': 82, 'bjp': 2, 'sada': 13, 'bsp': 1, 'others': 10, 'sad_votes': 156, 'sad_pct': 52.88, 'aap_votes': 30, 'aap_pct': 10.17, 'inc_votes': 82, 'inc_pct': 27.8, 'bjp_votes': 2, 'bjp_pct': 0.68, 'sada_votes': 13, 'sada_pct': 4.41, 'winner_party': 'SAD', 'margin': 74, 'winner_candidate': 'Anil Joshi'}","{'turnout_diff': -277, 'turnout_pct': -48.43, 'sad_shift': -89, 'sad_swing': 10.05, 'aap_shift': -145, 'aap_swing': -20.42, 'inc_shift': -18, 'inc_swing': 10.32, 'bjp_shift': -11, 'bjp_swing': -1.59}",Akali Bastion: Strategic Penetration & Demolition Zone,ਅਕਾਲੀ ਦਲ ਦਾ ਪ੍ਰਭਾਵਿਤ ਖੇਤਰ: ਵਿਸ਼ੇਸ਼ ਘੇਰਾਬੰਦੀ ਜ਼ੋਨ,SAD retained lead here by +74 votes (52.9% share). Target moderate Panthic and farming families in Majitha Ward 4 / Railway Road disillusioned with traditional leadership. Appoint dedicated block coordinators and highlight direct government procurement and village development works.,ਅਕਾਲੀ ਦਲ ਨੇ ਇੱਥੇ +74 ਵੋਟਾਂ (52.9%) ਨਾਲ ਲੀਡ ਬਣਾਈ ਹੈ। ਮਜੀਠਾ ਵਾਰਡ 4 / ਰੇਲਵੇ ਰੋਡ ਵਿੱਚ ਰਵਾਇਤੀ ਲੀਡਰਸ਼ਿਪ ਤੋਂ ਨਿਰਾਸ਼ ਕਿਸਾਨ ਅਤੇ ਪੰਥਕ ਪਰਿਵਾਰਾਂ ਨਾਲ ਸੰਵਾਦ ਕਰੋ। ਪਿੰਡਾਂ ਵਿੱਚ ਪੰਜਾਬ ਸਰਕਾਰ ਦੇ ਵਿਕਾਸ ਕਾਰਜਾਂ ਅਤੇ ਨਿਰਪੱਖ ਭਰਤੀਆਂ ਦੇ ਸੁਨੇਹੇ ਨਾਲ ਸੰਨ੍ਹ ਲਗਾਓ।,"{'booth_no': '4', 'village_en': 'Majitha Ward 4 / Railway Road', 'village_pa': 'ਮਜੀਠਾ ਵਾਰਡ 4 / ਰੇਲਵੇ ਰੋਡ', 'zone_en': 'Akali Bastion: Strategic Penetration & Demolition Zone', 'zone_pa': 'ਅਕਾਲੀ ਦਲ ਦਾ ਪ੍ਰਭਾਵਿਤ ਖੇਤਰ: ਵਿਸ਼ੇਸ਼ ਘੇਰਾਬੰਦੀ ਜ਼ੋਨ', 'action_en': 'SAD retained lead here by +74 votes (52.9% share). Target moderate Panthic and farming families in Majitha Ward 4 / Railway Road disillusioned with traditional leadership. Appoint dedicated block coordinators and highlight direct government procurement and village development works.', 'action_pa': 'ਅਕਾਲੀ ਦਲ ਨੇ ਇੱਥੇ +74 ਵੋਟਾਂ (52.9%) ਨਾਲ ਲੀਡ ਬਣਾਈ ਹੈ। ਮਜੀਠਾ ਵਾਰਡ 4 / ਰੇਲਵੇ ਰੋਡ ਵਿੱਚ ਰਵਾਇਤੀ ਲੀਡਰਸ਼ਿਪ ਤੋਂ ਨਿਰਾਸ਼ ਕਿਸਾਨ ਅਤੇ ਪੰਥਕ ਪਰਿਵਾਰਾਂ ਨਾਲ ਸੰਵਾਦ ਕਰੋ। ਪਿੰਡਾਂ ਵਿੱਚ ਪੰਜਾਬ ਸਰਕਾਰ ਦੇ ਵਿਕਾਸ ਕਾਰਜਾਂ ਅਤੇ ਨਿਰਪੱਖ ਭਰਤੀਆਂ ਦੇ ਸੁਨੇਹੇ ਨਾਲ ਸੰਨ੍ਹ ਲਗਾਓ।', 'action_steps_en': ['Days 1-30: Map the top 30 influential non-committed Panthic families in Majitha Ward 4 / Railway Road.', 'Days 31-60: Deploy senior constituency leaders for direct home visits to address local disgruntlement.', ""Days 61-90: Neutralize SAD's +74 vote cushion by winning over agricultural youth.""], 'action_steps_pa': ['ਦਿਨ 1-30: ਮਜੀਠਾ ਵਾਰਡ 4 / ਰੇਲਵੇ ਰੋਡ ਦੇ 30 ਨਿਰਪੱਖ ਅਤੇ ਪ੍ਰਭਾਵਸ਼ਾਲੀ ਪਰਿਵਾਰਾਂ ਦੀ ਸ਼ਨਾਖਤ ਕਰੋ।', 'ਦਿਨ 31-60: ਸੀਨੀਅਰ ਲੀਡਰਸ਼ਿਪ ਰਾਹੀਂ ਘਰ-ਘਰ ਜਾ ਕੇ ਸਰਕਾਰ ਦੀਆਂ ਨਿਰਪੱਖ ਨੀਤੀਆਂ ਸਾਂਝੀਆਂ ਕਰੋ।', 'ਦਿਨ 61-90: ਨੌਜਵਾਨ ਵਰਗ ਨੂੰ ਸਰਕਾਰੀ ਨੌਕਰੀਆਂ ਅਤੇ ਖੇਡ ਕਿੱਟਾਂ ਰਾਹੀਂ ਪਾਰਟੀ ਨਾਲ ਜੋੜ ਕੇ ਲੀਡ ਘਟਾਓ।'], 'action_steps': ['ਦਿਨ 1-30: ਮਜੀਠਾ ਵਾਰਡ 4 / ਰੇਲਵੇ ਰੋਡ ਦੇ 30 ਨਿਰਪੱਖ ਅਤੇ ਪ੍ਰਭਾਵਸ਼ਾਲੀ ਪਰਿਵਾਰਾਂ ਦੀ ਸ਼ਨਾਖਤ ਕਰੋ।', 'ਦਿਨ 31-60: ਸੀਨੀਅਰ ਲੀਡਰਸ਼ਿਪ ਰਾਹੀਂ ਘਰ-ਘਰ ਜਾ ਕੇ ਸਰਕਾਰ ਦੀਆਂ ਨਿਰਪੱਖ ਨੀਤੀਆਂ ਸਾਂਝੀਆਂ ਕਰੋ।', 'ਦਿਨ 61-90: ਨੌਜਵਾਨ ਵਰਗ ਨੂੰ ਸਰਕਾਰੀ ਨੌਕਰੀਆਂ ਅਤੇ ਖੇਡ ਕਿੱਟਾਂ ਰਾਹੀਂ ਪਾਰਟੀ ਨਾਲ ਜੋੜ ਕੇ ਲੀਡ ਘਟਾਓ।']}"
5,5,Majitha Ward 5 / Dana Mandi,ਮਜੀਠਾ ਵਾਰਡ 5 / ਦਾਣਾ ਮੰਡੀ,ਮਜੀਠਾ ਵਾਰਡ 5 / ਦਾਣਾ ਮੰਡੀ,Majitha Ward 5 / Dana Mandi,ਮਜੀਠਾ ਵਾਰਡ 5 / ਦਾਣਾ ਮੰਡੀ,SAD,SAD,44,105,SAD Retained,SAD Retained,AAP Deficit,ਆਪ ਘਾਟ,INC Deficit,"{'AAP': 'LOST_BOTH', 'SAD': 'WON_BOTH', 'INC': 'WEAK', 'BJP': 'WEAK'}",False,"{'is_flip': False, 'status_label': 'SAD Retained', 'turnout_diff': 243, 'turnout_pct': 73.86, 'sad_swing': -0.71, 'aap_swing': 6.46, 'inc_swing': -23.87, 'bjp_swing': 6.99}",329,572,243,73.86,149,255,106,45.29,44.58,-0.71,65,150,85,19.76,26.22,6.46,105,46,-59,31.91,8.04,-23.87,0,40,40,0.0,6.99,6.99,49,8.57,"{'total': 329, 'sad': 149, 'aap': 65, 'inc': 105, 'bjp': 0, 'sad_votes': 149, 'sad_pct': 45.29, 'aap_votes': 65, 'aap_pct': 19.76, 'inc_votes': 105, 'inc_pct': 31.91, 'bjp_votes': 0, 'bjp_pct': 0.0, 'winner_party': 'SAD', 'margin': 44, 'winner_candidate': 'Ganieve Kaur Majithia'}","{'total': 572, 'sad': 255, 'aap': 150, 'inc': 46, 'bjp': 40, 'sada': 49, 'bsp': 1, 'others': 29, 'sad_votes': 255, 'sad_pct': 44.58, 'aap_votes': 150, 'aap_pct': 26.22, 'inc_votes': 46, 'inc_pct': 8.04, 'bjp_votes': 40, 'bjp_pct': 6.99, 'sada_votes': 49, 'sada_pct': 8.57, 'winner_party': 'SAD', 'margin': 105, 'winner_candidate': 'Anil Joshi'}","{'turnout_diff': 243, 'turnout_pct': 73.86, 'sad_shift': 106, 'sad_swing': -0.71, 'aap_shift': 85, 'aap_swing': 6.46, 'inc_shift': -59, 'inc_swing': -23.87, 'bjp_shift': 40, 'bjp_swing': 6.99}",Akali Bastion: Strategic Penetration & Demolition Zone,ਅਕਾਲੀ ਦਲ ਦਾ ਪ੍ਰਭਾਵਿਤ ਖੇਤਰ: ਵਿਸ਼ੇਸ਼ ਘੇਰਾਬੰਦੀ ਜ਼ੋਨ,SAD retained lead here by +105 votes (44.6% share). Target moderate Panthic and farming families in Majitha Ward 5 / Dana Mandi disillusioned with traditional leadership. Appoint dedicated block coordinators and highlight direct government procurement and village development works.,ਅਕਾਲੀ ਦਲ ਨੇ ਇੱਥੇ +105 ਵੋਟਾਂ (44.6%) ਨਾਲ ਲੀਡ ਬਣਾਈ ਹੈ। ਮਜੀਠਾ ਵਾਰਡ 5 / ਦਾਣਾ ਮੰਡੀ ਵਿੱਚ ਰਵਾਇਤੀ ਲੀਡਰਸ਼ਿਪ ਤੋਂ ਨਿਰਾਸ਼ ਕਿਸਾਨ ਅਤੇ ਪੰਥਕ ਪਰਿਵਾਰਾਂ ਨਾਲ ਸੰਵਾਦ ਕਰੋ। ਪਿੰਡਾਂ ਵਿੱਚ ਪੰਜਾਬ ਸਰਕਾਰ ਦੇ ਵਿਕਾਸ ਕਾਰਜਾਂ ਅਤੇ ਨਿਰਪੱਖ ਭਰਤੀਆਂ ਦੇ ਸੁਨੇਹੇ ਨਾਲ ਸੰਨ੍ਹ ਲਗਾਓ।,"{'booth_no': '5', 'village_en': 'Majitha Ward 5 / Dana Mandi', 'village_pa': 'ਮਜੀਠਾ ਵਾਰਡ 5 / ਦਾਣਾ ਮੰਡੀ', 'zone_en': 'Akali Bastion: Strategic Penetration & Demolition Zone', 'zone_pa': 'ਅਕਾਲੀ ਦਲ ਦਾ ਪ੍ਰਭਾਵਿਤ ਖੇਤਰ: ਵਿਸ਼ੇਸ਼ ਘੇਰਾਬੰਦੀ ਜ਼ੋਨ', 'action_en': 'SAD retained lead here by +105 votes (44.6% share). Target moderate Panthic and farming families in Majitha Ward 5 / Dana Mandi disillusioned with traditional leadership. Appoint dedicated block coordinators and highlight direct government procurement and village development works.', 'action_pa': 'ਅਕਾਲੀ ਦਲ ਨੇ ਇੱਥੇ +105 ਵੋਟਾਂ (44.6%) ਨਾਲ ਲੀਡ ਬਣਾਈ ਹੈ। ਮਜੀਠਾ ਵਾਰਡ 5 / ਦਾਣਾ ਮੰਡੀ ਵਿੱਚ ਰਵਾਇਤੀ ਲੀਡਰਸ਼ਿਪ ਤੋਂ ਨਿਰਾਸ਼ ਕਿਸਾਨ ਅਤੇ ਪੰਥਕ ਪਰਿਵਾਰਾਂ ਨਾਲ ਸੰਵਾਦ ਕਰੋ। ਪਿੰਡਾਂ ਵਿੱਚ ਪੰਜਾਬ ਸਰਕਾਰ ਦੇ ਵਿਕਾਸ ਕਾਰਜਾਂ ਅਤੇ ਨਿਰਪੱਖ ਭਰਤੀਆਂ ਦੇ ਸੁਨੇਹੇ ਨਾਲ ਸੰਨ੍ਹ ਲਗਾਓ।', 'action_steps_en': ['Days 1-30: Map the top 30 influential non-committed Panthic families in Majitha Ward 5 / Dana Mandi.', 'Days 31-60: Deploy senior constituency leaders for direct home visits to address local disgruntlement.', ""Days 61-90: Neutralize SAD's +105 vote cushion by winning over agricultural youth.""], 'action_steps_pa': ['ਦਿਨ 1-30: ਮਜੀਠਾ ਵਾਰਡ 5 / ਦਾਣਾ ਮੰਡੀ ਦੇ 30 ਨਿਰਪੱਖ ਅਤੇ ਪ੍ਰਭਾਵਸ਼ਾਲੀ ਪਰਿਵਾਰਾਂ ਦੀ ਸ਼ਨਾਖਤ ਕਰੋ।', 'ਦਿਨ 31-60: ਸੀਨੀਅਰ ਲੀਡਰਸ਼ਿਪ ਰਾਹੀਂ ਘਰ-ਘਰ ਜਾ ਕੇ ਸਰਕਾਰ ਦੀਆਂ ਨਿਰਪੱਖ ਨੀਤੀਆਂ ਸਾਂਝੀਆਂ ਕਰੋ।', 'ਦਿਨ 61-90: ਨੌਜਵਾਨ ਵਰਗ ਨੂੰ ਸਰਕਾਰੀ ਨੌਕਰੀਆਂ ਅਤੇ ਖੇਡ ਕਿੱਟਾਂ ਰਾਹੀਂ ਪਾਰਟੀ ਨਾਲ ਜੋੜ ਕੇ ਲੀਡ ਘਟਾਓ।'], 'action_steps': ['ਦਿਨ 1-30: ਮਜੀਠਾ ਵਾਰਡ 5 / ਦਾਣਾ ਮੰਡੀ ਦੇ 30 ਨਿਰਪੱਖ ਅਤੇ ਪ੍ਰਭਾਵਸ਼ਾਲੀ ਪਰਿਵਾਰਾਂ ਦੀ ਸ਼ਨਾਖਤ ਕਰੋ।', 'ਦਿਨ 31-60: ਸੀਨੀਅਰ ਲੀਡਰਸ਼ਿਪ ਰਾਹੀਂ ਘਰ-ਘਰ ਜਾ ਕੇ ਸਰਕਾਰ ਦੀਆਂ ਨਿਰਪੱਖ ਨੀਤੀਆਂ ਸਾਂਝੀਆਂ ਕਰੋ।', 'ਦਿਨ 61-90: ਨੌਜਵਾਨ ਵਰਗ ਨੂੰ ਸਰਕਾਰੀ ਨੌਕਰੀਆਂ ਅਤੇ ਖੇਡ ਕਿੱਟਾਂ ਰਾਹੀਂ ਪਾਰਟੀ ਨਾਲ ਜੋੜ ਕੇ ਲੀਡ ਘਟਾਓ।']}"
6,6,Majitha Ward 6 / Fatehgarh Churian Road,ਮਜੀਠਾ ਵਾਰਡ 6 / ਫ਼ਤਿਹਗੜ੍ਹ ਚੂੜੀਆਂ ਰੋਡ,ਮਜੀਠਾ ਵਾਰਡ 6 / ਫ਼ਤਿਹਗੜ੍ਹ ਚੂੜੀਆਂ ਰੋਡ,Majitha Ward 6 / Fatehgarh Churian Road,ਮਜੀਠਾ ਵਾਰਡ 6 / ਫ਼ਤਿਹਗੜ੍ਹ ਚੂੜੀਆਂ ਰੋਡ,SAD,AAP,186,49,SAD → AAP,SAD → AAP,AAP Gain,ਆਪ ਲਾਭ,INC Deficit,"{'AAP': 'GAINED', 'SAD': 'LOST_24', 'INC': 'LOST_BOTH', 'BJP': 'WEAK'}",True,"{'is_flip': True, 'status_label': 'SAD → AAP', 'turnout_diff': -44, 'turnout_pct': -6.67, 'sad_swing': -17.94, 'aap_swing': 18.19, 'inc_swing': 4.33, 'bjp_swing': 1.01}",660,616,-44,-6.67,337,204,-133,51.06,33.12,-17.94,151,253,102,22.88,41.07,18.19,100,120,20,15.15,19.48,4.33,4,10,6,0.61,1.62,1.01,4,0.65,"{'total': 660, 'sad': 337, 'aap': 151, 'inc': 100, 'bjp': 4, 'sad_votes': 337, 'sad_pct': 51.06, 'aap_votes': 151, 'aap_pct': 22.88, 'inc_votes': 100, 'inc_pct': 15.15, 'bjp_votes': 4, 'bjp_pct': 0.61, 'winner_party': 'SAD', 'margin': 186, 'winner_candidate': 'Ganieve Kaur Majithia'}","{'total': 616, 'sad': 204, 'aap': 253, 'inc': 120, 'bjp': 10, 'sada': 4, 'bsp': 0, 'others': 23, 'sad_votes': 204, 'sad_pct': 33.12, 'aap_votes': 253, 'aap_pct': 41.07, 'inc_votes': 120, 'inc_pct': 19.48, 'bjp_votes': 10, 'bjp_pct': 1.62, 'sada_votes': 4, 'sada_pct': 0.65, 'winner_party': 'AAP', 'margin': 49, 'winner_candidate': 'Kuldeep Singh Dhaliwal'}","{'turnout_diff': -44, 'turnout_pct': -6.67, 'sad_shift': -133, 'sad_swing': -17.94, 'aap_shift': 102, 'aap_swing': 18.19, 'inc_shift': 20, 'inc_swing': 4.33, 'bjp_shift': 6, 'bjp_swing': 1.01}",Historic Breakthrough: AAP Flipped Stronghold,ਇਤਿਹਾਸਕ ਪ੍ਰਾਪਤੀ: ਅਕਾਲੀ ਗੜ੍ਹ ਵਿੱਚ ਆਪ ਦੀ ਜਿੱਤ ਜ਼ੋਨ,"Major breakthrough in Majitha Ward 6 / Fatehgarh Churian Road previously held by SAD. Formally induct local village swing leaders and youth volunteers who backed AAP in 2024. Resolve local village infrastructure, canal tail issues, and cement +49 lead.","ਮਜੀਠਾ ਵਾਰਡ 6 / ਫ਼ਤਿਹਗੜ੍ਹ ਚੂੜੀਆਂ ਰੋਡ ਵਿੱਚ ਵੱਡੀ ਇਤਿਹਾਸਕ ਸਫ਼ਲਤਾ, ਜਿੱਥੇ SAD ਦਾ ਪੁਰਾਣਾ ਦਬਦਬਾ ਟੁੱਟਿਆ। 2024 ਵਿੱਚ ਆਪ ਨਾਲ ਜੁੜੇ ਨੌਜਵਾਨਾਂ ਅਤੇ ਪੰਚਾਇਤੀ ਆਗੂਆਂ ਨੂੰ ਜਥੇਬੰਦਕ ਜ਼ਿੰਮੇਵਾਰੀਆਂ ਦਿਓ ਅਤੇ +49 ਵੋਟਾਂ ਦੀ ਲੀਡ ਨੂੰ ਸਥਾਈ ਵੋਟ ਬੈਂਕ ਵਿੱਚ ਬਦਲੋ।","{'booth_no': '6', 'village_en': 'Majitha Ward 6 / Fatehgarh Churian Road', 'village_pa': 'ਮਜੀਠਾ ਵਾਰਡ 6 / ਫ਼ਤਿਹਗੜ੍ਹ ਚੂੜੀਆਂ ਰੋਡ', 'zone_en': 'Historic Breakthrough: AAP Flipped Stronghold', 'zone_pa': 'ਇਤਿਹਾਸਕ ਪ੍ਰਾਪਤੀ: ਅਕਾਲੀ ਗੜ੍ਹ ਵਿੱਚ ਆਪ ਦੀ ਜਿੱਤ ਜ਼ੋਨ', 'action_en': 'Major breakthrough in Majitha Ward 6 / Fatehgarh Churian Road previously held by SAD. Formally induct local village swing leaders and youth volunteers who backed AAP in 2024. Resolve local village infrastructure, canal tail issues, and cement +49 lead.', 'action_pa': 'ਮਜੀਠਾ ਵਾਰਡ 6 / ਫ਼ਤਿਹਗੜ੍ਹ ਚੂੜੀਆਂ ਰੋਡ ਵਿੱਚ ਵੱਡੀ ਇਤਿਹਾਸਕ ਸਫ਼ਲਤਾ, ਜਿੱਥੇ SAD ਦਾ ਪੁਰਾਣਾ ਦਬਦਬਾ ਟੁੱਟਿਆ। 2024 ਵਿੱਚ ਆਪ ਨਾਲ ਜੁੜੇ ਨੌਜਵਾਨਾਂ ਅਤੇ ਪੰਚਾਇਤੀ ਆਗੂਆਂ ਨੂੰ ਜਥੇਬੰਦਕ ਜ਼ਿੰਮੇਵਾਰੀਆਂ ਦਿਓ ਅਤੇ +49 ਵੋਟਾਂ ਦੀ ਲੀਡ ਨੂੰ ਸਥਾਈ ਵੋਟ ਬੈਂਕ ਵਿੱਚ ਬਦਲੋ।', 'action_steps_en': ['Days 1-30: Onboard dynamic swing workers who crossed over from SAD into the formal AAP booth structure.', 'Days 31-60: Prioritize village link road and street light repairs in Majitha Ward 6 / Fatehgarh Churian Road through rural development grants.', 'Days 61-90: Convert current +49 vote lead into permanent party loyalty before 2027.'], 'action_steps_pa': ['ਦਿਨ 1-30: SAD ਛੱਡ ਕੇ ਆਪ ਵਿੱਚ ਸ਼ਾਮਲ ਹੋਏ ਆਗੂਆਂ ਨੂੰ ਬੂਥ ਕਮੇਟੀ ਵਿੱਚ ਅਹਿਮ ਜ਼ਿੰਮੇਵਾਰੀਆਂ ਦਿਓ।', ""ਦਿਨ 31-60: ਮਜੀਠਾ ਵਾਰਡ 6 / ਫ਼ਤਿਹਗੜ੍ਹ ਚੂੜੀਆਂ ਰੋਡ ਵਿੱਚ ਪਿੰਡ ਦੀਆਂ ਫਿਰਨੀਆਂ, ਗਲੀਆਂ ਅਤੇ ਲਿੰਕ ਸੜਕਾਂ ਦੇ ਕੰਮ ਤਰਜੀਹ 'ਤੇ ਕਰਵਾਓ।"", 'ਦਿਨ 61-90: +49 ਵੋਟਾਂ ਦੀ ਲੀਡ ਨੂੰ ਪੱਕੇ ਵੋਟ ਬੈਂਕ ਵਿੱਚ ਤਬਦੀਲ ਕਰੋ।'], 'action_steps': ['ਦਿਨ 1-30: SAD ਛੱਡ ਕੇ ਆਪ ਵਿੱਚ ਸ਼ਾਮਲ ਹੋਏ ਆਗੂਆਂ ਨੂੰ ਬੂਥ ਕਮੇਟੀ ਵਿੱਚ ਅਹਿਮ ਜ਼ਿੰਮੇਵਾਰੀਆਂ ਦਿਓ।', ""ਦਿਨ 31-60: ਮਜੀਠਾ ਵਾਰਡ 6 / ਫ਼ਤਿਹਗੜ੍ਹ ਚੂੜੀਆਂ ਰੋਡ ਵਿੱਚ ਪਿੰਡ ਦੀਆਂ ਫਿਰਨੀਆਂ, ਗਲੀਆਂ ਅਤੇ ਲਿੰਕ ਸੜਕਾਂ ਦੇ ਕੰਮ ਤਰਜੀਹ 'ਤੇ ਕਰਵਾਓ।"", 'ਦਿਨ 61-90: +49 ਵੋਟਾਂ ਦੀ ਲੀਡ ਨੂੰ ਪੱਕੇ ਵੋਟ ਬੈਂਕ ਵਿੱਚ ਤਬਦੀਲ ਕਰੋ।']}"
7,7,Majitha Ward 7 / Old Tehsil,ਮਜੀਠਾ ਵਾਰਡ 7 / ਪੁਰਾਣੀ ਤਹਿਸੀਲ,ਮਜੀਠਾ ਵਾਰਡ 7 / ਪੁਰਾਣੀ ਤਹਿਸੀਲ,Majitha Ward 7 / Old Tehsil,ਮਜੀਠਾ ਵਾਰਡ 7 / ਪੁਰਾਣੀ ਤਹਿਸੀਲ,SAD,AAP,41,56,SAD → AAP,SAD → AAP,AAP Gain,ਆਪ ਲਾਭ,INC Deficit,"{'AAP': 'GAINED', 'SAD': 'LOST_24', 'INC': 'WEAK', 'BJP': 'WEAK'}",True,"{'is_flip': True, 'status_label': 'SAD → AAP', 'turnout_diff': -245, 'turnout_pct': -35.0, 'sad_swing': -11.89, 'aap_swing': 6.28, 'inc_swing': -5.04, 'bjp_swing': 2.59}",700,455,-245,-35.0,294,137,-157,42.0,30.11,-11.89,253,193,-60,36.14,42.42,6.28,123,57,-66,17.57,12.53,-5.04,5,15,10,0.71,3.3,2.59,14,3.08,"{'total': 700, 'sad': 294, 'aap': 253, 'inc': 123, 'bjp': 5, 'sad_votes': 294, 'sad_pct': 42.0, 'aap_votes': 253, 'aap_pct': 36.14, 'inc_votes': 123, 'inc_pct': 17.57, 'bjp_votes': 5, 'bjp_pct': 0.71, 'winner_party': 'SAD', 'margin': 41, 'winner_candidate': 'Ganieve Kaur Majithia'}","{'total': 455, 'sad': 137, 'aap': 193, 'inc': 57, 'bjp': 15, 'sada': 14, 'bsp': 2, 'others': 36, 'sad_votes': 137, 'sad_pct': 30.11, 'aap_votes': 193, 'aap_pct': 42.42, 'inc_votes': 57, 'inc_pct': 12.53, 'bjp_votes': 15, 'bjp_pct': 3.3, 'sada_votes': 14, 'sada_pct': 3.08, 'winner_party': 'AAP', 'margin': 56, 'winner_candidate': 'Kuldeep Singh Dhaliwal'}","{'turnout_diff': -245, 'turnout_pct': -35.0, 'sad_shift': -157, 'sad_swing': -11.89, 'aap_shift': -60, 'aap_swing': 6.28, 'inc_shift': -66, 'inc_swing': -5.04, 'bjp_shift': 10, 'bjp_swing': 2.59}",Historic Breakthrough: AAP Flipped Stronghold,ਇਤਿਹਾਸਕ ਪ੍ਰਾਪਤੀ: ਅਕਾਲੀ ਗੜ੍ਹ ਵਿੱਚ ਆਪ ਦੀ ਜਿੱਤ ਜ਼ੋਨ,"Major breakthrough in Majitha Ward 7 / Old Tehsil previously held by SAD. Formally induct local village swing leaders and youth volunteers who backed AAP in 2024. Resolve local village infrastructure, canal tail issues, and cement +56 lead.","ਮਜੀਠਾ ਵਾਰਡ 7 / ਪੁਰਾਣੀ ਤਹਿਸੀਲ ਵਿੱਚ ਵੱਡੀ ਇਤਿਹਾਸਕ ਸਫ਼ਲਤਾ, ਜਿੱਥੇ SAD ਦਾ ਪੁਰਾਣਾ ਦਬਦਬਾ ਟੁੱਟਿਆ। 2024 ਵਿੱਚ ਆਪ ਨਾਲ ਜੁੜੇ ਨੌਜਵਾਨਾਂ ਅਤੇ ਪੰਚਾਇਤੀ ਆਗੂਆਂ ਨੂੰ ਜਥੇਬੰਦਕ ਜ਼ਿੰਮੇਵਾਰੀਆਂ ਦਿਓ ਅਤੇ +56 ਵੋਟਾਂ ਦੀ ਲੀਡ ਨੂੰ ਸਥਾਈ ਵੋਟ ਬੈਂਕ ਵਿੱਚ ਬਦਲੋ।","{'booth_no': '7', 'village_en': 'Majitha Ward 7 / Old Tehsil', 'village_pa': 'ਮਜੀਠਾ ਵਾਰਡ 7 / ਪੁਰਾਣੀ ਤਹਿਸੀਲ', 'zone_en': 'Historic Breakthrough: AAP Flipped Stronghold', 'zone_pa': 'ਇਤਿਹਾਸਕ ਪ੍ਰਾਪਤੀ: ਅਕਾਲੀ ਗੜ੍ਹ ਵਿੱਚ ਆਪ ਦੀ ਜਿੱਤ ਜ਼ੋਨ', 'action_en': 'Major breakthrough in Majitha Ward 7 / Old Tehsil previously held by SAD. Formally induct local village swing leaders and youth volunteers who backed AAP in 2024. Resolve local village infrastructure, canal tail issues, and cement +56 lead.', 'action_pa': 'ਮਜੀਠਾ ਵਾਰਡ 7 / ਪੁਰਾਣੀ ਤਹਿਸੀਲ ਵਿੱਚ ਵੱਡੀ ਇਤਿਹਾਸਕ ਸਫ਼ਲਤਾ, ਜਿੱਥੇ SAD ਦਾ ਪੁਰਾਣਾ ਦਬਦਬਾ ਟੁੱਟਿਆ। 2024 ਵਿੱਚ ਆਪ ਨਾਲ ਜੁੜੇ ਨੌਜਵਾਨਾਂ ਅਤੇ ਪੰਚਾਇਤੀ ਆਗੂਆਂ ਨੂੰ ਜਥੇਬੰਦਕ ਜ਼ਿੰਮੇਵਾਰੀਆਂ ਦਿਓ ਅਤੇ +56 ਵੋਟਾਂ ਦੀ ਲੀਡ ਨੂੰ ਸਥਾਈ ਵੋਟ ਬੈਂਕ ਵਿੱਚ ਬਦਲੋ।', 'action_steps_en': ['Days 1-30: Onboard dynamic swing workers who crossed over from SAD into the formal AAP booth structure.', 'Days 31-60: Prioritize village link road and street light repairs in Majitha Ward 7 / Old Tehsil through rural development grants.', 'Days 61-90: Convert current +56 vote lead into permanent party loyalty before 2027.'], 'action_steps_pa': ['ਦਿਨ 1-30: SAD ਛੱਡ ਕੇ ਆਪ ਵਿੱਚ ਸ਼ਾਮਲ ਹੋਏ ਆਗੂਆਂ ਨੂੰ ਬੂਥ ਕਮੇਟੀ ਵਿੱਚ ਅਹਿਮ ਜ਼ਿੰਮੇਵਾਰੀਆਂ ਦਿਓ।', ""ਦਿਨ 31-60: ਮਜੀਠਾ ਵਾਰਡ 7 / ਪੁਰਾਣੀ ਤਹਿਸੀਲ ਵਿੱਚ ਪਿੰਡ ਦੀਆਂ ਫਿਰਨੀਆਂ, ਗਲੀਆਂ ਅਤੇ ਲਿੰਕ ਸੜਕਾਂ ਦੇ ਕੰਮ ਤਰਜੀਹ 'ਤੇ ਕਰਵਾਓ।"", 'ਦਿਨ 61-90: +56 ਵੋਟਾਂ ਦੀ ਲੀਡ ਨੂੰ ਪੱਕੇ ਵੋਟ ਬੈਂਕ ਵਿੱਚ ਤਬਦੀਲ ਕਰੋ।'], 'action_steps': ['ਦਿਨ 1-30: SAD ਛੱਡ ਕੇ ਆਪ ਵਿੱਚ ਸ਼ਾਮਲ ਹੋਏ ਆਗੂਆਂ ਨੂੰ ਬੂਥ ਕਮੇਟੀ ਵਿੱਚ ਅਹਿਮ ਜ਼ਿੰਮੇਵਾਰੀਆਂ ਦਿਓ।', ""ਦਿਨ 31-60: ਮਜੀਠਾ ਵਾਰਡ 7 / ਪੁਰਾਣੀ ਤਹਿਸੀਲ ਵਿੱਚ ਪਿੰਡ ਦੀਆਂ ਫਿਰਨੀਆਂ, ਗਲੀਆਂ ਅਤੇ ਲਿੰਕ ਸੜਕਾਂ ਦੇ ਕੰਮ ਤਰਜੀਹ 'ਤੇ ਕਰਵਾਓ।"", 'ਦਿਨ 61-90: +56 ਵੋਟਾਂ ਦੀ ਲੀਡ ਨੂੰ ਪੱਕੇ ਵੋਟ ਬੈਂਕ ਵਿੱਚ ਤਬਦੀਲ ਕਰੋ।']}"
8,8,Majitha Ward 8 / Gurdwara Sahib Road,ਮਜੀਠਾ ਵਾਰਡ 8 / ਗੁਰਦੁਆਰਾ ਸਾਹਿਬ ਰੋਡ,ਮਜੀਠਾ ਵਾਰਡ 8 / ਗੁਰਦੁਆਰਾ ਸਾਹਿਬ ਰੋਡ,Majitha Ward 8 / Gurdwara Sahib Road,ਮਜੀਠਾ ਵਾਰਡ 8 / ਗੁਰਦੁਆਰਾ ਸਾਹਿਬ ਰੋਡ,SAD,AAP,23,56,SAD → AAP,SAD → AAP,AAP Gain,ਆਪ ਲਾਭ,INC Deficit,"{'AAP': 'GAINED', 'SAD': 'LOST_24', 'INC': 'WEAK', 'BJP': 'WEAK'}",True,"{'is_flip': True, 'status_label': 'SAD → AAP', 'turnout_diff': -146, 'turnout_pct': -23.55, 'sad_swing': -6.22, 'aap_swing': 9.31, 'inc_swing': -4.67, 'bjp_swing': 0.4}",620,474,-146,-23.55,257,167,-90,41.45,35.23,-6.22,234,223,-11,37.74,47.05,9.31,80,39,-41,12.9,8.23,-4.67,4,5,1,0.65,1.05,0.4,9,1.9,"{'total': 620, 'sad': 257, 'aap': 234, 'inc': 80, 'bjp': 4, 'sad_votes': 257, 'sad_pct': 41.45, 'aap_votes': 234, 'aap_pct': 37.74, 'inc_votes': 80, 'inc_pct': 12.9, 'bjp_votes': 4, 'bjp_pct': 0.65, 'winner_party': 'SAD', 'margin': 23, 'winner_candidate': 'Ganieve Kaur Majithia'}","{'total': 474, 'sad': 167, 'aap': 223, 'inc': 39, 'bjp': 5, 'sada': 9, 'bsp': 0, 'others': 30, 'sad_votes': 167, 'sad_pct': 35.23, 'aap_votes': 223, 'aap_pct': 47.05, 'inc_votes': 39, 'inc_pct': 8.23, 'bjp_votes': 5, 'bjp_pct': 1.05, 'sada_votes': 9, 'sada_pct': 1.9, 'winner_party': 'AAP', 'margin': 56, 'winner_candidate': 'Kuldeep Singh Dhaliwal'}","{'turnout_diff': -146, 'turnout_pct': -23.55, 'sad_shift': -90, 'sad_swing': -6.22, 'aap_shift': -11, 'aap_swing': 9.31, 'inc_shift': -41, 'inc_swing': -4.67, 'bjp_shift': 1, 'bjp_swing': 0.4}",Historic Breakthrough: AAP Flipped Stronghold,ਇਤਿਹਾਸਕ ਪ੍ਰਾਪਤੀ: ਅਕਾਲੀ ਗੜ੍ਹ ਵਿੱਚ ਆਪ ਦੀ ਜਿੱਤ ਜ਼ੋਨ,"Major breakthrough in Majitha Ward 8 / Gurdwara Sahib Road previously held by SAD. Formally induct local village swing leaders and youth volunteers who backed AAP in 2024. Resolve local village infrastructure, canal tail issues, and cement +56 lead.","ਮਜੀਠਾ ਵਾਰਡ 8 / ਗੁਰਦੁਆਰਾ ਸਾਹਿਬ ਰੋਡ ਵਿੱਚ ਵੱਡੀ ਇਤਿਹਾਸਕ ਸਫ਼ਲਤਾ, ਜਿੱਥੇ SAD ਦਾ ਪੁਰਾਣਾ ਦਬਦਬਾ ਟੁੱਟਿਆ। 2024 ਵਿੱਚ ਆਪ ਨਾਲ ਜੁੜੇ ਨੌਜਵਾਨਾਂ ਅਤੇ ਪੰਚਾਇਤੀ ਆਗੂਆਂ ਨੂੰ ਜਥੇਬੰਦਕ ਜ਼ਿੰਮੇਵਾਰੀਆਂ ਦਿਓ ਅਤੇ +56 ਵੋਟਾਂ ਦੀ ਲੀਡ ਨੂੰ ਸਥਾਈ ਵੋਟ ਬੈਂਕ ਵਿੱਚ ਬਦਲੋ।","{'booth_no': '8', 'village_en': 'Majitha Ward 8 / Gurdwara Sahib Road', 'village_pa': 'ਮਜੀਠਾ ਵਾਰਡ 8 / ਗੁਰਦੁਆਰਾ ਸਾਹਿਬ ਰੋਡ', 'zone_en': 'Historic Breakthrough: AAP Flipped Stronghold', 'zone_pa': 'ਇਤਿਹਾਸਕ ਪ੍ਰਾਪਤੀ: ਅਕਾਲੀ ਗੜ੍ਹ ਵਿੱਚ ਆਪ ਦੀ ਜਿੱਤ ਜ਼ੋਨ', 'action_en': 'Major breakthrough in Majitha Ward 8 / Gurdwara Sahib Road previously held by SAD. Formally induct local village swing leaders and youth volunteers who backed AAP in 2024. Resolve local village infrastructure, canal tail issues, and cement +56 lead.', 'action_pa': 'ਮਜੀਠਾ ਵਾਰਡ 8 / ਗੁਰਦੁਆਰਾ ਸਾਹਿਬ ਰੋਡ ਵਿੱਚ ਵੱਡੀ ਇਤਿਹਾਸਕ ਸਫ਼ਲਤਾ, ਜਿੱਥੇ SAD ਦਾ ਪੁਰਾਣਾ ਦਬਦਬਾ ਟੁੱਟਿਆ। 2024 ਵਿੱਚ ਆਪ ਨਾਲ ਜੁੜੇ ਨੌਜਵਾਨਾਂ ਅਤੇ ਪੰਚਾਇਤੀ ਆਗੂਆਂ ਨੂੰ ਜਥੇਬੰਦਕ ਜ਼ਿੰਮੇਵਾਰੀਆਂ ਦਿਓ ਅਤੇ +56 ਵੋਟਾਂ ਦੀ ਲੀਡ ਨੂੰ ਸਥਾਈ ਵੋਟ ਬੈਂਕ ਵਿੱਚ ਬਦਲੋ।', 'action_steps_en': ['Days 1-30: Onboard dynamic swing workers who crossed over from SAD into the formal AAP booth structure.', 'Days 31-60: Prioritize village link road and street light repairs in Majitha Ward 8 / Gurdwara Sahib Road through rural development grants.', 'Days 61-90: Convert current +56 vote lead into permanent party loyalty before 2027.'], 'action_steps_pa': ['ਦਿਨ 1-30: SAD ਛੱਡ ਕੇ ਆਪ ਵਿੱਚ ਸ਼ਾਮਲ ਹੋਏ ਆਗੂਆਂ ਨੂੰ ਬੂਥ ਕਮੇਟੀ ਵਿੱਚ ਅਹਿਮ ਜ਼ਿੰਮੇਵਾਰੀਆਂ ਦਿਓ।', ""ਦਿਨ 31-60: ਮਜੀਠਾ ਵਾਰਡ 8 / ਗੁਰਦੁਆਰਾ ਸਾਹਿਬ ਰੋਡ ਵਿੱਚ ਪਿੰਡ ਦੀਆਂ ਫਿਰਨੀਆਂ, ਗਲੀਆਂ ਅਤੇ ਲਿੰਕ ਸੜਕਾਂ ਦੇ ਕੰਮ ਤਰਜੀਹ 'ਤੇ ਕਰਵਾਓ।"", 'ਦਿਨ 61-90: +56 ਵੋਟਾਂ ਦੀ ਲੀਡ ਨੂੰ ਪੱਕੇ ਵੋਟ ਬੈਂਕ ਵਿੱਚ ਤਬਦੀਲ ਕਰੋ।'], 'action_steps': ['ਦਿਨ 1-30: SAD ਛੱਡ ਕੇ ਆਪ ਵਿੱਚ ਸ਼ਾਮਲ ਹੋਏ ਆਗੂਆਂ ਨੂੰ ਬੂਥ ਕਮੇਟੀ ਵਿੱਚ ਅਹਿਮ ਜ਼ਿੰਮੇਵਾਰੀਆਂ ਦਿਓ।', ""ਦਿਨ 31-60: ਮਜੀਠਾ ਵਾਰਡ 8 / ਗੁਰਦੁਆਰਾ ਸਾਹਿਬ ਰੋਡ ਵਿੱਚ ਪਿੰਡ ਦੀਆਂ ਫਿਰਨੀਆਂ, ਗਲੀਆਂ ਅਤੇ ਲਿੰਕ ਸੜਕਾਂ ਦੇ ਕੰਮ ਤਰਜੀਹ 'ਤੇ ਕਰਵਾਓ।"", 'ਦਿਨ 61-90: +56 ਵੋਟਾਂ ਦੀ ਲੀਡ ਨੂੰ ਪੱਕੇ ਵੋਟ ਬੈਂਕ ਵਿੱਚ ਤਬਦੀਲ ਕਰੋ।']}"
9,9,Kathu Nangal,ਕੱਥੂਨੰਗਲ,ਕੱਥੂਨੰਗਲ,Kathu Nangal,ਕੱਥੂਨੰਗਲ,AAP,SAD,22,42,AAP → SAD,AAP → SAD,AAP Loss,ਆਪ ਨੁਕਸਾਨ,INC Deficit,"{'AAP': 'LOST_24', 'SAD': 'GAINED', 'INC': 'WEAK', 'BJP': 'WEAK'}",True,"{'is_flip': True, 'status_label': 'AAP → SAD', 'turnout_diff': 105, 'turnout_pct': 16.1, 'sad_swing': 4.82, 'aap_swing': -4.1, 'inc_swing': -8.07, 'bjp_swing': 0.06}",652,757,105,16.1,239,314,75,36.66,41.48,4.82,261,272,11,40.03,35.93,-4.1,112,69,-43,17.18,9.11,-8.07,10,12,2,1.53,1.59,0.06,36,4.76,"{'total': 652, 'sad': 239, 'aap': 261, 'inc': 112, 'bjp': 10, 'sad_votes': 239, 'sad_pct': 36.66, 'aap_votes': 261, 'aap_pct': 40.03, 'inc_votes': 112, 'inc_pct': 17.18, 'bjp_votes': 10, 'bjp_pct': 1.53, 'winner_party': 'AAP', 'margin': 22, 'winner_candidate': 'Sukhjinder Raj Singh (Lalli)'}","{'total': 757, 'sad': 314, 'aap': 272, 'inc': 69, 'bjp': 12, 'sada': 36, 'bsp': 4, 'others': 49, 'sad_votes': 314, 'sad_pct': 41.48, 'aap_votes': 272, 'aap_pct': 35.93, 'inc_votes': 69, 'inc_pct': 9.11, 'bjp_votes': 12, 'bjp_pct': 1.59, 'sada_votes': 36, 'sada_pct': 4.76, 'winner_party': 'SAD', 'margin': 42, 'winner_candidate': 'Anil Joshi'}","{'turnout_diff': 105, 'turnout_pct': 16.1, 'sad_shift': 75, 'sad_swing': 4.82, 'aap_shift': 11, 'aap_swing': -4.1, 'inc_shift': -43, 'inc_swing': -8.07, 'bjp_shift': 2, 'bjp_swing': 0.06}",Akali Bastion: Strategic Penetration & Demolition Zone,ਅਕਾਲੀ ਦਲ ਦਾ ਪ੍ਰਭਾਵਿਤ ਖੇਤਰ: ਵਿਸ਼ੇਸ਼ ਘੇਰਾਬੰਦੀ ਜ਼ੋਨ,SAD retained lead here by +42 votes (41.5% share). Target moderate Panthic and farming families in Kathu Nangal disillusioned with traditional leadership. Appoint dedicated block coordinators and highlight direct government procurement and village development works.,ਅਕਾਲੀ ਦਲ ਨੇ ਇੱਥੇ +42 ਵੋਟਾਂ (41.5%) ਨਾਲ ਲੀਡ ਬਣਾਈ ਹੈ। ਕੱਥੂਨੰਗਲ ਵਿੱਚ ਰਵਾਇਤੀ ਲੀਡਰਸ਼ਿਪ ਤੋਂ ਨਿਰਾਸ਼ ਕਿਸਾਨ ਅਤੇ ਪੰਥਕ ਪਰਿਵਾਰਾਂ ਨਾਲ ਸੰਵਾਦ ਕਰੋ। ਪਿੰਡਾਂ ਵਿੱਚ ਪੰਜਾਬ ਸਰਕਾਰ ਦੇ ਵਿਕਾਸ ਕਾਰਜਾਂ ਅਤੇ ਨਿਰਪੱਖ ਭਰਤੀਆਂ ਦੇ ਸੁਨੇਹੇ ਨਾਲ ਸੰਨ੍ਹ ਲਗਾਓ।,"{'booth_no': '9', 'village_en': 'Kathu Nangal', 'village_pa': 'ਕੱਥੂਨੰਗਲ', 'zone_en': 'Akali Bastion: Strategic Penetration & Demolition Zone', 'zone_pa': 'ਅਕਾਲੀ ਦਲ ਦਾ ਪ੍ਰਭਾਵਿਤ ਖੇਤਰ: ਵਿਸ਼ੇਸ਼ ਘੇਰਾਬੰਦੀ ਜ਼ੋਨ', 'action_en': 'SAD retained lead here by +42 votes (41.5% share). Target moderate Panthic and farming families in Kathu Nangal disillusioned with traditional leadership. Appoint dedicated block coordinators and highlight direct government procurement and village development works.', 'action_pa': 'ਅਕਾਲੀ ਦਲ ਨੇ ਇੱਥੇ +42 ਵੋਟਾਂ (41.5%) ਨਾਲ ਲੀਡ ਬਣਾਈ ਹੈ। ਕੱਥੂਨੰਗਲ ਵਿੱਚ ਰਵਾਇਤੀ ਲੀਡਰਸ਼ਿਪ ਤੋਂ ਨਿਰਾਸ਼ ਕਿਸਾਨ ਅਤੇ ਪੰਥਕ ਪਰਿਵਾਰਾਂ ਨਾਲ ਸੰਵਾਦ ਕਰੋ। ਪਿੰਡਾਂ ਵਿੱਚ ਪੰਜਾਬ ਸਰਕਾਰ ਦੇ ਵਿਕਾਸ ਕਾਰਜਾਂ ਅਤੇ ਨਿਰਪੱਖ ਭਰਤੀਆਂ ਦੇ ਸੁਨੇਹੇ ਨਾਲ ਸੰਨ੍ਹ ਲਗਾਓ।', 'action_steps_en': ['Days 1-30: Map the top 30 influential non-committed Panthic families in Kathu Nangal.', 'Days 31-60: Deploy senior constituency leaders for direct home visits to address local disgruntlement.', ""Days 61-90: Neutralize SAD's +42 vote cushion by winning over agricultural youth.""], 'action_steps_pa': ['ਦਿਨ 1-30: ਕੱਥੂਨੰਗਲ ਦੇ 30 ਨਿਰਪੱਖ ਅਤੇ ਪ੍ਰਭਾਵਸ਼ਾਲੀ ਪਰਿਵਾਰਾਂ ਦੀ ਸ਼ਨਾਖਤ ਕਰੋ।', 'ਦਿਨ 31-60: ਸੀਨੀਅਰ ਲੀਡਰਸ਼ਿਪ ਰਾਹੀਂ ਘਰ-ਘਰ ਜਾ ਕੇ ਸਰਕਾਰ ਦੀਆਂ ਨਿਰਪੱਖ ਨੀਤੀਆਂ ਸਾਂਝੀਆਂ ਕਰੋ।', 'ਦਿਨ 61-90: ਨੌਜਵਾਨ ਵਰਗ ਨੂੰ ਸਰਕਾਰੀ ਨੌਕਰੀਆਂ ਅਤੇ ਖੇਡ ਕਿੱਟਾਂ ਰਾਹੀਂ ਪਾਰਟੀ ਨਾਲ ਜੋੜ ਕੇ ਲੀਡ ਘਟਾਓ।'], 'action_steps': ['ਦਿਨ 1-30: ਕੱਥੂਨੰਗਲ ਦੇ 30 ਨਿਰਪੱਖ ਅਤੇ ਪ੍ਰਭਾਵਸ਼ਾਲੀ ਪਰਿਵਾਰਾਂ ਦੀ ਸ਼ਨਾਖਤ ਕਰੋ।', 'ਦਿਨ 31-60: ਸੀਨੀਅਰ ਲੀਡਰਸ਼ਿਪ ਰਾਹੀਂ ਘਰ-ਘਰ ਜਾ ਕੇ ਸਰਕਾਰ ਦੀਆਂ ਨਿਰਪੱਖ ਨੀਤੀਆਂ ਸਾਂਝੀਆਂ ਕਰੋ।', 'ਦਿਨ 61-90: ਨੌਜਵਾਨ ਵਰਗ ਨੂੰ ਸਰਕਾਰੀ ਨੌਕਰੀਆਂ ਅਤੇ ਖੇਡ ਕਿੱਟਾਂ ਰਾਹੀਂ ਪਾਰਟੀ ਨਾਲ ਜੋੜ ਕੇ ਲੀਡ ਘਟਾਓ।']}"
10,10,Kathu Nangal Khurd,ਕੱਥੂਨੰਗਲ ਖੁਰਦ,ਕੱਥੂਨੰਗਲ ਖੁਰਦ,Kathu Nangal Khurd,ਕੱਥੂਨੰਗਲ ਖੁਰਦ,SAD,SAD,62,16,SAD Retained,SAD Retained,AAP Deficit,ਆਪ ਘਾਟ,INC Deficit,"{'AAP': 'LOST_BOTH', 'SAD': 'WON_BOTH', 'INC': 'LOST_BOTH', 'BJP': 'WEAK'}",False,"{'is_flip': False, 'status_label': 'SAD Retained', 'turnout_diff': -148, 'turnout_pct': -21.96, 'sad_swing': -10.14, 'aap_swing': -3.98, 'inc_swing': 2.31, 'bjp_swing': 6.39}",674,526,-148,-21.96,299,180,-119,44.36,34.22,-10.14,237,164,-73,35.16,31.18,-3.98,110,98,-12,16.32,18.63,2.31,3,36,33,0.45,6.84,6.39,4,0.76,"{'total': 674, 'sad': 299, 'aap': 237, 'inc': 110, 'bjp': 3, 'sad_votes': 299, 'sad_pct': 44.36, 'aap_votes': 237, 'aap_pct': 35.16, 'inc_votes': 110, 'inc_pct': 16.32, 'bjp_votes': 3, 'bjp_pct': 0.45, 'winner_party': 'SAD', 'margin': 62, 'winner_candidate': 'Ganieve Kaur Majithia'}","{'total': 526, 'sad': 180, 'aap': 164, 'inc': 98, 'bjp': 36, 'sada': 4, 'bsp': 0, 'others': 41, 'sad_votes': 180, 'sad_pct': 34.22, 'aap_votes': 164, 'aap_pct': 31.18, 'inc_votes': 98, 'inc_pct': 18.63, 'bjp_votes': 36, 'bjp_pct': 6.84, 'sada_votes': 4, 'sada_pct': 0.76, 'winner_party': 'SAD', 'margin': 16, 'winner_candidate': 'Anil Joshi'}","{'turnout_diff': -148, 'turnout_pct': -21.96, 'sad_shift': -119, 'sad_swing': -10.14, 'aap_shift': -73, 'aap_swing': -3.98, 'inc_shift': -12, 'inc_swing': 2.31, 'bjp_shift': 33, 'bjp_swing': 6.39}",Akali Bastion: Strategic Penetration & Demolition Zone,ਅਕਾਲੀ ਦਲ ਦਾ ਪ੍ਰਭਾਵਿਤ ਖੇਤਰ: ਵਿਸ਼ੇਸ਼ ਘੇਰਾਬੰਦੀ ਜ਼ੋਨ,SAD retained lead here by +16 votes (34.2% share). Target moderate Panthic and farming families in Kathu Nangal Khurd disillusioned with traditional leadership. Appoint dedicated block coordinators and highlight direct government procurement and village development works.,ਅਕਾਲੀ ਦਲ ਨੇ ਇੱਥੇ +16 ਵੋਟਾਂ (34.2%) ਨਾਲ ਲੀਡ ਬਣਾਈ ਹੈ। ਕੱਥੂਨੰਗਲ ਖੁਰਦ ਵਿੱਚ ਰਵਾਇਤੀ ਲੀਡਰਸ਼ਿਪ ਤੋਂ ਨਿਰਾਸ਼ ਕਿਸਾਨ ਅਤੇ ਪੰਥਕ ਪਰਿਵਾਰਾਂ ਨਾਲ ਸੰਵਾਦ ਕਰੋ। ਪਿੰਡਾਂ ਵਿੱਚ ਪੰਜਾਬ ਸਰਕਾਰ ਦੇ ਵਿਕਾਸ ਕਾਰਜਾਂ ਅਤੇ ਨਿਰਪੱਖ ਭਰਤੀਆਂ ਦੇ ਸੁਨੇਹੇ ਨਾਲ ਸੰਨ੍ਹ ਲਗਾਓ।,"{'booth_no': '10', 'village_en': 'Kathu Nangal Khurd', 'village_pa': 'ਕੱਥੂਨੰਗਲ ਖੁਰਦ', 'zone_en': 'Akali Bastion: Strategic Penetration & Demolition Zone', 'zone_pa': 'ਅਕਾਲੀ ਦਲ ਦਾ ਪ੍ਰਭਾਵਿਤ ਖੇਤਰ: ਵਿਸ਼ੇਸ਼ ਘੇਰਾਬੰਦੀ ਜ਼ੋਨ', 'action_en': 'SAD retained lead here by +16 votes (34.2% share). Target moderate Panthic and farming families in Kathu Nangal Khurd disillusioned with traditional leadership. Appoint dedicated block coordinators and highlight direct government procurement and village development works.', 'action_pa': 'ਅਕਾਲੀ ਦਲ ਨੇ ਇੱਥੇ +16 ਵੋਟਾਂ (34.2%) ਨਾਲ ਲੀਡ ਬਣਾਈ ਹੈ। ਕੱਥੂਨੰਗਲ ਖੁਰਦ ਵਿੱਚ ਰਵਾਇਤੀ ਲੀਡਰਸ਼ਿਪ ਤੋਂ ਨਿਰਾਸ਼ ਕਿਸਾਨ ਅਤੇ ਪੰਥਕ ਪਰਿਵਾਰਾਂ ਨਾਲ ਸੰਵਾਦ ਕਰੋ। ਪਿੰਡਾਂ ਵਿੱਚ ਪੰਜਾਬ ਸਰਕਾਰ ਦੇ ਵਿਕਾਸ ਕਾਰਜਾਂ ਅਤੇ ਨਿਰਪੱਖ ਭਰਤੀਆਂ ਦੇ ਸੁਨੇਹੇ ਨਾਲ ਸੰਨ੍ਹ ਲਗਾਓ।', 'action_steps_en': ['Days 1-30: Map the top 30 influential non-committed Panthic families in Kathu Nangal Khurd.', 'Days 31-60: Deploy senior constituency leaders for direct home visits to address local disgruntlement.', ""Days 61-90: Neutralize SAD's +16 vote cushion by winning over agricultural youth.""], 'action_steps_pa': ['ਦਿਨ 1-30: ਕੱਥੂਨੰਗਲ ਖੁਰਦ ਦੇ 30 ਨਿਰਪੱਖ ਅਤੇ ਪ੍ਰਭਾਵਸ਼ਾਲੀ ਪਰਿਵਾਰਾਂ ਦੀ ਸ਼ਨਾਖਤ ਕਰੋ।', 'ਦਿਨ 31-60: ਸੀਨੀਅਰ ਲੀਡਰਸ਼ਿਪ ਰਾਹੀਂ ਘਰ-ਘਰ ਜਾ ਕੇ ਸਰਕਾਰ ਦੀਆਂ ਨਿਰਪੱਖ ਨੀਤੀਆਂ ਸਾਂਝੀਆਂ ਕਰੋ।', 'ਦਿਨ 61-90: ਨੌਜਵਾਨ ਵਰਗ ਨੂੰ ਸਰਕਾਰੀ ਨੌਕਰੀਆਂ ਅਤੇ ਖੇਡ ਕਿੱਟਾਂ ਰਾਹੀਂ ਪਾਰਟੀ ਨਾਲ ਜੋੜ ਕੇ ਲੀਡ ਘਟਾਓ।'], 'action_steps': ['ਦਿਨ 1-30: ਕੱਥੂਨੰਗਲ ਖੁਰਦ ਦੇ 30 ਨਿਰਪੱਖ ਅਤੇ ਪ੍ਰਭਾਵਸ਼ਾਲੀ ਪਰਿਵਾਰਾਂ ਦੀ ਸ਼ਨਾਖਤ ਕਰੋ।', 'ਦਿਨ 31-60: ਸੀਨੀਅਰ ਲੀਡਰਸ਼ਿਪ ਰਾਹੀਂ ਘਰ-ਘਰ ਜਾ ਕੇ ਸਰਕਾਰ ਦੀਆਂ ਨਿਰਪੱਖ ਨੀਤੀਆਂ ਸਾਂਝੀਆਂ ਕਰੋ।', 'ਦਿਨ 61-90: ਨੌਜਵਾਨ ਵਰਗ ਨੂੰ ਸਰਕਾਰੀ ਨੌਕਰੀਆਂ ਅਤੇ ਖੇਡ ਕਿੱਟਾਂ ਰਾਹੀਂ ਪਾਰਟੀ ਨਾਲ ਜੋੜ ਕੇ ਲੀਡ ਘਟਾਓ।']}"
11,11,Jaintipura,ਜੈੰਤੀਪੁਰਾ,ਜੈੰਤੀਪੁਰਾ,Jaintipura,ਜੈੰਤੀਪੁਰਾ,SAD,SAD,36,99,SAD Retained,SAD Retained,AAP Deficit,ਆਪ ਘਾਟ,INC Deficit,"{'AAP': 'LOST_BOTH', 'SAD': 'WON_BOTH', 'INC': 'LOST_BOTH', 'BJP': 'WEAK'}",False,"{'is_flip': False, 'status_label': 'SAD Retained', 'turnout_diff': 237, 'turnout_pct': 115.05, 'sad_swing': -3.88, 'aap_swing': 9.69, 'inc_swing': -16.2, 'bjp_swing': 0.84}",206,443,237,115.05,101,200,99,49.03,45.15,-3.88,27,101,74,13.11,22.8,9.69,65,68,3,31.55,15.35,-16.2,2,8,6,0.97,1.81,0.84,52,11.74,"{'total': 206, 'sad': 101, 'aap': 27, 'inc': 65, 'bjp': 2, 'sad_votes': 101, 'sad_pct': 49.03, 'aap_votes': 27, 'aap_pct': 13.11, 'inc_votes': 65, 'inc_pct': 31.55, 'bjp_votes': 2, 'bjp_pct': 0.97, 'winner_party': 'SAD', 'margin': 36, 'winner_candidate': 'Ganieve Kaur Majithia'}","{'total': 443, 'sad': 200, 'aap': 101, 'inc': 68, 'bjp': 8, 'sada': 52, 'bsp': 1, 'others': 11, 'sad_votes': 200, 'sad_pct': 45.15, 'aap_votes': 101, 'aap_pct': 22.8, 'inc_votes': 68, 'inc_pct': 15.35, 'bjp_votes': 8, 'bjp_pct': 1.81, 'sada_votes': 52, 'sada_pct': 11.74, 'winner_party': 'SAD', 'margin': 99, 'winner_candidate': 'Anil Joshi'}","{'turnout_diff': 237, 'turnout_pct': 115.05, 'sad_shift': 99, 'sad_swing': -3.88, 'aap_shift': 74, 'aap_swing': 9.69, 'inc_shift': 3, 'inc_swing': -16.2, 'bjp_shift': 6, 'bjp_swing': 0.84}",Akali Bastion: Strategic Penetration & Demolition Zone,ਅਕਾਲੀ ਦਲ ਦਾ ਪ੍ਰਭਾਵਿਤ ਖੇਤਰ: ਵਿਸ਼ੇਸ਼ ਘੇਰਾਬੰਦੀ ਜ਼ੋਨ,SAD retained lead here by +99 votes (45.1% share). Target moderate Panthic and farming families in Jaintipura disillusioned with traditional leadership. Appoint dedicated block coordinators and highlight direct government procurement and village development works.,ਅਕਾਲੀ ਦਲ ਨੇ ਇੱਥੇ +99 ਵੋਟਾਂ (45.1%) ਨਾਲ ਲੀਡ ਬਣਾਈ ਹੈ। ਜੈੰਤੀਪੁਰਾ ਵਿੱਚ ਰਵਾਇਤੀ ਲੀਡਰਸ਼ਿਪ ਤੋਂ ਨਿਰਾਸ਼ ਕਿਸਾਨ ਅਤੇ ਪੰਥਕ ਪਰਿਵਾਰਾਂ ਨਾਲ ਸੰਵਾਦ ਕਰੋ। ਪਿੰਡਾਂ ਵਿੱਚ ਪੰਜਾਬ ਸਰਕਾਰ ਦੇ ਵਿਕਾਸ ਕਾਰਜਾਂ ਅਤੇ ਨਿਰਪੱਖ ਭਰਤੀਆਂ ਦੇ ਸੁਨੇਹੇ ਨਾਲ ਸੰਨ੍ਹ ਲਗਾਓ।,"{'booth_no': '11', 'village_en': 'Jaintipura', 'village_pa': 'ਜੈੰਤੀਪੁਰਾ', 'zone_en': 'Akali Bastion: Strategic Penetration & Demolition Zone', 'zone_pa': 'ਅਕਾਲੀ ਦਲ ਦਾ ਪ੍ਰਭਾਵਿਤ ਖੇਤਰ: ਵਿਸ਼ੇਸ਼ ਘੇਰਾਬੰਦੀ ਜ਼ੋਨ', 'action_en': 'SAD retained lead here by +99 votes (45.1% share). Target moderate Panthic and farming families in Jaintipura disillusioned with traditional leadership. Appoint dedicated block coordinators and highlight direct government procurement and village development works.', 'action_pa': 'ਅਕਾਲੀ ਦਲ ਨੇ ਇੱਥੇ +99 ਵੋਟਾਂ (45.1%) ਨਾਲ ਲੀਡ ਬਣਾਈ ਹੈ। ਜੈੰਤੀਪੁਰਾ ਵਿੱਚ ਰਵਾਇਤੀ ਲੀਡਰਸ਼ਿਪ ਤੋਂ ਨਿਰਾਸ਼ ਕਿਸਾਨ ਅਤੇ ਪੰਥਕ ਪਰਿਵਾਰਾਂ ਨਾਲ ਸੰਵਾਦ ਕਰੋ। ਪਿੰਡਾਂ ਵਿੱਚ ਪੰਜਾਬ ਸਰਕਾਰ ਦੇ ਵਿਕਾਸ ਕਾਰਜਾਂ ਅਤੇ ਨਿਰਪੱਖ ਭਰਤੀਆਂ ਦੇ ਸੁਨੇਹੇ ਨਾਲ ਸੰਨ੍ਹ ਲਗਾਓ।', 'action_steps_en': ['Days 1-30: Map the top 30 influential non-committed Panthic families in Jaintipura.', 'Days 31-60: Deploy senior constituency leaders for direct home visits to address local disgruntlement.', ""Days 61-90: Neutralize SAD's +99 vote cushion by winning over agricultural youth.""], 'action_steps_pa': ['ਦਿਨ 1-30: ਜੈੰਤੀਪੁਰਾ ਦੇ 30 ਨਿਰਪੱਖ ਅਤੇ ਪ੍ਰਭਾਵਸ਼ਾਲੀ ਪਰਿਵਾਰਾਂ ਦੀ ਸ਼ਨਾਖਤ ਕਰੋ।', 'ਦਿਨ 31-60: ਸੀਨੀਅਰ ਲੀਡਰਸ਼ਿਪ ਰਾਹੀਂ ਘਰ-ਘਰ ਜਾ ਕੇ ਸਰਕਾਰ ਦੀਆਂ ਨਿਰਪੱਖ ਨੀਤੀਆਂ ਸਾਂਝੀਆਂ ਕਰੋ।', 'ਦਿਨ 61-90: ਨੌਜਵਾਨ ਵਰਗ ਨੂੰ ਸਰਕਾਰੀ ਨੌਕਰੀਆਂ ਅਤੇ ਖੇਡ ਕਿੱਟਾਂ ਰਾਹੀਂ ਪਾਰਟੀ ਨਾਲ ਜੋੜ ਕੇ ਲੀਡ ਘਟਾਓ।'], 'action_steps': ['ਦਿਨ 1-30: ਜੈੰਤੀਪੁਰਾ ਦੇ 30 ਨਿਰਪੱਖ ਅਤੇ ਪ੍ਰਭਾਵਸ਼ਾਲੀ ਪਰਿਵਾਰਾਂ ਦੀ ਸ਼ਨਾਖਤ ਕਰੋ।', 'ਦਿਨ 31-60: ਸੀਨੀਅਰ ਲੀਡਰਸ਼ਿਪ ਰਾਹੀਂ ਘਰ-ਘਰ ਜਾ ਕੇ ਸਰਕਾਰ ਦੀਆਂ ਨਿਰਪੱਖ ਨੀਤੀਆਂ ਸਾਂਝੀਆਂ ਕਰੋ।', 'ਦਿਨ 61-90: ਨੌਜਵਾਨ ਵਰਗ ਨੂੰ ਸਰਕਾਰੀ ਨੌਕਰੀਆਂ ਅਤੇ ਖੇਡ ਕਿੱਟਾਂ ਰਾਹੀਂ ਪਾਰਟੀ ਨਾਲ ਜੋੜ ਕੇ ਲੀਡ ਘਟਾਓ।']}"
12,12,Chawinda Devi,ਚਾਵਿੰਡਾ ਦੇਵੀ,ਚਾਵਿੰਡਾ ਦੇਵੀ,Chawinda Devi,ਚਾਵਿੰਡਾ ਦੇਵੀ,SAD,AAP,86,19,SAD → AAP,SAD → AAP,AAP Gain,ਆਪ ਲਾਭ,INC Deficit,"{'AAP': 'GAINED', 'SAD': 'LOST_24', 'INC': 'WEAK', 'BJP': 'WEAK'}",True,"{'is_flip': True, 'status_label': 'SAD → AAP', 'turnout_diff': -223, 'turnout_pct': -31.02, 'sad_swing': -2.96, 'aap_swing': 23.96, 'inc_swing': -27.69, 'bjp_swing': -0.02}",719,496,-223,-31.02,317,204,-113,44.09,41.13,-2.96,151,223,72,21.0,44.96,23.96,231,22,-209,32.13,4.44,-27.69,3,2,-1,0.42,0.4,-0.02,21,4.23,"{'total': 719, 'sad': 317, 'aap': 151, 'inc': 231, 'bjp': 3, 'sad_votes': 317, 'sad_pct': 44.09, 'aap_votes': 151, 'aap_pct': 21.0, 'inc_votes': 231, 'inc_pct': 32.13, 'bjp_votes': 3, 'bjp_pct': 0.42, 'winner_party': 'SAD', 'margin': 86, 'winner_candidate': 'Ganieve Kaur Majithia'}","{'total': 496, 'sad': 204, 'aap': 223, 'inc': 22, 'bjp': 2, 'sada': 21, 'bsp': 1, 'others': 22, 'sad_votes': 204, 'sad_pct': 41.13, 'aap_votes': 223, 'aap_pct': 44.96, 'inc_votes': 22, 'inc_pct': 4.44, 'bjp_votes': 2, 'bjp_pct': 0.4, 'sada_votes': 21, 'sada_pct': 4.23, 'winner_party': 'AAP', 'margin': 19, 'winner_candidate': 'Kuldeep Singh Dhaliwal'}","{'turnout_diff': -223, 'turnout_pct': -31.02, 'sad_shift': -113, 'sad_swing': -2.96, 'aap_shift': 72, 'aap_swing': 23.96, 'inc_shift': -209, 'inc_swing': -27.69, 'bjp_shift': -1, 'bjp_swing': -0.02}",Historic Breakthrough: AAP Flipped Stronghold,ਇਤਿਹਾਸਕ ਪ੍ਰਾਪਤੀ: ਅਕਾਲੀ ਗੜ੍ਹ ਵਿੱਚ ਆਪ ਦੀ ਜਿੱਤ ਜ਼ੋਨ,"Major breakthrough in Chawinda Devi previously held by SAD. Formally induct local village swing leaders and youth volunteers who backed AAP in 2024. Resolve local village infrastructure, canal tail issues, and cement +19 lead.","ਚਾਵਿੰਡਾ ਦੇਵੀ ਵਿੱਚ ਵੱਡੀ ਇਤਿਹਾਸਕ ਸਫ਼ਲਤਾ, ਜਿੱਥੇ SAD ਦਾ ਪੁਰਾਣਾ ਦਬਦਬਾ ਟੁੱਟਿਆ। 2024 ਵਿੱਚ ਆਪ ਨਾਲ ਜੁੜੇ ਨੌਜਵਾਨਾਂ ਅਤੇ ਪੰਚਾਇਤੀ ਆਗੂਆਂ ਨੂੰ ਜਥੇਬੰਦਕ ਜ਼ਿੰਮੇਵਾਰੀਆਂ ਦਿਓ ਅਤੇ +19 ਵੋਟਾਂ ਦੀ ਲੀਡ ਨੂੰ ਸਥਾਈ ਵੋਟ ਬੈਂਕ ਵਿੱਚ ਬਦਲੋ।","{'booth_no': '12', 'village_en': 'Chawinda Devi', 'village_pa': 'ਚਾਵਿੰਡਾ ਦੇਵੀ', 'zone_en': 'Historic Breakthrough: AAP Flipped Stronghold', 'zone_pa': 'ਇਤਿਹਾਸਕ ਪ੍ਰਾਪਤੀ: ਅਕਾਲੀ ਗੜ੍ਹ ਵਿੱਚ ਆਪ ਦੀ ਜਿੱਤ ਜ਼ੋਨ', 'action_en': 'Major breakthrough in Chawinda Devi previously held by SAD. Formally induct local village swing leaders and youth volunteers who backed AAP in 2024. Resolve local village infrastructure, canal tail issues, and cement +19 lead.', 'action_pa': 'ਚਾਵਿੰਡਾ ਦੇਵੀ ਵਿੱਚ ਵੱਡੀ ਇਤਿਹਾਸਕ ਸਫ਼ਲਤਾ, ਜਿੱਥੇ SAD ਦਾ ਪੁਰਾਣਾ ਦਬਦਬਾ ਟੁੱਟਿਆ। 2024 ਵਿੱਚ ਆਪ ਨਾਲ ਜੁੜੇ ਨੌਜਵਾਨਾਂ ਅਤੇ ਪੰਚਾਇਤੀ ਆਗੂਆਂ ਨੂੰ ਜਥੇਬੰਦਕ ਜ਼ਿੰਮੇਵਾਰੀਆਂ ਦਿਓ ਅਤੇ +19 ਵੋਟਾਂ ਦੀ ਲੀਡ ਨੂੰ ਸਥਾਈ ਵੋਟ ਬੈਂਕ ਵਿੱਚ ਬਦਲੋ।', 'action_steps_en': ['Days 1-30: Onboard dynamic swing workers who crossed over from SAD into the formal AAP booth structure.', 'Days 31-60: Prioritize village link road and street light repairs in Chawinda Devi through rural development grants.', 'Days 61-90: Convert current +19 vote lead into permanent party loyalty before 2027.'], 'action_steps_pa': ['ਦਿਨ 1-30: SAD ਛੱਡ ਕੇ ਆਪ ਵਿੱਚ ਸ਼ਾਮਲ ਹੋਏ ਆਗੂਆਂ ਨੂੰ ਬੂਥ ਕਮੇਟੀ ਵਿੱਚ ਅਹਿਮ ਜ਼ਿੰਮੇਵਾਰੀਆਂ ਦਿਓ।', ""ਦਿਨ 31-60: ਚਾਵਿੰਡਾ ਦੇਵੀ ਵਿੱਚ ਪਿੰਡ ਦੀਆਂ ਫਿਰਨੀਆਂ, ਗਲੀਆਂ ਅਤੇ ਲਿੰਕ ਸੜਕਾਂ ਦੇ ਕੰਮ ਤਰਜੀਹ 'ਤੇ ਕਰਵਾਓ।"", 'ਦਿਨ 61-90: +19 ਵੋਟਾਂ ਦੀ ਲੀਡ ਨੂੰ ਪੱਕੇ ਵੋਟ ਬੈਂਕ ਵਿੱਚ ਤਬਦੀਲ ਕਰੋ।'], 'action_steps': ['ਦਿਨ 1-30: SAD ਛੱਡ ਕੇ ਆਪ ਵਿੱਚ ਸ਼ਾਮਲ ਹੋਏ ਆਗੂਆਂ ਨੂੰ ਬੂਥ ਕਮੇਟੀ ਵਿੱਚ ਅਹਿਮ ਜ਼ਿੰਮੇਵਾਰੀਆਂ ਦਿਓ।', ""ਦਿਨ 31-60: ਚਾਵਿੰਡਾ ਦੇਵੀ ਵਿੱਚ ਪਿੰਡ ਦੀਆਂ ਫਿਰਨੀਆਂ, ਗਲੀਆਂ ਅਤੇ ਲਿੰਕ ਸੜਕਾਂ ਦੇ ਕੰਮ ਤਰਜੀਹ 'ਤੇ ਕਰਵਾਓ।"", 'ਦਿਨ 61-90: +19 ਵੋਟਾਂ ਦੀ ਲੀਡ ਨੂੰ ਪੱਕੇ ਵੋਟ ਬੈਂਕ ਵਿੱਚ ਤਬਦੀਲ ਕਰੋ।']}"
13,13,Chawinda Devi East,ਚਾਵਿੰਡਾ ਦੇਵੀ ਪੂਰਬੀ,ਚਾਵਿੰਡਾ ਦੇਵੀ ਪੂਰਬੀ,Chawinda Devi East,ਚਾਵਿੰਡਾ ਦੇਵੀ ਪੂਰਬੀ,AAP,SAD,48,39,AAP → SAD,AAP → SAD,AAP Loss,ਆਪ ਨੁਕਸਾਨ,INC Deficit,"{'AAP': 'LOST_24', 'SAD': 'GAINED', 'INC': 'WEAK', 'BJP': 'WEAK'}",True,"{'is_flip': True, 'status_label': 'AAP → SAD', 'turnout_diff': -168, 'turnout_pct': -27.95, 'sad_swing': 0.78, 'aap_swing': -16.22, 'inc_swing': 2.8, 'bjp_swing': 3.72}",601,433,-168,-27.95,216,159,-57,35.94,36.72,0.78,264,120,-144,43.93,27.71,-16.22,72,64,-8,11.98,14.78,2.8,4,19,15,0.67,4.39,3.72,35,8.08,"{'total': 601, 'sad': 216, 'aap': 264, 'inc': 72, 'bjp': 4, 'sad_votes': 216, 'sad_pct': 35.94, 'aap_votes': 264, 'aap_pct': 43.93, 'inc_votes': 72, 'inc_pct': 11.98, 'bjp_votes': 4, 'bjp_pct': 0.67, 'winner_party': 'AAP', 'margin': 48, 'winner_candidate': 'Sukhjinder Raj Singh (Lalli)'}","{'total': 433, 'sad': 159, 'aap': 120, 'inc': 64, 'bjp': 19, 'sada': 35, 'bsp': 0, 'others': 36, 'sad_votes': 159, 'sad_pct': 36.72, 'aap_votes': 120, 'aap_pct': 27.71, 'inc_votes': 64, 'inc_pct': 14.78, 'bjp_votes': 19, 'bjp_pct': 4.39, 'sada_votes': 35, 'sada_pct': 8.08, 'winner_party': 'SAD', 'margin': 39, 'winner_candidate': 'Anil Joshi'}","{'turnout_diff': -168, 'turnout_pct': -27.95, 'sad_shift': -57, 'sad_swing': 0.78, 'aap_shift': -144, 'aap_swing': -16.22, 'inc_shift': -8, 'inc_swing': 2.8, 'bjp_shift': 15, 'bjp_swing': 3.72}",Akali Bastion: Strategic Penetration & Demolition Zone,ਅਕਾਲੀ ਦਲ ਦਾ ਪ੍ਰਭਾਵਿਤ ਖੇਤਰ: ਵਿਸ਼ੇਸ਼ ਘੇਰਾਬੰਦੀ ਜ਼ੋਨ,SAD retained lead here by +39 votes (36.7% share). Target moderate Panthic and farming families in Chawinda Devi East disillusioned with traditional leadership. Appoint dedicated block coordinators and highlight direct government procurement and village development works.,ਅਕਾਲੀ ਦਲ ਨੇ ਇੱਥੇ +39 ਵੋਟਾਂ (36.7%) ਨਾਲ ਲੀਡ ਬਣਾਈ ਹੈ। ਚਾਵਿੰਡਾ ਦੇਵੀ ਪੂਰਬੀ ਵਿੱਚ ਰਵਾਇਤੀ ਲੀਡਰਸ਼ਿਪ ਤੋਂ ਨਿਰਾਸ਼ ਕਿਸਾਨ ਅਤੇ ਪੰਥਕ ਪਰਿਵਾਰਾਂ ਨਾਲ ਸੰਵਾਦ ਕਰੋ। ਪਿੰਡਾਂ ਵਿੱਚ ਪੰਜਾਬ ਸਰਕਾਰ ਦੇ ਵਿਕਾਸ ਕਾਰਜਾਂ ਅਤੇ ਨਿਰਪੱਖ ਭਰਤੀਆਂ ਦੇ ਸੁਨੇਹੇ ਨਾਲ ਸੰਨ੍ਹ ਲਗਾਓ।,"{'booth_no': '13', 'village_en': 'Chawinda Devi East', 'village_pa': 'ਚਾਵਿੰਡਾ ਦੇਵੀ ਪੂਰਬੀ', 'zone_en': 'Akali Bastion: Strategic Penetration & Demolition Zone', 'zone_pa': 'ਅਕਾਲੀ ਦਲ ਦਾ ਪ੍ਰਭਾਵਿਤ ਖੇਤਰ: ਵਿਸ਼ੇਸ਼ ਘੇਰਾਬੰਦੀ ਜ਼ੋਨ', 'action_en': 'SAD retained lead here by +39 votes (36.7% share). Target moderate Panthic and farming families in Chawinda Devi East disillusioned with traditional leadership. Appoint dedicated block coordinators and highlight direct government procurement and village development works.', 'action_pa': 'ਅਕਾਲੀ ਦਲ ਨੇ ਇੱਥੇ +39 ਵੋਟਾਂ (36.7%) ਨਾਲ ਲੀਡ ਬਣਾਈ ਹੈ। ਚਾਵਿੰਡਾ ਦੇਵੀ ਪੂਰਬੀ ਵਿੱਚ ਰਵਾਇਤੀ ਲੀਡਰਸ਼ਿਪ ਤੋਂ ਨਿਰਾਸ਼ ਕਿਸਾਨ ਅਤੇ ਪੰਥਕ ਪਰਿਵਾਰਾਂ ਨਾਲ ਸੰਵਾਦ ਕਰੋ। ਪਿੰਡਾਂ ਵਿੱਚ ਪੰਜਾਬ ਸਰਕਾਰ ਦੇ ਵਿਕਾਸ ਕਾਰਜਾਂ ਅਤੇ ਨਿਰਪੱਖ ਭਰਤੀਆਂ ਦੇ ਸੁਨੇਹੇ ਨਾਲ ਸੰਨ੍ਹ ਲਗਾਓ।', 'action_steps_en': ['Days 1-30: Map the top 30 influential non-committed Panthic families in Chawinda Devi East.', 'Days 31-60: Deploy senior constituency leaders for direct home visits to address local disgruntlement.', ""Days 61-90: Neutralize SAD's +39 vote cushion by winning over agricultural youth.""], 'action_steps_pa': ['ਦਿਨ 1-30: ਚਾਵਿੰਡਾ ਦੇਵੀ ਪੂਰਬੀ ਦੇ 30 ਨਿਰਪੱਖ ਅਤੇ ਪ੍ਰਭਾਵਸ਼ਾਲੀ ਪਰਿਵਾਰਾਂ ਦੀ ਸ਼ਨਾਖਤ ਕਰੋ।', 'ਦਿਨ 31-60: ਸੀਨੀਅਰ ਲੀਡਰਸ਼ਿਪ ਰਾਹੀਂ ਘਰ-ਘਰ ਜਾ ਕੇ ਸਰਕਾਰ ਦੀਆਂ ਨਿਰਪੱਖ ਨੀਤੀਆਂ ਸਾਂਝੀਆਂ ਕਰੋ।', 'ਦਿਨ 61-90: ਨੌਜਵਾਨ ਵਰਗ ਨੂੰ ਸਰਕਾਰੀ ਨੌਕਰੀਆਂ ਅਤੇ ਖੇਡ ਕਿੱਟਾਂ ਰਾਹੀਂ ਪਾਰਟੀ ਨਾਲ ਜੋੜ ਕੇ ਲੀਡ ਘਟਾਓ।'], 'action_steps': ['ਦਿਨ 1-30: ਚਾਵਿੰਡਾ ਦੇਵੀ ਪੂਰਬੀ ਦੇ 30 ਨਿਰਪੱਖ ਅਤੇ ਪ੍ਰਭਾਵਸ਼ਾਲੀ ਪਰਿਵਾਰਾਂ ਦੀ ਸ਼ਨਾਖਤ ਕਰੋ।', 'ਦਿਨ 31-60: ਸੀਨੀਅਰ ਲੀਡਰਸ਼ਿਪ ਰਾਹੀਂ ਘਰ-ਘਰ ਜਾ ਕੇ ਸਰਕਾਰ ਦੀਆਂ ਨਿਰਪੱਖ ਨੀਤੀਆਂ ਸਾਂਝੀਆਂ ਕਰੋ।', 'ਦਿਨ 61-90: ਨੌਜਵਾਨ ਵਰਗ ਨੂੰ ਸਰਕਾਰੀ ਨੌਕਰੀਆਂ ਅਤੇ ਖੇਡ ਕਿੱਟਾਂ ਰਾਹੀਂ ਪਾਰਟੀ ਨਾਲ ਜੋੜ ਕੇ ਲੀਡ ਘਟਾਓ।']}"
14,14,Kotla Gujjran,ਕੋਟਲਾ ਗੁੱਜਰਾਂ,ਕੋਟਲਾ ਗੁੱਜਰਾਂ,Kotla Gujjran,ਕੋਟਲਾ ਗੁੱਜਰਾਂ,SAD,AAP,25,32,SAD → AAP,SAD → AAP,AAP Gain,ਆਪ ਲਾਭ,INC Deficit,"{'AAP': 'GAINED', 'SAD': 'LOST_24', 'INC': 'WEAK', 'BJP': 'WEAK'}",True,"{'is_flip': True, 'status_label': 'SAD → AAP', 'turnout_diff': -151, 'turnout_pct': -26.44, 'sad_swing': -9.4, 'aap_swing': 43.4, 'inc_swing': -38.6, 'bjp_swing': 0.84}",571,420,-151,-26.44,278,165,-113,48.69,39.29,-9.4,20,197,177,3.5,46.9,43.4,253,24,-229,44.31,5.71,-38.6,2,5,3,0.35,1.19,0.84,11,2.62,"{'total': 571, 'sad': 278, 'aap': 20, 'inc': 253, 'bjp': 2, 'sad_votes': 278, 'sad_pct': 48.69, 'aap_votes': 20, 'aap_pct': 3.5, 'inc_votes': 253, 'inc_pct': 44.31, 'bjp_votes': 2, 'bjp_pct': 0.35, 'winner_party': 'SAD', 'margin': 25, 'winner_candidate': 'Ganieve Kaur Majithia'}","{'total': 420, 'sad': 165, 'aap': 197, 'inc': 24, 'bjp': 5, 'sada': 11, 'bsp': 0, 'others': 15, 'sad_votes': 165, 'sad_pct': 39.29, 'aap_votes': 197, 'aap_pct': 46.9, 'inc_votes': 24, 'inc_pct': 5.71, 'bjp_votes': 5, 'bjp_pct': 1.19, 'sada_votes': 11, 'sada_pct': 2.62, 'winner_party': 'AAP', 'margin': 32, 'winner_candidate': 'Kuldeep Singh Dhaliwal'}","{'turnout_diff': -151, 'turnout_pct': -26.44, 'sad_shift': -113, 'sad_swing': -9.4, 'aap_shift': 177, 'aap_swing': 43.4, 'inc_shift': -229, 'inc_swing': -38.6, 'bjp_shift': 3, 'bjp_swing': 0.84}",Historic Breakthrough: AAP Flipped Stronghold,ਇਤਿਹਾਸਕ ਪ੍ਰਾਪਤੀ: ਅਕਾਲੀ ਗੜ੍ਹ ਵਿੱਚ ਆਪ ਦੀ ਜਿੱਤ ਜ਼ੋਨ,"Major breakthrough in Kotla Gujjran previously held by SAD. Formally induct local village swing leaders and youth volunteers who backed AAP in 2024. Resolve local village infrastructure, canal tail issues, and cement +32 lead.","ਕੋਟਲਾ ਗੁੱਜਰਾਂ ਵਿੱਚ ਵੱਡੀ ਇਤਿਹਾਸਕ ਸਫ਼ਲਤਾ, ਜਿੱਥੇ SAD ਦਾ ਪੁਰਾਣਾ ਦਬਦਬਾ ਟੁੱਟਿਆ। 2024 ਵਿੱਚ ਆਪ ਨਾਲ ਜੁੜੇ ਨੌਜਵਾਨਾਂ ਅਤੇ ਪੰਚਾਇਤੀ ਆਗੂਆਂ ਨੂੰ ਜਥੇਬੰਦਕ ਜ਼ਿੰਮੇਵਾਰੀਆਂ ਦਿਓ ਅਤੇ +32 ਵੋਟਾਂ ਦੀ ਲੀਡ ਨੂੰ ਸਥਾਈ ਵੋਟ ਬੈਂਕ ਵਿੱਚ ਬਦਲੋ।","{'booth_no': '14', 'village_en': 'Kotla Gujjran', 'village_pa': 'ਕੋਟਲਾ ਗੁੱਜਰਾਂ', 'zone_en': 'Historic Breakthrough: AAP Flipped Stronghold', 'zone_pa': 'ਇਤਿਹਾਸਕ ਪ੍ਰਾਪਤੀ: ਅਕਾਲੀ ਗੜ੍ਹ ਵਿੱਚ ਆਪ ਦੀ ਜਿੱਤ ਜ਼ੋਨ', 'action_en': 'Major breakthrough in Kotla Gujjran previously held by SAD. Formally induct local village swing leaders and youth volunteers who backed AAP in 2024. Resolve local village infrastructure, canal tail issues, and cement +32 lead.', 'action_pa': 'ਕੋਟਲਾ ਗੁੱਜਰਾਂ ਵਿੱਚ ਵੱਡੀ ਇਤਿਹਾਸਕ ਸਫ਼ਲਤਾ, ਜਿੱਥੇ SAD ਦਾ ਪੁਰਾਣਾ ਦਬਦਬਾ ਟੁੱਟਿਆ। 2024 ਵਿੱਚ ਆਪ ਨਾਲ ਜੁੜੇ ਨੌਜਵਾਨਾਂ ਅਤੇ ਪੰਚਾਇਤੀ ਆਗੂਆਂ ਨੂੰ ਜਥੇਬੰਦਕ ਜ਼ਿੰਮੇਵਾਰੀਆਂ ਦਿਓ ਅਤੇ +32 ਵੋਟਾਂ ਦੀ ਲੀਡ ਨੂੰ ਸਥਾਈ ਵੋਟ ਬੈਂਕ ਵਿੱਚ ਬਦਲੋ।', 'action_steps_en': ['Days 1-30: Onboard dynamic swing workers who crossed over from SAD into the formal AAP booth structure.', 'Days 31-60: Prioritize village link road and street light repairs in Kotla Gujjran through rural development grants.', 'Days 61-90: Convert current +32 vote lead into permanent party loyalty before 2027.'], 'action_steps_pa': ['ਦਿਨ 1-30: SAD ਛੱਡ ਕੇ ਆਪ ਵਿੱਚ ਸ਼ਾਮਲ ਹੋਏ ਆਗੂਆਂ ਨੂੰ ਬੂਥ ਕਮੇਟੀ ਵਿੱਚ ਅਹਿਮ ਜ਼ਿੰਮੇਵਾਰੀਆਂ ਦਿਓ।', ""ਦਿਨ 31-60: ਕੋਟਲਾ ਗੁੱਜਰਾਂ ਵਿੱਚ ਪਿੰਡ ਦੀਆਂ ਫਿਰਨੀਆਂ, ਗਲੀਆਂ ਅਤੇ ਲਿੰਕ ਸੜਕਾਂ ਦੇ ਕੰਮ ਤਰਜੀਹ 'ਤੇ ਕਰਵਾਓ।"", 'ਦਿਨ 61-90: +32 ਵੋਟਾਂ ਦੀ ਲੀਡ ਨੂੰ ਪੱਕੇ ਵੋਟ ਬੈਂਕ ਵਿੱਚ ਤਬਦੀਲ ਕਰੋ।'], 'action_steps': ['ਦਿਨ 1-30: SAD ਛੱਡ ਕੇ ਆਪ ਵਿੱਚ ਸ਼ਾਮਲ ਹੋਏ ਆਗੂਆਂ ਨੂੰ ਬੂਥ ਕਮੇਟੀ ਵਿੱਚ ਅਹਿਮ ਜ਼ਿੰਮੇਵਾਰੀਆਂ ਦਿਓ।', ""ਦਿਨ 31-60: ਕੋਟਲਾ ਗੁੱਜਰਾਂ ਵਿੱਚ ਪਿੰਡ ਦੀਆਂ ਫਿਰਨੀਆਂ, ਗਲੀਆਂ ਅਤੇ ਲਿੰਕ ਸੜਕਾਂ ਦੇ ਕੰਮ ਤਰਜੀਹ 'ਤੇ ਕਰਵਾਓ।"", 'ਦਿਨ 61-90: +32 ਵੋਟਾਂ ਦੀ ਲੀਡ ਨੂੰ ਪੱਕੇ ਵੋਟ ਬੈਂਕ ਵਿੱਚ ਤਬਦੀਲ ਕਰੋ।']}"
15,15,Kotla Sultan Singh,ਕੋਟਲਾ ਸੁਲਤਾਨ ਸਿੰਘ,ਕੋਟਲਾ ਸੁਲਤਾਨ ਸਿੰਘ,Kotla Sultan Singh,ਕੋਟਲਾ ਸੁਲਤਾਨ ਸਿੰਘ,SAD,SAD,36,47,SAD Retained,SAD Retained,AAP Deficit,ਆਪ ਘਾਟ,INC Deficit,"{'AAP': 'LOST_BOTH', 'SAD': 'WON_BOTH', 'INC': 'WEAK', 'BJP': 'WEAK'}",False,"{'is_flip': False, 'status_label': 'SAD Retained', 'turnout_diff': 36, 'turnout_pct': 6.1, 'sad_swing': -1.41, 'aap_swing': -2.82, 'inc_swing': -5.0, 'bjp_swing': 0.79}",590,626,36,6.1,259,266,7,43.9,42.49,-1.41,223,219,-4,37.8,34.98,-2.82,71,44,-27,12.03,7.03,-5.0,1,6,5,0.17,0.96,0.79,28,4.47,"{'total': 590, 'sad': 259, 'aap': 223, 'inc': 71, 'bjp': 1, 'sad_votes': 259, 'sad_pct': 43.9, 'aap_votes': 223, 'aap_pct': 37.8, 'inc_votes': 71, 'inc_pct': 12.03, 'bjp_votes': 1, 'bjp_pct': 0.17, 'winner_party': 'SAD', 'margin': 36, 'winner_candidate': 'Ganieve Kaur Majithia'}","{'total': 626, 'sad': 266, 'aap': 219, 'inc': 44, 'bjp': 6, 'sada': 28, 'bsp': 0, 'others': 60, 'sad_votes': 266, 'sad_pct': 42.49, 'aap_votes': 219, 'aap_pct': 34.98, 'inc_votes': 44, 'inc_pct': 7.03, 'bjp_votes': 6, 'bjp_pct': 0.96, 'sada_votes': 28, 'sada_pct': 4.47, 'winner_party': 'SAD', 'margin': 47, 'winner_candidate': 'Anil Joshi'}","{'turnout_diff': 36, 'turnout_pct': 6.1, 'sad_shift': 7, 'sad_swing': -1.41, 'aap_shift': -4, 'aap_swing': -2.82, 'inc_shift': -27, 'inc_swing': -5.0, 'bjp_shift': 5, 'bjp_swing': 0.79}",Akali Bastion: Strategic Penetration & Demolition Zone,ਅਕਾਲੀ ਦਲ ਦਾ ਪ੍ਰਭਾਵਿਤ ਖੇਤਰ: ਵਿਸ਼ੇਸ਼ ਘੇਰਾਬੰਦੀ ਜ਼ੋਨ,SAD retained lead here by +47 votes (42.5% share). Target moderate Panthic and farming families in Kotla Sultan Singh disillusioned with traditional leadership. Appoint dedicated block coordinators and highlight direct government procurement and village development works.,ਅਕਾਲੀ ਦਲ ਨੇ ਇੱਥੇ +47 ਵੋਟਾਂ (42.5%) ਨਾਲ ਲੀਡ ਬਣਾਈ ਹੈ। ਕੋਟਲਾ ਸੁਲਤਾਨ ਸਿੰਘ ਵਿੱਚ ਰਵਾਇਤੀ ਲੀਡਰਸ਼ਿਪ ਤੋਂ ਨਿਰਾਸ਼ ਕਿਸਾਨ ਅਤੇ ਪੰਥਕ ਪਰਿਵਾਰਾਂ ਨਾਲ ਸੰਵਾਦ ਕਰੋ। ਪਿੰਡਾਂ ਵਿੱਚ ਪੰਜਾਬ ਸਰਕਾਰ ਦੇ ਵਿਕਾਸ ਕਾਰਜਾਂ ਅਤੇ ਨਿਰਪੱਖ ਭਰਤੀਆਂ ਦੇ ਸੁਨੇਹੇ ਨਾਲ ਸੰਨ੍ਹ ਲਗਾਓ।,"{'booth_no': '15', 'village_en': 'Kotla Sultan Singh', 'village_pa': 'ਕੋਟਲਾ ਸੁਲਤਾਨ ਸਿੰਘ', 'zone_en': 'Akali Bastion: Strategic Penetration & Demolition Zone', 'zone_pa': 'ਅਕਾਲੀ ਦਲ ਦਾ ਪ੍ਰਭਾਵਿਤ ਖੇਤਰ: ਵਿਸ਼ੇਸ਼ ਘੇਰਾਬੰਦੀ ਜ਼ੋਨ', 'action_en': 'SAD retained lead here by +47 votes (42.5% share). Target moderate Panthic and farming families in Kotla Sultan Singh disillusioned with traditional leadership. Appoint dedicated block coordinators and highlight direct government procurement and village development works.', 'action_pa': 'ਅਕਾਲੀ ਦਲ ਨੇ ਇੱਥੇ +47 ਵੋਟਾਂ (42.5%) ਨਾਲ ਲੀਡ ਬਣਾਈ ਹੈ। ਕੋਟਲਾ ਸੁਲਤਾਨ ਸਿੰਘ ਵਿੱਚ ਰਵਾਇਤੀ ਲੀਡਰਸ਼ਿਪ ਤੋਂ ਨਿਰਾਸ਼ ਕਿਸਾਨ ਅਤੇ ਪੰਥਕ ਪਰਿਵਾਰਾਂ ਨਾਲ ਸੰਵਾਦ ਕਰੋ। ਪਿੰਡਾਂ ਵਿੱਚ ਪੰਜਾਬ ਸਰਕਾਰ ਦੇ ਵਿਕਾਸ ਕਾਰਜਾਂ ਅਤੇ ਨਿਰਪੱਖ ਭਰਤੀਆਂ ਦੇ ਸੁਨੇਹੇ ਨਾਲ ਸੰਨ੍ਹ ਲਗਾਓ।', 'action_steps_en': ['Days 1-30: Map the top 30 influential non-committed Panthic families in Kotla Sultan Singh.', 'Days 31-60: Deploy senior constituency leaders for direct home visits to address local disgruntlement.', ""Days 61-90: Neutralize SAD's +47 vote cushion by winning over agricultural youth.""], 'action_steps_pa': ['ਦਿਨ 1-30: ਕੋਟਲਾ ਸੁਲਤਾਨ ਸਿੰਘ ਦੇ 30 ਨਿਰਪੱਖ ਅਤੇ ਪ੍ਰਭਾਵਸ਼ਾਲੀ ਪਰਿਵਾਰਾਂ ਦੀ ਸ਼ਨਾਖਤ ਕਰੋ।', 'ਦਿਨ 31-60: ਸੀਨੀਅਰ ਲੀਡਰਸ਼ਿਪ ਰਾਹੀਂ ਘਰ-ਘਰ ਜਾ ਕੇ ਸਰਕਾਰ ਦੀਆਂ ਨਿਰਪੱਖ ਨੀਤੀਆਂ ਸਾਂਝੀਆਂ ਕਰੋ।', 'ਦਿਨ 61-90: ਨੌਜਵਾਨ ਵਰਗ ਨੂੰ ਸਰਕਾਰੀ ਨੌਕਰੀਆਂ ਅਤੇ ਖੇਡ ਕਿੱਟਾਂ ਰਾਹੀਂ ਪਾਰਟੀ ਨਾਲ ਜੋੜ ਕੇ ਲੀਡ ਘਟਾਓ।'], 'action_steps': ['ਦਿਨ 1-30: ਕੋਟਲਾ ਸੁਲਤਾਨ ਸਿੰਘ ਦੇ 30 ਨਿਰਪੱਖ ਅਤੇ ਪ੍ਰਭਾਵਸ਼ਾਲੀ ਪਰਿਵਾਰਾਂ ਦੀ ਸ਼ਨਾਖਤ ਕਰੋ।', 'ਦਿਨ 31-60: ਸੀਨੀਅਰ ਲੀਡਰਸ਼ਿਪ ਰਾਹੀਂ ਘਰ-ਘਰ ਜਾ ਕੇ ਸਰਕਾਰ ਦੀਆਂ ਨਿਰਪੱਖ ਨੀਤੀਆਂ ਸਾਂਝੀਆਂ ਕਰੋ।', 'ਦਿਨ 61-90: ਨੌਜਵਾਨ ਵਰਗ ਨੂੰ ਸਰਕਾਰੀ ਨੌਕਰੀਆਂ ਅਤੇ ਖੇਡ ਕਿੱਟਾਂ ਰਾਹੀਂ ਪਾਰਟੀ ਨਾਲ ਜੋੜ ਕੇ ਲੀਡ ਘਟਾਓ।']}"
16,16,Kotla Saidan,ਕੋਟਲਾ ਸੈਦਾਂ,ਕੋਟਲਾ ਸੈਦਾਂ,Kotla Saidan,ਕੋਟਲਾ ਸੈਦਾਂ,SAD,AAP,132,59,SAD → AAP,SAD → AAP,AAP Gain,ਆਪ ਲਾਭ,INC Deficit,"{'AAP': 'GAINED', 'SAD': 'LOST_24', 'INC': 'WEAK', 'BJP': 'WEAK'}",True,"{'is_flip': True, 'status_label': 'SAD → AAP', 'turnout_diff': 137, 'turnout_pct': 30.51, 'sad_swing': -24.43, 'aap_swing': 22.17, 'inc_swing': -12.6, 'bjp_swing': 7.59}",449,586,137,30.51,243,174,-69,54.12,29.69,-24.43,79,233,154,17.59,39.76,22.17,111,71,-40,24.72,12.12,-12.6,5,51,46,1.11,8.7,7.59,7,1.19,"{'total': 449, 'sad': 243, 'aap': 79, 'inc': 111, 'bjp': 5, 'sad_votes': 243, 'sad_pct': 54.12, 'aap_votes': 79, 'aap_pct': 17.59, 'inc_votes': 111, 'inc_pct': 24.72, 'bjp_votes': 5, 'bjp_pct': 1.11, 'winner_party': 'SAD', 'margin': 132, 'winner_candidate': 'Ganieve Kaur Majithia'}","{'total': 586, 'sad': 174, 'aap': 233, 'inc': 71, 'bjp': 51, 'sada': 7, 'bsp': 2, 'others': 47, 'sad_votes': 174, 'sad_pct': 29.69, 'aap_votes': 233, 'aap_pct': 39.76, 'inc_votes': 71, 'inc_pct': 12.12, 'bjp_votes': 51, 'bjp_pct': 8.7, 'sada_votes': 7, 'sada_pct': 1.19, 'winner_party': 'AAP', 'margin': 59, 'winner_candidate': 'Kuldeep Singh Dhaliwal'}","{'turnout_diff': 137, 'turnout_pct': 30.51, 'sad_shift': -69, 'sad_swing': -24.43, 'aap_shift': 154, 'aap_swing': 22.17, 'inc_shift': -40, 'inc_swing': -12.6, 'bjp_shift': 46, 'bjp_swing': 7.59}",Historic Breakthrough: AAP Flipped Stronghold,ਇਤਿਹਾਸਕ ਪ੍ਰਾਪਤੀ: ਅਕਾਲੀ ਗੜ੍ਹ ਵਿੱਚ ਆਪ ਦੀ ਜਿੱਤ ਜ਼ੋਨ,"Major breakthrough in Kotla Saidan previously held by SAD. Formally induct local village swing leaders and youth volunteers who backed AAP in 2024. Resolve local village infrastructure, canal tail issues, and cement +59 lead.","ਕੋਟਲਾ ਸੈਦਾਂ ਵਿੱਚ ਵੱਡੀ ਇਤਿਹਾਸਕ ਸਫ਼ਲਤਾ, ਜਿੱਥੇ SAD ਦਾ ਪੁਰਾਣਾ ਦਬਦਬਾ ਟੁੱਟਿਆ। 2024 ਵਿੱਚ ਆਪ ਨਾਲ ਜੁੜੇ ਨੌਜਵਾਨਾਂ ਅਤੇ ਪੰਚਾਇਤੀ ਆਗੂਆਂ ਨੂੰ ਜਥੇਬੰਦਕ ਜ਼ਿੰਮੇਵਾਰੀਆਂ ਦਿਓ ਅਤੇ +59 ਵੋਟਾਂ ਦੀ ਲੀਡ ਨੂੰ ਸਥਾਈ ਵੋਟ ਬੈਂਕ ਵਿੱਚ ਬਦਲੋ।","{'booth_no': '16', 'village_en': 'Kotla Saidan', 'village_pa': 'ਕੋਟਲਾ ਸੈਦਾਂ', 'zone_en': 'Historic Breakthrough: AAP Flipped Stronghold', 'zone_pa': 'ਇਤਿਹਾਸਕ ਪ੍ਰਾਪਤੀ: ਅਕਾਲੀ ਗੜ੍ਹ ਵਿੱਚ ਆਪ ਦੀ ਜਿੱਤ ਜ਼ੋਨ', 'action_en': 'Major breakthrough in Kotla Saidan previously held by SAD. Formally induct local village swing leaders and youth volunteers who backed AAP in 2024. Resolve local village infrastructure, canal tail issues, and cement +59 lead.', 'action_pa': 'ਕੋਟਲਾ ਸੈਦਾਂ ਵਿੱਚ ਵੱਡੀ ਇਤਿਹਾਸਕ ਸਫ਼ਲਤਾ, ਜਿੱਥੇ SAD ਦਾ ਪੁਰਾਣਾ ਦਬਦਬਾ ਟੁੱਟਿਆ। 2024 ਵਿੱਚ ਆਪ ਨਾਲ ਜੁੜੇ ਨੌਜਵਾਨਾਂ ਅਤੇ ਪੰਚਾਇਤੀ ਆਗੂਆਂ ਨੂੰ ਜਥੇਬੰਦਕ ਜ਼ਿੰਮੇਵਾਰੀਆਂ ਦਿਓ ਅਤੇ +59 ਵੋਟਾਂ ਦੀ ਲੀਡ ਨੂੰ ਸਥਾਈ ਵੋਟ ਬੈਂਕ ਵਿੱਚ ਬਦਲੋ।', 'action_steps_en': ['Days 1-30: Onboard dynamic swing workers who crossed over from SAD into the formal AAP booth structure.', 'Days 31-60: Prioritize village link road and street light repairs in Kotla Saidan through rural development grants.', 'Days 61-90: Convert current +59 vote lead into permanent party loyalty before 2027.'], 'action_steps_pa': ['ਦਿਨ 1-30: SAD ਛੱਡ ਕੇ ਆਪ ਵਿੱਚ ਸ਼ਾਮਲ ਹੋਏ ਆਗੂਆਂ ਨੂੰ ਬੂਥ ਕਮੇਟੀ ਵਿੱਚ ਅਹਿਮ ਜ਼ਿੰਮੇਵਾਰੀਆਂ ਦਿਓ।', ""ਦਿਨ 31-60: ਕੋਟਲਾ ਸੈਦਾਂ ਵਿੱਚ ਪਿੰਡ ਦੀਆਂ ਫਿਰਨੀਆਂ, ਗਲੀਆਂ ਅਤੇ ਲਿੰਕ ਸੜਕਾਂ ਦੇ ਕੰਮ ਤਰਜੀਹ 'ਤੇ ਕਰਵਾਓ।"", 'ਦਿਨ 61-90: +59 ਵੋਟਾਂ ਦੀ ਲੀਡ ਨੂੰ ਪੱਕੇ ਵੋਟ ਬੈਂਕ ਵਿੱਚ ਤਬਦੀਲ ਕਰੋ।'], 'action_steps': ['ਦਿਨ 1-30: SAD ਛੱਡ ਕੇ ਆਪ ਵਿੱਚ ਸ਼ਾਮਲ ਹੋਏ ਆਗੂਆਂ ਨੂੰ ਬੂਥ ਕਮੇਟੀ ਵਿੱਚ ਅਹਿਮ ਜ਼ਿੰਮੇਵਾਰੀਆਂ ਦਿਓ।', ""ਦਿਨ 31-60: ਕੋਟਲਾ ਸੈਦਾਂ ਵਿੱਚ ਪਿੰਡ ਦੀਆਂ ਫਿਰਨੀਆਂ, ਗਲੀਆਂ ਅਤੇ ਲਿੰਕ ਸੜਕਾਂ ਦੇ ਕੰਮ ਤਰਜੀਹ 'ਤੇ ਕਰਵਾਓ।"", 'ਦਿਨ 61-90: +59 ਵੋਟਾਂ ਦੀ ਲੀਡ ਨੂੰ ਪੱਕੇ ਵੋਟ ਬੈਂਕ ਵਿੱਚ ਤਬਦੀਲ ਕਰੋ।']}"
17,17,Kotla Majhewala,ਕੋਟਲਾ ਮਝੈਲਵਾਲਾ,ਕੋਟਲਾ ਮਝੈਲਵਾਲਾ,Kotla Majhewala,ਕੋਟਲਾ ਮਝੈਲਵਾਲਾ,SAD,SAD,47,113,SAD Retained,SAD Retained,AAP Deficit,ਆਪ ਘਾਟ,INC Deficit,"{'AAP': 'LOST_BOTH', 'SAD': 'WON_BOTH', 'INC': 'WEAK', 'BJP': 'WEAK'}",False,"{'is_flip': False, 'status_label': 'SAD Retained', 'turnout_diff': -84, 'turnout_pct': -14.12, 'sad_swing': 7.86, 'aap_swing': -6.36, 'inc_swing': 3.64, 'bjp_swing': 1.68}",595,511,-84,-14.12,249,254,5,41.85,49.71,7.86,202,141,-61,33.95,27.59,-6.36,54,65,11,9.08,12.72,3.64,4,12,8,0.67,2.35,1.68,22,4.31,"{'total': 595, 'sad': 249, 'aap': 202, 'inc': 54, 'bjp': 4, 'sad_votes': 249, 'sad_pct': 41.85, 'aap_votes': 202, 'aap_pct': 33.95, 'inc_votes': 54, 'inc_pct': 9.08, 'bjp_votes': 4, 'bjp_pct': 0.67, 'winner_party': 'SAD', 'margin': 47, 'winner_candidate': 'Ganieve Kaur Majithia'}","{'total': 511, 'sad': 254, 'aap': 141, 'inc': 65, 'bjp': 12, 'sada': 22, 'bsp': 0, 'others': 17, 'sad_votes': 254, 'sad_pct': 49.71, 'aap_votes': 141, 'aap_pct': 27.59, 'inc_votes': 65, 'inc_pct': 12.72, 'bjp_votes': 12, 'bjp_pct': 2.35, 'sada_votes': 22, 'sada_pct': 4.31, 'winner_party': 'SAD', 'margin': 113, 'winner_candidate': 'Anil Joshi'}","{'turnout_diff': -84, 'turnout_pct': -14.12, 'sad_shift': 5, 'sad_swing': 7.86, 'aap_shift': -61, 'aap_swing': -6.36, 'inc_shift': 11, 'inc_swing': 3.64, 'bjp_shift': 8, 'bjp_swing': 1.68}",Akali Bastion: Strategic Penetration & Demolition Zone,ਅਕਾਲੀ ਦਲ ਦਾ ਪ੍ਰਭਾਵਿਤ ਖੇਤਰ: ਵਿਸ਼ੇਸ਼ ਘੇਰਾਬੰਦੀ ਜ਼ੋਨ,SAD retained lead here by +113 votes (49.7% share). Target moderate Panthic and farming families in Kotla Majhewala disillusioned with traditional leadership. Appoint dedicated block coordinators and highlight direct government procurement and village development works.,ਅਕਾਲੀ ਦਲ ਨੇ ਇੱਥੇ +113 ਵੋਟਾਂ (49.7%) ਨਾਲ ਲੀਡ ਬਣਾਈ ਹੈ। ਕੋਟਲਾ ਮਝੈਲਵਾਲਾ ਵਿੱਚ ਰਵਾਇਤੀ ਲੀਡਰਸ਼ਿਪ ਤੋਂ ਨਿਰਾਸ਼ ਕਿਸਾਨ ਅਤੇ ਪੰਥਕ ਪਰਿਵਾਰਾਂ ਨਾਲ ਸੰਵਾਦ ਕਰੋ। ਪਿੰਡਾਂ ਵਿੱਚ ਪੰਜਾਬ ਸਰਕਾਰ ਦੇ ਵਿਕਾਸ ਕਾਰਜਾਂ ਅਤੇ ਨਿਰਪੱਖ ਭਰਤੀਆਂ ਦੇ ਸੁਨੇਹੇ ਨਾਲ ਸੰਨ੍ਹ ਲਗਾਓ।,"{'booth_no': '17', 'village_en': 'Kotla Majhewala', 'village_pa': 'ਕੋਟਲਾ ਮਝੈਲਵਾਲਾ', 'zone_en': 'Akali Bastion: Strategic Penetration & Demolition Zone', 'zone_pa': 'ਅਕਾਲੀ ਦਲ ਦਾ ਪ੍ਰਭਾਵਿਤ ਖੇਤਰ: ਵਿਸ਼ੇਸ਼ ਘੇਰਾਬੰਦੀ ਜ਼ੋਨ', 'action_en': 'SAD retained lead here by +113 votes (49.7% share). Target moderate Panthic and farming families in Kotla Majhewala disillusioned with traditional leadership. Appoint dedicated block coordinators and highlight direct government procurement and village development works.', 'action_pa': 'ਅਕਾਲੀ ਦਲ ਨੇ ਇੱਥੇ +113 ਵੋਟਾਂ (49.7%) ਨਾਲ ਲੀਡ ਬਣਾਈ ਹੈ। ਕੋਟਲਾ ਮਝੈਲਵਾਲਾ ਵਿੱਚ ਰਵਾਇਤੀ ਲੀਡਰਸ਼ਿਪ ਤੋਂ ਨਿਰਾਸ਼ ਕਿਸਾਨ ਅਤੇ ਪੰਥਕ ਪਰਿਵਾਰਾਂ ਨਾਲ ਸੰਵਾਦ ਕਰੋ। ਪਿੰਡਾਂ ਵਿੱਚ ਪੰਜਾਬ ਸਰਕਾਰ ਦੇ ਵਿਕਾਸ ਕਾਰਜਾਂ ਅਤੇ ਨਿਰਪੱਖ ਭਰਤੀਆਂ ਦੇ ਸੁਨੇਹੇ ਨਾਲ ਸੰਨ੍ਹ ਲਗਾਓ।', 'action_steps_en': ['Days 1-30: Map the top 30 influential non-committed Panthic families in Kotla Majhewala.', 'Days 31-60: Deploy senior constituency leaders for direct home visits to address local disgruntlement.', ""Days 61-90: Neutralize SAD's +113 vote cushion by winning over agricultural youth.""], 'action_steps_pa': ['ਦਿਨ 1-30: ਕੋਟਲਾ ਮਝੈਲਵਾਲਾ ਦੇ 30 ਨਿਰਪੱਖ ਅਤੇ ਪ੍ਰਭਾਵਸ਼ਾਲੀ ਪਰਿਵਾਰਾਂ ਦੀ ਸ਼ਨਾਖਤ ਕਰੋ।', 'ਦਿਨ 31-60: ਸੀਨੀਅਰ ਲੀਡਰਸ਼ਿਪ ਰਾਹੀਂ ਘਰ-ਘਰ ਜਾ ਕੇ ਸਰਕਾਰ ਦੀਆਂ ਨਿਰਪੱਖ ਨੀਤੀਆਂ ਸਾਂਝੀਆਂ ਕਰੋ।', 'ਦਿਨ 61-90: ਨੌਜਵਾਨ ਵਰਗ ਨੂੰ ਸਰਕਾਰੀ ਨੌਕਰੀਆਂ ਅਤੇ ਖੇਡ ਕਿੱਟਾਂ ਰਾਹੀਂ ਪਾਰਟੀ ਨਾਲ ਜੋੜ ਕੇ ਲੀਡ ਘਟਾਓ।'], 'action_steps': ['ਦਿਨ 1-30: ਕੋਟਲਾ ਮਝੈਲਵਾਲਾ ਦੇ 30 ਨਿਰਪੱਖ ਅਤੇ ਪ੍ਰਭਾਵਸ਼ਾਲੀ ਪਰਿਵਾਰਾਂ ਦੀ ਸ਼ਨਾਖਤ ਕਰੋ।', 'ਦਿਨ 31-60: ਸੀਨੀਅਰ ਲੀਡਰਸ਼ਿਪ ਰਾਹੀਂ ਘਰ-ਘਰ ਜਾ ਕੇ ਸਰਕਾਰ ਦੀਆਂ ਨਿਰਪੱਖ ਨੀਤੀਆਂ ਸਾਂਝੀਆਂ ਕਰੋ।', 'ਦਿਨ 61-90: ਨੌਜਵਾਨ ਵਰਗ ਨੂੰ ਸਰਕਾਰੀ ਨੌਕਰੀਆਂ ਅਤੇ ਖੇਡ ਕਿੱਟਾਂ ਰਾਹੀਂ ਪਾਰਟੀ ਨਾਲ ਜੋੜ ਕੇ ਲੀਡ ਘਟਾਓ।']}"
18,18,Kot Hride Ram,ਕੋਟ ਹਰਦੇ ਰਾਮ,ਕੋਟ ਹਰਦੇ ਰਾਮ,Kot Hride Ram,ਕੋਟ ਹਰਦੇ ਰਾਮ,SAD,SAD,9,143,SAD Retained,SAD Retained,AAP Deficit,ਆਪ ਘਾਟ,INC Deficit,"{'AAP': 'LOST_BOTH', 'SAD': 'WON_BOTH', 'INC': 'LOST_BOTH', 'BJP': 'WEAK'}",False,"{'is_flip': False, 'status_label': 'SAD Retained', 'turnout_diff': 278, 'turnout_pct': 62.05, 'sad_swing': 8.07, 'aap_swing': -9.62, 'inc_swing': 0.66, 'bjp_swing': 3.54}",448,726,278,62.05,157,313,156,35.04,43.11,8.07,148,170,22,33.04,23.42,-9.62,97,162,65,21.65,22.31,0.66,2,29,27,0.45,3.99,3.54,15,2.07,"{'total': 448, 'sad': 157, 'aap': 148, 'inc': 97, 'bjp': 2, 'sad_votes': 157, 'sad_pct': 35.04, 'aap_votes': 148, 'aap_pct': 33.04, 'inc_votes': 97, 'inc_pct': 21.65, 'bjp_votes': 2, 'bjp_pct': 0.45, 'winner_party': 'SAD', 'margin': 9, 'winner_candidate': 'Ganieve Kaur Majithia'}","{'total': 726, 'sad': 313, 'aap': 170, 'inc': 162, 'bjp': 29, 'sada': 15, 'bsp': 0, 'others': 32, 'sad_votes': 313, 'sad_pct': 43.11, 'aap_votes': 170, 'aap_pct': 23.42, 'inc_votes': 162, 'inc_pct': 22.31, 'bjp_votes': 29, 'bjp_pct': 3.99, 'sada_votes': 15, 'sada_pct': 2.07, 'winner_party': 'SAD', 'margin': 143, 'winner_candidate': 'Anil Joshi'}","{'turnout_diff': 278, 'turnout_pct': 62.05, 'sad_shift': 156, 'sad_swing': 8.07, 'aap_shift': 22, 'aap_swing': -9.62, 'inc_shift': 65, 'inc_swing': 0.66, 'bjp_shift': 27, 'bjp_swing': 3.54}",Akali Bastion: Strategic Penetration & Demolition Zone,ਅਕਾਲੀ ਦਲ ਦਾ ਪ੍ਰਭਾਵਿਤ ਖੇਤਰ: ਵਿਸ਼ੇਸ਼ ਘੇਰਾਬੰਦੀ ਜ਼ੋਨ,SAD retained lead here by +143 votes (43.1% share). Target moderate Panthic and farming families in Kot Hride Ram disillusioned with traditional leadership. Appoint dedicated block coordinators and highlight direct government procurement and village development works.,ਅਕਾਲੀ ਦਲ ਨੇ ਇੱਥੇ +143 ਵੋਟਾਂ (43.1%) ਨਾਲ ਲੀਡ ਬਣਾਈ ਹੈ। ਕੋਟ ਹਰਦੇ ਰਾਮ ਵਿੱਚ ਰਵਾਇਤੀ ਲੀਡਰਸ਼ਿਪ ਤੋਂ ਨਿਰਾਸ਼ ਕਿਸਾਨ ਅਤੇ ਪੰਥਕ ਪਰਿਵਾਰਾਂ ਨਾਲ ਸੰਵਾਦ ਕਰੋ। ਪਿੰਡਾਂ ਵਿੱਚ ਪੰਜਾਬ ਸਰਕਾਰ ਦੇ ਵਿਕਾਸ ਕਾਰਜਾਂ ਅਤੇ ਨਿਰਪੱਖ ਭਰਤੀਆਂ ਦੇ ਸੁਨੇਹੇ ਨਾਲ ਸੰਨ੍ਹ ਲਗਾਓ।,"{'booth_no': '18', 'village_en': 'Kot Hride Ram', 'village_pa': 'ਕੋਟ ਹਰਦੇ ਰਾਮ', 'zone_en': 'Akali Bastion: Strategic Penetration & Demolition Zone', 'zone_pa': 'ਅਕਾਲੀ ਦਲ ਦਾ ਪ੍ਰਭਾਵਿਤ ਖੇਤਰ: ਵਿਸ਼ੇਸ਼ ਘੇਰਾਬੰਦੀ ਜ਼ੋਨ', 'action_en': 'SAD retained lead here by +143 votes (43.1% share). Target moderate Panthic and farming families in Kot Hride Ram disillusioned with traditional leadership. Appoint dedicated block coordinators and highlight direct government procurement and village development works.', 'action_pa': 'ਅਕਾਲੀ ਦਲ ਨੇ ਇੱਥੇ +143 ਵੋਟਾਂ (43.1%) ਨਾਲ ਲੀਡ ਬਣਾਈ ਹੈ। ਕੋਟ ਹਰਦੇ ਰਾਮ ਵਿੱਚ ਰਵਾਇਤੀ ਲੀਡਰਸ਼ਿਪ ਤੋਂ ਨਿਰਾਸ਼ ਕਿਸਾਨ ਅਤੇ ਪੰਥਕ ਪਰਿਵਾਰਾਂ ਨਾਲ ਸੰਵਾਦ ਕਰੋ। ਪਿੰਡਾਂ ਵਿੱਚ ਪੰਜਾਬ ਸਰਕਾਰ ਦੇ ਵਿਕਾਸ ਕਾਰਜਾਂ ਅਤੇ ਨਿਰਪੱਖ ਭਰਤੀਆਂ ਦੇ ਸੁਨੇਹੇ ਨਾਲ ਸੰਨ੍ਹ ਲਗਾਓ।', 'action_steps_en': ['Days 1-30: Map the top 30 influential non-committed Panthic families in Kot Hride Ram.', 'Days 31-60: Deploy senior constituency leaders for direct home visits to address local disgruntlement.', ""Days 61-90: Neutralize SAD's +143 vote cushion by winning over agricultural youth.""], 'action_steps_pa': ['ਦਿਨ 1-30: ਕੋਟ ਹਰਦੇ ਰਾਮ ਦੇ 30 ਨਿਰਪੱਖ ਅਤੇ ਪ੍ਰਭਾਵਸ਼ਾਲੀ ਪਰਿਵਾਰਾਂ ਦੀ ਸ਼ਨਾਖਤ ਕਰੋ।', 'ਦਿਨ 31-60: ਸੀਨੀਅਰ ਲੀਡਰਸ਼ਿਪ ਰਾਹੀਂ ਘਰ-ਘਰ ਜਾ ਕੇ ਸਰਕਾਰ ਦੀਆਂ ਨਿਰਪੱਖ ਨੀਤੀਆਂ ਸਾਂਝੀਆਂ ਕਰੋ।', 'ਦਿਨ 61-90: ਨੌਜਵਾਨ ਵਰਗ ਨੂੰ ਸਰਕਾਰੀ ਨੌਕਰੀਆਂ ਅਤੇ ਖੇਡ ਕਿੱਟਾਂ ਰਾਹੀਂ ਪਾਰਟੀ ਨਾਲ ਜੋੜ ਕੇ ਲੀਡ ਘਟਾਓ।'], 'action_steps': ['ਦਿਨ 1-30: ਕੋਟ ਹਰਦੇ ਰਾਮ ਦੇ 30 ਨਿਰਪੱਖ ਅਤੇ ਪ੍ਰਭਾਵਸ਼ਾਲੀ ਪਰਿਵਾਰਾਂ ਦੀ ਸ਼ਨਾਖਤ ਕਰੋ।', 'ਦਿਨ 31-60: ਸੀਨੀਅਰ ਲੀਡਰਸ਼ਿਪ ਰਾਹੀਂ ਘਰ-ਘਰ ਜਾ ਕੇ ਸਰਕਾਰ ਦੀਆਂ ਨਿਰਪੱਖ ਨੀਤੀਆਂ ਸਾਂਝੀਆਂ ਕਰੋ।', 'ਦਿਨ 61-90: ਨੌਜਵਾਨ ਵਰਗ ਨੂੰ ਸਰਕਾਰੀ ਨੌਕਰੀਆਂ ਅਤੇ ਖੇਡ ਕਿੱਟਾਂ ਰਾਹੀਂ ਪਾਰਟੀ ਨਾਲ ਜੋੜ ਕੇ ਲੀਡ ਘਟਾਓ।']}"
19,19,Abdal,ਅਬਦਾਲ,ਅਬਦਾਲ,Abdal,ਅਬਦਾਲ,AAP,SAD,18,37,AAP → SAD,AAP → SAD,AAP Loss,ਆਪ ਨੁਕਸਾਨ,INC Deficit,"{'AAP': 'LOST_24', 'SAD': 'GAINED', 'INC': 'WEAK', 'BJP': 'WEAK'}",True,"{'is_flip': True, 'status_label': 'AAP → SAD', 'turnout_diff': 52, 'turnout_pct': 13.23, 'sad_swing': 2.24, 'aap_swing': -10.65, 'inc_swing': -9.48, 'bjp_swing': 1.56}",393,445,52,13.23,136,164,28,34.61,36.85,2.24,154,127,-27,39.19,28.54,-10.65,77,45,-32,19.59,10.11,-9.48,8,16,8,2.04,3.6,1.56,69,15.51,"{'total': 393, 'sad': 136, 'aap': 154, 'inc': 77, 'bjp': 8, 'sad_votes': 136, 'sad_pct': 34.61, 'aap_votes': 154, 'aap_pct': 39.19, 'inc_votes': 77, 'inc_pct': 19.59, 'bjp_votes': 8, 'bjp_pct': 2.04, 'winner_party': 'AAP', 'margin': 18, 'winner_candidate': 'Sukhjinder Raj Singh (Lalli)'}","{'total': 445, 'sad': 164, 'aap': 127, 'inc': 45, 'bjp': 16, 'sada': 69, 'bsp': 0, 'others': 22, 'sad_votes': 164, 'sad_pct': 36.85, 'aap_votes': 127, 'aap_pct': 28.54, 'inc_votes': 45, 'inc_pct': 10.11, 'bjp_votes': 16, 'bjp_pct': 3.6, 'sada_votes': 69, 'sada_pct': 15.51, 'winner_party': 'SAD', 'margin': 37, 'winner_candidate': 'Anil Joshi'}","{'turnout_diff': 52, 'turnout_pct': 13.23, 'sad_shift': 28, 'sad_swing': 2.24, 'aap_shift': -27, 'aap_swing': -10.65, 'inc_shift': -32, 'inc_swing': -9.48, 'bjp_shift': 8, 'bjp_swing': 1.56}",Akali Bastion: Strategic Penetration & Demolition Zone,ਅਕਾਲੀ ਦਲ ਦਾ ਪ੍ਰਭਾਵਿਤ ਖੇਤਰ: ਵਿਸ਼ੇਸ਼ ਘੇਰਾਬੰਦੀ ਜ਼ੋਨ,SAD retained lead here by +37 votes (36.9% share). Target moderate Panthic and farming families in Abdal disillusioned with traditional leadership. Appoint dedicated block coordinators and highlight direct government procurement and village development works.,ਅਕਾਲੀ ਦਲ ਨੇ ਇੱਥੇ +37 ਵੋਟਾਂ (36.9%) ਨਾਲ ਲੀਡ ਬਣਾਈ ਹੈ। ਅਬਦਾਲ ਵਿੱਚ ਰਵਾਇਤੀ ਲੀਡਰਸ਼ਿਪ ਤੋਂ ਨਿਰਾਸ਼ ਕਿਸਾਨ ਅਤੇ ਪੰਥਕ ਪਰਿਵਾਰਾਂ ਨਾਲ ਸੰਵਾਦ ਕਰੋ। ਪਿੰਡਾਂ ਵਿੱਚ ਪੰਜਾਬ ਸਰਕਾਰ ਦੇ ਵਿਕਾਸ ਕਾਰਜਾਂ ਅਤੇ ਨਿਰਪੱਖ ਭਰਤੀਆਂ ਦੇ ਸੁਨੇਹੇ ਨਾਲ ਸੰਨ੍ਹ ਲਗਾਓ।,"{'booth_no': '19', 'village_en': 'Abdal', 'village_pa': 'ਅਬਦਾਲ', 'zone_en': 'Akali Bastion: Strategic Penetration & Demolition Zone', 'zone_pa': 'ਅਕਾਲੀ ਦਲ ਦਾ ਪ੍ਰਭਾਵਿਤ ਖੇਤਰ: ਵਿਸ਼ੇਸ਼ ਘੇਰਾਬੰਦੀ ਜ਼ੋਨ', 'action_en': 'SAD retained lead here by +37 votes (36.9% share). Target moderate Panthic and farming families in Abdal disillusioned with traditional leadership. Appoint dedicated block coordinators and highlight direct government procurement and village development works.', 'action_pa': 'ਅਕਾਲੀ ਦਲ ਨੇ ਇੱਥੇ +37 ਵੋਟਾਂ (36.9%) ਨਾਲ ਲੀਡ ਬਣਾਈ ਹੈ। ਅਬਦਾਲ ਵਿੱਚ ਰਵਾਇਤੀ ਲੀਡਰਸ਼ਿਪ ਤੋਂ ਨਿਰਾਸ਼ ਕਿਸਾਨ ਅਤੇ ਪੰਥਕ ਪਰਿਵਾਰਾਂ ਨਾਲ ਸੰਵਾਦ ਕਰੋ। ਪਿੰਡਾਂ ਵਿੱਚ ਪੰਜਾਬ ਸਰਕਾਰ ਦੇ ਵਿਕਾਸ ਕਾਰਜਾਂ ਅਤੇ ਨਿਰਪੱਖ ਭਰਤੀਆਂ ਦੇ ਸੁਨੇਹੇ ਨਾਲ ਸੰਨ੍ਹ ਲਗਾਓ।', 'action_steps_en': ['Days 1-30: Map the top 30 influential non-committed Panthic families in Abdal.', 'Days 31-60: Deploy senior constituency leaders for direct home visits to address local disgruntlement.', ""Days 61-90: Neutralize SAD's +37 vote cushion by winning over agricultural youth.""], 'action_steps_pa': ['ਦਿਨ 1-30: ਅਬਦਾਲ ਦੇ 30 ਨਿਰਪੱਖ ਅਤੇ ਪ੍ਰਭਾਵਸ਼ਾਲੀ ਪਰਿਵਾਰਾਂ ਦੀ ਸ਼ਨਾਖਤ ਕਰੋ।', 'ਦਿਨ 31-60: ਸੀਨੀਅਰ ਲੀਡਰਸ਼ਿਪ ਰਾਹੀਂ ਘਰ-ਘਰ ਜਾ ਕੇ ਸਰਕਾਰ ਦੀਆਂ ਨਿਰਪੱਖ ਨੀਤੀਆਂ ਸਾਂਝੀਆਂ ਕਰੋ।', 'ਦਿਨ 61-90: ਨੌਜਵਾਨ ਵਰਗ ਨੂੰ ਸਰਕਾਰੀ ਨੌਕਰੀਆਂ ਅਤੇ ਖੇਡ ਕਿੱਟਾਂ ਰਾਹੀਂ ਪਾਰਟੀ ਨਾਲ ਜੋੜ ਕੇ ਲੀਡ ਘਟਾਓ।'], 'action_steps': ['ਦਿਨ 1-30: ਅਬਦਾਲ ਦੇ 30 ਨਿਰਪੱਖ ਅਤੇ ਪ੍ਰਭਾਵਸ਼ਾਲੀ ਪਰਿਵਾਰਾਂ ਦੀ ਸ਼ਨਾਖਤ ਕਰੋ।', 'ਦਿਨ 31-60: ਸੀਨੀਅਰ ਲੀਡਰਸ਼ਿਪ ਰਾਹੀਂ ਘਰ-ਘਰ ਜਾ ਕੇ ਸਰਕਾਰ ਦੀਆਂ ਨਿਰਪੱਖ ਨੀਤੀਆਂ ਸਾਂਝੀਆਂ ਕਰੋ।', 'ਦਿਨ 61-90: ਨੌਜਵਾਨ ਵਰਗ ਨੂੰ ਸਰਕਾਰੀ ਨੌਕਰੀਆਂ ਅਤੇ ਖੇਡ ਕਿੱਟਾਂ ਰਾਹੀਂ ਪਾਰਟੀ ਨਾਲ ਜੋੜ ਕੇ ਲੀਡ ਘਟਾਓ।']}"
20,20,Ajaibwali,ਅਜਾਇਬਵਾਲੀ,ਅਜਾਇਬਵਾਲੀ,Ajaibwali,ਅਜਾਇਬਵਾਲੀ,SAD,SAD,138,86,SAD Retained,SAD Retained,AAP Deficit,ਆਪ ਘਾਟ,INC Deficit,"{'AAP': 'LOST_BOTH', 'SAD': 'WON_BOTH', 'INC': 'WEAK', 'BJP': 'WEAK'}",False,"{'is_flip': False, 'status_label': 'SAD Retained', 'turnout_diff': -235, 'turnout_pct': -39.63, 'sad_swing': -3.55, 'aap_swing': -4.29, 'inc_swing': -8.93, 'bjp_swing': 1.55}",593,358,-235,-39.63,296,166,-130,49.92,46.37,-3.55,158,80,-78,26.64,22.35,-4.29,101,29,-72,17.03,8.1,-8.93,9,11,2,1.52,3.07,1.55,48,13.41,"{'total': 593, 'sad': 296, 'aap': 158, 'inc': 101, 'bjp': 9, 'sad_votes': 296, 'sad_pct': 49.92, 'aap_votes': 158, 'aap_pct': 26.64, 'inc_votes': 101, 'inc_pct': 17.03, 'bjp_votes': 9, 'bjp_pct': 1.52, 'winner_party': 'SAD', 'margin': 138, 'winner_candidate': 'Ganieve Kaur Majithia'}","{'total': 358, 'sad': 166, 'aap': 80, 'inc': 29, 'bjp': 11, 'sada': 48, 'bsp': 1, 'others': 21, 'sad_votes': 166, 'sad_pct': 46.37, 'aap_votes': 80, 'aap_pct': 22.35, 'inc_votes': 29, 'inc_pct': 8.1, 'bjp_votes': 11, 'bjp_pct': 3.07, 'sada_votes': 48, 'sada_pct': 13.41, 'winner_party': 'SAD', 'margin': 86, 'winner_candidate': 'Anil Joshi'}","{'turnout_diff': -235, 'turnout_pct': -39.63, 'sad_shift': -130, 'sad_swing': -3.55, 'aap_shift': -78, 'aap_swing': -4.29, 'inc_shift': -72, 'inc_swing': -8.93, 'bjp_shift': 2, 'bjp_swing': 1.55}",Akali Bastion: Strategic Penetration & Demolition Zone,ਅਕਾਲੀ ਦਲ ਦਾ ਪ੍ਰਭਾਵਿਤ ਖੇਤਰ: ਵਿਸ਼ੇਸ਼ ਘੇਰਾਬੰਦੀ ਜ਼ੋਨ,SAD retained lead here by +86 votes (46.4% share). Target moderate Panthic and farming families in Ajaibwali disillusioned with traditional leadership. Appoint dedicated block coordinators and highlight direct government procurement and village development works.,ਅਕਾਲੀ ਦਲ ਨੇ ਇੱਥੇ +86 ਵੋਟਾਂ (46.4%) ਨਾਲ ਲੀਡ ਬਣਾਈ ਹੈ। ਅਜਾਇਬਵਾਲੀ ਵਿੱਚ ਰਵਾਇਤੀ ਲੀਡਰਸ਼ਿਪ ਤੋਂ ਨਿਰਾਸ਼ ਕਿਸਾਨ ਅਤੇ ਪੰਥਕ ਪਰਿਵਾਰਾਂ ਨਾਲ ਸੰਵਾਦ ਕਰੋ। ਪਿੰਡਾਂ ਵਿੱਚ ਪੰਜਾਬ ਸਰਕਾਰ ਦੇ ਵਿਕਾਸ ਕਾਰਜਾਂ ਅਤੇ ਨਿਰਪੱਖ ਭਰਤੀਆਂ ਦੇ ਸੁਨੇਹੇ ਨਾਲ ਸੰਨ੍ਹ ਲਗਾਓ।,"{'booth_no': '20', 'village_en': 'Ajaibwali', 'village_pa': 'ਅਜਾਇਬਵਾਲੀ', 'zone_en': 'Akali Bastion: Strategic Penetration & Demolition Zone', 'zone_pa': 'ਅਕਾਲੀ ਦਲ ਦਾ ਪ੍ਰਭਾਵਿਤ ਖੇਤਰ: ਵਿਸ਼ੇਸ਼ ਘੇਰਾਬੰਦੀ ਜ਼ੋਨ', 'action_en': 'SAD retained lead here by +86 votes (46.4% share). Target moderate Panthic and farming families in Ajaibwali disillusioned with traditional leadership. Appoint dedicated block coordinators and highlight direct government procurement and village development works.', 'action_pa': 'ਅਕਾਲੀ ਦਲ ਨੇ ਇੱਥੇ +86 ਵੋਟਾਂ (46.4%) ਨਾਲ ਲੀਡ ਬਣਾਈ ਹੈ। ਅਜਾਇਬਵਾਲੀ ਵਿੱਚ ਰਵਾਇਤੀ ਲੀਡਰਸ਼ਿਪ ਤੋਂ ਨਿਰਾਸ਼ ਕਿਸਾਨ ਅਤੇ ਪੰਥਕ ਪਰਿਵਾਰਾਂ ਨਾਲ ਸੰਵਾਦ ਕਰੋ। ਪਿੰਡਾਂ ਵਿੱਚ ਪੰਜਾਬ ਸਰਕਾਰ ਦੇ ਵਿਕਾਸ ਕਾਰਜਾਂ ਅਤੇ ਨਿਰਪੱਖ ਭਰਤੀਆਂ ਦੇ ਸੁਨੇਹੇ ਨਾਲ ਸੰਨ੍ਹ ਲਗਾਓ।', 'action_steps_en': ['Days 1-30: Map the top 30 influential non-committed Panthic families in Ajaibwali.', 'Days 31-60: Deploy senior constituency leaders for direct home visits to address local disgruntlement.', ""Days 61-90: Neutralize SAD's +86 vote cushion by winning over agricultural youth.""], 'action_steps_pa': ['ਦਿਨ 1-30: ਅਜਾਇਬਵਾਲੀ ਦੇ 30 ਨਿਰਪੱਖ ਅਤੇ ਪ੍ਰਭਾਵਸ਼ਾਲੀ ਪਰਿਵਾਰਾਂ ਦੀ ਸ਼ਨਾਖਤ ਕਰੋ।', 'ਦਿਨ 31-60: ਸੀਨੀਅਰ ਲੀਡਰਸ਼ਿਪ ਰਾਹੀਂ ਘਰ-ਘਰ ਜਾ ਕੇ ਸਰਕਾਰ ਦੀਆਂ ਨਿਰਪੱਖ ਨੀਤੀਆਂ ਸਾਂਝੀਆਂ ਕਰੋ।', 'ਦਿਨ 61-90: ਨੌਜਵਾਨ ਵਰਗ ਨੂੰ ਸਰਕਾਰੀ ਨੌਕਰੀਆਂ ਅਤੇ ਖੇਡ ਕਿੱਟਾਂ ਰਾਹੀਂ ਪਾਰਟੀ ਨਾਲ ਜੋੜ ਕੇ ਲੀਡ ਘਟਾਓ।'], 'action_steps': ['ਦਿਨ 1-30: ਅਜਾਇਬਵਾਲੀ ਦੇ 30 ਨਿਰਪੱਖ ਅਤੇ ਪ੍ਰਭਾਵਸ਼ਾਲੀ ਪਰਿਵਾਰਾਂ ਦੀ ਸ਼ਨਾਖਤ ਕਰੋ।', 'ਦਿਨ 31-60: ਸੀਨੀਅਰ ਲੀਡਰਸ਼ਿਪ ਰਾਹੀਂ ਘਰ-ਘਰ ਜਾ ਕੇ ਸਰਕਾਰ ਦੀਆਂ ਨਿਰਪੱਖ ਨੀਤੀਆਂ ਸਾਂਝੀਆਂ ਕਰੋ।', 'ਦਿਨ 61-90: ਨੌਜਵਾਨ ਵਰਗ ਨੂੰ ਸਰਕਾਰੀ ਨੌਕਰੀਆਂ ਅਤੇ ਖੇਡ ਕਿੱਟਾਂ ਰਾਹੀਂ ਪਾਰਟੀ ਨਾਲ ਜੋੜ ਕੇ ਲੀਡ ਘਟਾਓ।']}"
21,21,Alkare,ਅਲਕੜੇ,ਅਲਕੜੇ,Alkare,ਅਲਕੜੇ,SAD,SAD,173,153,SAD Retained,SAD Retained,AAP Deficit,ਆਪ ਘਾਟ,INC Deficit,"{'AAP': 'LOST_BOTH', 'SAD': 'WON_BOTH', 'INC': 'LOST_BOTH', 'BJP': 'WEAK'}",False,"{'is_flip': False, 'status_label': 'SAD Retained', 'turnout_diff': -171, 'turnout_pct': -21.16, 'sad_swing': -2.02, 'aap_swing': 7.5, 'inc_swing': -12.95, 'bjp_swing': 1.87}",808,637,-171,-21.16,407,308,-99,50.37,48.35,-2.02,136,155,19,16.83,24.33,7.5,234,102,-132,28.96,16.01,-12.95,9,19,10,1.11,2.98,1.87,20,3.14,"{'total': 808, 'sad': 407, 'aap': 136, 'inc': 234, 'bjp': 9, 'sad_votes': 407, 'sad_pct': 50.37, 'aap_votes': 136, 'aap_pct': 16.83, 'inc_votes': 234, 'inc_pct': 28.96, 'bjp_votes': 9, 'bjp_pct': 1.11, 'winner_party': 'SAD', 'margin': 173, 'winner_candidate': 'Ganieve Kaur Majithia'}","{'total': 637, 'sad': 308, 'aap': 155, 'inc': 102, 'bjp': 19, 'sada': 20, 'bsp': 4, 'others': 23, 'sad_votes': 308, 'sad_pct': 48.35, 'aap_votes': 155, 'aap_pct': 24.33, 'inc_votes': 102, 'inc_pct': 16.01, 'bjp_votes': 19, 'bjp_pct': 2.98, 'sada_votes': 20, 'sada_pct': 3.14, 'winner_party': 'SAD', 'margin': 153, 'winner_candidate': 'Anil Joshi'}","{'turnout_diff': -171, 'turnout_pct': -21.16, 'sad_shift': -99, 'sad_swing': -2.02, 'aap_shift': 19, 'aap_swing': 7.5, 'inc_shift': -132, 'inc_swing': -12.95, 'bjp_shift': 10, 'bjp_swing': 1.87}",Akali Bastion: Strategic Penetration & Demolition Zone,ਅਕਾਲੀ ਦਲ ਦਾ ਪ੍ਰਭਾਵਿਤ ਖੇਤਰ: ਵਿਸ਼ੇਸ਼ ਘੇਰਾਬੰਦੀ ਜ਼ੋਨ,SAD retained lead here by +153 votes (48.4% share). Target moderate Panthic and farming families in Alkare disillusioned with traditional leadership. Appoint dedicated block coordinators and highlight direct government procurement and village development works.,ਅਕਾਲੀ ਦਲ ਨੇ ਇੱਥੇ +153 ਵੋਟਾਂ (48.4%) ਨਾਲ ਲੀਡ ਬਣਾਈ ਹੈ। ਅਲਕੜੇ ਵਿੱਚ ਰਵਾਇਤੀ ਲੀਡਰਸ਼ਿਪ ਤੋਂ ਨਿਰਾਸ਼ ਕਿਸਾਨ ਅਤੇ ਪੰਥਕ ਪਰਿਵਾਰਾਂ ਨਾਲ ਸੰਵਾਦ ਕਰੋ। ਪਿੰਡਾਂ ਵਿੱਚ ਪੰਜਾਬ ਸਰਕਾਰ ਦੇ ਵਿਕਾਸ ਕਾਰਜਾਂ ਅਤੇ ਨਿਰਪੱਖ ਭਰਤੀਆਂ ਦੇ ਸੁਨੇਹੇ ਨਾਲ ਸੰਨ੍ਹ ਲਗਾਓ।,"{'booth_no': '21', 'village_en': 'Alkare', 'village_pa': 'ਅਲਕੜੇ', 'zone_en': 'Akali Bastion: Strategic Penetration & Demolition Zone', 'zone_pa': 'ਅਕਾਲੀ ਦਲ ਦਾ ਪ੍ਰਭਾਵਿਤ ਖੇਤਰ: ਵਿਸ਼ੇਸ਼ ਘੇਰਾਬੰਦੀ ਜ਼ੋਨ', 'action_en': 'SAD retained lead here by +153 votes (48.4% share). Target moderate Panthic and farming families in Alkare disillusioned with traditional leadership. Appoint dedicated block coordinators and highlight direct government procurement and village development works.', 'action_pa': 'ਅਕਾਲੀ ਦਲ ਨੇ ਇੱਥੇ +153 ਵੋਟਾਂ (48.4%) ਨਾਲ ਲੀਡ ਬਣਾਈ ਹੈ। ਅਲਕੜੇ ਵਿੱਚ ਰਵਾਇਤੀ ਲੀਡਰਸ਼ਿਪ ਤੋਂ ਨਿਰਾਸ਼ ਕਿਸਾਨ ਅਤੇ ਪੰਥਕ ਪਰਿਵਾਰਾਂ ਨਾਲ ਸੰਵਾਦ ਕਰੋ। ਪਿੰਡਾਂ ਵਿੱਚ ਪੰਜਾਬ ਸਰਕਾਰ ਦੇ ਵਿਕਾਸ ਕਾਰਜਾਂ ਅਤੇ ਨਿਰਪੱਖ ਭਰਤੀਆਂ ਦੇ ਸੁਨੇਹੇ ਨਾਲ ਸੰਨ੍ਹ ਲਗਾਓ।', 'action_steps_en': ['Days 1-30: Map the top 30 influential non-committed Panthic families in Alkare.', 'Days 31-60: Deploy senior constituency leaders for direct home visits to address local disgruntlement.', ""Days 61-90: Neutralize SAD's +153 vote cushion by winning over agricultural youth.""], 'action_steps_pa': ['ਦਿਨ 1-30: ਅਲਕੜੇ ਦੇ 30 ਨਿਰਪੱਖ ਅਤੇ ਪ੍ਰਭਾਵਸ਼ਾਲੀ ਪਰਿਵਾਰਾਂ ਦੀ ਸ਼ਨਾਖਤ ਕਰੋ।', 'ਦਿਨ 31-60: ਸੀਨੀਅਰ ਲੀਡਰਸ਼ਿਪ ਰਾਹੀਂ ਘਰ-ਘਰ ਜਾ ਕੇ ਸਰਕਾਰ ਦੀਆਂ ਨਿਰਪੱਖ ਨੀਤੀਆਂ ਸਾਂਝੀਆਂ ਕਰੋ।', 'ਦਿਨ 61-90: ਨੌਜਵਾਨ ਵਰਗ ਨੂੰ ਸਰਕਾਰੀ ਨੌਕਰੀਆਂ ਅਤੇ ਖੇਡ ਕਿੱਟਾਂ ਰਾਹੀਂ ਪਾਰਟੀ ਨਾਲ ਜੋੜ ਕੇ ਲੀਡ ਘਟਾਓ।'], 'action_steps': ['ਦਿਨ 1-30: ਅਲਕੜੇ ਦੇ 30 ਨਿਰਪੱਖ ਅਤੇ ਪ੍ਰਭਾਵਸ਼ਾਲੀ ਪਰਿਵਾਰਾਂ ਦੀ ਸ਼ਨਾਖਤ ਕਰੋ।', 'ਦਿਨ 31-60: ਸੀਨੀਅਰ ਲੀਡਰਸ਼ਿਪ ਰਾਹੀਂ ਘਰ-ਘਰ ਜਾ ਕੇ ਸਰਕਾਰ ਦੀਆਂ ਨਿਰਪੱਖ ਨੀਤੀਆਂ ਸਾਂਝੀਆਂ ਕਰੋ।', 'ਦਿਨ 61-90: ਨੌਜਵਾਨ ਵਰਗ ਨੂੰ ਸਰਕਾਰੀ ਨੌਕਰੀਆਂ ਅਤੇ ਖੇਡ ਕਿੱਟਾਂ ਰਾਹੀਂ ਪਾਰਟੀ ਨਾਲ ਜੋੜ ਕੇ ਲੀਡ ਘਟਾਓ।']}"
22,22,Athwal,ਅਠਵਾਲ,ਅਠਵਾਲ,Athwal,ਅਠਵਾਲ,SAD,BJP,143,32,SAD → BJP,SAD → BJP,AAP Deficit,ਆਪ ਘਾਟ,INC Deficit,"{'AAP': 'LOST_BOTH', 'SAD': 'LOST_24', 'INC': 'WEAK', 'BJP': 'GAINED'}",True,"{'is_flip': True, 'status_label': 'SAD → BJP', 'turnout_diff': 124, 'turnout_pct': 22.46, 'sad_swing': -27.13, 'aap_swing': 12.7, 'inc_swing': -8.92, 'bjp_swing': 31.38}",552,676,124,22.46,260,135,-125,47.1,19.97,-27.13,81,185,104,14.67,27.37,12.7,117,83,-34,21.2,12.28,-8.92,4,217,213,0.72,32.1,31.38,35,5.18,"{'total': 552, 'sad': 260, 'aap': 81, 'inc': 117, 'bjp': 4, 'sad_votes': 260, 'sad_pct': 47.1, 'aap_votes': 81, 'aap_pct': 14.67, 'inc_votes': 117, 'inc_pct': 21.2, 'bjp_votes': 4, 'bjp_pct': 0.72, 'winner_party': 'SAD', 'margin': 143, 'winner_candidate': 'Ganieve Kaur Majithia'}","{'total': 676, 'sad': 135, 'aap': 185, 'inc': 83, 'bjp': 217, 'sada': 35, 'bsp': 0, 'others': 21, 'sad_votes': 135, 'sad_pct': 19.97, 'aap_votes': 185, 'aap_pct': 27.37, 'inc_votes': 83, 'inc_pct': 12.28, 'bjp_votes': 217, 'bjp_pct': 32.1, 'sada_votes': 35, 'sada_pct': 5.18, 'winner_party': 'BJP', 'margin': 32, 'winner_candidate': 'Taranjit Singh Sandhu Samundri'}","{'turnout_diff': 124, 'turnout_pct': 22.46, 'sad_shift': -125, 'sad_swing': -27.13, 'aap_shift': 104, 'aap_swing': 12.7, 'inc_shift': -34, 'inc_swing': -8.92, 'bjp_shift': 213, 'bjp_swing': 31.38}",Urban Infiltration: BJP Containment & Counter-Offensive,ਸ਼ਹਿਰੀ ਸੰਵੇਦਨਸ਼ੀਲ ਖੇਤਰ: ਭਾਜਪਾ ਕਾਊਂਟਰ-ਮੁਹਿੰਮ ਜ਼ੋਨ,"BJP led here by +32 votes with 32.1% vote share in urban pockets of Athwal. Conduct structured dialogues with local shopkeepers, commission agents, and urban families. Emphasize state guarantees vs central economic policies.","ਭਾਜਪਾ ਨੇ ਅਠਵਾਲ ਦੇ ਸ਼ਹਿਰੀ ਹਿੱਸਿਆਂ ਵਿੱਚ +32 ਵੋਟਾਂ (32.1%) ਹਾਸਲ ਕੀਤੇ ਹਨ। ਵਪਾਰੀਆਂ, ਦੁਕਾਨਦਾਰਾਂ ਅਤੇ ਮੁਹੱਲਾ ਕਮੇਟੀਆਂ ਨਾਲ ਮੀਟਿੰਗਾਂ ਕਰਕੇ ਸਿੱਧਾ ਸੰਵਾਦ ਕਰੋ ਅਤੇ ਲੋਕ-ਪੱਖੀ ਨੀਤੀਆਂ ਬਾਰੇ ਜਾਗਰੂਕ ਕਰੋ।","{'booth_no': '22', 'village_en': 'Athwal', 'village_pa': 'ਅਠਵਾਲ', 'zone_en': 'Urban Infiltration: BJP Containment & Counter-Offensive', 'zone_pa': 'ਸ਼ਹਿਰੀ ਸੰਵੇਦਨਸ਼ੀਲ ਖੇਤਰ: ਭਾਜਪਾ ਕਾਊਂਟਰ-ਮੁਹਿੰਮ ਜ਼ੋਨ', 'action_en': 'BJP led here by +32 votes with 32.1% vote share in urban pockets of Athwal. Conduct structured dialogues with local shopkeepers, commission agents, and urban families. Emphasize state guarantees vs central economic policies.', 'action_pa': 'ਭਾਜਪਾ ਨੇ ਅਠਵਾਲ ਦੇ ਸ਼ਹਿਰੀ ਹਿੱਸਿਆਂ ਵਿੱਚ +32 ਵੋਟਾਂ (32.1%) ਹਾਸਲ ਕੀਤੇ ਹਨ। ਵਪਾਰੀਆਂ, ਦੁਕਾਨਦਾਰਾਂ ਅਤੇ ਮੁਹੱਲਾ ਕਮੇਟੀਆਂ ਨਾਲ ਮੀਟਿੰਗਾਂ ਕਰਕੇ ਸਿੱਧਾ ਸੰਵਾਦ ਕਰੋ ਅਤੇ ਲੋਕ-ਪੱਖੀ ਨੀਤੀਆਂ ਬਾਰੇ ਜਾਗਰੂਕ ਕਰੋ।', 'action_steps_en': ['Days 1-30: Organize urban merchant and shopkeeper roundtables in Athwal.', 'Days 31-60: Counter central economic propaganda with Punjab business facilitation policies.', ""Days 61-90: Establish active urban ward cell to dismantle BJP's +32 vote pocket.""], 'action_steps_pa': ['ਦਿਨ 1-30: ਅਠਵਾਲ ਦੇ ਦੁਕਾਨਦਾਰਾਂ ਅਤੇ ਵਪਾਰੀ ਭਾਈਚਾਰੇ ਨਾਲ ਮੀਟਿੰਗਾਂ ਦਾ ਸਿਲਸਿਲਾ ਸ਼ੁਰੂ ਕਰੋ।', 'ਦਿਨ 31-60: ਕੇਂਦਰ ਸਰਕਾਰ ਦੀਆਂ ਆਰਥਿਕ ਨੀਤੀਆਂ ਬਨਾਮ ਪੰਜਾਬ ਸਰਕਾਰ ਦੀ ਵਪਾਰੀ ਪੱਖੀ ਪਹੁੰਚ ਬਾਰੇ ਦੱਸੋ।', 'ਦਿਨ 61-90: ਸ਼ਹਿਰੀ ਵਾਰਡਾਂ ਵਿੱਚ ਆਪ ਦਾ ਮਜ਼ਬੂਤ ਯੂਨਿਟ ਸਥਾਪਿਤ ਕਰੋ।'], 'action_steps': ['ਦਿਨ 1-30: ਅਠਵਾਲ ਦੇ ਦੁਕਾਨਦਾਰਾਂ ਅਤੇ ਵਪਾਰੀ ਭਾਈਚਾਰੇ ਨਾਲ ਮੀਟਿੰਗਾਂ ਦਾ ਸਿਲਸਿਲਾ ਸ਼ੁਰੂ ਕਰੋ।', 'ਦਿਨ 31-60: ਕੇਂਦਰ ਸਰਕਾਰ ਦੀਆਂ ਆਰਥਿਕ ਨੀਤੀਆਂ ਬਨਾਮ ਪੰਜਾਬ ਸਰਕਾਰ ਦੀ ਵਪਾਰੀ ਪੱਖੀ ਪਹੁੰਚ ਬਾਰੇ ਦੱਸੋ।', 'ਦਿਨ 61-90: ਸ਼ਹਿਰੀ ਵਾਰਡਾਂ ਵਿੱਚ ਆਪ ਦਾ ਮਜ਼ਬੂਤ ਯੂਨਿਟ ਸਥਾਪਿਤ ਕਰੋ।']}"
23,23,Babowal,ਬਾਬੋਵਾਲ,ਬਾਬੋਵਾਲ,Babowal,ਬਾਬੋਵਾਲ,SAD,SAD,144,103,SAD Retained,SAD Retained,AAP Deficit,ਆਪ ਘਾਟ,INC Deficit,"{'AAP': 'WEAK', 'SAD': 'WON_BOTH', 'INC': 'LOST_BOTH', 'BJP': 'WEAK'}",False,"{'is_flip': False, 'status_label': 'SAD Retained', 'turnout_diff': 287, 'turnout_pct': 62.26, 'sad_swing': -7.59, 'aap_swing': -5.9, 'inc_swing': 17.03, 'bjp_swing': 1.62}",461,748,287,62.26,239,331,92,51.84,44.25,-7.59,95,110,15,20.61,14.71,-5.9,62,228,166,13.45,30.48,17.03,3,17,14,0.65,2.27,1.62,53,7.09,"{'total': 461, 'sad': 239, 'aap': 95, 'inc': 62, 'bjp': 3, 'sad_votes': 239, 'sad_pct': 51.84, 'aap_votes': 95, 'aap_pct': 20.61, 'inc_votes': 62, 'inc_pct': 13.45, 'bjp_votes': 3, 'bjp_pct': 0.65, 'winner_party': 'SAD', 'margin': 144, 'winner_candidate': 'Ganieve Kaur Majithia'}","{'total': 748, 'sad': 331, 'aap': 110, 'inc': 228, 'bjp': 17, 'sada': 53, 'bsp': 1, 'others': 6, 'sad_votes': 331, 'sad_pct': 44.25, 'aap_votes': 110, 'aap_pct': 14.71, 'inc_votes': 228, 'inc_pct': 30.48, 'bjp_votes': 17, 'bjp_pct': 2.27, 'sada_votes': 53, 'sada_pct': 7.09, 'winner_party': 'SAD', 'margin': 103, 'winner_candidate': 'Anil Joshi'}","{'turnout_diff': 287, 'turnout_pct': 62.26, 'sad_shift': 92, 'sad_swing': -7.59, 'aap_shift': 15, 'aap_swing': -5.9, 'inc_shift': 166, 'inc_swing': 17.03, 'bjp_shift': 14, 'bjp_swing': 1.62}",Akali Bastion: Strategic Penetration & Demolition Zone,ਅਕਾਲੀ ਦਲ ਦਾ ਪ੍ਰਭਾਵਿਤ ਖੇਤਰ: ਵਿਸ਼ੇਸ਼ ਘੇਰਾਬੰਦੀ ਜ਼ੋਨ,SAD retained lead here by +103 votes (44.2% share). Target moderate Panthic and farming families in Babowal disillusioned with traditional leadership. Appoint dedicated block coordinators and highlight direct government procurement and village development works.,ਅਕਾਲੀ ਦਲ ਨੇ ਇੱਥੇ +103 ਵੋਟਾਂ (44.2%) ਨਾਲ ਲੀਡ ਬਣਾਈ ਹੈ। ਬਾਬੋਵਾਲ ਵਿੱਚ ਰਵਾਇਤੀ ਲੀਡਰਸ਼ਿਪ ਤੋਂ ਨਿਰਾਸ਼ ਕਿਸਾਨ ਅਤੇ ਪੰਥਕ ਪਰਿਵਾਰਾਂ ਨਾਲ ਸੰਵਾਦ ਕਰੋ। ਪਿੰਡਾਂ ਵਿੱਚ ਪੰਜਾਬ ਸਰਕਾਰ ਦੇ ਵਿਕਾਸ ਕਾਰਜਾਂ ਅਤੇ ਨਿਰਪੱਖ ਭਰਤੀਆਂ ਦੇ ਸੁਨੇਹੇ ਨਾਲ ਸੰਨ੍ਹ ਲਗਾਓ।,"{'booth_no': '23', 'village_en': 'Babowal', 'village_pa': 'ਬਾਬੋਵਾਲ', 'zone_en': 'Akali Bastion: Strategic Penetration & Demolition Zone', 'zone_pa': 'ਅਕਾਲੀ ਦਲ ਦਾ ਪ੍ਰਭਾਵਿਤ ਖੇਤਰ: ਵਿਸ਼ੇਸ਼ ਘੇਰਾਬੰਦੀ ਜ਼ੋਨ', 'action_en': 'SAD retained lead here by +103 votes (44.2% share). Target moderate Panthic and farming families in Babowal disillusioned with traditional leadership. Appoint dedicated block coordinators and highlight direct government procurement and village development works.', 'action_pa': 'ਅਕਾਲੀ ਦਲ ਨੇ ਇੱਥੇ +103 ਵੋਟਾਂ (44.2%) ਨਾਲ ਲੀਡ ਬਣਾਈ ਹੈ। ਬਾਬੋਵਾਲ ਵਿੱਚ ਰਵਾਇਤੀ ਲੀਡਰਸ਼ਿਪ ਤੋਂ ਨਿਰਾਸ਼ ਕਿਸਾਨ ਅਤੇ ਪੰਥਕ ਪਰਿਵਾਰਾਂ ਨਾਲ ਸੰਵਾਦ ਕਰੋ। ਪਿੰਡਾਂ ਵਿੱਚ ਪੰਜਾਬ ਸਰਕਾਰ ਦੇ ਵਿਕਾਸ ਕਾਰਜਾਂ ਅਤੇ ਨਿਰਪੱਖ ਭਰਤੀਆਂ ਦੇ ਸੁਨੇਹੇ ਨਾਲ ਸੰਨ੍ਹ ਲਗਾਓ।', 'action_steps_en': ['Days 1-30: Map the top 30 influential non-committed Panthic families in Babowal.', 'Days 31-60: Deploy senior constituency leaders for direct home visits to address local disgruntlement.', ""Days 61-90: Neutralize SAD's +103 vote cushion by winning over agricultural youth.""], 'action_steps_pa': ['ਦਿਨ 1-30: ਬਾਬੋਵਾਲ ਦੇ 30 ਨਿਰਪੱਖ ਅਤੇ ਪ੍ਰਭਾਵਸ਼ਾਲੀ ਪਰਿਵਾਰਾਂ ਦੀ ਸ਼ਨਾਖਤ ਕਰੋ।', 'ਦਿਨ 31-60: ਸੀਨੀਅਰ ਲੀਡਰਸ਼ਿਪ ਰਾਹੀਂ ਘਰ-ਘਰ ਜਾ ਕੇ ਸਰਕਾਰ ਦੀਆਂ ਨਿਰਪੱਖ ਨੀਤੀਆਂ ਸਾਂਝੀਆਂ ਕਰੋ।', 'ਦਿਨ 61-90: ਨੌਜਵਾਨ ਵਰਗ ਨੂੰ ਸਰਕਾਰੀ ਨੌਕਰੀਆਂ ਅਤੇ ਖੇਡ ਕਿੱਟਾਂ ਰਾਹੀਂ ਪਾਰਟੀ ਨਾਲ ਜੋੜ ਕੇ ਲੀਡ ਘਟਾਓ।'], 'action_steps': ['ਦਿਨ 1-30: ਬਾਬੋਵਾਲ ਦੇ 30 ਨਿਰਪੱਖ ਅਤੇ ਪ੍ਰਭਾਵਸ਼ਾਲੀ ਪਰਿਵਾਰਾਂ ਦੀ ਸ਼ਨਾਖਤ ਕਰੋ।', 'ਦਿਨ 31-60: ਸੀਨੀਅਰ ਲੀਡਰਸ਼ਿਪ ਰਾਹੀਂ ਘਰ-ਘਰ ਜਾ ਕੇ ਸਰਕਾਰ ਦੀਆਂ ਨਿਰਪੱਖ ਨੀਤੀਆਂ ਸਾਂਝੀਆਂ ਕਰੋ।', 'ਦਿਨ 61-90: ਨੌਜਵਾਨ ਵਰਗ ਨੂੰ ਸਰਕਾਰੀ ਨੌਕਰੀਆਂ ਅਤੇ ਖੇਡ ਕਿੱਟਾਂ ਰਾਹੀਂ ਪਾਰਟੀ ਨਾਲ ਜੋੜ ਕੇ ਲੀਡ ਘਟਾਓ।']}"
24,24,Begewal,ਬੇਗੇਵਾਲ,ਬੇਗੇਵਾਲ,Begewal,ਬੇਗੇਵਾਲ,SAD,SAD,168,31,SAD Retained,SAD Retained,AAP Deficit,ਆਪ ਘਾਟ,INC Deficit,"{'AAP': 'LOST_BOTH', 'SAD': 'WON_BOTH', 'INC': 'LOST_BOTH', 'BJP': 'WEAK'}",False,"{'is_flip': False, 'status_label': 'SAD Retained', 'turnout_diff': -6, 'turnout_pct': -0.74, 'sad_swing': -14.09, 'aap_swing': 2.79, 'inc_swing': 1.92, 'bjp_swing': 1.88}",810,804,-6,-0.74,364,248,-116,44.94,30.85,-14.09,196,217,21,24.2,26.99,2.79,189,203,14,23.33,25.25,1.92,16,31,15,1.98,3.86,1.88,51,6.34,"{'total': 810, 'sad': 364, 'aap': 196, 'inc': 189, 'bjp': 16, 'sad_votes': 364, 'sad_pct': 44.94, 'aap_votes': 196, 'aap_pct': 24.2, 'inc_votes': 189, 'inc_pct': 23.33, 'bjp_votes': 16, 'bjp_pct': 1.98, 'winner_party': 'SAD', 'margin': 168, 'winner_candidate': 'Ganieve Kaur Majithia'}","{'total': 804, 'sad': 248, 'aap': 217, 'inc': 203, 'bjp': 31, 'sada': 51, 'bsp': 0, 'others': 50, 'sad_votes': 248, 'sad_pct': 30.85, 'aap_votes': 217, 'aap_pct': 26.99, 'inc_votes': 203, 'inc_pct': 25.25, 'bjp_votes': 31, 'bjp_pct': 3.86, 'sada_votes': 51, 'sada_pct': 6.34, 'winner_party': 'SAD', 'margin': 31, 'winner_candidate': 'Anil Joshi'}","{'turnout_diff': -6, 'turnout_pct': -0.74, 'sad_shift': -116, 'sad_swing': -14.09, 'aap_shift': 21, 'aap_swing': 2.79, 'inc_shift': 14, 'inc_swing': 1.92, 'bjp_shift': 15, 'bjp_swing': 1.88}",Akali Bastion: Strategic Penetration & Demolition Zone,ਅਕਾਲੀ ਦਲ ਦਾ ਪ੍ਰਭਾਵਿਤ ਖੇਤਰ: ਵਿਸ਼ੇਸ਼ ਘੇਰਾਬੰਦੀ ਜ਼ੋਨ,SAD retained lead here by +31 votes (30.9% share). Target moderate Panthic and farming families in Begewal disillusioned with traditional leadership. Appoint dedicated block coordinators and highlight direct government procurement and village development works.,ਅਕਾਲੀ ਦਲ ਨੇ ਇੱਥੇ +31 ਵੋਟਾਂ (30.9%) ਨਾਲ ਲੀਡ ਬਣਾਈ ਹੈ। ਬੇਗੇਵਾਲ ਵਿੱਚ ਰਵਾਇਤੀ ਲੀਡਰਸ਼ਿਪ ਤੋਂ ਨਿਰਾਸ਼ ਕਿਸਾਨ ਅਤੇ ਪੰਥਕ ਪਰਿਵਾਰਾਂ ਨਾਲ ਸੰਵਾਦ ਕਰੋ। ਪਿੰਡਾਂ ਵਿੱਚ ਪੰਜਾਬ ਸਰਕਾਰ ਦੇ ਵਿਕਾਸ ਕਾਰਜਾਂ ਅਤੇ ਨਿਰਪੱਖ ਭਰਤੀਆਂ ਦੇ ਸੁਨੇਹੇ ਨਾਲ ਸੰਨ੍ਹ ਲਗਾਓ।,"{'booth_no': '24', 'village_en': 'Begewal', 'village_pa': 'ਬੇਗੇਵਾਲ', 'zone_en': 'Akali Bastion: Strategic Penetration & Demolition Zone', 'zone_pa': 'ਅਕਾਲੀ ਦਲ ਦਾ ਪ੍ਰਭਾਵਿਤ ਖੇਤਰ: ਵਿਸ਼ੇਸ਼ ਘੇਰਾਬੰਦੀ ਜ਼ੋਨ', 'action_en': 'SAD retained lead here by +31 votes (30.9% share). Target moderate Panthic and farming families in Begewal disillusioned with traditional leadership. Appoint dedicated block coordinators and highlight direct government procurement and village development works.', 'action_pa': 'ਅਕਾਲੀ ਦਲ ਨੇ ਇੱਥੇ +31 ਵੋਟਾਂ (30.9%) ਨਾਲ ਲੀਡ ਬਣਾਈ ਹੈ। ਬੇਗੇਵਾਲ ਵਿੱਚ ਰਵਾਇਤੀ ਲੀਡਰਸ਼ਿਪ ਤੋਂ ਨਿਰਾਸ਼ ਕਿਸਾਨ ਅਤੇ ਪੰਥਕ ਪਰਿਵਾਰਾਂ ਨਾਲ ਸੰਵਾਦ ਕਰੋ। ਪਿੰਡਾਂ ਵਿੱਚ ਪੰਜਾਬ ਸਰਕਾਰ ਦੇ ਵਿਕਾਸ ਕਾਰਜਾਂ ਅਤੇ ਨਿਰਪੱਖ ਭਰਤੀਆਂ ਦੇ ਸੁਨੇਹੇ ਨਾਲ ਸੰਨ੍ਹ ਲਗਾਓ।', 'action_steps_en': ['Days 1-30: Map the top 30 influential non-committed Panthic families in Begewal.', 'Days 31-60: Deploy senior constituency leaders for direct home visits to address local disgruntlement.', ""Days 61-90: Neutralize SAD's +31 vote cushion by winning over agricultural youth.""], 'action_steps_pa': ['ਦਿਨ 1-30: ਬੇਗੇਵਾਲ ਦੇ 30 ਨਿਰਪੱਖ ਅਤੇ ਪ੍ਰਭਾਵਸ਼ਾਲੀ ਪਰਿਵਾਰਾਂ ਦੀ ਸ਼ਨਾਖਤ ਕਰੋ।', 'ਦਿਨ 31-60: ਸੀਨੀਅਰ ਲੀਡਰਸ਼ਿਪ ਰਾਹੀਂ ਘਰ-ਘਰ ਜਾ ਕੇ ਸਰਕਾਰ ਦੀਆਂ ਨਿਰਪੱਖ ਨੀਤੀਆਂ ਸਾਂਝੀਆਂ ਕਰੋ।', 'ਦਿਨ 61-90: ਨੌਜਵਾਨ ਵਰਗ ਨੂੰ ਸਰਕਾਰੀ ਨੌਕਰੀਆਂ ਅਤੇ ਖੇਡ ਕਿੱਟਾਂ ਰਾਹੀਂ ਪਾਰਟੀ ਨਾਲ ਜੋੜ ਕੇ ਲੀਡ ਘਟਾਓ।'], 'action_steps': ['ਦਿਨ 1-30: ਬੇਗੇਵਾਲ ਦੇ 30 ਨਿਰਪੱਖ ਅਤੇ ਪ੍ਰਭਾਵਸ਼ਾਲੀ ਪਰਿਵਾਰਾਂ ਦੀ ਸ਼ਨਾਖਤ ਕਰੋ।', 'ਦਿਨ 31-60: ਸੀਨੀਅਰ ਲੀਡਰਸ਼ਿਪ ਰਾਹੀਂ ਘਰ-ਘਰ ਜਾ ਕੇ ਸਰਕਾਰ ਦੀਆਂ ਨਿਰਪੱਖ ਨੀਤੀਆਂ ਸਾਂਝੀਆਂ ਕਰੋ।', 'ਦਿਨ 61-90: ਨੌਜਵਾਨ ਵਰਗ ਨੂੰ ਸਰਕਾਰੀ ਨੌਕਰੀਆਂ ਅਤੇ ਖੇਡ ਕਿੱਟਾਂ ਰਾਹੀਂ ਪਾਰਟੀ ਨਾਲ ਜੋੜ ਕੇ ਲੀਡ ਘਟਾਓ।']}"
25,25,Bhaini Lidhran,ਭੈਣੀ ਲਿੱਧੜਾਂ,ਭੈਣੀ ਲਿੱਧੜਾਂ,Bhaini Lidhran,ਭੈਣੀ ਲਿੱਧੜਾਂ,SAD,SAD,94,213,SAD Retained,SAD Retained,AAP Deficit,ਆਪ ਘਾਟ,INC Deficit,"{'AAP': 'WEAK', 'SAD': 'WON_BOTH', 'INC': 'WEAK', 'BJP': 'WEAK'}",False,"{'is_flip': False, 'status_label': 'SAD Retained', 'turnout_diff': 21, 'turnout_pct': 2.94, 'sad_swing': 1.43, 'aap_swing': 4.93, 'inc_swing': -18.04, 'bjp_swing': -3.69}",715,736,21,2.94,324,344,20,45.31,46.74,1.43,92,131,39,12.87,17.8,4.93,230,104,-126,32.17,14.13,-18.04,41,15,-26,5.73,2.04,-3.69,88,11.96,"{'total': 715, 'sad': 324, 'aap': 92, 'inc': 230, 'bjp': 41, 'sad_votes': 324, 'sad_pct': 45.31, 'aap_votes': 92, 'aap_pct': 12.87, 'inc_votes': 230, 'inc_pct': 32.17, 'bjp_votes': 41, 'bjp_pct': 5.73, 'winner_party': 'SAD', 'margin': 94, 'winner_candidate': 'Ganieve Kaur Majithia'}","{'total': 736, 'sad': 344, 'aap': 131, 'inc': 104, 'bjp': 15, 'sada': 88, 'bsp': 2, 'others': 45, 'sad_votes': 344, 'sad_pct': 46.74, 'aap_votes': 131, 'aap_pct': 17.8, 'inc_votes': 104, 'inc_pct': 14.13, 'bjp_votes': 15, 'bjp_pct': 2.04, 'sada_votes': 88, 'sada_pct': 11.96, 'winner_party': 'SAD', 'margin': 213, 'winner_candidate': 'Anil Joshi'}","{'turnout_diff': 21, 'turnout_pct': 2.94, 'sad_shift': 20, 'sad_swing': 1.43, 'aap_shift': 39, 'aap_swing': 4.93, 'inc_shift': -126, 'inc_swing': -18.04, 'bjp_shift': -26, 'bjp_swing': -3.69}",Akali Bastion: Strategic Penetration & Demolition Zone,ਅਕਾਲੀ ਦਲ ਦਾ ਪ੍ਰਭਾਵਿਤ ਖੇਤਰ: ਵਿਸ਼ੇਸ਼ ਘੇਰਾਬੰਦੀ ਜ਼ੋਨ,SAD retained lead here by +213 votes (46.7% share). Target moderate Panthic and farming families in Bhaini Lidhran disillusioned with traditional leadership. Appoint dedicated block coordinators and highlight direct government procurement and village development works.,ਅਕਾਲੀ ਦਲ ਨੇ ਇੱਥੇ +213 ਵੋਟਾਂ (46.7%) ਨਾਲ ਲੀਡ ਬਣਾਈ ਹੈ। ਭੈਣੀ ਲਿੱਧੜਾਂ ਵਿੱਚ ਰਵਾਇਤੀ ਲੀਡਰਸ਼ਿਪ ਤੋਂ ਨਿਰਾਸ਼ ਕਿਸਾਨ ਅਤੇ ਪੰਥਕ ਪਰਿਵਾਰਾਂ ਨਾਲ ਸੰਵਾਦ ਕਰੋ। ਪਿੰਡਾਂ ਵਿੱਚ ਪੰਜਾਬ ਸਰਕਾਰ ਦੇ ਵਿਕਾਸ ਕਾਰਜਾਂ ਅਤੇ ਨਿਰਪੱਖ ਭਰਤੀਆਂ ਦੇ ਸੁਨੇਹੇ ਨਾਲ ਸੰਨ੍ਹ ਲਗਾਓ।,"{'booth_no': '25', 'village_en': 'Bhaini Lidhran', 'village_pa': 'ਭੈਣੀ ਲਿੱਧੜਾਂ', 'zone_en': 'Akali Bastion: Strategic Penetration & Demolition Zone', 'zone_pa': 'ਅਕਾਲੀ ਦਲ ਦਾ ਪ੍ਰਭਾਵਿਤ ਖੇਤਰ: ਵਿਸ਼ੇਸ਼ ਘੇਰਾਬੰਦੀ ਜ਼ੋਨ', 'action_en': 'SAD retained lead here by +213 votes (46.7% share). Target moderate Panthic and farming families in Bhaini Lidhran disillusioned with traditional leadership. Appoint dedicated block coordinators and highlight direct government procurement and village development works.', 'action_pa': 'ਅਕਾਲੀ ਦਲ ਨੇ ਇੱਥੇ +213 ਵੋਟਾਂ (46.7%) ਨਾਲ ਲੀਡ ਬਣਾਈ ਹੈ। ਭੈਣੀ ਲਿੱਧੜਾਂ ਵਿੱਚ ਰਵਾਇਤੀ ਲੀਡਰਸ਼ਿਪ ਤੋਂ ਨਿਰਾਸ਼ ਕਿਸਾਨ ਅਤੇ ਪੰਥਕ ਪਰਿਵਾਰਾਂ ਨਾਲ ਸੰਵਾਦ ਕਰੋ। ਪਿੰਡਾਂ ਵਿੱਚ ਪੰਜਾਬ ਸਰਕਾਰ ਦੇ ਵਿਕਾਸ ਕਾਰਜਾਂ ਅਤੇ ਨਿਰਪੱਖ ਭਰਤੀਆਂ ਦੇ ਸੁਨੇਹੇ ਨਾਲ ਸੰਨ੍ਹ ਲਗਾਓ।', 'action_steps_en': ['Days 1-30: Map the top 30 influential non-committed Panthic families in Bhaini Lidhran.', 'Days 31-60: Deploy senior constituency leaders for direct home visits to address local disgruntlement.', ""Days 61-90: Neutralize SAD's +213 vote cushion by winning over agricultural youth.""], 'action_steps_pa': ['ਦਿਨ 1-30: ਭੈਣੀ ਲਿੱਧੜਾਂ ਦੇ 30 ਨਿਰਪੱਖ ਅਤੇ ਪ੍ਰਭਾਵਸ਼ਾਲੀ ਪਰਿਵਾਰਾਂ ਦੀ ਸ਼ਨਾਖਤ ਕਰੋ।', 'ਦਿਨ 31-60: ਸੀਨੀਅਰ ਲੀਡਰਸ਼ਿਪ ਰਾਹੀਂ ਘਰ-ਘਰ ਜਾ ਕੇ ਸਰਕਾਰ ਦੀਆਂ ਨਿਰਪੱਖ ਨੀਤੀਆਂ ਸਾਂਝੀਆਂ ਕਰੋ।', 'ਦਿਨ 61-90: ਨੌਜਵਾਨ ਵਰਗ ਨੂੰ ਸਰਕਾਰੀ ਨੌਕਰੀਆਂ ਅਤੇ ਖੇਡ ਕਿੱਟਾਂ ਰਾਹੀਂ ਪਾਰਟੀ ਨਾਲ ਜੋੜ ਕੇ ਲੀਡ ਘਟਾਓ।'], 'action_steps': ['ਦਿਨ 1-30: ਭੈਣੀ ਲਿੱਧੜਾਂ ਦੇ 30 ਨਿਰਪੱਖ ਅਤੇ ਪ੍ਰਭਾਵਸ਼ਾਲੀ ਪਰਿਵਾਰਾਂ ਦੀ ਸ਼ਨਾਖਤ ਕਰੋ।', 'ਦਿਨ 31-60: ਸੀਨੀਅਰ ਲੀਡਰਸ਼ਿਪ ਰਾਹੀਂ ਘਰ-ਘਰ ਜਾ ਕੇ ਸਰਕਾਰ ਦੀਆਂ ਨਿਰਪੱਖ ਨੀਤੀਆਂ ਸਾਂਝੀਆਂ ਕਰੋ।', 'ਦਿਨ 61-90: ਨੌਜਵਾਨ ਵਰਗ ਨੂੰ ਸਰਕਾਰੀ ਨੌਕਰੀਆਂ ਅਤੇ ਖੇਡ ਕਿੱਟਾਂ ਰਾਹੀਂ ਪਾਰਟੀ ਨਾਲ ਜੋੜ ਕੇ ਲੀਡ ਘਟਾਓ।']}"
26,26,Bhandianwali,ਭਾਂਡੀਆਂਵਾਲੀ,ਭਾਂਡੀਆਂਵਾਲੀ,Bhandianwali,ਭਾਂਡੀਆਂਵਾਲੀ,SAD,SAD,175,92,SAD Retained,SAD Retained,AAP Deficit,ਆਪ ਘਾਟ,INC Deficit,"{'AAP': 'LOST_BOTH', 'SAD': 'WON_BOTH', 'INC': 'LOST_BOTH', 'BJP': 'WEAK'}",False,"{'is_flip': False, 'status_label': 'SAD Retained', 'turnout_diff': -223, 'turnout_pct': -29.46, 'sad_swing': -4.91, 'aap_swing': 0.97, 'inc_swing': -5.57, 'bjp_swing': 0.44}",757,534,-223,-29.46,359,227,-132,47.42,42.51,-4.91,184,135,-49,24.31,25.28,0.97,174,93,-81,22.99,17.42,-5.57,8,8,0,1.06,1.5,0.44,34,6.37,"{'total': 757, 'sad': 359, 'aap': 184, 'inc': 174, 'bjp': 8, 'sad_votes': 359, 'sad_pct': 47.42, 'aap_votes': 184, 'aap_pct': 24.31, 'inc_votes': 174, 'inc_pct': 22.99, 'bjp_votes': 8, 'bjp_pct': 1.06, 'winner_party': 'SAD', 'margin': 175, 'winner_candidate': 'Ganieve Kaur Majithia'}","{'total': 534, 'sad': 227, 'aap': 135, 'inc': 93, 'bjp': 8, 'sada': 34, 'bsp': 0, 'others': 34, 'sad_votes': 227, 'sad_pct': 42.51, 'aap_votes': 135, 'aap_pct': 25.28, 'inc_votes': 93, 'inc_pct': 17.42, 'bjp_votes': 8, 'bjp_pct': 1.5, 'sada_votes': 34, 'sada_pct': 6.37, 'winner_party': 'SAD', 'margin': 92, 'winner_candidate': 'Anil Joshi'}","{'turnout_diff': -223, 'turnout_pct': -29.46, 'sad_shift': -132, 'sad_swing': -4.91, 'aap_shift': -49, 'aap_swing': 0.97, 'inc_shift': -81, 'inc_swing': -5.57, 'bjp_shift': 0, 'bjp_swing': 0.44}",Akali Bastion: Strategic Penetration & Demolition Zone,ਅਕਾਲੀ ਦਲ ਦਾ ਪ੍ਰਭਾਵਿਤ ਖੇਤਰ: ਵਿਸ਼ੇਸ਼ ਘੇਰਾਬੰਦੀ ਜ਼ੋਨ,SAD retained lead here by +92 votes (42.5% share). Target moderate Panthic and farming families in Bhandianwali disillusioned with traditional leadership. Appoint dedicated block coordinators and highlight direct government procurement and village development works.,ਅਕਾਲੀ ਦਲ ਨੇ ਇੱਥੇ +92 ਵੋਟਾਂ (42.5%) ਨਾਲ ਲੀਡ ਬਣਾਈ ਹੈ। ਭਾਂਡੀਆਂਵਾਲੀ ਵਿੱਚ ਰਵਾਇਤੀ ਲੀਡਰਸ਼ਿਪ ਤੋਂ ਨਿਰਾਸ਼ ਕਿਸਾਨ ਅਤੇ ਪੰਥਕ ਪਰਿਵਾਰਾਂ ਨਾਲ ਸੰਵਾਦ ਕਰੋ। ਪਿੰਡਾਂ ਵਿੱਚ ਪੰਜਾਬ ਸਰਕਾਰ ਦੇ ਵਿਕਾਸ ਕਾਰਜਾਂ ਅਤੇ ਨਿਰਪੱਖ ਭਰਤੀਆਂ ਦੇ ਸੁਨੇਹੇ ਨਾਲ ਸੰਨ੍ਹ ਲਗਾਓ।,"{'booth_no': '26', 'village_en': 'Bhandianwali', 'village_pa': 'ਭਾਂਡੀਆਂਵਾਲੀ', 'zone_en': 'Akali Bastion: Strategic Penetration & Demolition Zone', 'zone_pa': 'ਅਕਾਲੀ ਦਲ ਦਾ ਪ੍ਰਭਾਵਿਤ ਖੇਤਰ: ਵਿਸ਼ੇਸ਼ ਘੇਰਾਬੰਦੀ ਜ਼ੋਨ', 'action_en': 'SAD retained lead here by +92 votes (42.5% share). Target moderate Panthic and farming families in Bhandianwali disillusioned with traditional leadership. Appoint dedicated block coordinators and highlight direct government procurement and village development works.', 'action_pa': 'ਅਕਾਲੀ ਦਲ ਨੇ ਇੱਥੇ +92 ਵੋਟਾਂ (42.5%) ਨਾਲ ਲੀਡ ਬਣਾਈ ਹੈ। ਭਾਂਡੀਆਂਵਾਲੀ ਵਿੱਚ ਰਵਾਇਤੀ ਲੀਡਰਸ਼ਿਪ ਤੋਂ ਨਿਰਾਸ਼ ਕਿਸਾਨ ਅਤੇ ਪੰਥਕ ਪਰਿਵਾਰਾਂ ਨਾਲ ਸੰਵਾਦ ਕਰੋ। ਪਿੰਡਾਂ ਵਿੱਚ ਪੰਜਾਬ ਸਰਕਾਰ ਦੇ ਵਿਕਾਸ ਕਾਰਜਾਂ ਅਤੇ ਨਿਰਪੱਖ ਭਰਤੀਆਂ ਦੇ ਸੁਨੇਹੇ ਨਾਲ ਸੰਨ੍ਹ ਲਗਾਓ।', 'action_steps_en': ['Days 1-30: Map the top 30 influential non-committed Panthic families in Bhandianwali.', 'Days 31-60: Deploy senior constituency leaders for direct home visits to address local disgruntlement.', ""Days 61-90: Neutralize SAD's +92 vote cushion by winning over agricultural youth.""], 'action_steps_pa': ['ਦਿਨ 1-30: ਭਾਂਡੀਆਂਵਾਲੀ ਦੇ 30 ਨਿਰਪੱਖ ਅਤੇ ਪ੍ਰਭਾਵਸ਼ਾਲੀ ਪਰਿਵਾਰਾਂ ਦੀ ਸ਼ਨਾਖਤ ਕਰੋ।', 'ਦਿਨ 31-60: ਸੀਨੀਅਰ ਲੀਡਰਸ਼ਿਪ ਰਾਹੀਂ ਘਰ-ਘਰ ਜਾ ਕੇ ਸਰਕਾਰ ਦੀਆਂ ਨਿਰਪੱਖ ਨੀਤੀਆਂ ਸਾਂਝੀਆਂ ਕਰੋ।', 'ਦਿਨ 61-90: ਨੌਜਵਾਨ ਵਰਗ ਨੂੰ ਸਰਕਾਰੀ ਨੌਕਰੀਆਂ ਅਤੇ ਖੇਡ ਕਿੱਟਾਂ ਰਾਹੀਂ ਪਾਰਟੀ ਨਾਲ ਜੋੜ ਕੇ ਲੀਡ ਘਟਾਓ।'], 'action_steps': ['ਦਿਨ 1-30: ਭਾਂਡੀਆਂਵਾਲੀ ਦੇ 30 ਨਿਰਪੱਖ ਅਤੇ ਪ੍ਰਭਾਵਸ਼ਾਲੀ ਪਰਿਵਾਰਾਂ ਦੀ ਸ਼ਨਾਖਤ ਕਰੋ।', 'ਦਿਨ 31-60: ਸੀਨੀਅਰ ਲੀਡਰਸ਼ਿਪ ਰਾਹੀਂ ਘਰ-ਘਰ ਜਾ ਕੇ ਸਰਕਾਰ ਦੀਆਂ ਨਿਰਪੱਖ ਨੀਤੀਆਂ ਸਾਂਝੀਆਂ ਕਰੋ।', 'ਦਿਨ 61-90: ਨੌਜਵਾਨ ਵਰਗ ਨੂੰ ਸਰਕਾਰੀ ਨੌਕਰੀਆਂ ਅਤੇ ਖੇਡ ਕਿੱਟਾਂ ਰਾਹੀਂ ਪਾਰਟੀ ਨਾਲ ਜੋੜ ਕੇ ਲੀਡ ਘਟਾਓ।']}"
27,27A,Begewal (Auxiliary Booth 27A),ਬੇਗੇਵਾਲ (ਸਹਾਇਕ ਬੂਥ 27A),ਬੇਗੇਵਾਲ (ਸਹਾਇਕ ਬੂਥ 27A),Begewal (Auxiliary Booth 27A),ਬੇਗੇਵਾਲ (ਸਹਾਇਕ ਬੂਥ 27A),SAD,SAD,73,19,SAD Retained,SAD Retained,AAP Deficit,ਆਪ ਘਾਟ,INC Deficit,"{'AAP': 'LOST_BOTH', 'SAD': 'WON_BOTH', 'INC': 'WEAK', 'BJP': 'WEAK'}",False,"{'is_flip': False, 'status_label': 'SAD Retained', 'turnout_diff': -180, 'turnout_pct': -27.31, 'sad_swing': -3.07, 'aap_swing': 17.4, 'inc_swing': -22.48, 'bjp_swing': 0.64}",659,479,-180,-27.31,283,191,-92,42.94,39.87,-3.07,122,172,50,18.51,35.91,17.4,210,45,-165,31.87,9.39,-22.48,4,6,2,0.61,1.25,0.64,47,9.81,"{'total': 659, 'sad': 283, 'aap': 122, 'inc': 210, 'bjp': 4, 'sad_votes': 283, 'sad_pct': 42.94, 'aap_votes': 122, 'aap_pct': 18.51, 'inc_votes': 210, 'inc_pct': 31.87, 'bjp_votes': 4, 'bjp_pct': 0.61, 'winner_party': 'SAD', 'margin': 73, 'winner_candidate': 'Ganieve Kaur Majithia'}","{'total': 479, 'sad': 191, 'aap': 172, 'inc': 45, 'bjp': 6, 'sada': 47, 'bsp': 0, 'others': 17, 'sad_votes': 191, 'sad_pct': 39.87, 'aap_votes': 172, 'aap_pct': 35.91, 'inc_votes': 45, 'inc_pct': 9.39, 'bjp_votes': 6, 'bjp_pct': 1.25, 'sada_votes': 47, 'sada_pct': 9.81, 'winner_party': 'SAD', 'margin': 19, 'winner_candidate': 'Anil Joshi'}","{'turnout_diff': -180, 'turnout_pct': -27.31, 'sad_shift': -92, 'sad_swing': -3.07, 'aap_shift': 50, 'aap_swing': 17.4, 'inc_shift': -165, 'inc_swing': -22.48, 'bjp_shift': 2, 'bjp_swing': 0.64}",Akali Bastion: Strategic Penetration & Demolition Zone,ਅਕਾਲੀ ਦਲ ਦਾ ਪ੍ਰਭਾਵਿਤ ਖੇਤਰ: ਵਿਸ਼ੇਸ਼ ਘੇਰਾਬੰਦੀ ਜ਼ੋਨ,SAD retained lead here by +19 votes (39.9% share). Target moderate Panthic and farming families in Begewal (Auxiliary Booth 27A) disillusioned with traditional leadership. Appoint dedicated block coordinators and highlight direct government procurement and village development works.,ਅਕਾਲੀ ਦਲ ਨੇ ਇੱਥੇ +19 ਵੋਟਾਂ (39.9%) ਨਾਲ ਲੀਡ ਬਣਾਈ ਹੈ। ਬੇਗੇਵਾਲ (ਸਹਾਇਕ ਬੂਥ 27A) ਵਿੱਚ ਰਵਾਇਤੀ ਲੀਡਰਸ਼ਿਪ ਤੋਂ ਨਿਰਾਸ਼ ਕਿਸਾਨ ਅਤੇ ਪੰਥਕ ਪਰਿਵਾਰਾਂ ਨਾਲ ਸੰਵਾਦ ਕਰੋ। ਪਿੰਡਾਂ ਵਿੱਚ ਪੰਜਾਬ ਸਰਕਾਰ ਦੇ ਵਿਕਾਸ ਕਾਰਜਾਂ ਅਤੇ ਨਿਰਪੱਖ ਭਰਤੀਆਂ ਦੇ ਸੁਨੇਹੇ ਨਾਲ ਸੰਨ੍ਹ ਲਗਾਓ।,"{'booth_no': '27A', 'village_en': 'Begewal (Auxiliary Booth 27A)', 'village_pa': 'ਬੇਗੇਵਾਲ (ਸਹਾਇਕ ਬੂਥ 27A)', 'zone_en': 'Akali Bastion: Strategic Penetration & Demolition Zone', 'zone_pa': 'ਅਕਾਲੀ ਦਲ ਦਾ ਪ੍ਰਭਾਵਿਤ ਖੇਤਰ: ਵਿਸ਼ੇਸ਼ ਘੇਰਾਬੰਦੀ ਜ਼ੋਨ', 'action_en': 'SAD retained lead here by +19 votes (39.9% share). Target moderate Panthic and farming families in Begewal (Auxiliary Booth 27A) disillusioned with traditional leadership. Appoint dedicated block coordinators and highlight direct government procurement and village development works.', 'action_pa': 'ਅਕਾਲੀ ਦਲ ਨੇ ਇੱਥੇ +19 ਵੋਟਾਂ (39.9%) ਨਾਲ ਲੀਡ ਬਣਾਈ ਹੈ। ਬੇਗੇਵਾਲ (ਸਹਾਇਕ ਬੂਥ 27A) ਵਿੱਚ ਰਵਾਇਤੀ ਲੀਡਰਸ਼ਿਪ ਤੋਂ ਨਿਰਾਸ਼ ਕਿਸਾਨ ਅਤੇ ਪੰਥਕ ਪਰਿਵਾਰਾਂ ਨਾਲ ਸੰਵਾਦ ਕਰੋ। ਪਿੰਡਾਂ ਵਿੱਚ ਪੰਜਾਬ ਸਰਕਾਰ ਦੇ ਵਿਕਾਸ ਕਾਰਜਾਂ ਅਤੇ ਨਿਰਪੱਖ ਭਰਤੀਆਂ ਦੇ ਸੁਨੇਹੇ ਨਾਲ ਸੰਨ੍ਹ ਲਗਾਓ।', 'action_steps_en': ['Days 1-30: Map the top 30 influential non-committed Panthic families in Begewal (Auxiliary Booth 27A).', 'Days 31-60: Deploy senior constituency leaders for direct home visits to address local disgruntlement.', ""Days 61-90: Neutralize SAD's +19 vote cushion by winning over agricultural youth.""], 'action_steps_pa': ['ਦਿਨ 1-30: ਬੇਗੇਵਾਲ (ਸਹਾਇਕ ਬੂਥ 27A) ਦੇ 30 ਨਿਰਪੱਖ ਅਤੇ ਪ੍ਰਭਾਵਸ਼ਾਲੀ ਪਰਿਵਾਰਾਂ ਦੀ ਸ਼ਨਾਖਤ ਕਰੋ।', 'ਦਿਨ 31-60: ਸੀਨੀਅਰ ਲੀਡਰਸ਼ਿਪ ਰਾਹੀਂ ਘਰ-ਘਰ ਜਾ ਕੇ ਸਰਕਾਰ ਦੀਆਂ ਨਿਰਪੱਖ ਨੀਤੀਆਂ ਸਾਂਝੀਆਂ ਕਰੋ।', 'ਦਿਨ 61-90: ਨੌਜਵਾਨ ਵਰਗ ਨੂੰ ਸਰਕਾਰੀ ਨੌਕਰੀਆਂ ਅਤੇ ਖੇਡ ਕਿੱਟਾਂ ਰਾਹੀਂ ਪਾਰਟੀ ਨਾਲ ਜੋੜ ਕੇ ਲੀਡ ਘਟਾਓ।'], 'action_steps': ['ਦਿਨ 1-30: ਬੇਗੇਵਾਲ (ਸਹਾਇਕ ਬੂਥ 27A) ਦੇ 30 ਨਿਰਪੱਖ ਅਤੇ ਪ੍ਰਭਾਵਸ਼ਾਲੀ ਪਰਿਵਾਰਾਂ ਦੀ ਸ਼ਨਾਖਤ ਕਰੋ।', 'ਦਿਨ 31-60: ਸੀਨੀਅਰ ਲੀਡਰਸ਼ਿਪ ਰਾਹੀਂ ਘਰ-ਘਰ ਜਾ ਕੇ ਸਰਕਾਰ ਦੀਆਂ ਨਿਰਪੱਖ ਨੀਤੀਆਂ ਸਾਂਝੀਆਂ ਕਰੋ।', 'ਦਿਨ 61-90: ਨੌਜਵਾਨ ਵਰਗ ਨੂੰ ਸਰਕਾਰੀ ਨੌਕਰੀਆਂ ਅਤੇ ਖੇਡ ਕਿੱਟਾਂ ਰਾਹੀਂ ਪਾਰਟੀ ਨਾਲ ਜੋੜ ਕੇ ਲੀਡ ਘਟਾਓ।']}"
28,27,Bhangali Kalan,ਭੰਗਾਲੀ ਕਲਾਂ,ਭੰਗਾਲੀ ਕਲਾਂ,Bhangali Kalan,ਭੰਗਾਲੀ ਕਲਾਂ,SAD,SAD,73,141,SAD Retained,SAD Retained,AAP Deficit,ਆਪ ਘਾਟ,INC Deficit,"{'AAP': 'LOST_BOTH', 'SAD': 'WON_BOTH', 'INC': 'WEAK', 'BJP': 'WEAK'}",False,"{'is_flip': False, 'status_label': 'SAD Retained', 'turnout_diff': -169, 'turnout_pct': -25.64, 'sad_swing': 12.16, 'aap_swing': 7.82, 'inc_swing': -21.87, 'bjp_swing': 2.66}",659,490,-169,-25.64,283,270,-13,42.94,55.1,12.16,122,129,7,18.51,26.33,7.82,210,49,-161,31.87,10.0,-21.87,4,16,12,0.61,3.27,2.66,16,3.27,"{'total': 659, 'sad': 283, 'aap': 122, 'inc': 210, 'bjp': 4, 'sad_votes': 283, 'sad_pct': 42.94, 'aap_votes': 122, 'aap_pct': 18.51, 'inc_votes': 210, 'inc_pct': 31.87, 'bjp_votes': 4, 'bjp_pct': 0.61, 'winner_party': 'SAD', 'margin': 73, 'winner_candidate': 'Ganieve Kaur Majithia'}","{'total': 490, 'sad': 270, 'aap': 129, 'inc': 49, 'bjp': 16, 'sada': 16, 'bsp': 2, 'others': 8, 'sad_votes': 270, 'sad_pct': 55.1, 'aap_votes': 129, 'aap_pct': 26.33, 'inc_votes': 49, 'inc_pct': 10.0, 'bjp_votes': 16, 'bjp_pct': 3.27, 'sada_votes': 16, 'sada_pct': 3.27, 'winner_party': 'SAD', 'margin': 141, 'winner_candidate': 'Anil Joshi'}","{'turnout_diff': -169, 'turnout_pct': -25.64, 'sad_shift': -13, 'sad_swing': 12.16, 'aap_shift': 7, 'aap_swing': 7.82, 'inc_shift': -161, 'inc_swing': -21.87, 'bjp_shift': 12, 'bjp_swing': 2.66}",Akali Bastion: Strategic Penetration & Demolition Zone,ਅਕਾਲੀ ਦਲ ਦਾ ਪ੍ਰਭਾਵਿਤ ਖੇਤਰ: ਵਿਸ਼ੇਸ਼ ਘੇਰਾਬੰਦੀ ਜ਼ੋਨ,SAD retained lead here by +141 votes (55.1% share). Target moderate Panthic and farming families in Bhangali Kalan disillusioned with traditional leadership. Appoint dedicated block coordinators and highlight direct government procurement and village development works.,ਅਕਾਲੀ ਦਲ ਨੇ ਇੱਥੇ +141 ਵੋਟਾਂ (55.1%) ਨਾਲ ਲੀਡ ਬਣਾਈ ਹੈ। ਭੰਗਾਲੀ ਕਲਾਂ ਵਿੱਚ ਰਵਾਇਤੀ ਲੀਡਰਸ਼ਿਪ ਤੋਂ ਨਿਰਾਸ਼ ਕਿਸਾਨ ਅਤੇ ਪੰਥਕ ਪਰਿਵਾਰਾਂ ਨਾਲ ਸੰਵਾਦ ਕਰੋ। ਪਿੰਡਾਂ ਵਿੱਚ ਪੰਜਾਬ ਸਰਕਾਰ ਦੇ ਵਿਕਾਸ ਕਾਰਜਾਂ ਅਤੇ ਨਿਰਪੱਖ ਭਰਤੀਆਂ ਦੇ ਸੁਨੇਹੇ ਨਾਲ ਸੰਨ੍ਹ ਲਗਾਓ।,"{'booth_no': '27', 'village_en': 'Bhangali Kalan', 'village_pa': 'ਭੰਗਾਲੀ ਕਲਾਂ', 'zone_en': 'Akali Bastion: Strategic Penetration & Demolition Zone', 'zone_pa': 'ਅਕਾਲੀ ਦਲ ਦਾ ਪ੍ਰਭਾਵਿਤ ਖੇਤਰ: ਵਿਸ਼ੇਸ਼ ਘੇਰਾਬੰਦੀ ਜ਼ੋਨ', 'action_en': 'SAD retained lead here by +141 votes (55.1% share). Target moderate Panthic and farming families in Bhangali Kalan disillusioned with traditional leadership. Appoint dedicated block coordinators and highlight direct government procurement and village development works.', 'action_pa': 'ਅਕਾਲੀ ਦਲ ਨੇ ਇੱਥੇ +141 ਵੋਟਾਂ (55.1%) ਨਾਲ ਲੀਡ ਬਣਾਈ ਹੈ। ਭੰਗਾਲੀ ਕਲਾਂ ਵਿੱਚ ਰਵਾਇਤੀ ਲੀਡਰਸ਼ਿਪ ਤੋਂ ਨਿਰਾਸ਼ ਕਿਸਾਨ ਅਤੇ ਪੰਥਕ ਪਰਿਵਾਰਾਂ ਨਾਲ ਸੰਵਾਦ ਕਰੋ। ਪਿੰਡਾਂ ਵਿੱਚ ਪੰਜਾਬ ਸਰਕਾਰ ਦੇ ਵਿਕਾਸ ਕਾਰਜਾਂ ਅਤੇ ਨਿਰਪੱਖ ਭਰਤੀਆਂ ਦੇ ਸੁਨੇਹੇ ਨਾਲ ਸੰਨ੍ਹ ਲਗਾਓ।', 'action_steps_en': ['Days 1-30: Map the top 30 influential non-committed Panthic families in Bhangali Kalan.', 'Days 31-60: Deploy senior constituency leaders for direct home visits to address local disgruntlement.', ""Days 61-90: Neutralize SAD's +141 vote cushion by winning over agricultural youth.""], 'action_steps_pa': ['ਦਿਨ 1-30: ਭੰਗਾਲੀ ਕਲਾਂ ਦੇ 30 ਨਿਰਪੱਖ ਅਤੇ ਪ੍ਰਭਾਵਸ਼ਾਲੀ ਪਰਿਵਾਰਾਂ ਦੀ ਸ਼ਨਾਖਤ ਕਰੋ।', 'ਦਿਨ 31-60: ਸੀਨੀਅਰ ਲੀਡਰਸ਼ਿਪ ਰਾਹੀਂ ਘਰ-ਘਰ ਜਾ ਕੇ ਸਰਕਾਰ ਦੀਆਂ ਨਿਰਪੱਖ ਨੀਤੀਆਂ ਸਾਂਝੀਆਂ ਕਰੋ।', 'ਦਿਨ 61-90: ਨੌਜਵਾਨ ਵਰਗ ਨੂੰ ਸਰਕਾਰੀ ਨੌਕਰੀਆਂ ਅਤੇ ਖੇਡ ਕਿੱਟਾਂ ਰਾਹੀਂ ਪਾਰਟੀ ਨਾਲ ਜੋੜ ਕੇ ਲੀਡ ਘਟਾਓ।'], 'action_steps': ['ਦਿਨ 1-30: ਭੰਗਾਲੀ ਕਲਾਂ ਦੇ 30 ਨਿਰਪੱਖ ਅਤੇ ਪ੍ਰਭਾਵਸ਼ਾਲੀ ਪਰਿਵਾਰਾਂ ਦੀ ਸ਼ਨਾਖਤ ਕਰੋ।', 'ਦਿਨ 31-60: ਸੀਨੀਅਰ ਲੀਡਰਸ਼ਿਪ ਰਾਹੀਂ ਘਰ-ਘਰ ਜਾ ਕੇ ਸਰਕਾਰ ਦੀਆਂ ਨਿਰਪੱਖ ਨੀਤੀਆਂ ਸਾਂਝੀਆਂ ਕਰੋ।', 'ਦਿਨ 61-90: ਨੌਜਵਾਨ ਵਰਗ ਨੂੰ ਸਰਕਾਰੀ ਨੌਕਰੀਆਂ ਅਤੇ ਖੇਡ ਕਿੱਟਾਂ ਰਾਹੀਂ ਪਾਰਟੀ ਨਾਲ ਜੋੜ ਕੇ ਲੀਡ ਘਟਾਓ।']}"
29,28,Bhangali Khurd,ਭੰਗਾਲੀ ਖੁਰਦ,ਭੰਗਾਲੀ ਖੁਰਦ,Bhangali Khurd,ਭੰਗਾਲੀ ਖੁਰਦ,INC,SAD,42,146,INC → SAD,INC → SAD,AAP Deficit,ਆਪ ਘਾਟ,INC Loss,"{'AAP': 'WEAK', 'SAD': 'GAINED', 'INC': 'LOST_24', 'BJP': 'WEAK'}",True,"{'is_flip': True, 'status_label': 'INC → SAD', 'turnout_diff': -19, 'turnout_pct': -2.79, 'sad_swing': 12.06, 'aap_swing': 1.64, 'inc_swing': -16.12, 'bjp_swing': 4.08}",682,663,-19,-2.79,248,321,73,36.36,48.42,12.06,104,112,8,15.25,16.89,1.64,290,175,-115,42.52,26.4,-16.12,3,30,27,0.44,4.52,4.08,10,1.51,"{'total': 682, 'sad': 248, 'aap': 104, 'inc': 290, 'bjp': 3, 'sad_votes': 248, 'sad_pct': 36.36, 'aap_votes': 104, 'aap_pct': 15.25, 'inc_votes': 290, 'inc_pct': 42.52, 'bjp_votes': 3, 'bjp_pct': 0.44, 'winner_party': 'INC', 'margin': 42, 'winner_candidate': 'Jagwinder Pal Singh (Jagga)'}","{'total': 663, 'sad': 321, 'aap': 112, 'inc': 175, 'bjp': 30, 'sada': 10, 'bsp': 1, 'others': 12, 'sad_votes': 321, 'sad_pct': 48.42, 'aap_votes': 112, 'aap_pct': 16.89, 'inc_votes': 175, 'inc_pct': 26.4, 'bjp_votes': 30, 'bjp_pct': 4.52, 'sada_votes': 10, 'sada_pct': 1.51, 'winner_party': 'SAD', 'margin': 146, 'winner_candidate': 'Anil Joshi'}","{'turnout_diff': -19, 'turnout_pct': -2.79, 'sad_shift': 73, 'sad_swing': 12.06, 'aap_shift': 8, 'aap_swing': 1.64, 'inc_shift': -115, 'inc_swing': -16.12, 'bjp_shift': 27, 'bjp_swing': 4.08}",Akali Bastion: Strategic Penetration & Demolition Zone,ਅਕਾਲੀ ਦਲ ਦਾ ਪ੍ਰਭਾਵਿਤ ਖੇਤਰ: ਵਿਸ਼ੇਸ਼ ਘੇਰਾਬੰਦੀ ਜ਼ੋਨ,SAD retained lead here by +146 votes (48.4% share). Target moderate Panthic and farming families in Bhangali Khurd disillusioned with traditional leadership. Appoint dedicated block coordinators and highlight direct government procurement and village development works.,ਅਕਾਲੀ ਦਲ ਨੇ ਇੱਥੇ +146 ਵੋਟਾਂ (48.4%) ਨਾਲ ਲੀਡ ਬਣਾਈ ਹੈ। ਭੰਗਾਲੀ ਖੁਰਦ ਵਿੱਚ ਰਵਾਇਤੀ ਲੀਡਰਸ਼ਿਪ ਤੋਂ ਨਿਰਾਸ਼ ਕਿਸਾਨ ਅਤੇ ਪੰਥਕ ਪਰਿਵਾਰਾਂ ਨਾਲ ਸੰਵਾਦ ਕਰੋ। ਪਿੰਡਾਂ ਵਿੱਚ ਪੰਜਾਬ ਸਰਕਾਰ ਦੇ ਵਿਕਾਸ ਕਾਰਜਾਂ ਅਤੇ ਨਿਰਪੱਖ ਭਰਤੀਆਂ ਦੇ ਸੁਨੇਹੇ ਨਾਲ ਸੰਨ੍ਹ ਲਗਾਓ।,"{'booth_no': '28', 'village_en': 'Bhangali Khurd', 'village_pa': 'ਭੰਗਾਲੀ ਖੁਰਦ', 'zone_en': 'Akali Bastion: Strategic Penetration & Demolition Zone', 'zone_pa': 'ਅਕਾਲੀ ਦਲ ਦਾ ਪ੍ਰਭਾਵਿਤ ਖੇਤਰ: ਵਿਸ਼ੇਸ਼ ਘੇਰਾਬੰਦੀ ਜ਼ੋਨ', 'action_en': 'SAD retained lead here by +146 votes (48.4% share). Target moderate Panthic and farming families in Bhangali Khurd disillusioned with traditional leadership. Appoint dedicated block coordinators and highlight direct government procurement and village development works.', 'action_pa': 'ਅਕਾਲੀ ਦਲ ਨੇ ਇੱਥੇ +146 ਵੋਟਾਂ (48.4%) ਨਾਲ ਲੀਡ ਬਣਾਈ ਹੈ। ਭੰਗਾਲੀ ਖੁਰਦ ਵਿੱਚ ਰਵਾਇਤੀ ਲੀਡਰਸ਼ਿਪ ਤੋਂ ਨਿਰਾਸ਼ ਕਿਸਾਨ ਅਤੇ ਪੰਥਕ ਪਰਿਵਾਰਾਂ ਨਾਲ ਸੰਵਾਦ ਕਰੋ। ਪਿੰਡਾਂ ਵਿੱਚ ਪੰਜਾਬ ਸਰਕਾਰ ਦੇ ਵਿਕਾਸ ਕਾਰਜਾਂ ਅਤੇ ਨਿਰਪੱਖ ਭਰਤੀਆਂ ਦੇ ਸੁਨੇਹੇ ਨਾਲ ਸੰਨ੍ਹ ਲਗਾਓ।', 'action_steps_en': ['Days 1-30: Map the top 30 influential non-committed Panthic families in Bhangali Khurd.', 'Days 31-60: Deploy senior constituency leaders for direct home visits to address local disgruntlement.', ""Days 61-90: Neutralize SAD's +146 vote cushion by winning over agricultural youth.""], 'action_steps_pa': ['ਦਿਨ 1-30: ਭੰਗਾਲੀ ਖੁਰਦ ਦੇ 30 ਨਿਰਪੱਖ ਅਤੇ ਪ੍ਰਭਾਵਸ਼ਾਲੀ ਪਰਿਵਾਰਾਂ ਦੀ ਸ਼ਨਾਖਤ ਕਰੋ।', 'ਦਿਨ 31-60: ਸੀਨੀਅਰ ਲੀਡਰਸ਼ਿਪ ਰਾਹੀਂ ਘਰ-ਘਰ ਜਾ ਕੇ ਸਰਕਾਰ ਦੀਆਂ ਨਿਰਪੱਖ ਨੀਤੀਆਂ ਸਾਂਝੀਆਂ ਕਰੋ।', 'ਦਿਨ 61-90: ਨੌਜਵਾਨ ਵਰਗ ਨੂੰ ਸਰਕਾਰੀ ਨੌਕਰੀਆਂ ਅਤੇ ਖੇਡ ਕਿੱਟਾਂ ਰਾਹੀਂ ਪਾਰਟੀ ਨਾਲ ਜੋੜ ਕੇ ਲੀਡ ਘਟਾਓ।'], 'action_steps': ['ਦਿਨ 1-30: ਭੰਗਾਲੀ ਖੁਰਦ ਦੇ 30 ਨਿਰਪੱਖ ਅਤੇ ਪ੍ਰਭਾਵਸ਼ਾਲੀ ਪਰਿਵਾਰਾਂ ਦੀ ਸ਼ਨਾਖਤ ਕਰੋ।', 'ਦਿਨ 31-60: ਸੀਨੀਅਰ ਲੀਡਰਸ਼ਿਪ ਰਾਹੀਂ ਘਰ-ਘਰ ਜਾ ਕੇ ਸਰਕਾਰ ਦੀਆਂ ਨਿਰਪੱਖ ਨੀਤੀਆਂ ਸਾਂਝੀਆਂ ਕਰੋ।', 'ਦਿਨ 61-90: ਨੌਜਵਾਨ ਵਰਗ ਨੂੰ ਸਰਕਾਰੀ ਨੌਕਰੀਆਂ ਅਤੇ ਖੇਡ ਕਿੱਟਾਂ ਰਾਹੀਂ ਪਾਰਟੀ ਨਾਲ ਜੋੜ ਕੇ ਲੀਡ ਘਟਾਓ।']}"
30,29,Bhangwan,ਭਾਂਗਵਾਂ,ਭਾਂਗਵਾਂ,Bhangwan,ਭਾਂਗਵਾਂ,SAD,SAD,98,190,SAD Retained,SAD Retained,AAP Deficit,ਆਪ ਘਾਟ,INC Deficit,"{'AAP': 'WEAK', 'SAD': 'WON_BOTH', 'INC': 'LOST_BOTH', 'BJP': 'WEAK'}",False,"{'is_flip': False, 'status_label': 'SAD Retained', 'turnout_diff': -48, 'turnout_pct': -7.52, 'sad_swing': 6.85, 'aap_swing': -0.44, 'inc_swing': -10.17, 'bjp_swing': 4.65}",638,590,-48,-7.52,284,303,19,44.51,51.36,6.85,125,113,-12,19.59,19.15,-0.44,186,112,-74,29.15,18.98,-10.17,6,33,27,0.94,5.59,4.65,9,1.53,"{'total': 638, 'sad': 284, 'aap': 125, 'inc': 186, 'bjp': 6, 'sad_votes': 284, 'sad_pct': 44.51, 'aap_votes': 125, 'aap_pct': 19.59, 'inc_votes': 186, 'inc_pct': 29.15, 'bjp_votes': 6, 'bjp_pct': 0.94, 'winner_party': 'SAD', 'margin': 98, 'winner_candidate': 'Ganieve Kaur Majithia'}","{'total': 590, 'sad': 303, 'aap': 113, 'inc': 112, 'bjp': 33, 'sada': 9, 'bsp': 1, 'others': 17, 'sad_votes': 303, 'sad_pct': 51.36, 'aap_votes': 113, 'aap_pct': 19.15, 'inc_votes': 112, 'inc_pct': 18.98, 'bjp_votes': 33, 'bjp_pct': 5.59, 'sada_votes': 9, 'sada_pct': 1.53, 'winner_party': 'SAD', 'margin': 190, 'winner_candidate': 'Anil Joshi'}","{'turnout_diff': -48, 'turnout_pct': -7.52, 'sad_shift': 19, 'sad_swing': 6.85, 'aap_shift': -12, 'aap_swing': -0.44, 'inc_shift': -74, 'inc_swing': -10.17, 'bjp_shift': 27, 'bjp_swing': 4.65}",Akali Bastion: Strategic Penetration & Demolition Zone,ਅਕਾਲੀ ਦਲ ਦਾ ਪ੍ਰਭਾਵਿਤ ਖੇਤਰ: ਵਿਸ਼ੇਸ਼ ਘੇਰਾਬੰਦੀ ਜ਼ੋਨ,SAD retained lead here by +190 votes (51.4% share). Target moderate Panthic and farming families in Bhangwan disillusioned with traditional leadership. Appoint dedicated block coordinators and highlight direct government procurement and village development works.,ਅਕਾਲੀ ਦਲ ਨੇ ਇੱਥੇ +190 ਵੋਟਾਂ (51.4%) ਨਾਲ ਲੀਡ ਬਣਾਈ ਹੈ। ਭਾਂਗਵਾਂ ਵਿੱਚ ਰਵਾਇਤੀ ਲੀਡਰਸ਼ਿਪ ਤੋਂ ਨਿਰਾਸ਼ ਕਿਸਾਨ ਅਤੇ ਪੰਥਕ ਪਰਿਵਾਰਾਂ ਨਾਲ ਸੰਵਾਦ ਕਰੋ। ਪਿੰਡਾਂ ਵਿੱਚ ਪੰਜਾਬ ਸਰਕਾਰ ਦੇ ਵਿਕਾਸ ਕਾਰਜਾਂ ਅਤੇ ਨਿਰਪੱਖ ਭਰਤੀਆਂ ਦੇ ਸੁਨੇਹੇ ਨਾਲ ਸੰਨ੍ਹ ਲਗਾਓ।,"{'booth_no': '29', 'village_en': 'Bhangwan', 'village_pa': 'ਭਾਂਗਵਾਂ', 'zone_en': 'Akali Bastion: Strategic Penetration & Demolition Zone', 'zone_pa': 'ਅਕਾਲੀ ਦਲ ਦਾ ਪ੍ਰਭਾਵਿਤ ਖੇਤਰ: ਵਿਸ਼ੇਸ਼ ਘੇਰਾਬੰਦੀ ਜ਼ੋਨ', 'action_en': 'SAD retained lead here by +190 votes (51.4% share). Target moderate Panthic and farming families in Bhangwan disillusioned with traditional leadership. Appoint dedicated block coordinators and highlight direct government procurement and village development works.', 'action_pa': 'ਅਕਾਲੀ ਦਲ ਨੇ ਇੱਥੇ +190 ਵੋਟਾਂ (51.4%) ਨਾਲ ਲੀਡ ਬਣਾਈ ਹੈ। ਭਾਂਗਵਾਂ ਵਿੱਚ ਰਵਾਇਤੀ ਲੀਡਰਸ਼ਿਪ ਤੋਂ ਨਿਰਾਸ਼ ਕਿਸਾਨ ਅਤੇ ਪੰਥਕ ਪਰਿਵਾਰਾਂ ਨਾਲ ਸੰਵਾਦ ਕਰੋ। ਪਿੰਡਾਂ ਵਿੱਚ ਪੰਜਾਬ ਸਰਕਾਰ ਦੇ ਵਿਕਾਸ ਕਾਰਜਾਂ ਅਤੇ ਨਿਰਪੱਖ ਭਰਤੀਆਂ ਦੇ ਸੁਨੇਹੇ ਨਾਲ ਸੰਨ੍ਹ ਲਗਾਓ।', 'action_steps_en': ['Days 1-30: Map the top 30 influential non-committed Panthic families in Bhangwan.', 'Days 31-60: Deploy senior constituency leaders for direct home visits to address local disgruntlement.', ""Days 61-90: Neutralize SAD's +190 vote cushion by winning over agricultural youth.""], 'action_steps_pa': ['ਦਿਨ 1-30: ਭਾਂਗਵਾਂ ਦੇ 30 ਨਿਰਪੱਖ ਅਤੇ ਪ੍ਰਭਾਵਸ਼ਾਲੀ ਪਰਿਵਾਰਾਂ ਦੀ ਸ਼ਨਾਖਤ ਕਰੋ।', 'ਦਿਨ 31-60: ਸੀਨੀਅਰ ਲੀਡਰਸ਼ਿਪ ਰਾਹੀਂ ਘਰ-ਘਰ ਜਾ ਕੇ ਸਰਕਾਰ ਦੀਆਂ ਨਿਰਪੱਖ ਨੀਤੀਆਂ ਸਾਂਝੀਆਂ ਕਰੋ।', 'ਦਿਨ 61-90: ਨੌਜਵਾਨ ਵਰਗ ਨੂੰ ਸਰਕਾਰੀ ਨੌਕਰੀਆਂ ਅਤੇ ਖੇਡ ਕਿੱਟਾਂ ਰਾਹੀਂ ਪਾਰਟੀ ਨਾਲ ਜੋੜ ਕੇ ਲੀਡ ਘਟਾਓ।'], 'action_steps': ['ਦਿਨ 1-30: ਭਾਂਗਵਾਂ ਦੇ 30 ਨਿਰਪੱਖ ਅਤੇ ਪ੍ਰਭਾਵਸ਼ਾਲੀ ਪਰਿਵਾਰਾਂ ਦੀ ਸ਼ਨਾਖਤ ਕਰੋ।', 'ਦਿਨ 31-60: ਸੀਨੀਅਰ ਲੀਡਰਸ਼ਿਪ ਰਾਹੀਂ ਘਰ-ਘਰ ਜਾ ਕੇ ਸਰਕਾਰ ਦੀਆਂ ਨਿਰਪੱਖ ਨੀਤੀਆਂ ਸਾਂਝੀਆਂ ਕਰੋ।', 'ਦਿਨ 61-90: ਨੌਜਵਾਨ ਵਰਗ ਨੂੰ ਸਰਕਾਰੀ ਨੌਕਰੀਆਂ ਅਤੇ ਖੇਡ ਕਿੱਟਾਂ ਰਾਹੀਂ ਪਾਰਟੀ ਨਾਲ ਜੋੜ ਕੇ ਲੀਡ ਘਟਾਓ।']}"
31,30,Bhoma,ਭੋਮਾ,ਭੋਮਾ,Bhoma,ਭੋਮਾ,SAD,SAD,151,36,SAD Retained,SAD Retained,AAP Deficit,ਆਪ ਘਾਟ,INC Deficit,"{'AAP': 'LOST_BOTH', 'SAD': 'WON_BOTH', 'INC': 'WEAK', 'BJP': 'LOST_BOTH'}",False,"{'is_flip': False, 'status_label': 'SAD Retained', 'turnout_diff': -255, 'turnout_pct': -35.27, 'sad_swing': -9.55, 'aap_swing': 3.63, 'inc_swing': -0.92, 'bjp_swing': 12.01}",723,468,-255,-35.27,341,176,-165,47.16,37.61,-9.55,190,140,-50,26.28,29.91,3.63,104,63,-41,14.38,13.46,-0.92,9,62,53,1.24,13.25,12.01,1,0.21,"{'total': 723, 'sad': 341, 'aap': 190, 'inc': 104, 'bjp': 9, 'sad_votes': 341, 'sad_pct': 47.16, 'aap_votes': 190, 'aap_pct': 26.28, 'inc_votes': 104, 'inc_pct': 14.38, 'bjp_votes': 9, 'bjp_pct': 1.24, 'winner_party': 'SAD', 'margin': 151, 'winner_candidate': 'Ganieve Kaur Majithia'}","{'total': 468, 'sad': 176, 'aap': 140, 'inc': 63, 'bjp': 62, 'sada': 1, 'bsp': 4, 'others': 21, 'sad_votes': 176, 'sad_pct': 37.61, 'aap_votes': 140, 'aap_pct': 29.91, 'inc_votes': 63, 'inc_pct': 13.46, 'bjp_votes': 62, 'bjp_pct': 13.25, 'sada_votes': 1, 'sada_pct': 0.21, 'winner_party': 'SAD', 'margin': 36, 'winner_candidate': 'Anil Joshi'}","{'turnout_diff': -255, 'turnout_pct': -35.27, 'sad_shift': -165, 'sad_swing': -9.55, 'aap_shift': -50, 'aap_swing': 3.63, 'inc_shift': -41, 'inc_swing': -0.92, 'bjp_shift': 53, 'bjp_swing': 12.01}",Akali Bastion: Strategic Penetration & Demolition Zone,ਅਕਾਲੀ ਦਲ ਦਾ ਪ੍ਰਭਾਵਿਤ ਖੇਤਰ: ਵਿਸ਼ੇਸ਼ ਘੇਰਾਬੰਦੀ ਜ਼ੋਨ,SAD retained lead here by +36 votes (37.6% share). Target moderate Panthic and farming families in Bhoma disillusioned with traditional leadership. Appoint dedicated block coordinators and highlight direct government procurement and village development works.,ਅਕਾਲੀ ਦਲ ਨੇ ਇੱਥੇ +36 ਵੋਟਾਂ (37.6%) ਨਾਲ ਲੀਡ ਬਣਾਈ ਹੈ। ਭੋਮਾ ਵਿੱਚ ਰਵਾਇਤੀ ਲੀਡਰਸ਼ਿਪ ਤੋਂ ਨਿਰਾਸ਼ ਕਿਸਾਨ ਅਤੇ ਪੰਥਕ ਪਰਿਵਾਰਾਂ ਨਾਲ ਸੰਵਾਦ ਕਰੋ। ਪਿੰਡਾਂ ਵਿੱਚ ਪੰਜਾਬ ਸਰਕਾਰ ਦੇ ਵਿਕਾਸ ਕਾਰਜਾਂ ਅਤੇ ਨਿਰਪੱਖ ਭਰਤੀਆਂ ਦੇ ਸੁਨੇਹੇ ਨਾਲ ਸੰਨ੍ਹ ਲਗਾਓ।,"{'booth_no': '30', 'village_en': 'Bhoma', 'village_pa': 'ਭੋਮਾ', 'zone_en': 'Akali Bastion: Strategic Penetration & Demolition Zone', 'zone_pa': 'ਅਕਾਲੀ ਦਲ ਦਾ ਪ੍ਰਭਾਵਿਤ ਖੇਤਰ: ਵਿਸ਼ੇਸ਼ ਘੇਰਾਬੰਦੀ ਜ਼ੋਨ', 'action_en': 'SAD retained lead here by +36 votes (37.6% share). Target moderate Panthic and farming families in Bhoma disillusioned with traditional leadership. Appoint dedicated block coordinators and highlight direct government procurement and village development works.', 'action_pa': 'ਅਕਾਲੀ ਦਲ ਨੇ ਇੱਥੇ +36 ਵੋਟਾਂ (37.6%) ਨਾਲ ਲੀਡ ਬਣਾਈ ਹੈ। ਭੋਮਾ ਵਿੱਚ ਰਵਾਇਤੀ ਲੀਡਰਸ਼ਿਪ ਤੋਂ ਨਿਰਾਸ਼ ਕਿਸਾਨ ਅਤੇ ਪੰਥਕ ਪਰਿਵਾਰਾਂ ਨਾਲ ਸੰਵਾਦ ਕਰੋ। ਪਿੰਡਾਂ ਵਿੱਚ ਪੰਜਾਬ ਸਰਕਾਰ ਦੇ ਵਿਕਾਸ ਕਾਰਜਾਂ ਅਤੇ ਨਿਰਪੱਖ ਭਰਤੀਆਂ ਦੇ ਸੁਨੇਹੇ ਨਾਲ ਸੰਨ੍ਹ ਲਗਾਓ।', 'action_steps_en': ['Days 1-30: Map the top 30 influential non-committed Panthic families in Bhoma.', 'Days 31-60: Deploy senior constituency leaders for direct home visits to address local disgruntlement.', ""Days 61-90: Neutralize SAD's +36 vote cushion by winning over agricultural youth.""], 'action_steps_pa': ['ਦਿਨ 1-30: ਭੋਮਾ ਦੇ 30 ਨਿਰਪੱਖ ਅਤੇ ਪ੍ਰਭਾਵਸ਼ਾਲੀ ਪਰਿਵਾਰਾਂ ਦੀ ਸ਼ਨਾਖਤ ਕਰੋ।', 'ਦਿਨ 31-60: ਸੀਨੀਅਰ ਲੀਡਰਸ਼ਿਪ ਰਾਹੀਂ ਘਰ-ਘਰ ਜਾ ਕੇ ਸਰਕਾਰ ਦੀਆਂ ਨਿਰਪੱਖ ਨੀਤੀਆਂ ਸਾਂਝੀਆਂ ਕਰੋ।', 'ਦਿਨ 61-90: ਨੌਜਵਾਨ ਵਰਗ ਨੂੰ ਸਰਕਾਰੀ ਨੌਕਰੀਆਂ ਅਤੇ ਖੇਡ ਕਿੱਟਾਂ ਰਾਹੀਂ ਪਾਰਟੀ ਨਾਲ ਜੋੜ ਕੇ ਲੀਡ ਘਟਾਓ।'], 'action_steps': ['ਦਿਨ 1-30: ਭੋਮਾ ਦੇ 30 ਨਿਰਪੱਖ ਅਤੇ ਪ੍ਰਭਾਵਸ਼ਾਲੀ ਪਰਿਵਾਰਾਂ ਦੀ ਸ਼ਨਾਖਤ ਕਰੋ।', 'ਦਿਨ 31-60: ਸੀਨੀਅਰ ਲੀਡਰਸ਼ਿਪ ਰਾਹੀਂ ਘਰ-ਘਰ ਜਾ ਕੇ ਸਰਕਾਰ ਦੀਆਂ ਨਿਰਪੱਖ ਨੀਤੀਆਂ ਸਾਂਝੀਆਂ ਕਰੋ।', 'ਦਿਨ 61-90: ਨੌਜਵਾਨ ਵਰਗ ਨੂੰ ਸਰਕਾਰੀ ਨੌਕਰੀਆਂ ਅਤੇ ਖੇਡ ਕਿੱਟਾਂ ਰਾਹੀਂ ਪਾਰਟੀ ਨਾਲ ਜੋੜ ਕੇ ਲੀਡ ਘਟਾਓ।']}"
32,31,Bhoya Fatehgarh,ਭੋਇਆ ਫ਼ਤਿਹਗੜ੍ਹ,ਭੋਇਆ ਫ਼ਤਿਹਗੜ੍ਹ,Bhoya Fatehgarh,ਭੋਇਆ ਫ਼ਤਿਹਗੜ੍ਹ,SAD,SAD,103,143,SAD Retained,SAD Retained,AAP Deficit,ਆਪ ਘਾਟ,INC Deficit,"{'AAP': 'WEAK', 'SAD': 'WON_BOTH', 'INC': 'WEAK', 'BJP': 'LOST_BOTH'}",False,"{'is_flip': False, 'status_label': 'SAD Retained', 'turnout_diff': 33, 'turnout_pct': 5.82, 'sad_swing': -5.15, 'aap_swing': -0.48, 'inc_swing': -15.48, 'bjp_swing': 16.52}",567,600,33,5.82,273,258,-15,48.15,43.0,-5.15,84,86,2,14.81,14.33,-0.48,170,87,-83,29.98,14.5,-15.48,15,115,100,2.65,19.17,16.52,21,3.5,"{'total': 567, 'sad': 273, 'aap': 84, 'inc': 170, 'bjp': 15, 'sad_votes': 273, 'sad_pct': 48.15, 'aap_votes': 84, 'aap_pct': 14.81, 'inc_votes': 170, 'inc_pct': 29.98, 'bjp_votes': 15, 'bjp_pct': 2.65, 'winner_party': 'SAD', 'margin': 103, 'winner_candidate': 'Ganieve Kaur Majithia'}","{'total': 600, 'sad': 258, 'aap': 86, 'inc': 87, 'bjp': 115, 'sada': 21, 'bsp': 1, 'others': 28, 'sad_votes': 258, 'sad_pct': 43.0, 'aap_votes': 86, 'aap_pct': 14.33, 'inc_votes': 87, 'inc_pct': 14.5, 'bjp_votes': 115, 'bjp_pct': 19.17, 'sada_votes': 21, 'sada_pct': 3.5, 'winner_party': 'SAD', 'margin': 143, 'winner_candidate': 'Anil Joshi'}","{'turnout_diff': 33, 'turnout_pct': 5.82, 'sad_shift': -15, 'sad_swing': -5.15, 'aap_shift': 2, 'aap_swing': -0.48, 'inc_shift': -83, 'inc_swing': -15.48, 'bjp_shift': 100, 'bjp_swing': 16.52}",Akali Bastion: Strategic Penetration & Demolition Zone,ਅਕਾਲੀ ਦਲ ਦਾ ਪ੍ਰਭਾਵਿਤ ਖੇਤਰ: ਵਿਸ਼ੇਸ਼ ਘੇਰਾਬੰਦੀ ਜ਼ੋਨ,SAD retained lead here by +143 votes (43.0% share). Target moderate Panthic and farming families in Bhoya Fatehgarh disillusioned with traditional leadership. Appoint dedicated block coordinators and highlight direct government procurement and village development works.,ਅਕਾਲੀ ਦਲ ਨੇ ਇੱਥੇ +143 ਵੋਟਾਂ (43.0%) ਨਾਲ ਲੀਡ ਬਣਾਈ ਹੈ। ਭੋਇਆ ਫ਼ਤਿਹਗੜ੍ਹ ਵਿੱਚ ਰਵਾਇਤੀ ਲੀਡਰਸ਼ਿਪ ਤੋਂ ਨਿਰਾਸ਼ ਕਿਸਾਨ ਅਤੇ ਪੰਥਕ ਪਰਿਵਾਰਾਂ ਨਾਲ ਸੰਵਾਦ ਕਰੋ। ਪਿੰਡਾਂ ਵਿੱਚ ਪੰਜਾਬ ਸਰਕਾਰ ਦੇ ਵਿਕਾਸ ਕਾਰਜਾਂ ਅਤੇ ਨਿਰਪੱਖ ਭਰਤੀਆਂ ਦੇ ਸੁਨੇਹੇ ਨਾਲ ਸੰਨ੍ਹ ਲਗਾਓ।,"{'booth_no': '31', 'village_en': 'Bhoya Fatehgarh', 'village_pa': 'ਭੋਇਆ ਫ਼ਤਿਹਗੜ੍ਹ', 'zone_en': 'Akali Bastion: Strategic Penetration & Demolition Zone', 'zone_pa': 'ਅਕਾਲੀ ਦਲ ਦਾ ਪ੍ਰਭਾਵਿਤ ਖੇਤਰ: ਵਿਸ਼ੇਸ਼ ਘੇਰਾਬੰਦੀ ਜ਼ੋਨ', 'action_en': 'SAD retained lead here by +143 votes (43.0% share). Target moderate Panthic and farming families in Bhoya Fatehgarh disillusioned with traditional leadership. Appoint dedicated block coordinators and highlight direct government procurement and village development works.', 'action_pa': 'ਅਕਾਲੀ ਦਲ ਨੇ ਇੱਥੇ +143 ਵੋਟਾਂ (43.0%) ਨਾਲ ਲੀਡ ਬਣਾਈ ਹੈ। ਭੋਇਆ ਫ਼ਤਿਹਗੜ੍ਹ ਵਿੱਚ ਰਵਾਇਤੀ ਲੀਡਰਸ਼ਿਪ ਤੋਂ ਨਿਰਾਸ਼ ਕਿਸਾਨ ਅਤੇ ਪੰਥਕ ਪਰਿਵਾਰਾਂ ਨਾਲ ਸੰਵਾਦ ਕਰੋ। ਪਿੰਡਾਂ ਵਿੱਚ ਪੰਜਾਬ ਸਰਕਾਰ ਦੇ ਵਿਕਾਸ ਕਾਰਜਾਂ ਅਤੇ ਨਿਰਪੱਖ ਭਰਤੀਆਂ ਦੇ ਸੁਨੇਹੇ ਨਾਲ ਸੰਨ੍ਹ ਲਗਾਓ।', 'action_steps_en': ['Days 1-30: Map the top 30 influential non-committed Panthic families in Bhoya Fatehgarh.', 'Days 31-60: Deploy senior constituency leaders for direct home visits to address local disgruntlement.', ""Days 61-90: Neutralize SAD's +143 vote cushion by winning over agricultural youth.""], 'action_steps_pa': ['ਦਿਨ 1-30: ਭੋਇਆ ਫ਼ਤਿਹਗੜ੍ਹ ਦੇ 30 ਨਿਰਪੱਖ ਅਤੇ ਪ੍ਰਭਾਵਸ਼ਾਲੀ ਪਰਿਵਾਰਾਂ ਦੀ ਸ਼ਨਾਖਤ ਕਰੋ।', 'ਦਿਨ 31-60: ਸੀਨੀਅਰ ਲੀਡਰਸ਼ਿਪ ਰਾਹੀਂ ਘਰ-ਘਰ ਜਾ ਕੇ ਸਰਕਾਰ ਦੀਆਂ ਨਿਰਪੱਖ ਨੀਤੀਆਂ ਸਾਂਝੀਆਂ ਕਰੋ।', 'ਦਿਨ 61-90: ਨੌਜਵਾਨ ਵਰਗ ਨੂੰ ਸਰਕਾਰੀ ਨੌਕਰੀਆਂ ਅਤੇ ਖੇਡ ਕਿੱਟਾਂ ਰਾਹੀਂ ਪਾਰਟੀ ਨਾਲ ਜੋੜ ਕੇ ਲੀਡ ਘਟਾਓ।'], 'action_steps': ['ਦਿਨ 1-30: ਭੋਇਆ ਫ਼ਤਿਹਗੜ੍ਹ ਦੇ 30 ਨਿਰਪੱਖ ਅਤੇ ਪ੍ਰਭਾਵਸ਼ਾਲੀ ਪਰਿਵਾਰਾਂ ਦੀ ਸ਼ਨਾਖਤ ਕਰੋ।', 'ਦਿਨ 31-60: ਸੀਨੀਅਰ ਲੀਡਰਸ਼ਿਪ ਰਾਹੀਂ ਘਰ-ਘਰ ਜਾ ਕੇ ਸਰਕਾਰ ਦੀਆਂ ਨਿਰਪੱਖ ਨੀਤੀਆਂ ਸਾਂਝੀਆਂ ਕਰੋ।', 'ਦਿਨ 61-90: ਨੌਜਵਾਨ ਵਰਗ ਨੂੰ ਸਰਕਾਰੀ ਨੌਕਰੀਆਂ ਅਤੇ ਖੇਡ ਕਿੱਟਾਂ ਰਾਹੀਂ ਪਾਰਟੀ ਨਾਲ ਜੋੜ ਕੇ ਲੀਡ ਘਟਾਓ।']}"
33,32,Bhullar Hans,ਭੁੱਲਰ ਹੰਸ,ਭੁੱਲਰ ਹੰਸ,Bhullar Hans,ਭੁੱਲਰ ਹੰਸ,SAD,SAD,123,27,SAD Retained,SAD Retained,AAP Deficit,ਆਪ ਘਾਟ,INC Deficit,"{'AAP': 'LOST_BOTH', 'SAD': 'WON_BOTH', 'INC': 'LOST_BOTH', 'BJP': 'WEAK'}",False,"{'is_flip': False, 'status_label': 'SAD Retained', 'turnout_diff': -16, 'turnout_pct': -3.24, 'sad_swing': -8.47, 'aap_swing': 14.22, 'inc_swing': -7.21, 'bjp_swing': 6.93}",494,478,-16,-3.24,233,185,-48,47.17,38.7,-8.47,93,158,65,18.83,33.05,14.22,110,72,-38,22.27,15.06,-7.21,4,37,33,0.81,7.74,6.93,6,1.26,"{'total': 494, 'sad': 233, 'aap': 93, 'inc': 110, 'bjp': 4, 'sad_votes': 233, 'sad_pct': 47.17, 'aap_votes': 93, 'aap_pct': 18.83, 'inc_votes': 110, 'inc_pct': 22.27, 'bjp_votes': 4, 'bjp_pct': 0.81, 'winner_party': 'SAD', 'margin': 123, 'winner_candidate': 'Ganieve Kaur Majithia'}","{'total': 478, 'sad': 185, 'aap': 158, 'inc': 72, 'bjp': 37, 'sada': 6, 'bsp': 1, 'others': 17, 'sad_votes': 185, 'sad_pct': 38.7, 'aap_votes': 158, 'aap_pct': 33.05, 'inc_votes': 72, 'inc_pct': 15.06, 'bjp_votes': 37, 'bjp_pct': 7.74, 'sada_votes': 6, 'sada_pct': 1.26, 'winner_party': 'SAD', 'margin': 27, 'winner_candidate': 'Anil Joshi'}","{'turnout_diff': -16, 'turnout_pct': -3.24, 'sad_shift': -48, 'sad_swing': -8.47, 'aap_shift': 65, 'aap_swing': 14.22, 'inc_shift': -38, 'inc_swing': -7.21, 'bjp_shift': 33, 'bjp_swing': 6.93}",Akali Bastion: Strategic Penetration & Demolition Zone,ਅਕਾਲੀ ਦਲ ਦਾ ਪ੍ਰਭਾਵਿਤ ਖੇਤਰ: ਵਿਸ਼ੇਸ਼ ਘੇਰਾਬੰਦੀ ਜ਼ੋਨ,SAD retained lead here by +27 votes (38.7% share). Target moderate Panthic and farming families in Bhullar Hans disillusioned with traditional leadership. Appoint dedicated block coordinators and highlight direct government procurement and village development works.,ਅਕਾਲੀ ਦਲ ਨੇ ਇੱਥੇ +27 ਵੋਟਾਂ (38.7%) ਨਾਲ ਲੀਡ ਬਣਾਈ ਹੈ। ਭੁੱਲਰ ਹੰਸ ਵਿੱਚ ਰਵਾਇਤੀ ਲੀਡਰਸ਼ਿਪ ਤੋਂ ਨਿਰਾਸ਼ ਕਿਸਾਨ ਅਤੇ ਪੰਥਕ ਪਰਿਵਾਰਾਂ ਨਾਲ ਸੰਵਾਦ ਕਰੋ। ਪਿੰਡਾਂ ਵਿੱਚ ਪੰਜਾਬ ਸਰਕਾਰ ਦੇ ਵਿਕਾਸ ਕਾਰਜਾਂ ਅਤੇ ਨਿਰਪੱਖ ਭਰਤੀਆਂ ਦੇ ਸੁਨੇਹੇ ਨਾਲ ਸੰਨ੍ਹ ਲਗਾਓ।,"{'booth_no': '32', 'village_en': 'Bhullar Hans', 'village_pa': 'ਭੁੱਲਰ ਹੰਸ', 'zone_en': 'Akali Bastion: Strategic Penetration & Demolition Zone', 'zone_pa': 'ਅਕਾਲੀ ਦਲ ਦਾ ਪ੍ਰਭਾਵਿਤ ਖੇਤਰ: ਵਿਸ਼ੇਸ਼ ਘੇਰਾਬੰਦੀ ਜ਼ੋਨ', 'action_en': 'SAD retained lead here by +27 votes (38.7% share). Target moderate Panthic and farming families in Bhullar Hans disillusioned with traditional leadership. Appoint dedicated block coordinators and highlight direct government procurement and village development works.', 'action_pa': 'ਅਕਾਲੀ ਦਲ ਨੇ ਇੱਥੇ +27 ਵੋਟਾਂ (38.7%) ਨਾਲ ਲੀਡ ਬਣਾਈ ਹੈ। ਭੁੱਲਰ ਹੰਸ ਵਿੱਚ ਰਵਾਇਤੀ ਲੀਡਰਸ਼ਿਪ ਤੋਂ ਨਿਰਾਸ਼ ਕਿਸਾਨ ਅਤੇ ਪੰਥਕ ਪਰਿਵਾਰਾਂ ਨਾਲ ਸੰਵਾਦ ਕਰੋ। ਪਿੰਡਾਂ ਵਿੱਚ ਪੰਜਾਬ ਸਰਕਾਰ ਦੇ ਵਿਕਾਸ ਕਾਰਜਾਂ ਅਤੇ ਨਿਰਪੱਖ ਭਰਤੀਆਂ ਦੇ ਸੁਨੇਹੇ ਨਾਲ ਸੰਨ੍ਹ ਲਗਾਓ।', 'action_steps_en': ['Days 1-30: Map the top 30 influential non-committed Panthic families in Bhullar Hans.', 'Days 31-60: Deploy senior constituency leaders for direct home visits to address local disgruntlement.', ""Days 61-90: Neutralize SAD's +27 vote cushion by winning over agricultural youth.""], 'action_steps_pa': ['ਦਿਨ 1-30: ਭੁੱਲਰ ਹੰਸ ਦੇ 30 ਨਿਰਪੱਖ ਅਤੇ ਪ੍ਰਭਾਵਸ਼ਾਲੀ ਪਰਿਵਾਰਾਂ ਦੀ ਸ਼ਨਾਖਤ ਕਰੋ।', 'ਦਿਨ 31-60: ਸੀਨੀਅਰ ਲੀਡਰਸ਼ਿਪ ਰਾਹੀਂ ਘਰ-ਘਰ ਜਾ ਕੇ ਸਰਕਾਰ ਦੀਆਂ ਨਿਰਪੱਖ ਨੀਤੀਆਂ ਸਾਂਝੀਆਂ ਕਰੋ।', 'ਦਿਨ 61-90: ਨੌਜਵਾਨ ਵਰਗ ਨੂੰ ਸਰਕਾਰੀ ਨੌਕਰੀਆਂ ਅਤੇ ਖੇਡ ਕਿੱਟਾਂ ਰਾਹੀਂ ਪਾਰਟੀ ਨਾਲ ਜੋੜ ਕੇ ਲੀਡ ਘਟਾਓ।'], 'action_steps': ['ਦਿਨ 1-30: ਭੁੱਲਰ ਹੰਸ ਦੇ 30 ਨਿਰਪੱਖ ਅਤੇ ਪ੍ਰਭਾਵਸ਼ਾਲੀ ਪਰਿਵਾਰਾਂ ਦੀ ਸ਼ਨਾਖਤ ਕਰੋ।', 'ਦਿਨ 31-60: ਸੀਨੀਅਰ ਲੀਡਰਸ਼ਿਪ ਰਾਹੀਂ ਘਰ-ਘਰ ਜਾ ਕੇ ਸਰਕਾਰ ਦੀਆਂ ਨਿਰਪੱਖ ਨੀਤੀਆਂ ਸਾਂਝੀਆਂ ਕਰੋ।', 'ਦਿਨ 61-90: ਨੌਜਵਾਨ ਵਰਗ ਨੂੰ ਸਰਕਾਰੀ ਨੌਕਰੀਆਂ ਅਤੇ ਖੇਡ ਕਿੱਟਾਂ ਰਾਹੀਂ ਪਾਰਟੀ ਨਾਲ ਜੋੜ ਕੇ ਲੀਡ ਘਟਾਓ।']}"
34,33,Borewal Afgana,ਬੋੜੇਵਾਲ ਅਫ਼ਗਾਨਾਂ,ਬੋੜੇਵਾਲ ਅਫ਼ਗਾਨਾਂ,Borewal Afgana,ਬੋੜੇਵਾਲ ਅਫ਼ਗਾਨਾਂ,SAD,SAD,278,86,SAD Retained,SAD Retained,AAP Deficit,ਆਪ ਘਾਟ,INC Deficit,"{'AAP': 'LOST_BOTH', 'SAD': 'WON_BOTH', 'INC': 'LOST_BOTH', 'BJP': 'WEAK'}",False,"{'is_flip': False, 'status_label': 'SAD Retained', 'turnout_diff': -215, 'turnout_pct': -28.74, 'sad_swing': -19.31, 'aap_swing': 11.36, 'inc_swing': 1.72, 'bjp_swing': 4.1}",748,533,-215,-28.74,456,222,-234,60.96,41.65,-19.31,75,114,39,10.03,21.39,11.36,178,136,-42,23.8,25.52,1.72,10,29,19,1.34,5.44,4.1,22,4.13,"{'total': 748, 'sad': 456, 'aap': 75, 'inc': 178, 'bjp': 10, 'sad_votes': 456, 'sad_pct': 60.96, 'aap_votes': 75, 'aap_pct': 10.03, 'inc_votes': 178, 'inc_pct': 23.8, 'bjp_votes': 10, 'bjp_pct': 1.34, 'winner_party': 'SAD', 'margin': 278, 'winner_candidate': 'Ganieve Kaur Majithia'}","{'total': 533, 'sad': 222, 'aap': 114, 'inc': 136, 'bjp': 29, 'sada': 22, 'bsp': 2, 'others': 8, 'sad_votes': 222, 'sad_pct': 41.65, 'aap_votes': 114, 'aap_pct': 21.39, 'inc_votes': 136, 'inc_pct': 25.52, 'bjp_votes': 29, 'bjp_pct': 5.44, 'sada_votes': 22, 'sada_pct': 4.13, 'winner_party': 'SAD', 'margin': 86, 'winner_candidate': 'Anil Joshi'}","{'turnout_diff': -215, 'turnout_pct': -28.74, 'sad_shift': -234, 'sad_swing': -19.31, 'aap_shift': 39, 'aap_swing': 11.36, 'inc_shift': -42, 'inc_swing': 1.72, 'bjp_shift': 19, 'bjp_swing': 4.1}",Akali Bastion: Strategic Penetration & Demolition Zone,ਅਕਾਲੀ ਦਲ ਦਾ ਪ੍ਰਭਾਵਿਤ ਖੇਤਰ: ਵਿਸ਼ੇਸ਼ ਘੇਰਾਬੰਦੀ ਜ਼ੋਨ,SAD retained lead here by +86 votes (41.6% share). Target moderate Panthic and farming families in Borewal Afgana disillusioned with traditional leadership. Appoint dedicated block coordinators and highlight direct government procurement and village development works.,ਅਕਾਲੀ ਦਲ ਨੇ ਇੱਥੇ +86 ਵੋਟਾਂ (41.6%) ਨਾਲ ਲੀਡ ਬਣਾਈ ਹੈ। ਬੋੜੇਵਾਲ ਅਫ਼ਗਾਨਾਂ ਵਿੱਚ ਰਵਾਇਤੀ ਲੀਡਰਸ਼ਿਪ ਤੋਂ ਨਿਰਾਸ਼ ਕਿਸਾਨ ਅਤੇ ਪੰਥਕ ਪਰਿਵਾਰਾਂ ਨਾਲ ਸੰਵਾਦ ਕਰੋ। ਪਿੰਡਾਂ ਵਿੱਚ ਪੰਜਾਬ ਸਰਕਾਰ ਦੇ ਵਿਕਾਸ ਕਾਰਜਾਂ ਅਤੇ ਨਿਰਪੱਖ ਭਰਤੀਆਂ ਦੇ ਸੁਨੇਹੇ ਨਾਲ ਸੰਨ੍ਹ ਲਗਾਓ।,"{'booth_no': '33', 'village_en': 'Borewal Afgana', 'village_pa': 'ਬੋੜੇਵਾਲ ਅਫ਼ਗਾਨਾਂ', 'zone_en': 'Akali Bastion: Strategic Penetration & Demolition Zone', 'zone_pa': 'ਅਕਾਲੀ ਦਲ ਦਾ ਪ੍ਰਭਾਵਿਤ ਖੇਤਰ: ਵਿਸ਼ੇਸ਼ ਘੇਰਾਬੰਦੀ ਜ਼ੋਨ', 'action_en': 'SAD retained lead here by +86 votes (41.6% share). Target moderate Panthic and farming families in Borewal Afgana disillusioned with traditional leadership. Appoint dedicated block coordinators and highlight direct government procurement and village development works.', 'action_pa': 'ਅਕਾਲੀ ਦਲ ਨੇ ਇੱਥੇ +86 ਵੋਟਾਂ (41.6%) ਨਾਲ ਲੀਡ ਬਣਾਈ ਹੈ। ਬੋੜੇਵਾਲ ਅਫ਼ਗਾਨਾਂ ਵਿੱਚ ਰਵਾਇਤੀ ਲੀਡਰਸ਼ਿਪ ਤੋਂ ਨਿਰਾਸ਼ ਕਿਸਾਨ ਅਤੇ ਪੰਥਕ ਪਰਿਵਾਰਾਂ ਨਾਲ ਸੰਵਾਦ ਕਰੋ। ਪਿੰਡਾਂ ਵਿੱਚ ਪੰਜਾਬ ਸਰਕਾਰ ਦੇ ਵਿਕਾਸ ਕਾਰਜਾਂ ਅਤੇ ਨਿਰਪੱਖ ਭਰਤੀਆਂ ਦੇ ਸੁਨੇਹੇ ਨਾਲ ਸੰਨ੍ਹ ਲਗਾਓ।', 'action_steps_en': ['Days 1-30: Map the top 30 influential non-committed Panthic families in Borewal Afgana.', 'Days 31-60: Deploy senior constituency leaders for direct home visits to address local disgruntlement.', ""Days 61-90: Neutralize SAD's +86 vote cushion by winning over agricultural youth.""], 'action_steps_pa': ['ਦਿਨ 1-30: ਬੋੜੇਵਾਲ ਅਫ਼ਗਾਨਾਂ ਦੇ 30 ਨਿਰਪੱਖ ਅਤੇ ਪ੍ਰਭਾਵਸ਼ਾਲੀ ਪਰਿਵਾਰਾਂ ਦੀ ਸ਼ਨਾਖਤ ਕਰੋ।', 'ਦਿਨ 31-60: ਸੀਨੀਅਰ ਲੀਡਰਸ਼ਿਪ ਰਾਹੀਂ ਘਰ-ਘਰ ਜਾ ਕੇ ਸਰਕਾਰ ਦੀਆਂ ਨਿਰਪੱਖ ਨੀਤੀਆਂ ਸਾਂਝੀਆਂ ਕਰੋ।', 'ਦਿਨ 61-90: ਨੌਜਵਾਨ ਵਰਗ ਨੂੰ ਸਰਕਾਰੀ ਨੌਕਰੀਆਂ ਅਤੇ ਖੇਡ ਕਿੱਟਾਂ ਰਾਹੀਂ ਪਾਰਟੀ ਨਾਲ ਜੋੜ ਕੇ ਲੀਡ ਘਟਾਓ।'], 'action_steps': ['ਦਿਨ 1-30: ਬੋੜੇਵਾਲ ਅਫ਼ਗਾਨਾਂ ਦੇ 30 ਨਿਰਪੱਖ ਅਤੇ ਪ੍ਰਭਾਵਸ਼ਾਲੀ ਪਰਿਵਾਰਾਂ ਦੀ ਸ਼ਨਾਖਤ ਕਰੋ।', 'ਦਿਨ 31-60: ਸੀਨੀਅਰ ਲੀਡਰਸ਼ਿਪ ਰਾਹੀਂ ਘਰ-ਘਰ ਜਾ ਕੇ ਸਰਕਾਰ ਦੀਆਂ ਨਿਰਪੱਖ ਨੀਤੀਆਂ ਸਾਂਝੀਆਂ ਕਰੋ।', 'ਦਿਨ 61-90: ਨੌਜਵਾਨ ਵਰਗ ਨੂੰ ਸਰਕਾਰੀ ਨੌਕਰੀਆਂ ਅਤੇ ਖੇਡ ਕਿੱਟਾਂ ਰਾਹੀਂ ਪਾਰਟੀ ਨਾਲ ਜੋੜ ਕੇ ਲੀਡ ਘਟਾਓ।']}"
35,34,Borewal Kang,ਬੋੜੇਵਾਲ ਕੰਗ,ਬੋੜੇਵਾਲ ਕੰਗ,Borewal Kang,ਬੋੜੇਵਾਲ ਕੰਗ,INC,AAP,38,13,INC → AAP,INC → AAP,AAP Gain,ਆਪ ਲਾਭ,INC Loss,"{'AAP': 'GAINED', 'SAD': 'WEAK', 'INC': 'LOST_24', 'BJP': 'LOST_BOTH'}",True,"{'is_flip': True, 'status_label': 'INC → AAP', 'turnout_diff': -240, 'turnout_pct': -36.98, 'sad_swing': -15.6, 'aap_swing': 15.01, 'inc_swing': -21.94, 'bjp_swing': 19.67}",649,409,-240,-36.98,252,95,-157,38.83,23.23,-15.6,74,108,34,11.4,26.41,15.01,290,93,-197,44.68,22.74,-21.94,12,88,76,1.85,21.52,19.67,9,2.2,"{'total': 649, 'sad': 252, 'aap': 74, 'inc': 290, 'bjp': 12, 'sad_votes': 252, 'sad_pct': 38.83, 'aap_votes': 74, 'aap_pct': 11.4, 'inc_votes': 290, 'inc_pct': 44.68, 'bjp_votes': 12, 'bjp_pct': 1.85, 'winner_party': 'INC', 'margin': 38, 'winner_candidate': 'Jagwinder Pal Singh (Jagga)'}","{'total': 409, 'sad': 95, 'aap': 108, 'inc': 93, 'bjp': 88, 'sada': 9, 'bsp': 0, 'others': 10, 'sad_votes': 95, 'sad_pct': 23.23, 'aap_votes': 108, 'aap_pct': 26.41, 'inc_votes': 93, 'inc_pct': 22.74, 'bjp_votes': 88, 'bjp_pct': 21.52, 'sada_votes': 9, 'sada_pct': 2.2, 'winner_party': 'AAP', 'margin': 13, 'winner_candidate': 'Kuldeep Singh Dhaliwal'}","{'turnout_diff': -240, 'turnout_pct': -36.98, 'sad_shift': -157, 'sad_swing': -15.6, 'aap_shift': 34, 'aap_swing': 15.01, 'inc_shift': -197, 'inc_swing': -21.94, 'bjp_shift': 76, 'bjp_swing': 19.67}",Historic Breakthrough: AAP Flipped Stronghold,ਇਤਿਹਾਸਕ ਪ੍ਰਾਪਤੀ: ਅਕਾਲੀ ਗੜ੍ਹ ਵਿੱਚ ਆਪ ਦੀ ਜਿੱਤ ਜ਼ੋਨ,"Major breakthrough in Borewal Kang previously held by INC. Formally induct local village swing leaders and youth volunteers who backed AAP in 2024. Resolve local village infrastructure, canal tail issues, and cement +13 lead.","ਬੋੜੇਵਾਲ ਕੰਗ ਵਿੱਚ ਵੱਡੀ ਇਤਿਹਾਸਕ ਸਫ਼ਲਤਾ, ਜਿੱਥੇ INC ਦਾ ਪੁਰਾਣਾ ਦਬਦਬਾ ਟੁੱਟਿਆ। 2024 ਵਿੱਚ ਆਪ ਨਾਲ ਜੁੜੇ ਨੌਜਵਾਨਾਂ ਅਤੇ ਪੰਚਾਇਤੀ ਆਗੂਆਂ ਨੂੰ ਜਥੇਬੰਦਕ ਜ਼ਿੰਮੇਵਾਰੀਆਂ ਦਿਓ ਅਤੇ +13 ਵੋਟਾਂ ਦੀ ਲੀਡ ਨੂੰ ਸਥਾਈ ਵੋਟ ਬੈਂਕ ਵਿੱਚ ਬਦਲੋ।","{'booth_no': '34', 'village_en': 'Borewal Kang', 'village_pa': 'ਬੋੜੇਵਾਲ ਕੰਗ', 'zone_en': 'Historic Breakthrough: AAP Flipped Stronghold', 'zone_pa': 'ਇਤਿਹਾਸਕ ਪ੍ਰਾਪਤੀ: ਅਕਾਲੀ ਗੜ੍ਹ ਵਿੱਚ ਆਪ ਦੀ ਜਿੱਤ ਜ਼ੋਨ', 'action_en': 'Major breakthrough in Borewal Kang previously held by INC. Formally induct local village swing leaders and youth volunteers who backed AAP in 2024. Resolve local village infrastructure, canal tail issues, and cement +13 lead.', 'action_pa': 'ਬੋੜੇਵਾਲ ਕੰਗ ਵਿੱਚ ਵੱਡੀ ਇਤਿਹਾਸਕ ਸਫ਼ਲਤਾ, ਜਿੱਥੇ INC ਦਾ ਪੁਰਾਣਾ ਦਬਦਬਾ ਟੁੱਟਿਆ। 2024 ਵਿੱਚ ਆਪ ਨਾਲ ਜੁੜੇ ਨੌਜਵਾਨਾਂ ਅਤੇ ਪੰਚਾਇਤੀ ਆਗੂਆਂ ਨੂੰ ਜਥੇਬੰਦਕ ਜ਼ਿੰਮੇਵਾਰੀਆਂ ਦਿਓ ਅਤੇ +13 ਵੋਟਾਂ ਦੀ ਲੀਡ ਨੂੰ ਸਥਾਈ ਵੋਟ ਬੈਂਕ ਵਿੱਚ ਬਦਲੋ।', 'action_steps_en': ['Days 1-30: Onboard dynamic swing workers who crossed over from INC into the formal AAP booth structure.', 'Days 31-60: Prioritize village link road and street light repairs in Borewal Kang through rural development grants.', 'Days 61-90: Convert current +13 vote lead into permanent party loyalty before 2027.'], 'action_steps_pa': ['ਦਿਨ 1-30: INC ਛੱਡ ਕੇ ਆਪ ਵਿੱਚ ਸ਼ਾਮਲ ਹੋਏ ਆਗੂਆਂ ਨੂੰ ਬੂਥ ਕਮੇਟੀ ਵਿੱਚ ਅਹਿਮ ਜ਼ਿੰਮੇਵਾਰੀਆਂ ਦਿਓ।', ""ਦਿਨ 31-60: ਬੋੜੇਵਾਲ ਕੰਗ ਵਿੱਚ ਪਿੰਡ ਦੀਆਂ ਫਿਰਨੀਆਂ, ਗਲੀਆਂ ਅਤੇ ਲਿੰਕ ਸੜਕਾਂ ਦੇ ਕੰਮ ਤਰਜੀਹ 'ਤੇ ਕਰਵਾਓ।"", 'ਦਿਨ 61-90: +13 ਵੋਟਾਂ ਦੀ ਲੀਡ ਨੂੰ ਪੱਕੇ ਵੋਟ ਬੈਂਕ ਵਿੱਚ ਤਬਦੀਲ ਕਰੋ।'], 'action_steps': ['ਦਿਨ 1-30: INC ਛੱਡ ਕੇ ਆਪ ਵਿੱਚ ਸ਼ਾਮਲ ਹੋਏ ਆਗੂਆਂ ਨੂੰ ਬੂਥ ਕਮੇਟੀ ਵਿੱਚ ਅਹਿਮ ਜ਼ਿੰਮੇਵਾਰੀਆਂ ਦਿਓ।', ""ਦਿਨ 31-60: ਬੋੜੇਵਾਲ ਕੰਗ ਵਿੱਚ ਪਿੰਡ ਦੀਆਂ ਫਿਰਨੀਆਂ, ਗਲੀਆਂ ਅਤੇ ਲਿੰਕ ਸੜਕਾਂ ਦੇ ਕੰਮ ਤਰਜੀਹ 'ਤੇ ਕਰਵਾਓ।"", 'ਦਿਨ 61-90: +13 ਵੋਟਾਂ ਦੀ ਲੀਡ ਨੂੰ ਪੱਕੇ ਵੋਟ ਬੈਂਕ ਵਿੱਚ ਤਬਦੀਲ ਕਰੋ।']}"
36,35,Budda Theh,ਬੁੱਢਾ ਥੇਹ,ਬੁੱਢਾ ਥੇਹ,Budda Theh,ਬੁੱਢਾ ਥੇਹ,SAD,SAD,68,175,SAD Retained,SAD Retained,AAP Deficit,ਆਪ ਘਾਟ,INC Deficit,"{'AAP': 'WEAK', 'SAD': 'WON_BOTH', 'INC': 'WEAK', 'BJP': 'LOST_BOTH'}",False,"{'is_flip': False, 'status_label': 'SAD Retained', 'turnout_diff': -78, 'turnout_pct': -13.02, 'sad_swing': 12.07, 'aap_swing': -2.66, 'inc_swing': -28.78, 'bjp_swing': 21.38}",599,521,-78,-13.02,268,296,28,44.74,56.81,12.07,101,74,-27,16.86,14.2,-2.66,200,24,-176,33.39,4.61,-28.78,11,121,110,1.84,23.22,21.38,0,0.0,"{'total': 599, 'sad': 268, 'aap': 101, 'inc': 200, 'bjp': 11, 'sad_votes': 268, 'sad_pct': 44.74, 'aap_votes': 101, 'aap_pct': 16.86, 'inc_votes': 200, 'inc_pct': 33.39, 'bjp_votes': 11, 'bjp_pct': 1.84, 'winner_party': 'SAD', 'margin': 68, 'winner_candidate': 'Ganieve Kaur Majithia'}","{'total': 521, 'sad': 296, 'aap': 74, 'inc': 24, 'bjp': 121, 'sada': 0, 'bsp': 0, 'others': 5, 'sad_votes': 296, 'sad_pct': 56.81, 'aap_votes': 74, 'aap_pct': 14.2, 'inc_votes': 24, 'inc_pct': 4.61, 'bjp_votes': 121, 'bjp_pct': 23.22, 'sada_votes': 0, 'sada_pct': 0.0, 'winner_party': 'SAD', 'margin': 175, 'winner_candidate': 'Anil Joshi'}","{'turnout_diff': -78, 'turnout_pct': -13.02, 'sad_shift': 28, 'sad_swing': 12.07, 'aap_shift': -27, 'aap_swing': -2.66, 'inc_shift': -176, 'inc_swing': -28.78, 'bjp_shift': 110, 'bjp_swing': 21.38}",Akali Bastion: Strategic Penetration & Demolition Zone,ਅਕਾਲੀ ਦਲ ਦਾ ਪ੍ਰਭਾਵਿਤ ਖੇਤਰ: ਵਿਸ਼ੇਸ਼ ਘੇਰਾਬੰਦੀ ਜ਼ੋਨ,SAD retained lead here by +175 votes (56.8% share). Target moderate Panthic and farming families in Budda Theh disillusioned with traditional leadership. Appoint dedicated block coordinators and highlight direct government procurement and village development works.,ਅਕਾਲੀ ਦਲ ਨੇ ਇੱਥੇ +175 ਵੋਟਾਂ (56.8%) ਨਾਲ ਲੀਡ ਬਣਾਈ ਹੈ। ਬੁੱਢਾ ਥੇਹ ਵਿੱਚ ਰਵਾਇਤੀ ਲੀਡਰਸ਼ਿਪ ਤੋਂ ਨਿਰਾਸ਼ ਕਿਸਾਨ ਅਤੇ ਪੰਥਕ ਪਰਿਵਾਰਾਂ ਨਾਲ ਸੰਵਾਦ ਕਰੋ। ਪਿੰਡਾਂ ਵਿੱਚ ਪੰਜਾਬ ਸਰਕਾਰ ਦੇ ਵਿਕਾਸ ਕਾਰਜਾਂ ਅਤੇ ਨਿਰਪੱਖ ਭਰਤੀਆਂ ਦੇ ਸੁਨੇਹੇ ਨਾਲ ਸੰਨ੍ਹ ਲਗਾਓ।,"{'booth_no': '35', 'village_en': 'Budda Theh', 'village_pa': 'ਬੁੱਢਾ ਥੇਹ', 'zone_en': 'Akali Bastion: Strategic Penetration & Demolition Zone', 'zone_pa': 'ਅਕਾਲੀ ਦਲ ਦਾ ਪ੍ਰਭਾਵਿਤ ਖੇਤਰ: ਵਿਸ਼ੇਸ਼ ਘੇਰਾਬੰਦੀ ਜ਼ੋਨ', 'action_en': 'SAD retained lead here by +175 votes (56.8% share). Target moderate Panthic and farming families in Budda Theh disillusioned with traditional leadership. Appoint dedicated block coordinators and highlight direct government procurement and village development works.', 'action_pa': 'ਅਕਾਲੀ ਦਲ ਨੇ ਇੱਥੇ +175 ਵੋਟਾਂ (56.8%) ਨਾਲ ਲੀਡ ਬਣਾਈ ਹੈ। ਬੁੱਢਾ ਥੇਹ ਵਿੱਚ ਰਵਾਇਤੀ ਲੀਡਰਸ਼ਿਪ ਤੋਂ ਨਿਰਾਸ਼ ਕਿਸਾਨ ਅਤੇ ਪੰਥਕ ਪਰਿਵਾਰਾਂ ਨਾਲ ਸੰਵਾਦ ਕਰੋ। ਪਿੰਡਾਂ ਵਿੱਚ ਪੰਜਾਬ ਸਰਕਾਰ ਦੇ ਵਿਕਾਸ ਕਾਰਜਾਂ ਅਤੇ ਨਿਰਪੱਖ ਭਰਤੀਆਂ ਦੇ ਸੁਨੇਹੇ ਨਾਲ ਸੰਨ੍ਹ ਲਗਾਓ।', 'action_steps_en': ['Days 1-30: Map the top 30 influential non-committed Panthic families in Budda Theh.', 'Days 31-60: Deploy senior constituency leaders for direct home visits to address local disgruntlement.', ""Days 61-90: Neutralize SAD's +175 vote cushion by winning over agricultural youth.""], 'action_steps_pa': ['ਦਿਨ 1-30: ਬੁੱਢਾ ਥੇਹ ਦੇ 30 ਨਿਰਪੱਖ ਅਤੇ ਪ੍ਰਭਾਵਸ਼ਾਲੀ ਪਰਿਵਾਰਾਂ ਦੀ ਸ਼ਨਾਖਤ ਕਰੋ।', 'ਦਿਨ 31-60: ਸੀਨੀਅਰ ਲੀਡਰਸ਼ਿਪ ਰਾਹੀਂ ਘਰ-ਘਰ ਜਾ ਕੇ ਸਰਕਾਰ ਦੀਆਂ ਨਿਰਪੱਖ ਨੀਤੀਆਂ ਸਾਂਝੀਆਂ ਕਰੋ।', 'ਦਿਨ 61-90: ਨੌਜਵਾਨ ਵਰਗ ਨੂੰ ਸਰਕਾਰੀ ਨੌਕਰੀਆਂ ਅਤੇ ਖੇਡ ਕਿੱਟਾਂ ਰਾਹੀਂ ਪਾਰਟੀ ਨਾਲ ਜੋੜ ਕੇ ਲੀਡ ਘਟਾਓ।'], 'action_steps': ['ਦਿਨ 1-30: ਬੁੱਢਾ ਥੇਹ ਦੇ 30 ਨਿਰਪੱਖ ਅਤੇ ਪ੍ਰਭਾਵਸ਼ਾਲੀ ਪਰਿਵਾਰਾਂ ਦੀ ਸ਼ਨਾਖਤ ਕਰੋ।', 'ਦਿਨ 31-60: ਸੀਨੀਅਰ ਲੀਡਰਸ਼ਿਪ ਰਾਹੀਂ ਘਰ-ਘਰ ਜਾ ਕੇ ਸਰਕਾਰ ਦੀਆਂ ਨਿਰਪੱਖ ਨੀਤੀਆਂ ਸਾਂਝੀਆਂ ਕਰੋ।', 'ਦਿਨ 61-90: ਨੌਜਵਾਨ ਵਰਗ ਨੂੰ ਸਰਕਾਰੀ ਨੌਕਰੀਆਂ ਅਤੇ ਖੇਡ ਕਿੱਟਾਂ ਰਾਹੀਂ ਪਾਰਟੀ ਨਾਲ ਜੋੜ ਕੇ ਲੀਡ ਘਟਾਓ।']}"
37,36,Burj Nauabad,ਬੁਰਜ ਨੌਆਬਾਦ,ਬੁਰਜ ਨੌਆਬਾਦ,Burj Nauabad,ਬੁਰਜ ਨੌਆਬਾਦ,SAD,BJP,200,34,SAD → BJP,SAD → BJP,AAP Deficit,ਆਪ ਘਾਟ,INC Deficit,"{'AAP': 'LOST_BOTH', 'SAD': 'LOST_24', 'INC': 'WEAK', 'BJP': 'GAINED'}",True,"{'is_flip': True, 'status_label': 'SAD → BJP', 'turnout_diff': -162, 'turnout_pct': -22.38, 'sad_swing': -26.48, 'aap_swing': 13.03, 'inc_swing': -18.43, 'bjp_swing': 33.99}",724,562,-162,-22.38,403,164,-239,55.66,29.18,-26.48,77,133,56,10.64,23.67,13.03,203,54,-149,28.04,9.61,-18.43,9,198,189,1.24,35.23,33.99,4,0.71,"{'total': 724, 'sad': 403, 'aap': 77, 'inc': 203, 'bjp': 9, 'sad_votes': 403, 'sad_pct': 55.66, 'aap_votes': 77, 'aap_pct': 10.64, 'inc_votes': 203, 'inc_pct': 28.04, 'bjp_votes': 9, 'bjp_pct': 1.24, 'winner_party': 'SAD', 'margin': 200, 'winner_candidate': 'Ganieve Kaur Majithia'}","{'total': 562, 'sad': 164, 'aap': 133, 'inc': 54, 'bjp': 198, 'sada': 4, 'bsp': 0, 'others': 7, 'sad_votes': 164, 'sad_pct': 29.18, 'aap_votes': 133, 'aap_pct': 23.67, 'inc_votes': 54, 'inc_pct': 9.61, 'bjp_votes': 198, 'bjp_pct': 35.23, 'sada_votes': 4, 'sada_pct': 0.71, 'winner_party': 'BJP', 'margin': 34, 'winner_candidate': 'Taranjit Singh Sandhu Samundri'}","{'turnout_diff': -162, 'turnout_pct': -22.38, 'sad_shift': -239, 'sad_swing': -26.48, 'aap_shift': 56, 'aap_swing': 13.03, 'inc_shift': -149, 'inc_swing': -18.43, 'bjp_shift': 189, 'bjp_swing': 33.99}",Urban Infiltration: BJP Containment & Counter-Offensive,ਸ਼ਹਿਰੀ ਸੰਵੇਦਨਸ਼ੀਲ ਖੇਤਰ: ਭਾਜਪਾ ਕਾਊਂਟਰ-ਮੁਹਿੰਮ ਜ਼ੋਨ,"BJP led here by +34 votes with 35.2% vote share in urban pockets of Burj Nauabad. Conduct structured dialogues with local shopkeepers, commission agents, and urban families. Emphasize state guarantees vs central economic policies.","ਭਾਜਪਾ ਨੇ ਬੁਰਜ ਨੌਆਬਾਦ ਦੇ ਸ਼ਹਿਰੀ ਹਿੱਸਿਆਂ ਵਿੱਚ +34 ਵੋਟਾਂ (35.2%) ਹਾਸਲ ਕੀਤੇ ਹਨ। ਵਪਾਰੀਆਂ, ਦੁਕਾਨਦਾਰਾਂ ਅਤੇ ਮੁਹੱਲਾ ਕਮੇਟੀਆਂ ਨਾਲ ਮੀਟਿੰਗਾਂ ਕਰਕੇ ਸਿੱਧਾ ਸੰਵਾਦ ਕਰੋ ਅਤੇ ਲੋਕ-ਪੱਖੀ ਨੀਤੀਆਂ ਬਾਰੇ ਜਾਗਰੂਕ ਕਰੋ।","{'booth_no': '36', 'village_en': 'Burj Nauabad', 'village_pa': 'ਬੁਰਜ ਨੌਆਬਾਦ', 'zone_en': 'Urban Infiltration: BJP Containment & Counter-Offensive', 'zone_pa': 'ਸ਼ਹਿਰੀ ਸੰਵੇਦਨਸ਼ੀਲ ਖੇਤਰ: ਭਾਜਪਾ ਕਾਊਂਟਰ-ਮੁਹਿੰਮ ਜ਼ੋਨ', 'action_en': 'BJP led here by +34 votes with 35.2% vote share in urban pockets of Burj Nauabad. Conduct structured dialogues with local shopkeepers, commission agents, and urban families. Emphasize state guarantees vs central economic policies.', 'action_pa': 'ਭਾਜਪਾ ਨੇ ਬੁਰਜ ਨੌਆਬਾਦ ਦੇ ਸ਼ਹਿਰੀ ਹਿੱਸਿਆਂ ਵਿੱਚ +34 ਵੋਟਾਂ (35.2%) ਹਾਸਲ ਕੀਤੇ ਹਨ। ਵਪਾਰੀਆਂ, ਦੁਕਾਨਦਾਰਾਂ ਅਤੇ ਮੁਹੱਲਾ ਕਮੇਟੀਆਂ ਨਾਲ ਮੀਟਿੰਗਾਂ ਕਰਕੇ ਸਿੱਧਾ ਸੰਵਾਦ ਕਰੋ ਅਤੇ ਲੋਕ-ਪੱਖੀ ਨੀਤੀਆਂ ਬਾਰੇ ਜਾਗਰੂਕ ਕਰੋ।', 'action_steps_en': ['Days 1-30: Organize urban merchant and shopkeeper roundtables in Burj Nauabad.', 'Days 31-60: Counter central economic propaganda with Punjab business facilitation policies.', ""Days 61-90: Establish active urban ward cell to dismantle BJP's +34 vote pocket.""], 'action_steps_pa': ['ਦਿਨ 1-30: ਬੁਰਜ ਨੌਆਬਾਦ ਦੇ ਦੁਕਾਨਦਾਰਾਂ ਅਤੇ ਵਪਾਰੀ ਭਾਈਚਾਰੇ ਨਾਲ ਮੀਟਿੰਗਾਂ ਦਾ ਸਿਲਸਿਲਾ ਸ਼ੁਰੂ ਕਰੋ।', 'ਦਿਨ 31-60: ਕੇਂਦਰ ਸਰਕਾਰ ਦੀਆਂ ਆਰਥਿਕ ਨੀਤੀਆਂ ਬਨਾਮ ਪੰਜਾਬ ਸਰਕਾਰ ਦੀ ਵਪਾਰੀ ਪੱਖੀ ਪਹੁੰਚ ਬਾਰੇ ਦੱਸੋ।', 'ਦਿਨ 61-90: ਸ਼ਹਿਰੀ ਵਾਰਡਾਂ ਵਿੱਚ ਆਪ ਦਾ ਮਜ਼ਬੂਤ ਯੂਨਿਟ ਸਥਾਪਿਤ ਕਰੋ।'], 'action_steps': ['ਦਿਨ 1-30: ਬੁਰਜ ਨੌਆਬਾਦ ਦੇ ਦੁਕਾਨਦਾਰਾਂ ਅਤੇ ਵਪਾਰੀ ਭਾਈਚਾਰੇ ਨਾਲ ਮੀਟਿੰਗਾਂ ਦਾ ਸਿਲਸਿਲਾ ਸ਼ੁਰੂ ਕਰੋ।', 'ਦਿਨ 31-60: ਕੇਂਦਰ ਸਰਕਾਰ ਦੀਆਂ ਆਰਥਿਕ ਨੀਤੀਆਂ ਬਨਾਮ ਪੰਜਾਬ ਸਰਕਾਰ ਦੀ ਵਪਾਰੀ ਪੱਖੀ ਪਹੁੰਚ ਬਾਰੇ ਦੱਸੋ।', 'ਦਿਨ 61-90: ਸ਼ਹਿਰੀ ਵਾਰਡਾਂ ਵਿੱਚ ਆਪ ਦਾ ਮਜ਼ਬੂਤ ਯੂਨਿਟ ਸਥਾਪਿਤ ਕਰੋ।']}"
38,37,Chachowali,ਚਾਚੋਵਾਲੀ,ਚਾਚੋਵਾਲੀ,Chachowali,ਚਾਚੋਵਾਲੀ,SAD,SAD,184,83,SAD Retained,SAD Retained,AAP Deficit,ਆਪ ਘਾਟ,INC Deficit,"{'AAP': 'LOST_BOTH', 'SAD': 'WON_BOTH', 'INC': 'WEAK', 'BJP': 'LOST_BOTH'}",False,"{'is_flip': False, 'status_label': 'SAD Retained', 'turnout_diff': -152, 'turnout_pct': -23.94, 'sad_swing': -4.83, 'aap_swing': 6.95, 'inc_swing': -10.11, 'bjp_swing': 4.42}",635,483,-152,-23.94,316,217,-99,49.76,44.93,-4.83,132,134,2,20.79,27.74,6.95,126,47,-79,19.84,9.73,-10.11,39,51,12,6.14,10.56,4.42,20,4.14,"{'total': 635, 'sad': 316, 'aap': 132, 'inc': 126, 'bjp': 39, 'sad_votes': 316, 'sad_pct': 49.76, 'aap_votes': 132, 'aap_pct': 20.79, 'inc_votes': 126, 'inc_pct': 19.84, 'bjp_votes': 39, 'bjp_pct': 6.14, 'winner_party': 'SAD', 'margin': 184, 'winner_candidate': 'Ganieve Kaur Majithia'}","{'total': 483, 'sad': 217, 'aap': 134, 'inc': 47, 'bjp': 51, 'sada': 20, 'bsp': 1, 'others': 12, 'sad_votes': 217, 'sad_pct': 44.93, 'aap_votes': 134, 'aap_pct': 27.74, 'inc_votes': 47, 'inc_pct': 9.73, 'bjp_votes': 51, 'bjp_pct': 10.56, 'sada_votes': 20, 'sada_pct': 4.14, 'winner_party': 'SAD', 'margin': 83, 'winner_candidate': 'Anil Joshi'}","{'turnout_diff': -152, 'turnout_pct': -23.94, 'sad_shift': -99, 'sad_swing': -4.83, 'aap_shift': 2, 'aap_swing': 6.95, 'inc_shift': -79, 'inc_swing': -10.11, 'bjp_shift': 12, 'bjp_swing': 4.42}",Akali Bastion: Strategic Penetration & Demolition Zone,ਅਕਾਲੀ ਦਲ ਦਾ ਪ੍ਰਭਾਵਿਤ ਖੇਤਰ: ਵਿਸ਼ੇਸ਼ ਘੇਰਾਬੰਦੀ ਜ਼ੋਨ,SAD retained lead here by +83 votes (44.9% share). Target moderate Panthic and farming families in Chachowali disillusioned with traditional leadership. Appoint dedicated block coordinators and highlight direct government procurement and village development works.,ਅਕਾਲੀ ਦਲ ਨੇ ਇੱਥੇ +83 ਵੋਟਾਂ (44.9%) ਨਾਲ ਲੀਡ ਬਣਾਈ ਹੈ। ਚਾਚੋਵਾਲੀ ਵਿੱਚ ਰਵਾਇਤੀ ਲੀਡਰਸ਼ਿਪ ਤੋਂ ਨਿਰਾਸ਼ ਕਿਸਾਨ ਅਤੇ ਪੰਥਕ ਪਰਿਵਾਰਾਂ ਨਾਲ ਸੰਵਾਦ ਕਰੋ। ਪਿੰਡਾਂ ਵਿੱਚ ਪੰਜਾਬ ਸਰਕਾਰ ਦੇ ਵਿਕਾਸ ਕਾਰਜਾਂ ਅਤੇ ਨਿਰਪੱਖ ਭਰਤੀਆਂ ਦੇ ਸੁਨੇਹੇ ਨਾਲ ਸੰਨ੍ਹ ਲਗਾਓ।,"{'booth_no': '37', 'village_en': 'Chachowali', 'village_pa': 'ਚਾਚੋਵਾਲੀ', 'zone_en': 'Akali Bastion: Strategic Penetration & Demolition Zone', 'zone_pa': 'ਅਕਾਲੀ ਦਲ ਦਾ ਪ੍ਰਭਾਵਿਤ ਖੇਤਰ: ਵਿਸ਼ੇਸ਼ ਘੇਰਾਬੰਦੀ ਜ਼ੋਨ', 'action_en': 'SAD retained lead here by +83 votes (44.9% share). Target moderate Panthic and farming families in Chachowali disillusioned with traditional leadership. Appoint dedicated block coordinators and highlight direct government procurement and village development works.', 'action_pa': 'ਅਕਾਲੀ ਦਲ ਨੇ ਇੱਥੇ +83 ਵੋਟਾਂ (44.9%) ਨਾਲ ਲੀਡ ਬਣਾਈ ਹੈ। ਚਾਚੋਵਾਲੀ ਵਿੱਚ ਰਵਾਇਤੀ ਲੀਡਰਸ਼ਿਪ ਤੋਂ ਨਿਰਾਸ਼ ਕਿਸਾਨ ਅਤੇ ਪੰਥਕ ਪਰਿਵਾਰਾਂ ਨਾਲ ਸੰਵਾਦ ਕਰੋ। ਪਿੰਡਾਂ ਵਿੱਚ ਪੰਜਾਬ ਸਰਕਾਰ ਦੇ ਵਿਕਾਸ ਕਾਰਜਾਂ ਅਤੇ ਨਿਰਪੱਖ ਭਰਤੀਆਂ ਦੇ ਸੁਨੇਹੇ ਨਾਲ ਸੰਨ੍ਹ ਲਗਾਓ।', 'action_steps_en': ['Days 1-30: Map the top 30 influential non-committed Panthic families in Chachowali.', 'Days 31-60: Deploy senior constituency leaders for direct home visits to address local disgruntlement.', ""Days 61-90: Neutralize SAD's +83 vote cushion by winning over agricultural youth.""], 'action_steps_pa': ['ਦਿਨ 1-30: ਚਾਚੋਵਾਲੀ ਦੇ 30 ਨਿਰਪੱਖ ਅਤੇ ਪ੍ਰਭਾਵਸ਼ਾਲੀ ਪਰਿਵਾਰਾਂ ਦੀ ਸ਼ਨਾਖਤ ਕਰੋ।', 'ਦਿਨ 31-60: ਸੀਨੀਅਰ ਲੀਡਰਸ਼ਿਪ ਰਾਹੀਂ ਘਰ-ਘਰ ਜਾ ਕੇ ਸਰਕਾਰ ਦੀਆਂ ਨਿਰਪੱਖ ਨੀਤੀਆਂ ਸਾਂਝੀਆਂ ਕਰੋ।', 'ਦਿਨ 61-90: ਨੌਜਵਾਨ ਵਰਗ ਨੂੰ ਸਰਕਾਰੀ ਨੌਕਰੀਆਂ ਅਤੇ ਖੇਡ ਕਿੱਟਾਂ ਰਾਹੀਂ ਪਾਰਟੀ ਨਾਲ ਜੋੜ ਕੇ ਲੀਡ ਘਟਾਓ।'], 'action_steps': ['ਦਿਨ 1-30: ਚਾਚੋਵਾਲੀ ਦੇ 30 ਨਿਰਪੱਖ ਅਤੇ ਪ੍ਰਭਾਵਸ਼ਾਲੀ ਪਰਿਵਾਰਾਂ ਦੀ ਸ਼ਨਾਖਤ ਕਰੋ।', 'ਦਿਨ 31-60: ਸੀਨੀਅਰ ਲੀਡਰਸ਼ਿਪ ਰਾਹੀਂ ਘਰ-ਘਰ ਜਾ ਕੇ ਸਰਕਾਰ ਦੀਆਂ ਨਿਰਪੱਖ ਨੀਤੀਆਂ ਸਾਂਝੀਆਂ ਕਰੋ।', 'ਦਿਨ 61-90: ਨੌਜਵਾਨ ਵਰਗ ਨੂੰ ਸਰਕਾਰੀ ਨੌਕਰੀਆਂ ਅਤੇ ਖੇਡ ਕਿੱਟਾਂ ਰਾਹੀਂ ਪਾਰਟੀ ਨਾਲ ਜੋੜ ਕੇ ਲੀਡ ਘਟਾਓ।']}"
39,38,Chande,ਚਾਂਦੇ,ਚਾਂਦੇ,Chande,ਚਾਂਦੇ,SAD,SAD,108,118,SAD Retained,SAD Retained,AAP Deficit,ਆਪ ਘਾਟ,INC Deficit,"{'AAP': 'LOST_BOTH', 'SAD': 'WON_BOTH', 'INC': 'WEAK', 'BJP': 'LOST_BOTH'}",False,"{'is_flip': False, 'status_label': 'SAD Retained', 'turnout_diff': -121, 'turnout_pct': -17.29, 'sad_swing': 10.0, 'aap_swing': 10.33, 'inc_swing': -17.58, 'bjp_swing': -2.98}",700,579,-121,-17.29,277,287,10,39.57,49.57,10.0,132,169,37,18.86,29.19,10.33,169,38,-131,24.14,6.56,-17.58,91,58,-33,13.0,10.02,-2.98,12,2.07,"{'total': 700, 'sad': 277, 'aap': 132, 'inc': 169, 'bjp': 91, 'sad_votes': 277, 'sad_pct': 39.57, 'aap_votes': 132, 'aap_pct': 18.86, 'inc_votes': 169, 'inc_pct': 24.14, 'bjp_votes': 91, 'bjp_pct': 13.0, 'winner_party': 'SAD', 'margin': 108, 'winner_candidate': 'Ganieve Kaur Majithia'}","{'total': 579, 'sad': 287, 'aap': 169, 'inc': 38, 'bjp': 58, 'sada': 12, 'bsp': 1, 'others': 12, 'sad_votes': 287, 'sad_pct': 49.57, 'aap_votes': 169, 'aap_pct': 29.19, 'inc_votes': 38, 'inc_pct': 6.56, 'bjp_votes': 58, 'bjp_pct': 10.02, 'sada_votes': 12, 'sada_pct': 2.07, 'winner_party': 'SAD', 'margin': 118, 'winner_candidate': 'Anil Joshi'}","{'turnout_diff': -121, 'turnout_pct': -17.29, 'sad_shift': 10, 'sad_swing': 10.0, 'aap_shift': 37, 'aap_swing': 10.33, 'inc_shift': -131, 'inc_swing': -17.58, 'bjp_shift': -33, 'bjp_swing': -2.98}",Akali Bastion: Strategic Penetration & Demolition Zone,ਅਕਾਲੀ ਦਲ ਦਾ ਪ੍ਰਭਾਵਿਤ ਖੇਤਰ: ਵਿਸ਼ੇਸ਼ ਘੇਰਾਬੰਦੀ ਜ਼ੋਨ,SAD retained lead here by +118 votes (49.6% share). Target moderate Panthic and farming families in Chande disillusioned with traditional leadership. Appoint dedicated block coordinators and highlight direct government procurement and village development works.,ਅਕਾਲੀ ਦਲ ਨੇ ਇੱਥੇ +118 ਵੋਟਾਂ (49.6%) ਨਾਲ ਲੀਡ ਬਣਾਈ ਹੈ। ਚਾਂਦੇ ਵਿੱਚ ਰਵਾਇਤੀ ਲੀਡਰਸ਼ਿਪ ਤੋਂ ਨਿਰਾਸ਼ ਕਿਸਾਨ ਅਤੇ ਪੰਥਕ ਪਰਿਵਾਰਾਂ ਨਾਲ ਸੰਵਾਦ ਕਰੋ। ਪਿੰਡਾਂ ਵਿੱਚ ਪੰਜਾਬ ਸਰਕਾਰ ਦੇ ਵਿਕਾਸ ਕਾਰਜਾਂ ਅਤੇ ਨਿਰਪੱਖ ਭਰਤੀਆਂ ਦੇ ਸੁਨੇਹੇ ਨਾਲ ਸੰਨ੍ਹ ਲਗਾਓ।,"{'booth_no': '38', 'village_en': 'Chande', 'village_pa': 'ਚਾਂਦੇ', 'zone_en': 'Akali Bastion: Strategic Penetration & Demolition Zone', 'zone_pa': 'ਅਕਾਲੀ ਦਲ ਦਾ ਪ੍ਰਭਾਵਿਤ ਖੇਤਰ: ਵਿਸ਼ੇਸ਼ ਘੇਰਾਬੰਦੀ ਜ਼ੋਨ', 'action_en': 'SAD retained lead here by +118 votes (49.6% share). Target moderate Panthic and farming families in Chande disillusioned with traditional leadership. Appoint dedicated block coordinators and highlight direct government procurement and village development works.', 'action_pa': 'ਅਕਾਲੀ ਦਲ ਨੇ ਇੱਥੇ +118 ਵੋਟਾਂ (49.6%) ਨਾਲ ਲੀਡ ਬਣਾਈ ਹੈ। ਚਾਂਦੇ ਵਿੱਚ ਰਵਾਇਤੀ ਲੀਡਰਸ਼ਿਪ ਤੋਂ ਨਿਰਾਸ਼ ਕਿਸਾਨ ਅਤੇ ਪੰਥਕ ਪਰਿਵਾਰਾਂ ਨਾਲ ਸੰਵਾਦ ਕਰੋ। ਪਿੰਡਾਂ ਵਿੱਚ ਪੰਜਾਬ ਸਰਕਾਰ ਦੇ ਵਿਕਾਸ ਕਾਰਜਾਂ ਅਤੇ ਨਿਰਪੱਖ ਭਰਤੀਆਂ ਦੇ ਸੁਨੇਹੇ ਨਾਲ ਸੰਨ੍ਹ ਲਗਾਓ।', 'action_steps_en': ['Days 1-30: Map the top 30 influential non-committed Panthic families in Chande.', 'Days 31-60: Deploy senior constituency leaders for direct home visits to address local disgruntlement.', ""Days 61-90: Neutralize SAD's +118 vote cushion by winning over agricultural youth.""], 'action_steps_pa': ['ਦਿਨ 1-30: ਚਾਂਦੇ ਦੇ 30 ਨਿਰਪੱਖ ਅਤੇ ਪ੍ਰਭਾਵਸ਼ਾਲੀ ਪਰਿਵਾਰਾਂ ਦੀ ਸ਼ਨਾਖਤ ਕਰੋ।', 'ਦਿਨ 31-60: ਸੀਨੀਅਰ ਲੀਡਰਸ਼ਿਪ ਰਾਹੀਂ ਘਰ-ਘਰ ਜਾ ਕੇ ਸਰਕਾਰ ਦੀਆਂ ਨਿਰਪੱਖ ਨੀਤੀਆਂ ਸਾਂਝੀਆਂ ਕਰੋ।', 'ਦਿਨ 61-90: ਨੌਜਵਾਨ ਵਰਗ ਨੂੰ ਸਰਕਾਰੀ ਨੌਕਰੀਆਂ ਅਤੇ ਖੇਡ ਕਿੱਟਾਂ ਰਾਹੀਂ ਪਾਰਟੀ ਨਾਲ ਜੋੜ ਕੇ ਲੀਡ ਘਟਾਓ।'], 'action_steps': ['ਦਿਨ 1-30: ਚਾਂਦੇ ਦੇ 30 ਨਿਰਪੱਖ ਅਤੇ ਪ੍ਰਭਾਵਸ਼ਾਲੀ ਪਰਿਵਾਰਾਂ ਦੀ ਸ਼ਨਾਖਤ ਕਰੋ।', 'ਦਿਨ 31-60: ਸੀਨੀਅਰ ਲੀਡਰਸ਼ਿਪ ਰਾਹੀਂ ਘਰ-ਘਰ ਜਾ ਕੇ ਸਰਕਾਰ ਦੀਆਂ ਨਿਰਪੱਖ ਨੀਤੀਆਂ ਸਾਂਝੀਆਂ ਕਰੋ।', 'ਦਿਨ 61-90: ਨੌਜਵਾਨ ਵਰਗ ਨੂੰ ਸਰਕਾਰੀ ਨੌਕਰੀਆਂ ਅਤੇ ਖੇਡ ਕਿੱਟਾਂ ਰਾਹੀਂ ਪਾਰਟੀ ਨਾਲ ਜੋੜ ਕੇ ਲੀਡ ਘਟਾਓ।']}"
40,39,Chogawan Roopowali,ਚੋਗਾਵਾਂ ਰੂਪੋਵਾਲੀ,ਚੋਗਾਵਾਂ ਰੂਪੋਵਾਲੀ,Chogawan Roopowali,ਚੋਗਾਵਾਂ ਰੂਪੋਵਾਲੀ,INC,AAP,34,71,INC → AAP,INC → AAP,AAP Gain,ਆਪ ਲਾਭ,INC Loss,"{'AAP': 'GAINED', 'SAD': 'LOST_BOTH', 'INC': 'LOST_24', 'BJP': 'LOST_BOTH'}",True,"{'is_flip': True, 'status_label': 'INC → AAP', 'turnout_diff': 85, 'turnout_pct': 18.32, 'sad_swing': -5.87, 'aap_swing': 26.89, 'inc_swing': -29.78, 'bjp_swing': 9.04}",464,549,85,18.32,165,163,-2,35.56,29.69,-5.87,73,234,161,15.73,42.62,26.89,199,72,-127,42.89,13.11,-29.78,13,65,52,2.8,11.84,9.04,5,0.91,"{'total': 464, 'sad': 165, 'aap': 73, 'inc': 199, 'bjp': 13, 'sad_votes': 165, 'sad_pct': 35.56, 'aap_votes': 73, 'aap_pct': 15.73, 'inc_votes': 199, 'inc_pct': 42.89, 'bjp_votes': 13, 'bjp_pct': 2.8, 'winner_party': 'INC', 'margin': 34, 'winner_candidate': 'Jagwinder Pal Singh (Jagga)'}","{'total': 549, 'sad': 163, 'aap': 234, 'inc': 72, 'bjp': 65, 'sada': 5, 'bsp': 1, 'others': 9, 'sad_votes': 163, 'sad_pct': 29.69, 'aap_votes': 234, 'aap_pct': 42.62, 'inc_votes': 72, 'inc_pct': 13.11, 'bjp_votes': 65, 'bjp_pct': 11.84, 'sada_votes': 5, 'sada_pct': 0.91, 'winner_party': 'AAP', 'margin': 71, 'winner_candidate': 'Kuldeep Singh Dhaliwal'}","{'turnout_diff': 85, 'turnout_pct': 18.32, 'sad_shift': -2, 'sad_swing': -5.87, 'aap_shift': 161, 'aap_swing': 26.89, 'inc_shift': -127, 'inc_swing': -29.78, 'bjp_shift': 52, 'bjp_swing': 9.04}",Historic Breakthrough: AAP Flipped Stronghold,ਇਤਿਹਾਸਕ ਪ੍ਰਾਪਤੀ: ਅਕਾਲੀ ਗੜ੍ਹ ਵਿੱਚ ਆਪ ਦੀ ਜਿੱਤ ਜ਼ੋਨ,"Major breakthrough in Chogawan Roopowali previously held by INC. Formally induct local village swing leaders and youth volunteers who backed AAP in 2024. Resolve local village infrastructure, canal tail issues, and cement +71 lead.","ਚੋਗਾਵਾਂ ਰੂਪੋਵਾਲੀ ਵਿੱਚ ਵੱਡੀ ਇਤਿਹਾਸਕ ਸਫ਼ਲਤਾ, ਜਿੱਥੇ INC ਦਾ ਪੁਰਾਣਾ ਦਬਦਬਾ ਟੁੱਟਿਆ। 2024 ਵਿੱਚ ਆਪ ਨਾਲ ਜੁੜੇ ਨੌਜਵਾਨਾਂ ਅਤੇ ਪੰਚਾਇਤੀ ਆਗੂਆਂ ਨੂੰ ਜਥੇਬੰਦਕ ਜ਼ਿੰਮੇਵਾਰੀਆਂ ਦਿਓ ਅਤੇ +71 ਵੋਟਾਂ ਦੀ ਲੀਡ ਨੂੰ ਸਥਾਈ ਵੋਟ ਬੈਂਕ ਵਿੱਚ ਬਦਲੋ।","{'booth_no': '39', 'village_en': 'Chogawan Roopowali', 'village_pa': 'ਚੋਗਾਵਾਂ ਰੂਪੋਵਾਲੀ', 'zone_en': 'Historic Breakthrough: AAP Flipped Stronghold', 'zone_pa': 'ਇਤਿਹਾਸਕ ਪ੍ਰਾਪਤੀ: ਅਕਾਲੀ ਗੜ੍ਹ ਵਿੱਚ ਆਪ ਦੀ ਜਿੱਤ ਜ਼ੋਨ', 'action_en': 'Major breakthrough in Chogawan Roopowali previously held by INC. Formally induct local village swing leaders and youth volunteers who backed AAP in 2024. Resolve local village infrastructure, canal tail issues, and cement +71 lead.', 'action_pa': 'ਚੋਗਾਵਾਂ ਰੂਪੋਵਾਲੀ ਵਿੱਚ ਵੱਡੀ ਇਤਿਹਾਸਕ ਸਫ਼ਲਤਾ, ਜਿੱਥੇ INC ਦਾ ਪੁਰਾਣਾ ਦਬਦਬਾ ਟੁੱਟਿਆ। 2024 ਵਿੱਚ ਆਪ ਨਾਲ ਜੁੜੇ ਨੌਜਵਾਨਾਂ ਅਤੇ ਪੰਚਾਇਤੀ ਆਗੂਆਂ ਨੂੰ ਜਥੇਬੰਦਕ ਜ਼ਿੰਮੇਵਾਰੀਆਂ ਦਿਓ ਅਤੇ +71 ਵੋਟਾਂ ਦੀ ਲੀਡ ਨੂੰ ਸਥਾਈ ਵੋਟ ਬੈਂਕ ਵਿੱਚ ਬਦਲੋ।', 'action_steps_en': ['Days 1-30: Onboard dynamic swing workers who crossed over from INC into the formal AAP booth structure.', 'Days 31-60: Prioritize village link road and street light repairs in Chogawan Roopowali through rural development grants.', 'Days 61-90: Convert current +71 vote lead into permanent party loyalty before 2027.'], 'action_steps_pa': ['ਦਿਨ 1-30: INC ਛੱਡ ਕੇ ਆਪ ਵਿੱਚ ਸ਼ਾਮਲ ਹੋਏ ਆਗੂਆਂ ਨੂੰ ਬੂਥ ਕਮੇਟੀ ਵਿੱਚ ਅਹਿਮ ਜ਼ਿੰਮੇਵਾਰੀਆਂ ਦਿਓ।', ""ਦਿਨ 31-60: ਚੋਗਾਵਾਂ ਰੂਪੋਵਾਲੀ ਵਿੱਚ ਪਿੰਡ ਦੀਆਂ ਫਿਰਨੀਆਂ, ਗਲੀਆਂ ਅਤੇ ਲਿੰਕ ਸੜਕਾਂ ਦੇ ਕੰਮ ਤਰਜੀਹ 'ਤੇ ਕਰਵਾਓ।"", 'ਦਿਨ 61-90: +71 ਵੋਟਾਂ ਦੀ ਲੀਡ ਨੂੰ ਪੱਕੇ ਵੋਟ ਬੈਂਕ ਵਿੱਚ ਤਬਦੀਲ ਕਰੋ।'], 'action_steps': ['ਦਿਨ 1-30: INC ਛੱਡ ਕੇ ਆਪ ਵਿੱਚ ਸ਼ਾਮਲ ਹੋਏ ਆਗੂਆਂ ਨੂੰ ਬੂਥ ਕਮੇਟੀ ਵਿੱਚ ਅਹਿਮ ਜ਼ਿੰਮੇਵਾਰੀਆਂ ਦਿਓ।', ""ਦਿਨ 31-60: ਚੋਗਾਵਾਂ ਰੂਪੋਵਾਲੀ ਵਿੱਚ ਪਿੰਡ ਦੀਆਂ ਫਿਰਨੀਆਂ, ਗਲੀਆਂ ਅਤੇ ਲਿੰਕ ਸੜਕਾਂ ਦੇ ਕੰਮ ਤਰਜੀਹ 'ਤੇ ਕਰਵਾਓ।"", 'ਦਿਨ 61-90: +71 ਵੋਟਾਂ ਦੀ ਲੀਡ ਨੂੰ ਪੱਕੇ ਵੋਟ ਬੈਂਕ ਵਿੱਚ ਤਬਦੀਲ ਕਰੋ।']}"
41,40,Dadian,ਦਾਦੀਆਂ,ਦਾਦੀਆਂ,Dadian,ਦਾਦੀਆਂ,SAD,SAD,226,56,SAD Retained,SAD Retained,AAP Deficit,ਆਪ ਘਾਟ,INC Deficit,"{'AAP': 'LOST_BOTH', 'SAD': 'WON_BOTH', 'INC': 'LOST_BOTH', 'BJP': 'WEAK'}",False,"{'is_flip': False, 'status_label': 'SAD Retained', 'turnout_diff': -59, 'turnout_pct': -10.03, 'sad_swing': -23.4, 'aap_swing': 21.8, 'inc_swing': -6.89, 'bjp_swing': 5.48}",588,529,-59,-10.03,371,210,-161,63.1,39.7,-23.4,43,154,111,7.31,29.11,21.8,145,94,-51,24.66,17.77,-6.89,20,47,27,3.4,8.88,5.48,9,1.7,"{'total': 588, 'sad': 371, 'aap': 43, 'inc': 145, 'bjp': 20, 'sad_votes': 371, 'sad_pct': 63.1, 'aap_votes': 43, 'aap_pct': 7.31, 'inc_votes': 145, 'inc_pct': 24.66, 'bjp_votes': 20, 'bjp_pct': 3.4, 'winner_party': 'SAD', 'margin': 226, 'winner_candidate': 'Ganieve Kaur Majithia'}","{'total': 529, 'sad': 210, 'aap': 154, 'inc': 94, 'bjp': 47, 'sada': 9, 'bsp': 0, 'others': 15, 'sad_votes': 210, 'sad_pct': 39.7, 'aap_votes': 154, 'aap_pct': 29.11, 'inc_votes': 94, 'inc_pct': 17.77, 'bjp_votes': 47, 'bjp_pct': 8.88, 'sada_votes': 9, 'sada_pct': 1.7, 'winner_party': 'SAD', 'margin': 56, 'winner_candidate': 'Anil Joshi'}","{'turnout_diff': -59, 'turnout_pct': -10.03, 'sad_shift': -161, 'sad_swing': -23.4, 'aap_shift': 111, 'aap_swing': 21.8, 'inc_shift': -51, 'inc_swing': -6.89, 'bjp_shift': 27, 'bjp_swing': 5.48}",Akali Bastion: Strategic Penetration & Demolition Zone,ਅਕਾਲੀ ਦਲ ਦਾ ਪ੍ਰਭਾਵਿਤ ਖੇਤਰ: ਵਿਸ਼ੇਸ਼ ਘੇਰਾਬੰਦੀ ਜ਼ੋਨ,SAD retained lead here by +56 votes (39.7% share). Target moderate Panthic and farming families in Dadian disillusioned with traditional leadership. Appoint dedicated block coordinators and highlight direct government procurement and village development works.,ਅਕਾਲੀ ਦਲ ਨੇ ਇੱਥੇ +56 ਵੋਟਾਂ (39.7%) ਨਾਲ ਲੀਡ ਬਣਾਈ ਹੈ। ਦਾਦੀਆਂ ਵਿੱਚ ਰਵਾਇਤੀ ਲੀਡਰਸ਼ਿਪ ਤੋਂ ਨਿਰਾਸ਼ ਕਿਸਾਨ ਅਤੇ ਪੰਥਕ ਪਰਿਵਾਰਾਂ ਨਾਲ ਸੰਵਾਦ ਕਰੋ। ਪਿੰਡਾਂ ਵਿੱਚ ਪੰਜਾਬ ਸਰਕਾਰ ਦੇ ਵਿਕਾਸ ਕਾਰਜਾਂ ਅਤੇ ਨਿਰਪੱਖ ਭਰਤੀਆਂ ਦੇ ਸੁਨੇਹੇ ਨਾਲ ਸੰਨ੍ਹ ਲਗਾਓ।,"{'booth_no': '40', 'village_en': 'Dadian', 'village_pa': 'ਦਾਦੀਆਂ', 'zone_en': 'Akali Bastion: Strategic Penetration & Demolition Zone', 'zone_pa': 'ਅਕਾਲੀ ਦਲ ਦਾ ਪ੍ਰਭਾਵਿਤ ਖੇਤਰ: ਵਿਸ਼ੇਸ਼ ਘੇਰਾਬੰਦੀ ਜ਼ੋਨ', 'action_en': 'SAD retained lead here by +56 votes (39.7% share). Target moderate Panthic and farming families in Dadian disillusioned with traditional leadership. Appoint dedicated block coordinators and highlight direct government procurement and village development works.', 'action_pa': 'ਅਕਾਲੀ ਦਲ ਨੇ ਇੱਥੇ +56 ਵੋਟਾਂ (39.7%) ਨਾਲ ਲੀਡ ਬਣਾਈ ਹੈ। ਦਾਦੀਆਂ ਵਿੱਚ ਰਵਾਇਤੀ ਲੀਡਰਸ਼ਿਪ ਤੋਂ ਨਿਰਾਸ਼ ਕਿਸਾਨ ਅਤੇ ਪੰਥਕ ਪਰਿਵਾਰਾਂ ਨਾਲ ਸੰਵਾਦ ਕਰੋ। ਪਿੰਡਾਂ ਵਿੱਚ ਪੰਜਾਬ ਸਰਕਾਰ ਦੇ ਵਿਕਾਸ ਕਾਰਜਾਂ ਅਤੇ ਨਿਰਪੱਖ ਭਰਤੀਆਂ ਦੇ ਸੁਨੇਹੇ ਨਾਲ ਸੰਨ੍ਹ ਲਗਾਓ।', 'action_steps_en': ['Days 1-30: Map the top 30 influential non-committed Panthic families in Dadian.', 'Days 31-60: Deploy senior constituency leaders for direct home visits to address local disgruntlement.', ""Days 61-90: Neutralize SAD's +56 vote cushion by winning over agricultural youth.""], 'action_steps_pa': ['ਦਿਨ 1-30: ਦਾਦੀਆਂ ਦੇ 30 ਨਿਰਪੱਖ ਅਤੇ ਪ੍ਰਭਾਵਸ਼ਾਲੀ ਪਰਿਵਾਰਾਂ ਦੀ ਸ਼ਨਾਖਤ ਕਰੋ।', 'ਦਿਨ 31-60: ਸੀਨੀਅਰ ਲੀਡਰਸ਼ਿਪ ਰਾਹੀਂ ਘਰ-ਘਰ ਜਾ ਕੇ ਸਰਕਾਰ ਦੀਆਂ ਨਿਰਪੱਖ ਨੀਤੀਆਂ ਸਾਂਝੀਆਂ ਕਰੋ।', 'ਦਿਨ 61-90: ਨੌਜਵਾਨ ਵਰਗ ਨੂੰ ਸਰਕਾਰੀ ਨੌਕਰੀਆਂ ਅਤੇ ਖੇਡ ਕਿੱਟਾਂ ਰਾਹੀਂ ਪਾਰਟੀ ਨਾਲ ਜੋੜ ਕੇ ਲੀਡ ਘਟਾਓ।'], 'action_steps': ['ਦਿਨ 1-30: ਦਾਦੀਆਂ ਦੇ 30 ਨਿਰਪੱਖ ਅਤੇ ਪ੍ਰਭਾਵਸ਼ਾਲੀ ਪਰਿਵਾਰਾਂ ਦੀ ਸ਼ਨਾਖਤ ਕਰੋ।', 'ਦਿਨ 31-60: ਸੀਨੀਅਰ ਲੀਡਰਸ਼ਿਪ ਰਾਹੀਂ ਘਰ-ਘਰ ਜਾ ਕੇ ਸਰਕਾਰ ਦੀਆਂ ਨਿਰਪੱਖ ਨੀਤੀਆਂ ਸਾਂਝੀਆਂ ਕਰੋ।', 'ਦਿਨ 61-90: ਨੌਜਵਾਨ ਵਰਗ ਨੂੰ ਸਰਕਾਰੀ ਨੌਕਰੀਆਂ ਅਤੇ ਖੇਡ ਕਿੱਟਾਂ ਰਾਹੀਂ ਪਾਰਟੀ ਨਾਲ ਜੋੜ ਕੇ ਲੀਡ ਘਟਾਓ।']}"
42,41,Dadupura,ਦਾਦੂਪੁਰਾ,ਦਾਦੂਪੁਰਾ,Dadupura,ਦਾਦੂਪੁਰਾ,SAD,SAD,50,55,SAD Retained,SAD Retained,AAP Deficit,ਆਪ ਘਾਟ,INC Deficit,"{'AAP': 'LOST_BOTH', 'SAD': 'WON_BOTH', 'INC': 'LOST_BOTH', 'BJP': 'WEAK'}",False,"{'is_flip': False, 'status_label': 'SAD Retained', 'turnout_diff': -68, 'turnout_pct': -10.53, 'sad_swing': -9.49, 'aap_swing': 18.83, 'inc_swing': -11.26, 'bjp_swing': -3.24}",646,578,-68,-10.53,296,210,-86,45.82,36.33,-9.49,46,150,104,7.12,25.95,18.83,246,155,-91,38.08,26.82,-11.26,50,26,-24,7.74,4.5,-3.24,5,0.87,"{'total': 646, 'sad': 296, 'aap': 46, 'inc': 246, 'bjp': 50, 'sad_votes': 296, 'sad_pct': 45.82, 'aap_votes': 46, 'aap_pct': 7.12, 'inc_votes': 246, 'inc_pct': 38.08, 'bjp_votes': 50, 'bjp_pct': 7.74, 'winner_party': 'SAD', 'margin': 50, 'winner_candidate': 'Ganieve Kaur Majithia'}","{'total': 578, 'sad': 210, 'aap': 150, 'inc': 155, 'bjp': 26, 'sada': 5, 'bsp': 1, 'others': 28, 'sad_votes': 210, 'sad_pct': 36.33, 'aap_votes': 150, 'aap_pct': 25.95, 'inc_votes': 155, 'inc_pct': 26.82, 'bjp_votes': 26, 'bjp_pct': 4.5, 'sada_votes': 5, 'sada_pct': 0.87, 'winner_party': 'SAD', 'margin': 55, 'winner_candidate': 'Anil Joshi'}","{'turnout_diff': -68, 'turnout_pct': -10.53, 'sad_shift': -86, 'sad_swing': -9.49, 'aap_shift': 104, 'aap_swing': 18.83, 'inc_shift': -91, 'inc_swing': -11.26, 'bjp_shift': -24, 'bjp_swing': -3.24}",Akali Bastion: Strategic Penetration & Demolition Zone,ਅਕਾਲੀ ਦਲ ਦਾ ਪ੍ਰਭਾਵਿਤ ਖੇਤਰ: ਵਿਸ਼ੇਸ਼ ਘੇਰਾਬੰਦੀ ਜ਼ੋਨ,SAD retained lead here by +55 votes (36.3% share). Target moderate Panthic and farming families in Dadupura disillusioned with traditional leadership. Appoint dedicated block coordinators and highlight direct government procurement and village development works.,ਅਕਾਲੀ ਦਲ ਨੇ ਇੱਥੇ +55 ਵੋਟਾਂ (36.3%) ਨਾਲ ਲੀਡ ਬਣਾਈ ਹੈ। ਦਾਦੂਪੁਰਾ ਵਿੱਚ ਰਵਾਇਤੀ ਲੀਡਰਸ਼ਿਪ ਤੋਂ ਨਿਰਾਸ਼ ਕਿਸਾਨ ਅਤੇ ਪੰਥਕ ਪਰਿਵਾਰਾਂ ਨਾਲ ਸੰਵਾਦ ਕਰੋ। ਪਿੰਡਾਂ ਵਿੱਚ ਪੰਜਾਬ ਸਰਕਾਰ ਦੇ ਵਿਕਾਸ ਕਾਰਜਾਂ ਅਤੇ ਨਿਰਪੱਖ ਭਰਤੀਆਂ ਦੇ ਸੁਨੇਹੇ ਨਾਲ ਸੰਨ੍ਹ ਲਗਾਓ।,"{'booth_no': '41', 'village_en': 'Dadupura', 'village_pa': 'ਦਾਦੂਪੁਰਾ', 'zone_en': 'Akali Bastion: Strategic Penetration & Demolition Zone', 'zone_pa': 'ਅਕਾਲੀ ਦਲ ਦਾ ਪ੍ਰਭਾਵਿਤ ਖੇਤਰ: ਵਿਸ਼ੇਸ਼ ਘੇਰਾਬੰਦੀ ਜ਼ੋਨ', 'action_en': 'SAD retained lead here by +55 votes (36.3% share). Target moderate Panthic and farming families in Dadupura disillusioned with traditional leadership. Appoint dedicated block coordinators and highlight direct government procurement and village development works.', 'action_pa': 'ਅਕਾਲੀ ਦਲ ਨੇ ਇੱਥੇ +55 ਵੋਟਾਂ (36.3%) ਨਾਲ ਲੀਡ ਬਣਾਈ ਹੈ। ਦਾਦੂਪੁਰਾ ਵਿੱਚ ਰਵਾਇਤੀ ਲੀਡਰਸ਼ਿਪ ਤੋਂ ਨਿਰਾਸ਼ ਕਿਸਾਨ ਅਤੇ ਪੰਥਕ ਪਰਿਵਾਰਾਂ ਨਾਲ ਸੰਵਾਦ ਕਰੋ। ਪਿੰਡਾਂ ਵਿੱਚ ਪੰਜਾਬ ਸਰਕਾਰ ਦੇ ਵਿਕਾਸ ਕਾਰਜਾਂ ਅਤੇ ਨਿਰਪੱਖ ਭਰਤੀਆਂ ਦੇ ਸੁਨੇਹੇ ਨਾਲ ਸੰਨ੍ਹ ਲਗਾਓ।', 'action_steps_en': ['Days 1-30: Map the top 30 influential non-committed Panthic families in Dadupura.', 'Days 31-60: Deploy senior constituency leaders for direct home visits to address local disgruntlement.', ""Days 61-90: Neutralize SAD's +55 vote cushion by winning over agricultural youth.""], 'action_steps_pa': ['ਦਿਨ 1-30: ਦਾਦੂਪੁਰਾ ਦੇ 30 ਨਿਰਪੱਖ ਅਤੇ ਪ੍ਰਭਾਵਸ਼ਾਲੀ ਪਰਿਵਾਰਾਂ ਦੀ ਸ਼ਨਾਖਤ ਕਰੋ।', 'ਦਿਨ 31-60: ਸੀਨੀਅਰ ਲੀਡਰਸ਼ਿਪ ਰਾਹੀਂ ਘਰ-ਘਰ ਜਾ ਕੇ ਸਰਕਾਰ ਦੀਆਂ ਨਿਰਪੱਖ ਨੀਤੀਆਂ ਸਾਂਝੀਆਂ ਕਰੋ।', 'ਦਿਨ 61-90: ਨੌਜਵਾਨ ਵਰਗ ਨੂੰ ਸਰਕਾਰੀ ਨੌਕਰੀਆਂ ਅਤੇ ਖੇਡ ਕਿੱਟਾਂ ਰਾਹੀਂ ਪਾਰਟੀ ਨਾਲ ਜੋੜ ਕੇ ਲੀਡ ਘਟਾਓ।'], 'action_steps': ['ਦਿਨ 1-30: ਦਾਦੂਪੁਰਾ ਦੇ 30 ਨਿਰਪੱਖ ਅਤੇ ਪ੍ਰਭਾਵਸ਼ਾਲੀ ਪਰਿਵਾਰਾਂ ਦੀ ਸ਼ਨਾਖਤ ਕਰੋ।', 'ਦਿਨ 31-60: ਸੀਨੀਅਰ ਲੀਡਰਸ਼ਿਪ ਰਾਹੀਂ ਘਰ-ਘਰ ਜਾ ਕੇ ਸਰਕਾਰ ਦੀਆਂ ਨਿਰਪੱਖ ਨੀਤੀਆਂ ਸਾਂਝੀਆਂ ਕਰੋ।', 'ਦਿਨ 61-90: ਨੌਜਵਾਨ ਵਰਗ ਨੂੰ ਸਰਕਾਰੀ ਨੌਕਰੀਆਂ ਅਤੇ ਖੇਡ ਕਿੱਟਾਂ ਰਾਹੀਂ ਪਾਰਟੀ ਨਾਲ ਜੋੜ ਕੇ ਲੀਡ ਘਟਾਓ।']}"
43,42,Darike,ਦੜੀਕੇ,ਦੜੀਕੇ,Darike,ਦੜੀਕੇ,SAD,SAD,149,82,SAD Retained,SAD Retained,AAP Deficit,ਆਪ ਘਾਟ,INC Deficit,"{'AAP': 'LOST_BOTH', 'SAD': 'WON_BOTH', 'INC': 'WEAK', 'BJP': 'LOST_BOTH'}",False,"{'is_flip': False, 'status_label': 'SAD Retained', 'turnout_diff': -199, 'turnout_pct': -32.52, 'sad_swing': -7.31, 'aap_swing': 2.85, 'inc_swing': -20.26, 'bjp_swing': 20.88}",612,413,-199,-32.52,310,179,-131,50.65,43.34,-7.31,110,86,-24,17.97,20.82,2.85,161,25,-136,26.31,6.05,-20.26,16,97,81,2.61,23.49,20.88,2,0.48,"{'total': 612, 'sad': 310, 'aap': 110, 'inc': 161, 'bjp': 16, 'sad_votes': 310, 'sad_pct': 50.65, 'aap_votes': 110, 'aap_pct': 17.97, 'inc_votes': 161, 'inc_pct': 26.31, 'bjp_votes': 16, 'bjp_pct': 2.61, 'winner_party': 'SAD', 'margin': 149, 'winner_candidate': 'Ganieve Kaur Majithia'}","{'total': 413, 'sad': 179, 'aap': 86, 'inc': 25, 'bjp': 97, 'sada': 2, 'bsp': 0, 'others': 24, 'sad_votes': 179, 'sad_pct': 43.34, 'aap_votes': 86, 'aap_pct': 20.82, 'inc_votes': 25, 'inc_pct': 6.05, 'bjp_votes': 97, 'bjp_pct': 23.49, 'sada_votes': 2, 'sada_pct': 0.48, 'winner_party': 'SAD', 'margin': 82, 'winner_candidate': 'Anil Joshi'}","{'turnout_diff': -199, 'turnout_pct': -32.52, 'sad_shift': -131, 'sad_swing': -7.31, 'aap_shift': -24, 'aap_swing': 2.85, 'inc_shift': -136, 'inc_swing': -20.26, 'bjp_shift': 81, 'bjp_swing': 20.88}",Akali Bastion: Strategic Penetration & Demolition Zone,ਅਕਾਲੀ ਦਲ ਦਾ ਪ੍ਰਭਾਵਿਤ ਖੇਤਰ: ਵਿਸ਼ੇਸ਼ ਘੇਰਾਬੰਦੀ ਜ਼ੋਨ,SAD retained lead here by +82 votes (43.3% share). Target moderate Panthic and farming families in Darike disillusioned with traditional leadership. Appoint dedicated block coordinators and highlight direct government procurement and village development works.,ਅਕਾਲੀ ਦਲ ਨੇ ਇੱਥੇ +82 ਵੋਟਾਂ (43.3%) ਨਾਲ ਲੀਡ ਬਣਾਈ ਹੈ। ਦੜੀਕੇ ਵਿੱਚ ਰਵਾਇਤੀ ਲੀਡਰਸ਼ਿਪ ਤੋਂ ਨਿਰਾਸ਼ ਕਿਸਾਨ ਅਤੇ ਪੰਥਕ ਪਰਿਵਾਰਾਂ ਨਾਲ ਸੰਵਾਦ ਕਰੋ। ਪਿੰਡਾਂ ਵਿੱਚ ਪੰਜਾਬ ਸਰਕਾਰ ਦੇ ਵਿਕਾਸ ਕਾਰਜਾਂ ਅਤੇ ਨਿਰਪੱਖ ਭਰਤੀਆਂ ਦੇ ਸੁਨੇਹੇ ਨਾਲ ਸੰਨ੍ਹ ਲਗਾਓ।,"{'booth_no': '42', 'village_en': 'Darike', 'village_pa': 'ਦੜੀਕੇ', 'zone_en': 'Akali Bastion: Strategic Penetration & Demolition Zone', 'zone_pa': 'ਅਕਾਲੀ ਦਲ ਦਾ ਪ੍ਰਭਾਵਿਤ ਖੇਤਰ: ਵਿਸ਼ੇਸ਼ ਘੇਰਾਬੰਦੀ ਜ਼ੋਨ', 'action_en': 'SAD retained lead here by +82 votes (43.3% share). Target moderate Panthic and farming families in Darike disillusioned with traditional leadership. Appoint dedicated block coordinators and highlight direct government procurement and village development works.', 'action_pa': 'ਅਕਾਲੀ ਦਲ ਨੇ ਇੱਥੇ +82 ਵੋਟਾਂ (43.3%) ਨਾਲ ਲੀਡ ਬਣਾਈ ਹੈ। ਦੜੀਕੇ ਵਿੱਚ ਰਵਾਇਤੀ ਲੀਡਰਸ਼ਿਪ ਤੋਂ ਨਿਰਾਸ਼ ਕਿਸਾਨ ਅਤੇ ਪੰਥਕ ਪਰਿਵਾਰਾਂ ਨਾਲ ਸੰਵਾਦ ਕਰੋ। ਪਿੰਡਾਂ ਵਿੱਚ ਪੰਜਾਬ ਸਰਕਾਰ ਦੇ ਵਿਕਾਸ ਕਾਰਜਾਂ ਅਤੇ ਨਿਰਪੱਖ ਭਰਤੀਆਂ ਦੇ ਸੁਨੇਹੇ ਨਾਲ ਸੰਨ੍ਹ ਲਗਾਓ।', 'action_steps_en': ['Days 1-30: Map the top 30 influential non-committed Panthic families in Darike.', 'Days 31-60: Deploy senior constituency leaders for direct home visits to address local disgruntlement.', ""Days 61-90: Neutralize SAD's +82 vote cushion by winning over agricultural youth.""], 'action_steps_pa': ['ਦਿਨ 1-30: ਦੜੀਕੇ ਦੇ 30 ਨਿਰਪੱਖ ਅਤੇ ਪ੍ਰਭਾਵਸ਼ਾਲੀ ਪਰਿਵਾਰਾਂ ਦੀ ਸ਼ਨਾਖਤ ਕਰੋ।', 'ਦਿਨ 31-60: ਸੀਨੀਅਰ ਲੀਡਰਸ਼ਿਪ ਰਾਹੀਂ ਘਰ-ਘਰ ਜਾ ਕੇ ਸਰਕਾਰ ਦੀਆਂ ਨਿਰਪੱਖ ਨੀਤੀਆਂ ਸਾਂਝੀਆਂ ਕਰੋ।', 'ਦਿਨ 61-90: ਨੌਜਵਾਨ ਵਰਗ ਨੂੰ ਸਰਕਾਰੀ ਨੌਕਰੀਆਂ ਅਤੇ ਖੇਡ ਕਿੱਟਾਂ ਰਾਹੀਂ ਪਾਰਟੀ ਨਾਲ ਜੋੜ ਕੇ ਲੀਡ ਘਟਾਓ।'], 'action_steps': ['ਦਿਨ 1-30: ਦੜੀਕੇ ਦੇ 30 ਨਿਰਪੱਖ ਅਤੇ ਪ੍ਰਭਾਵਸ਼ਾਲੀ ਪਰਿਵਾਰਾਂ ਦੀ ਸ਼ਨਾਖਤ ਕਰੋ।', 'ਦਿਨ 31-60: ਸੀਨੀਅਰ ਲੀਡਰਸ਼ਿਪ ਰਾਹੀਂ ਘਰ-ਘਰ ਜਾ ਕੇ ਸਰਕਾਰ ਦੀਆਂ ਨਿਰਪੱਖ ਨੀਤੀਆਂ ਸਾਂਝੀਆਂ ਕਰੋ।', 'ਦਿਨ 61-90: ਨੌਜਵਾਨ ਵਰਗ ਨੂੰ ਸਰਕਾਰੀ ਨੌਕਰੀਆਂ ਅਤੇ ਖੇਡ ਕਿੱਟਾਂ ਰਾਹੀਂ ਪਾਰਟੀ ਨਾਲ ਜੋੜ ਕੇ ਲੀਡ ਘਟਾਓ।']}"
44,43,Dhadde,ਢੱਡੇ,ਢੱਡੇ,Dhadde,ਢੱਡੇ,SAD,BJP,234,126,SAD → BJP,SAD → BJP,AAP Deficit,ਆਪ ਘਾਟ,INC Deficit,"{'AAP': 'WEAK', 'SAD': 'LOST_24', 'INC': 'LOST_BOTH', 'BJP': 'GAINED'}",True,"{'is_flip': True, 'status_label': 'SAD → BJP', 'turnout_diff': 278, 'turnout_pct': 42.44, 'sad_swing': -30.13, 'aap_swing': -8.27, 'inc_swing': -3.74, 'bjp_swing': 38.79}",655,933,278,42.44,375,253,-122,57.25,27.12,-30.13,111,81,-30,16.95,8.68,-8.27,141,166,25,21.53,17.79,-3.74,12,379,367,1.83,40.62,38.79,0,0.0,"{'total': 655, 'sad': 375, 'aap': 111, 'inc': 141, 'bjp': 12, 'sad_votes': 375, 'sad_pct': 57.25, 'aap_votes': 111, 'aap_pct': 16.95, 'inc_votes': 141, 'inc_pct': 21.53, 'bjp_votes': 12, 'bjp_pct': 1.83, 'winner_party': 'SAD', 'margin': 234, 'winner_candidate': 'Ganieve Kaur Majithia'}","{'total': 933, 'sad': 253, 'aap': 81, 'inc': 166, 'bjp': 379, 'sada': 0, 'bsp': 3, 'others': 45, 'sad_votes': 253, 'sad_pct': 27.12, 'aap_votes': 81, 'aap_pct': 8.68, 'inc_votes': 166, 'inc_pct': 17.79, 'bjp_votes': 379, 'bjp_pct': 40.62, 'sada_votes': 0, 'sada_pct': 0.0, 'winner_party': 'BJP', 'margin': 126, 'winner_candidate': 'Taranjit Singh Sandhu Samundri'}","{'turnout_diff': 278, 'turnout_pct': 42.44, 'sad_shift': -122, 'sad_swing': -30.13, 'aap_shift': -30, 'aap_swing': -8.27, 'inc_shift': 25, 'inc_swing': -3.74, 'bjp_shift': 367, 'bjp_swing': 38.79}",Urban Infiltration: BJP Containment & Counter-Offensive,ਸ਼ਹਿਰੀ ਸੰਵੇਦਨਸ਼ੀਲ ਖੇਤਰ: ਭਾਜਪਾ ਕਾਊਂਟਰ-ਮੁਹਿੰਮ ਜ਼ੋਨ,"BJP led here by +126 votes with 40.6% vote share in urban pockets of Dhadde. Conduct structured dialogues with local shopkeepers, commission agents, and urban families. Emphasize state guarantees vs central economic policies.","ਭਾਜਪਾ ਨੇ ਢੱਡੇ ਦੇ ਸ਼ਹਿਰੀ ਹਿੱਸਿਆਂ ਵਿੱਚ +126 ਵੋਟਾਂ (40.6%) ਹਾਸਲ ਕੀਤੇ ਹਨ। ਵਪਾਰੀਆਂ, ਦੁਕਾਨਦਾਰਾਂ ਅਤੇ ਮੁਹੱਲਾ ਕਮੇਟੀਆਂ ਨਾਲ ਮੀਟਿੰਗਾਂ ਕਰਕੇ ਸਿੱਧਾ ਸੰਵਾਦ ਕਰੋ ਅਤੇ ਲੋਕ-ਪੱਖੀ ਨੀਤੀਆਂ ਬਾਰੇ ਜਾਗਰੂਕ ਕਰੋ।","{'booth_no': '43', 'village_en': 'Dhadde', 'village_pa': 'ਢੱਡੇ', 'zone_en': 'Urban Infiltration: BJP Containment & Counter-Offensive', 'zone_pa': 'ਸ਼ਹਿਰੀ ਸੰਵੇਦਨਸ਼ੀਲ ਖੇਤਰ: ਭਾਜਪਾ ਕਾਊਂਟਰ-ਮੁਹਿੰਮ ਜ਼ੋਨ', 'action_en': 'BJP led here by +126 votes with 40.6% vote share in urban pockets of Dhadde. Conduct structured dialogues with local shopkeepers, commission agents, and urban families. Emphasize state guarantees vs central economic policies.', 'action_pa': 'ਭਾਜਪਾ ਨੇ ਢੱਡੇ ਦੇ ਸ਼ਹਿਰੀ ਹਿੱਸਿਆਂ ਵਿੱਚ +126 ਵੋਟਾਂ (40.6%) ਹਾਸਲ ਕੀਤੇ ਹਨ। ਵਪਾਰੀਆਂ, ਦੁਕਾਨਦਾਰਾਂ ਅਤੇ ਮੁਹੱਲਾ ਕਮੇਟੀਆਂ ਨਾਲ ਮੀਟਿੰਗਾਂ ਕਰਕੇ ਸਿੱਧਾ ਸੰਵਾਦ ਕਰੋ ਅਤੇ ਲੋਕ-ਪੱਖੀ ਨੀਤੀਆਂ ਬਾਰੇ ਜਾਗਰੂਕ ਕਰੋ।', 'action_steps_en': ['Days 1-30: Organize urban merchant and shopkeeper roundtables in Dhadde.', 'Days 31-60: Counter central economic propaganda with Punjab business facilitation policies.', ""Days 61-90: Establish active urban ward cell to dismantle BJP's +126 vote pocket.""], 'action_steps_pa': ['ਦਿਨ 1-30: ਢੱਡੇ ਦੇ ਦੁਕਾਨਦਾਰਾਂ ਅਤੇ ਵਪਾਰੀ ਭਾਈਚਾਰੇ ਨਾਲ ਮੀਟਿੰਗਾਂ ਦਾ ਸਿਲਸਿਲਾ ਸ਼ੁਰੂ ਕਰੋ।', 'ਦਿਨ 31-60: ਕੇਂਦਰ ਸਰਕਾਰ ਦੀਆਂ ਆਰਥਿਕ ਨੀਤੀਆਂ ਬਨਾਮ ਪੰਜਾਬ ਸਰਕਾਰ ਦੀ ਵਪਾਰੀ ਪੱਖੀ ਪਹੁੰਚ ਬਾਰੇ ਦੱਸੋ।', 'ਦਿਨ 61-90: ਸ਼ਹਿਰੀ ਵਾਰਡਾਂ ਵਿੱਚ ਆਪ ਦਾ ਮਜ਼ਬੂਤ ਯੂਨਿਟ ਸਥਾਪਿਤ ਕਰੋ।'], 'action_steps': ['ਦਿਨ 1-30: ਢੱਡੇ ਦੇ ਦੁਕਾਨਦਾਰਾਂ ਅਤੇ ਵਪਾਰੀ ਭਾਈਚਾਰੇ ਨਾਲ ਮੀਟਿੰਗਾਂ ਦਾ ਸਿਲਸਿਲਾ ਸ਼ੁਰੂ ਕਰੋ।', 'ਦਿਨ 31-60: ਕੇਂਦਰ ਸਰਕਾਰ ਦੀਆਂ ਆਰਥਿਕ ਨੀਤੀਆਂ ਬਨਾਮ ਪੰਜਾਬ ਸਰਕਾਰ ਦੀ ਵਪਾਰੀ ਪੱਖੀ ਪਹੁੰਚ ਬਾਰੇ ਦੱਸੋ।', 'ਦਿਨ 61-90: ਸ਼ਹਿਰੀ ਵਾਰਡਾਂ ਵਿੱਚ ਆਪ ਦਾ ਮਜ਼ਬੂਤ ਯੂਨਿਟ ਸਥਾਪਿਤ ਕਰੋ।']}"
45,44,Dhing Nangal,ਢੀਂਗ ਨੰਗਲ,ਢੀਂਗ ਨੰਗਲ,Dhing Nangal,ਢੀਂਗ ਨੰਗਲ,INC,SAD,81,130,INC → SAD,INC → SAD,AAP Deficit,ਆਪ ਘਾਟ,INC Loss,"{'AAP': 'LOST_BOTH', 'SAD': 'GAINED', 'INC': 'LOST_24', 'BJP': 'WEAK'}",True,"{'is_flip': True, 'status_label': 'INC → SAD', 'turnout_diff': -12, 'turnout_pct': -1.81, 'sad_swing': 7.16, 'aap_swing': 16.45, 'inc_swing': -36.4, 'bjp_swing': 5.7}",663,651,-12,-1.81,254,296,42,38.31,45.47,7.16,60,166,106,9.05,25.5,16.45,335,92,-243,50.53,14.13,-36.4,7,44,37,1.06,6.76,5.7,4,0.61,"{'total': 663, 'sad': 254, 'aap': 60, 'inc': 335, 'bjp': 7, 'sad_votes': 254, 'sad_pct': 38.31, 'aap_votes': 60, 'aap_pct': 9.05, 'inc_votes': 335, 'inc_pct': 50.53, 'bjp_votes': 7, 'bjp_pct': 1.06, 'winner_party': 'INC', 'margin': 81, 'winner_candidate': 'Jagwinder Pal Singh (Jagga)'}","{'total': 651, 'sad': 296, 'aap': 166, 'inc': 92, 'bjp': 44, 'sada': 4, 'bsp': 1, 'others': 45, 'sad_votes': 296, 'sad_pct': 45.47, 'aap_votes': 166, 'aap_pct': 25.5, 'inc_votes': 92, 'inc_pct': 14.13, 'bjp_votes': 44, 'bjp_pct': 6.76, 'sada_votes': 4, 'sada_pct': 0.61, 'winner_party': 'SAD', 'margin': 130, 'winner_candidate': 'Anil Joshi'}","{'turnout_diff': -12, 'turnout_pct': -1.81, 'sad_shift': 42, 'sad_swing': 7.16, 'aap_shift': 106, 'aap_swing': 16.45, 'inc_shift': -243, 'inc_swing': -36.4, 'bjp_shift': 37, 'bjp_swing': 5.7}",Akali Bastion: Strategic Penetration & Demolition Zone,ਅਕਾਲੀ ਦਲ ਦਾ ਪ੍ਰਭਾਵਿਤ ਖੇਤਰ: ਵਿਸ਼ੇਸ਼ ਘੇਰਾਬੰਦੀ ਜ਼ੋਨ,SAD retained lead here by +130 votes (45.5% share). Target moderate Panthic and farming families in Dhing Nangal disillusioned with traditional leadership. Appoint dedicated block coordinators and highlight direct government procurement and village development works.,ਅਕਾਲੀ ਦਲ ਨੇ ਇੱਥੇ +130 ਵੋਟਾਂ (45.5%) ਨਾਲ ਲੀਡ ਬਣਾਈ ਹੈ। ਢੀਂਗ ਨੰਗਲ ਵਿੱਚ ਰਵਾਇਤੀ ਲੀਡਰਸ਼ਿਪ ਤੋਂ ਨਿਰਾਸ਼ ਕਿਸਾਨ ਅਤੇ ਪੰਥਕ ਪਰਿਵਾਰਾਂ ਨਾਲ ਸੰਵਾਦ ਕਰੋ। ਪਿੰਡਾਂ ਵਿੱਚ ਪੰਜਾਬ ਸਰਕਾਰ ਦੇ ਵਿਕਾਸ ਕਾਰਜਾਂ ਅਤੇ ਨਿਰਪੱਖ ਭਰਤੀਆਂ ਦੇ ਸੁਨੇਹੇ ਨਾਲ ਸੰਨ੍ਹ ਲਗਾਓ।,"{'booth_no': '44', 'village_en': 'Dhing Nangal', 'village_pa': 'ਢੀਂਗ ਨੰਗਲ', 'zone_en': 'Akali Bastion: Strategic Penetration & Demolition Zone', 'zone_pa': 'ਅਕਾਲੀ ਦਲ ਦਾ ਪ੍ਰਭਾਵਿਤ ਖੇਤਰ: ਵਿਸ਼ੇਸ਼ ਘੇਰਾਬੰਦੀ ਜ਼ੋਨ', 'action_en': 'SAD retained lead here by +130 votes (45.5% share). Target moderate Panthic and farming families in Dhing Nangal disillusioned with traditional leadership. Appoint dedicated block coordinators and highlight direct government procurement and village development works.', 'action_pa': 'ਅਕਾਲੀ ਦਲ ਨੇ ਇੱਥੇ +130 ਵੋਟਾਂ (45.5%) ਨਾਲ ਲੀਡ ਬਣਾਈ ਹੈ। ਢੀਂਗ ਨੰਗਲ ਵਿੱਚ ਰਵਾਇਤੀ ਲੀਡਰਸ਼ਿਪ ਤੋਂ ਨਿਰਾਸ਼ ਕਿਸਾਨ ਅਤੇ ਪੰਥਕ ਪਰਿਵਾਰਾਂ ਨਾਲ ਸੰਵਾਦ ਕਰੋ। ਪਿੰਡਾਂ ਵਿੱਚ ਪੰਜਾਬ ਸਰਕਾਰ ਦੇ ਵਿਕਾਸ ਕਾਰਜਾਂ ਅਤੇ ਨਿਰਪੱਖ ਭਰਤੀਆਂ ਦੇ ਸੁਨੇਹੇ ਨਾਲ ਸੰਨ੍ਹ ਲਗਾਓ।', 'action_steps_en': ['Days 1-30: Map the top 30 influential non-committed Panthic families in Dhing Nangal.', 'Days 31-60: Deploy senior constituency leaders for direct home visits to address local disgruntlement.', ""Days 61-90: Neutralize SAD's +130 vote cushion by winning over agricultural youth.""], 'action_steps_pa': ['ਦਿਨ 1-30: ਢੀਂਗ ਨੰਗਲ ਦੇ 30 ਨਿਰਪੱਖ ਅਤੇ ਪ੍ਰਭਾਵਸ਼ਾਲੀ ਪਰਿਵਾਰਾਂ ਦੀ ਸ਼ਨਾਖਤ ਕਰੋ।', 'ਦਿਨ 31-60: ਸੀਨੀਅਰ ਲੀਡਰਸ਼ਿਪ ਰਾਹੀਂ ਘਰ-ਘਰ ਜਾ ਕੇ ਸਰਕਾਰ ਦੀਆਂ ਨਿਰਪੱਖ ਨੀਤੀਆਂ ਸਾਂਝੀਆਂ ਕਰੋ।', 'ਦਿਨ 61-90: ਨੌਜਵਾਨ ਵਰਗ ਨੂੰ ਸਰਕਾਰੀ ਨੌਕਰੀਆਂ ਅਤੇ ਖੇਡ ਕਿੱਟਾਂ ਰਾਹੀਂ ਪਾਰਟੀ ਨਾਲ ਜੋੜ ਕੇ ਲੀਡ ਘਟਾਓ।'], 'action_steps': ['ਦਿਨ 1-30: ਢੀਂਗ ਨੰਗਲ ਦੇ 30 ਨਿਰਪੱਖ ਅਤੇ ਪ੍ਰਭਾਵਸ਼ਾਲੀ ਪਰਿਵਾਰਾਂ ਦੀ ਸ਼ਨਾਖਤ ਕਰੋ।', 'ਦਿਨ 31-60: ਸੀਨੀਅਰ ਲੀਡਰਸ਼ਿਪ ਰਾਹੀਂ ਘਰ-ਘਰ ਜਾ ਕੇ ਸਰਕਾਰ ਦੀਆਂ ਨਿਰਪੱਖ ਨੀਤੀਆਂ ਸਾਂਝੀਆਂ ਕਰੋ।', 'ਦਿਨ 61-90: ਨੌਜਵਾਨ ਵਰਗ ਨੂੰ ਸਰਕਾਰੀ ਨੌਕਰੀਆਂ ਅਤੇ ਖੇਡ ਕਿੱਟਾਂ ਰਾਹੀਂ ਪਾਰਟੀ ਨਾਲ ਜੋੜ ਕੇ ਲੀਡ ਘਟਾਓ।']}"
46,45,Dialpur,ਦਿਆਲਪੁਰ,ਦਿਆਲਪੁਰ,Dialpur,ਦਿਆਲਪੁਰ,SAD,SAD,136,135,SAD Retained,SAD Retained,AAP Deficit,ਆਪ ਘਾਟ,INC Deficit,"{'AAP': 'LOST_BOTH', 'SAD': 'WON_BOTH', 'INC': 'WEAK', 'BJP': 'WEAK'}",False,"{'is_flip': False, 'status_label': 'SAD Retained', 'turnout_diff': -98, 'turnout_pct': -15.12, 'sad_swing': 4.73, 'aap_swing': 7.18, 'inc_swing': -17.02, 'bjp_swing': -3.46}",648,550,-98,-15.12,304,284,-20,46.91,51.64,4.73,129,149,20,19.91,27.09,7.18,168,49,-119,25.93,8.91,-17.02,26,3,-23,4.01,0.55,-3.46,46,8.36,"{'total': 648, 'sad': 304, 'aap': 129, 'inc': 168, 'bjp': 26, 'sad_votes': 304, 'sad_pct': 46.91, 'aap_votes': 129, 'aap_pct': 19.91, 'inc_votes': 168, 'inc_pct': 25.93, 'bjp_votes': 26, 'bjp_pct': 4.01, 'winner_party': 'SAD', 'margin': 136, 'winner_candidate': 'Ganieve Kaur Majithia'}","{'total': 550, 'sad': 284, 'aap': 149, 'inc': 49, 'bjp': 3, 'sada': 46, 'bsp': 3, 'others': 14, 'sad_votes': 284, 'sad_pct': 51.64, 'aap_votes': 149, 'aap_pct': 27.09, 'inc_votes': 49, 'inc_pct': 8.91, 'bjp_votes': 3, 'bjp_pct': 0.55, 'sada_votes': 46, 'sada_pct': 8.36, 'winner_party': 'SAD', 'margin': 135, 'winner_candidate': 'Anil Joshi'}","{'turnout_diff': -98, 'turnout_pct': -15.12, 'sad_shift': -20, 'sad_swing': 4.73, 'aap_shift': 20, 'aap_swing': 7.18, 'inc_shift': -119, 'inc_swing': -17.02, 'bjp_shift': -23, 'bjp_swing': -3.46}",Akali Bastion: Strategic Penetration & Demolition Zone,ਅਕਾਲੀ ਦਲ ਦਾ ਪ੍ਰਭਾਵਿਤ ਖੇਤਰ: ਵਿਸ਼ੇਸ਼ ਘੇਰਾਬੰਦੀ ਜ਼ੋਨ,SAD retained lead here by +135 votes (51.6% share). Target moderate Panthic and farming families in Dialpur disillusioned with traditional leadership. Appoint dedicated block coordinators and highlight direct government procurement and village development works.,ਅਕਾਲੀ ਦਲ ਨੇ ਇੱਥੇ +135 ਵੋਟਾਂ (51.6%) ਨਾਲ ਲੀਡ ਬਣਾਈ ਹੈ। ਦਿਆਲਪੁਰ ਵਿੱਚ ਰਵਾਇਤੀ ਲੀਡਰਸ਼ਿਪ ਤੋਂ ਨਿਰਾਸ਼ ਕਿਸਾਨ ਅਤੇ ਪੰਥਕ ਪਰਿਵਾਰਾਂ ਨਾਲ ਸੰਵਾਦ ਕਰੋ। ਪਿੰਡਾਂ ਵਿੱਚ ਪੰਜਾਬ ਸਰਕਾਰ ਦੇ ਵਿਕਾਸ ਕਾਰਜਾਂ ਅਤੇ ਨਿਰਪੱਖ ਭਰਤੀਆਂ ਦੇ ਸੁਨੇਹੇ ਨਾਲ ਸੰਨ੍ਹ ਲਗਾਓ।,"{'booth_no': '45', 'village_en': 'Dialpur', 'village_pa': 'ਦਿਆਲਪੁਰ', 'zone_en': 'Akali Bastion: Strategic Penetration & Demolition Zone', 'zone_pa': 'ਅਕਾਲੀ ਦਲ ਦਾ ਪ੍ਰਭਾਵਿਤ ਖੇਤਰ: ਵਿਸ਼ੇਸ਼ ਘੇਰਾਬੰਦੀ ਜ਼ੋਨ', 'action_en': 'SAD retained lead here by +135 votes (51.6% share). Target moderate Panthic and farming families in Dialpur disillusioned with traditional leadership. Appoint dedicated block coordinators and highlight direct government procurement and village development works.', 'action_pa': 'ਅਕਾਲੀ ਦਲ ਨੇ ਇੱਥੇ +135 ਵੋਟਾਂ (51.6%) ਨਾਲ ਲੀਡ ਬਣਾਈ ਹੈ। ਦਿਆਲਪੁਰ ਵਿੱਚ ਰਵਾਇਤੀ ਲੀਡਰਸ਼ਿਪ ਤੋਂ ਨਿਰਾਸ਼ ਕਿਸਾਨ ਅਤੇ ਪੰਥਕ ਪਰਿਵਾਰਾਂ ਨਾਲ ਸੰਵਾਦ ਕਰੋ। ਪਿੰਡਾਂ ਵਿੱਚ ਪੰਜਾਬ ਸਰਕਾਰ ਦੇ ਵਿਕਾਸ ਕਾਰਜਾਂ ਅਤੇ ਨਿਰਪੱਖ ਭਰਤੀਆਂ ਦੇ ਸੁਨੇਹੇ ਨਾਲ ਸੰਨ੍ਹ ਲਗਾਓ।', 'action_steps_en': ['Days 1-30: Map the top 30 influential non-committed Panthic families in Dialpur.', 'Days 31-60: Deploy senior constituency leaders for direct home visits to address local disgruntlement.', ""Days 61-90: Neutralize SAD's +135 vote cushion by winning over agricultural youth.""], 'action_steps_pa': ['ਦਿਨ 1-30: ਦਿਆਲਪੁਰ ਦੇ 30 ਨਿਰਪੱਖ ਅਤੇ ਪ੍ਰਭਾਵਸ਼ਾਲੀ ਪਰਿਵਾਰਾਂ ਦੀ ਸ਼ਨਾਖਤ ਕਰੋ।', 'ਦਿਨ 31-60: ਸੀਨੀਅਰ ਲੀਡਰਸ਼ਿਪ ਰਾਹੀਂ ਘਰ-ਘਰ ਜਾ ਕੇ ਸਰਕਾਰ ਦੀਆਂ ਨਿਰਪੱਖ ਨੀਤੀਆਂ ਸਾਂਝੀਆਂ ਕਰੋ।', 'ਦਿਨ 61-90: ਨੌਜਵਾਨ ਵਰਗ ਨੂੰ ਸਰਕਾਰੀ ਨੌਕਰੀਆਂ ਅਤੇ ਖੇਡ ਕਿੱਟਾਂ ਰਾਹੀਂ ਪਾਰਟੀ ਨਾਲ ਜੋੜ ਕੇ ਲੀਡ ਘਟਾਓ।'], 'action_steps': ['ਦਿਨ 1-30: ਦਿਆਲਪੁਰ ਦੇ 30 ਨਿਰਪੱਖ ਅਤੇ ਪ੍ਰਭਾਵਸ਼ਾਲੀ ਪਰਿਵਾਰਾਂ ਦੀ ਸ਼ਨਾਖਤ ਕਰੋ।', 'ਦਿਨ 31-60: ਸੀਨੀਅਰ ਲੀਡਰਸ਼ਿਪ ਰਾਹੀਂ ਘਰ-ਘਰ ਜਾ ਕੇ ਸਰਕਾਰ ਦੀਆਂ ਨਿਰਪੱਖ ਨੀਤੀਆਂ ਸਾਂਝੀਆਂ ਕਰੋ।', 'ਦਿਨ 61-90: ਨੌਜਵਾਨ ਵਰਗ ਨੂੰ ਸਰਕਾਰੀ ਨੌਕਰੀਆਂ ਅਤੇ ਖੇਡ ਕਿੱਟਾਂ ਰਾਹੀਂ ਪਾਰਟੀ ਨਾਲ ਜੋੜ ਕੇ ਲੀਡ ਘਟਾਓ।']}"
47,46,Dudhala,ਦੁਧਾਲਾ,ਦੁਧਾਲਾ,Dudhala,ਦੁਧਾਲਾ,INC,SAD,18,469,INC → SAD,INC → SAD,AAP Deficit,ਆਪ ਘਾਟ,INC Loss,"{'AAP': 'WEAK', 'SAD': 'GAINED', 'INC': 'LOST_24', 'BJP': 'WEAK'}",True,"{'is_flip': True, 'status_label': 'INC → SAD', 'turnout_diff': 103, 'turnout_pct': 15.21, 'sad_swing': 34.5, 'aap_swing': -0.52, 'inc_swing': -37.77, 'bjp_swing': -0.82}",677,780,103,15.21,269,579,310,39.73,74.23,34.5,99,110,11,14.62,14.1,-0.52,287,36,-251,42.39,4.62,-37.77,9,4,-5,1.33,0.51,-0.82,22,2.82,"{'total': 677, 'sad': 269, 'aap': 99, 'inc': 287, 'bjp': 9, 'sad_votes': 269, 'sad_pct': 39.73, 'aap_votes': 99, 'aap_pct': 14.62, 'inc_votes': 287, 'inc_pct': 42.39, 'bjp_votes': 9, 'bjp_pct': 1.33, 'winner_party': 'INC', 'margin': 18, 'winner_candidate': 'Jagwinder Pal Singh (Jagga)'}","{'total': 780, 'sad': 579, 'aap': 110, 'inc': 36, 'bjp': 4, 'sada': 22, 'bsp': 0, 'others': 29, 'sad_votes': 579, 'sad_pct': 74.23, 'aap_votes': 110, 'aap_pct': 14.1, 'inc_votes': 36, 'inc_pct': 4.62, 'bjp_votes': 4, 'bjp_pct': 0.51, 'sada_votes': 22, 'sada_pct': 2.82, 'winner_party': 'SAD', 'margin': 469, 'winner_candidate': 'Anil Joshi'}","{'turnout_diff': 103, 'turnout_pct': 15.21, 'sad_shift': 310, 'sad_swing': 34.5, 'aap_shift': 11, 'aap_swing': -0.52, 'inc_shift': -251, 'inc_swing': -37.77, 'bjp_shift': -5, 'bjp_swing': -0.82}",Akali Bastion: Strategic Penetration & Demolition Zone,ਅਕਾਲੀ ਦਲ ਦਾ ਪ੍ਰਭਾਵਿਤ ਖੇਤਰ: ਵਿਸ਼ੇਸ਼ ਘੇਰਾਬੰਦੀ ਜ਼ੋਨ,SAD retained lead here by +469 votes (74.2% share). Target moderate Panthic and farming families in Dudhala disillusioned with traditional leadership. Appoint dedicated block coordinators and highlight direct government procurement and village development works.,ਅਕਾਲੀ ਦਲ ਨੇ ਇੱਥੇ +469 ਵੋਟਾਂ (74.2%) ਨਾਲ ਲੀਡ ਬਣਾਈ ਹੈ। ਦੁਧਾਲਾ ਵਿੱਚ ਰਵਾਇਤੀ ਲੀਡਰਸ਼ਿਪ ਤੋਂ ਨਿਰਾਸ਼ ਕਿਸਾਨ ਅਤੇ ਪੰਥਕ ਪਰਿਵਾਰਾਂ ਨਾਲ ਸੰਵਾਦ ਕਰੋ। ਪਿੰਡਾਂ ਵਿੱਚ ਪੰਜਾਬ ਸਰਕਾਰ ਦੇ ਵਿਕਾਸ ਕਾਰਜਾਂ ਅਤੇ ਨਿਰਪੱਖ ਭਰਤੀਆਂ ਦੇ ਸੁਨੇਹੇ ਨਾਲ ਸੰਨ੍ਹ ਲਗਾਓ।,"{'booth_no': '46', 'village_en': 'Dudhala', 'village_pa': 'ਦੁਧਾਲਾ', 'zone_en': 'Akali Bastion: Strategic Penetration & Demolition Zone', 'zone_pa': 'ਅਕਾਲੀ ਦਲ ਦਾ ਪ੍ਰਭਾਵਿਤ ਖੇਤਰ: ਵਿਸ਼ੇਸ਼ ਘੇਰਾਬੰਦੀ ਜ਼ੋਨ', 'action_en': 'SAD retained lead here by +469 votes (74.2% share). Target moderate Panthic and farming families in Dudhala disillusioned with traditional leadership. Appoint dedicated block coordinators and highlight direct government procurement and village development works.', 'action_pa': 'ਅਕਾਲੀ ਦਲ ਨੇ ਇੱਥੇ +469 ਵੋਟਾਂ (74.2%) ਨਾਲ ਲੀਡ ਬਣਾਈ ਹੈ। ਦੁਧਾਲਾ ਵਿੱਚ ਰਵਾਇਤੀ ਲੀਡਰਸ਼ਿਪ ਤੋਂ ਨਿਰਾਸ਼ ਕਿਸਾਨ ਅਤੇ ਪੰਥਕ ਪਰਿਵਾਰਾਂ ਨਾਲ ਸੰਵਾਦ ਕਰੋ। ਪਿੰਡਾਂ ਵਿੱਚ ਪੰਜਾਬ ਸਰਕਾਰ ਦੇ ਵਿਕਾਸ ਕਾਰਜਾਂ ਅਤੇ ਨਿਰਪੱਖ ਭਰਤੀਆਂ ਦੇ ਸੁਨੇਹੇ ਨਾਲ ਸੰਨ੍ਹ ਲਗਾਓ।', 'action_steps_en': ['Days 1-30: Map the top 30 influential non-committed Panthic families in Dudhala.', 'Days 31-60: Deploy senior constituency leaders for direct home visits to address local disgruntlement.', ""Days 61-90: Neutralize SAD's +469 vote cushion by winning over agricultural youth.""], 'action_steps_pa': ['ਦਿਨ 1-30: ਦੁਧਾਲਾ ਦੇ 30 ਨਿਰਪੱਖ ਅਤੇ ਪ੍ਰਭਾਵਸ਼ਾਲੀ ਪਰਿਵਾਰਾਂ ਦੀ ਸ਼ਨਾਖਤ ਕਰੋ।', 'ਦਿਨ 31-60: ਸੀਨੀਅਰ ਲੀਡਰਸ਼ਿਪ ਰਾਹੀਂ ਘਰ-ਘਰ ਜਾ ਕੇ ਸਰਕਾਰ ਦੀਆਂ ਨਿਰਪੱਖ ਨੀਤੀਆਂ ਸਾਂਝੀਆਂ ਕਰੋ।', 'ਦਿਨ 61-90: ਨੌਜਵਾਨ ਵਰਗ ਨੂੰ ਸਰਕਾਰੀ ਨੌਕਰੀਆਂ ਅਤੇ ਖੇਡ ਕਿੱਟਾਂ ਰਾਹੀਂ ਪਾਰਟੀ ਨਾਲ ਜੋੜ ਕੇ ਲੀਡ ਘਟਾਓ।'], 'action_steps': ['ਦਿਨ 1-30: ਦੁਧਾਲਾ ਦੇ 30 ਨਿਰਪੱਖ ਅਤੇ ਪ੍ਰਭਾਵਸ਼ਾਲੀ ਪਰਿਵਾਰਾਂ ਦੀ ਸ਼ਨਾਖਤ ਕਰੋ।', 'ਦਿਨ 31-60: ਸੀਨੀਅਰ ਲੀਡਰਸ਼ਿਪ ਰਾਹੀਂ ਘਰ-ਘਰ ਜਾ ਕੇ ਸਰਕਾਰ ਦੀਆਂ ਨਿਰਪੱਖ ਨੀਤੀਆਂ ਸਾਂਝੀਆਂ ਕਰੋ।', 'ਦਿਨ 61-90: ਨੌਜਵਾਨ ਵਰਗ ਨੂੰ ਸਰਕਾਰੀ ਨੌਕਰੀਆਂ ਅਤੇ ਖੇਡ ਕਿੱਟਾਂ ਰਾਹੀਂ ਪਾਰਟੀ ਨਾਲ ਜੋੜ ਕੇ ਲੀਡ ਘਟਾਓ।']}"
48,47,Fattu Bhila,ਫ਼ੱਤੂ ਭੀਲਾ,ਫ਼ੱਤੂ ਭੀਲਾ,Fattu Bhila,ਫ਼ੱਤੂ ਭੀਲਾ,SAD,SAD,96,4,SAD Retained,SAD Retained,AAP Deficit,ਆਪ ਘਾਟ,INC Deficit,"{'AAP': 'LOST_BOTH', 'SAD': 'WON_BOTH', 'INC': 'WEAK', 'BJP': 'WEAK'}",False,"{'is_flip': False, 'status_label': 'SAD Retained', 'turnout_diff': 218, 'turnout_pct': 48.23, 'sad_swing': -8.56, 'aap_swing': 12.75, 'inc_swing': -11.65, 'bjp_swing': 1.51}",452,670,218,48.23,208,251,43,46.02,37.46,-8.56,109,247,138,24.12,36.87,12.75,112,88,-24,24.78,13.13,-11.65,4,16,12,0.88,2.39,1.51,39,5.82,"{'total': 452, 'sad': 208, 'aap': 109, 'inc': 112, 'bjp': 4, 'sad_votes': 208, 'sad_pct': 46.02, 'aap_votes': 109, 'aap_pct': 24.12, 'inc_votes': 112, 'inc_pct': 24.78, 'bjp_votes': 4, 'bjp_pct': 0.88, 'winner_party': 'SAD', 'margin': 96, 'winner_candidate': 'Ganieve Kaur Majithia'}","{'total': 670, 'sad': 251, 'aap': 247, 'inc': 88, 'bjp': 16, 'sada': 39, 'bsp': 0, 'others': 26, 'sad_votes': 251, 'sad_pct': 37.46, 'aap_votes': 247, 'aap_pct': 36.87, 'inc_votes': 88, 'inc_pct': 13.13, 'bjp_votes': 16, 'bjp_pct': 2.39, 'sada_votes': 39, 'sada_pct': 5.82, 'winner_party': 'SAD', 'margin': 4, 'winner_candidate': 'Anil Joshi'}","{'turnout_diff': 218, 'turnout_pct': 48.23, 'sad_shift': 43, 'sad_swing': -8.56, 'aap_shift': 138, 'aap_swing': 12.75, 'inc_shift': -24, 'inc_swing': -11.65, 'bjp_shift': 12, 'bjp_swing': 1.51}",Akali Bastion: Strategic Penetration & Demolition Zone,ਅਕਾਲੀ ਦਲ ਦਾ ਪ੍ਰਭਾਵਿਤ ਖੇਤਰ: ਵਿਸ਼ੇਸ਼ ਘੇਰਾਬੰਦੀ ਜ਼ੋਨ,SAD retained lead here by +4 votes (37.5% share). Target moderate Panthic and farming families in Fattu Bhila disillusioned with traditional leadership. Appoint dedicated block coordinators and highlight direct government procurement and village development works.,ਅਕਾਲੀ ਦਲ ਨੇ ਇੱਥੇ +4 ਵੋਟਾਂ (37.5%) ਨਾਲ ਲੀਡ ਬਣਾਈ ਹੈ। ਫ਼ੱਤੂ ਭੀਲਾ ਵਿੱਚ ਰਵਾਇਤੀ ਲੀਡਰਸ਼ਿਪ ਤੋਂ ਨਿਰਾਸ਼ ਕਿਸਾਨ ਅਤੇ ਪੰਥਕ ਪਰਿਵਾਰਾਂ ਨਾਲ ਸੰਵਾਦ ਕਰੋ। ਪਿੰਡਾਂ ਵਿੱਚ ਪੰਜਾਬ ਸਰਕਾਰ ਦੇ ਵਿਕਾਸ ਕਾਰਜਾਂ ਅਤੇ ਨਿਰਪੱਖ ਭਰਤੀਆਂ ਦੇ ਸੁਨੇਹੇ ਨਾਲ ਸੰਨ੍ਹ ਲਗਾਓ।,"{'booth_no': '47', 'village_en': 'Fattu Bhila', 'village_pa': 'ਫ਼ੱਤੂ ਭੀਲਾ', 'zone_en': 'Akali Bastion: Strategic Penetration & Demolition Zone', 'zone_pa': 'ਅਕਾਲੀ ਦਲ ਦਾ ਪ੍ਰਭਾਵਿਤ ਖੇਤਰ: ਵਿਸ਼ੇਸ਼ ਘੇਰਾਬੰਦੀ ਜ਼ੋਨ', 'action_en': 'SAD retained lead here by +4 votes (37.5% share). Target moderate Panthic and farming families in Fattu Bhila disillusioned with traditional leadership. Appoint dedicated block coordinators and highlight direct government procurement and village development works.', 'action_pa': 'ਅਕਾਲੀ ਦਲ ਨੇ ਇੱਥੇ +4 ਵੋਟਾਂ (37.5%) ਨਾਲ ਲੀਡ ਬਣਾਈ ਹੈ। ਫ਼ੱਤੂ ਭੀਲਾ ਵਿੱਚ ਰਵਾਇਤੀ ਲੀਡਰਸ਼ਿਪ ਤੋਂ ਨਿਰਾਸ਼ ਕਿਸਾਨ ਅਤੇ ਪੰਥਕ ਪਰਿਵਾਰਾਂ ਨਾਲ ਸੰਵਾਦ ਕਰੋ। ਪਿੰਡਾਂ ਵਿੱਚ ਪੰਜਾਬ ਸਰਕਾਰ ਦੇ ਵਿਕਾਸ ਕਾਰਜਾਂ ਅਤੇ ਨਿਰਪੱਖ ਭਰਤੀਆਂ ਦੇ ਸੁਨੇਹੇ ਨਾਲ ਸੰਨ੍ਹ ਲਗਾਓ।', 'action_steps_en': ['Days 1-30: Map the top 30 influential non-committed Panthic families in Fattu Bhila.', 'Days 31-60: Deploy senior constituency leaders for direct home visits to address local disgruntlement.', ""Days 61-90: Neutralize SAD's +4 vote cushion by winning over agricultural youth.""], 'action_steps_pa': ['ਦਿਨ 1-30: ਫ਼ੱਤੂ ਭੀਲਾ ਦੇ 30 ਨਿਰਪੱਖ ਅਤੇ ਪ੍ਰਭਾਵਸ਼ਾਲੀ ਪਰਿਵਾਰਾਂ ਦੀ ਸ਼ਨਾਖਤ ਕਰੋ।', 'ਦਿਨ 31-60: ਸੀਨੀਅਰ ਲੀਡਰਸ਼ਿਪ ਰਾਹੀਂ ਘਰ-ਘਰ ਜਾ ਕੇ ਸਰਕਾਰ ਦੀਆਂ ਨਿਰਪੱਖ ਨੀਤੀਆਂ ਸਾਂਝੀਆਂ ਕਰੋ।', 'ਦਿਨ 61-90: ਨੌਜਵਾਨ ਵਰਗ ਨੂੰ ਸਰਕਾਰੀ ਨੌਕਰੀਆਂ ਅਤੇ ਖੇਡ ਕਿੱਟਾਂ ਰਾਹੀਂ ਪਾਰਟੀ ਨਾਲ ਜੋੜ ਕੇ ਲੀਡ ਘਟਾਓ।'], 'action_steps': ['ਦਿਨ 1-30: ਫ਼ੱਤੂ ਭੀਲਾ ਦੇ 30 ਨਿਰਪੱਖ ਅਤੇ ਪ੍ਰਭਾਵਸ਼ਾਲੀ ਪਰਿਵਾਰਾਂ ਦੀ ਸ਼ਨਾਖਤ ਕਰੋ।', 'ਦਿਨ 31-60: ਸੀਨੀਅਰ ਲੀਡਰਸ਼ਿਪ ਰਾਹੀਂ ਘਰ-ਘਰ ਜਾ ਕੇ ਸਰਕਾਰ ਦੀਆਂ ਨਿਰਪੱਖ ਨੀਤੀਆਂ ਸਾਂਝੀਆਂ ਕਰੋ।', 'ਦਿਨ 61-90: ਨੌਜਵਾਨ ਵਰਗ ਨੂੰ ਸਰਕਾਰੀ ਨੌਕਰੀਆਂ ਅਤੇ ਖੇਡ ਕਿੱਟਾਂ ਰਾਹੀਂ ਪਾਰਟੀ ਨਾਲ ਜੋੜ ਕੇ ਲੀਡ ਘਟਾਓ।']}"
49,48,Galowali,ਗਾਲੋਵਾਲੀ,ਗਾਲੋਵਾਲੀ,Galowali,ਗਾਲੋਵਾਲੀ,SAD,AAP,422,104,SAD → AAP,SAD → AAP,AAP Gain,ਆਪ ਲਾਭ,INC Deficit,"{'AAP': 'GAINED', 'SAD': 'LOST_24', 'INC': 'WEAK', 'BJP': 'WEAK'}",True,"{'is_flip': True, 'status_label': 'SAD → AAP', 'turnout_diff': -487, 'turnout_pct': -50.52, 'sad_swing': -36.98, 'aap_swing': 31.4, 'inc_swing': -6.41, 'bjp_swing': 0.02}",964,477,-487,-50.52,599,120,-479,62.14,25.16,-36.98,150,224,74,15.56,46.96,31.4,177,57,-120,18.36,11.95,-6.41,16,8,-8,1.66,1.68,0.02,40,8.39,"{'total': 964, 'sad': 599, 'aap': 150, 'inc': 177, 'bjp': 16, 'sad_votes': 599, 'sad_pct': 62.14, 'aap_votes': 150, 'aap_pct': 15.56, 'inc_votes': 177, 'inc_pct': 18.36, 'bjp_votes': 16, 'bjp_pct': 1.66, 'winner_party': 'SAD', 'margin': 422, 'winner_candidate': 'Ganieve Kaur Majithia'}","{'total': 477, 'sad': 120, 'aap': 224, 'inc': 57, 'bjp': 8, 'sada': 40, 'bsp': 2, 'others': 24, 'sad_votes': 120, 'sad_pct': 25.16, 'aap_votes': 224, 'aap_pct': 46.96, 'inc_votes': 57, 'inc_pct': 11.95, 'bjp_votes': 8, 'bjp_pct': 1.68, 'sada_votes': 40, 'sada_pct': 8.39, 'winner_party': 'AAP', 'margin': 104, 'winner_candidate': 'Kuldeep Singh Dhaliwal'}","{'turnout_diff': -487, 'turnout_pct': -50.52, 'sad_shift': -479, 'sad_swing': -36.98, 'aap_shift': 74, 'aap_swing': 31.4, 'inc_shift': -120, 'inc_swing': -6.41, 'bjp_shift': -8, 'bjp_swing': 0.02}",Historic Breakthrough: AAP Flipped Stronghold,ਇਤਿਹਾਸਕ ਪ੍ਰਾਪਤੀ: ਅਕਾਲੀ ਗੜ੍ਹ ਵਿੱਚ ਆਪ ਦੀ ਜਿੱਤ ਜ਼ੋਨ,"Major breakthrough in Galowali previously held by SAD. Formally induct local village swing leaders and youth volunteers who backed AAP in 2024. Resolve local village infrastructure, canal tail issues, and cement +104 lead.","ਗਾਲੋਵਾਲੀ ਵਿੱਚ ਵੱਡੀ ਇਤਿਹਾਸਕ ਸਫ਼ਲਤਾ, ਜਿੱਥੇ SAD ਦਾ ਪੁਰਾਣਾ ਦਬਦਬਾ ਟੁੱਟਿਆ। 2024 ਵਿੱਚ ਆਪ ਨਾਲ ਜੁੜੇ ਨੌਜਵਾਨਾਂ ਅਤੇ ਪੰਚਾਇਤੀ ਆਗੂਆਂ ਨੂੰ ਜਥੇਬੰਦਕ ਜ਼ਿੰਮੇਵਾਰੀਆਂ ਦਿਓ ਅਤੇ +104 ਵੋਟਾਂ ਦੀ ਲੀਡ ਨੂੰ ਸਥਾਈ ਵੋਟ ਬੈਂਕ ਵਿੱਚ ਬਦਲੋ।","{'booth_no': '48', 'village_en': 'Galowali', 'village_pa': 'ਗਾਲੋਵਾਲੀ', 'zone_en': 'Historic Breakthrough: AAP Flipped Stronghold', 'zone_pa': 'ਇਤਿਹਾਸਕ ਪ੍ਰਾਪਤੀ: ਅਕਾਲੀ ਗੜ੍ਹ ਵਿੱਚ ਆਪ ਦੀ ਜਿੱਤ ਜ਼ੋਨ', 'action_en': 'Major breakthrough in Galowali previously held by SAD. Formally induct local village swing leaders and youth volunteers who backed AAP in 2024. Resolve local village infrastructure, canal tail issues, and cement +104 lead.', 'action_pa': 'ਗਾਲੋਵਾਲੀ ਵਿੱਚ ਵੱਡੀ ਇਤਿਹਾਸਕ ਸਫ਼ਲਤਾ, ਜਿੱਥੇ SAD ਦਾ ਪੁਰਾਣਾ ਦਬਦਬਾ ਟੁੱਟਿਆ। 2024 ਵਿੱਚ ਆਪ ਨਾਲ ਜੁੜੇ ਨੌਜਵਾਨਾਂ ਅਤੇ ਪੰਚਾਇਤੀ ਆਗੂਆਂ ਨੂੰ ਜਥੇਬੰਦਕ ਜ਼ਿੰਮੇਵਾਰੀਆਂ ਦਿਓ ਅਤੇ +104 ਵੋਟਾਂ ਦੀ ਲੀਡ ਨੂੰ ਸਥਾਈ ਵੋਟ ਬੈਂਕ ਵਿੱਚ ਬਦਲੋ।', 'action_steps_en': ['Days 1-30: Onboard dynamic swing workers who crossed over from SAD into the formal AAP booth structure.', 'Days 31-60: Prioritize village link road and street light repairs in Galowali through rural development grants.', 'Days 61-90: Convert current +104 vote lead into permanent party loyalty before 2027.'], 'action_steps_pa': ['ਦਿਨ 1-30: SAD ਛੱਡ ਕੇ ਆਪ ਵਿੱਚ ਸ਼ਾਮਲ ਹੋਏ ਆਗੂਆਂ ਨੂੰ ਬੂਥ ਕਮੇਟੀ ਵਿੱਚ ਅਹਿਮ ਜ਼ਿੰਮੇਵਾਰੀਆਂ ਦਿਓ।', ""ਦਿਨ 31-60: ਗਾਲੋਵਾਲੀ ਵਿੱਚ ਪਿੰਡ ਦੀਆਂ ਫਿਰਨੀਆਂ, ਗਲੀਆਂ ਅਤੇ ਲਿੰਕ ਸੜਕਾਂ ਦੇ ਕੰਮ ਤਰਜੀਹ 'ਤੇ ਕਰਵਾਓ।"", 'ਦਿਨ 61-90: +104 ਵੋਟਾਂ ਦੀ ਲੀਡ ਨੂੰ ਪੱਕੇ ਵੋਟ ਬੈਂਕ ਵਿੱਚ ਤਬਦੀਲ ਕਰੋ।'], 'action_steps': ['ਦਿਨ 1-30: SAD ਛੱਡ ਕੇ ਆਪ ਵਿੱਚ ਸ਼ਾਮਲ ਹੋਏ ਆਗੂਆਂ ਨੂੰ ਬੂਥ ਕਮੇਟੀ ਵਿੱਚ ਅਹਿਮ ਜ਼ਿੰਮੇਵਾਰੀਆਂ ਦਿਓ।', ""ਦਿਨ 31-60: ਗਾਲੋਵਾਲੀ ਵਿੱਚ ਪਿੰਡ ਦੀਆਂ ਫਿਰਨੀਆਂ, ਗਲੀਆਂ ਅਤੇ ਲਿੰਕ ਸੜਕਾਂ ਦੇ ਕੰਮ ਤਰਜੀਹ 'ਤੇ ਕਰਵਾਓ।"", 'ਦਿਨ 61-90: +104 ਵੋਟਾਂ ਦੀ ਲੀਡ ਨੂੰ ਪੱਕੇ ਵੋਟ ਬੈਂਕ ਵਿੱਚ ਤਬਦੀਲ ਕਰੋ।']}"
50,49,Gopalpura,ਗੋਪਾਲਪੁਰਾ,ਗੋਪਾਲਪੁਰਾ,Gopalpura,ਗੋਪਾਲਪੁਰਾ,SAD,SAD,297,15,SAD Retained,SAD Retained,AAP Deficit,ਆਪ ਘਾਟ,INC Deficit,"{'AAP': 'LOST_BOTH', 'SAD': 'WON_BOTH', 'INC': 'WEAK', 'BJP': 'WEAK'}",False,"{'is_flip': False, 'status_label': 'SAD Retained', 'turnout_diff': -316, 'turnout_pct': -41.74, 'sad_swing': -16.25, 'aap_swing': 21.03, 'inc_swing': -7.86, 'bjp_swing': -0.01}",757,441,-316,-41.74,444,187,-257,58.65,42.4,-16.25,136,172,36,17.97,39.0,21.03,147,51,-96,19.42,11.56,-7.86,7,4,-3,0.92,0.91,-0.01,8,1.81,"{'total': 757, 'sad': 444, 'aap': 136, 'inc': 147, 'bjp': 7, 'sad_votes': 444, 'sad_pct': 58.65, 'aap_votes': 136, 'aap_pct': 17.97, 'inc_votes': 147, 'inc_pct': 19.42, 'bjp_votes': 7, 'bjp_pct': 0.92, 'winner_party': 'SAD', 'margin': 297, 'winner_candidate': 'Ganieve Kaur Majithia'}","{'total': 441, 'sad': 187, 'aap': 172, 'inc': 51, 'bjp': 4, 'sada': 8, 'bsp': 0, 'others': 19, 'sad_votes': 187, 'sad_pct': 42.4, 'aap_votes': 172, 'aap_pct': 39.0, 'inc_votes': 51, 'inc_pct': 11.56, 'bjp_votes': 4, 'bjp_pct': 0.91, 'sada_votes': 8, 'sada_pct': 1.81, 'winner_party': 'SAD', 'margin': 15, 'winner_candidate': 'Anil Joshi'}","{'turnout_diff': -316, 'turnout_pct': -41.74, 'sad_shift': -257, 'sad_swing': -16.25, 'aap_shift': 36, 'aap_swing': 21.03, 'inc_shift': -96, 'inc_swing': -7.86, 'bjp_shift': -3, 'bjp_swing': -0.01}",Akali Bastion: Strategic Penetration & Demolition Zone,ਅਕਾਲੀ ਦਲ ਦਾ ਪ੍ਰਭਾਵਿਤ ਖੇਤਰ: ਵਿਸ਼ੇਸ਼ ਘੇਰਾਬੰਦੀ ਜ਼ੋਨ,SAD retained lead here by +15 votes (42.4% share). Target moderate Panthic and farming families in Gopalpura disillusioned with traditional leadership. Appoint dedicated block coordinators and highlight direct government procurement and village development works.,ਅਕਾਲੀ ਦਲ ਨੇ ਇੱਥੇ +15 ਵੋਟਾਂ (42.4%) ਨਾਲ ਲੀਡ ਬਣਾਈ ਹੈ। ਗੋਪਾਲਪੁਰਾ ਵਿੱਚ ਰਵਾਇਤੀ ਲੀਡਰਸ਼ਿਪ ਤੋਂ ਨਿਰਾਸ਼ ਕਿਸਾਨ ਅਤੇ ਪੰਥਕ ਪਰਿਵਾਰਾਂ ਨਾਲ ਸੰਵਾਦ ਕਰੋ। ਪਿੰਡਾਂ ਵਿੱਚ ਪੰਜਾਬ ਸਰਕਾਰ ਦੇ ਵਿਕਾਸ ਕਾਰਜਾਂ ਅਤੇ ਨਿਰਪੱਖ ਭਰਤੀਆਂ ਦੇ ਸੁਨੇਹੇ ਨਾਲ ਸੰਨ੍ਹ ਲਗਾਓ।,"{'booth_no': '49', 'village_en': 'Gopalpura', 'village_pa': 'ਗੋਪਾਲਪੁਰਾ', 'zone_en': 'Akali Bastion: Strategic Penetration & Demolition Zone', 'zone_pa': 'ਅਕਾਲੀ ਦਲ ਦਾ ਪ੍ਰਭਾਵਿਤ ਖੇਤਰ: ਵਿਸ਼ੇਸ਼ ਘੇਰਾਬੰਦੀ ਜ਼ੋਨ', 'action_en': 'SAD retained lead here by +15 votes (42.4% share). Target moderate Panthic and farming families in Gopalpura disillusioned with traditional leadership. Appoint dedicated block coordinators and highlight direct government procurement and village development works.', 'action_pa': 'ਅਕਾਲੀ ਦਲ ਨੇ ਇੱਥੇ +15 ਵੋਟਾਂ (42.4%) ਨਾਲ ਲੀਡ ਬਣਾਈ ਹੈ। ਗੋਪਾਲਪੁਰਾ ਵਿੱਚ ਰਵਾਇਤੀ ਲੀਡਰਸ਼ਿਪ ਤੋਂ ਨਿਰਾਸ਼ ਕਿਸਾਨ ਅਤੇ ਪੰਥਕ ਪਰਿਵਾਰਾਂ ਨਾਲ ਸੰਵਾਦ ਕਰੋ। ਪਿੰਡਾਂ ਵਿੱਚ ਪੰਜਾਬ ਸਰਕਾਰ ਦੇ ਵਿਕਾਸ ਕਾਰਜਾਂ ਅਤੇ ਨਿਰਪੱਖ ਭਰਤੀਆਂ ਦੇ ਸੁਨੇਹੇ ਨਾਲ ਸੰਨ੍ਹ ਲਗਾਓ।', 'action_steps_en': ['Days 1-30: Map the top 30 influential non-committed Panthic families in Gopalpura.', 'Days 31-60: Deploy senior constituency leaders for direct home visits to address local disgruntlement.', ""Days 61-90: Neutralize SAD's +15 vote cushion by winning over agricultural youth.""], 'action_steps_pa': ['ਦਿਨ 1-30: ਗੋਪਾਲਪੁਰਾ ਦੇ 30 ਨਿਰਪੱਖ ਅਤੇ ਪ੍ਰਭਾਵਸ਼ਾਲੀ ਪਰਿਵਾਰਾਂ ਦੀ ਸ਼ਨਾਖਤ ਕਰੋ।', 'ਦਿਨ 31-60: ਸੀਨੀਅਰ ਲੀਡਰਸ਼ਿਪ ਰਾਹੀਂ ਘਰ-ਘਰ ਜਾ ਕੇ ਸਰਕਾਰ ਦੀਆਂ ਨਿਰਪੱਖ ਨੀਤੀਆਂ ਸਾਂਝੀਆਂ ਕਰੋ।', 'ਦਿਨ 61-90: ਨੌਜਵਾਨ ਵਰਗ ਨੂੰ ਸਰਕਾਰੀ ਨੌਕਰੀਆਂ ਅਤੇ ਖੇਡ ਕਿੱਟਾਂ ਰਾਹੀਂ ਪਾਰਟੀ ਨਾਲ ਜੋੜ ਕੇ ਲੀਡ ਘਟਾਓ।'], 'action_steps': ['ਦਿਨ 1-30: ਗੋਪਾਲਪੁਰਾ ਦੇ 30 ਨਿਰਪੱਖ ਅਤੇ ਪ੍ਰਭਾਵਸ਼ਾਲੀ ਪਰਿਵਾਰਾਂ ਦੀ ਸ਼ਨਾਖਤ ਕਰੋ।', 'ਦਿਨ 31-60: ਸੀਨੀਅਰ ਲੀਡਰਸ਼ਿਪ ਰਾਹੀਂ ਘਰ-ਘਰ ਜਾ ਕੇ ਸਰਕਾਰ ਦੀਆਂ ਨਿਰਪੱਖ ਨੀਤੀਆਂ ਸਾਂਝੀਆਂ ਕਰੋ।', 'ਦਿਨ 61-90: ਨੌਜਵਾਨ ਵਰਗ ਨੂੰ ਸਰਕਾਰੀ ਨੌਕਰੀਆਂ ਅਤੇ ਖੇਡ ਕਿੱਟਾਂ ਰਾਹੀਂ ਪਾਰਟੀ ਨਾਲ ਜੋੜ ਕੇ ਲੀਡ ਘਟਾਓ।']}"
51,50,Gosal Afgana,ਗੋਸਲ ਅਫ਼ਗਾਨਾਂ,ਗੋਸਲ ਅਫ਼ਗਾਨਾਂ,Gosal Afgana,ਗੋਸਲ ਅਫ਼ਗਾਨਾਂ,SAD,SAD,115,107,SAD Retained,SAD Retained,AAP Deficit,ਆਪ ਘਾਟ,INC Deficit,"{'AAP': 'LOST_BOTH', 'SAD': 'WON_BOTH', 'INC': 'LOST_BOTH', 'BJP': 'WEAK'}",False,"{'is_flip': False, 'status_label': 'SAD Retained', 'turnout_diff': 44, 'turnout_pct': 7.25, 'sad_swing': -3.43, 'aap_swing': 4.85, 'inc_swing': -4.6, 'bjp_swing': -0.05}",607,651,44,7.25,280,278,-2,46.13,42.7,-3.43,130,171,41,21.42,26.27,4.85,165,147,-18,27.18,22.58,-4.6,5,5,0,0.82,0.77,-0.05,13,2.0,"{'total': 607, 'sad': 280, 'aap': 130, 'inc': 165, 'bjp': 5, 'sad_votes': 280, 'sad_pct': 46.13, 'aap_votes': 130, 'aap_pct': 21.42, 'inc_votes': 165, 'inc_pct': 27.18, 'bjp_votes': 5, 'bjp_pct': 0.82, 'winner_party': 'SAD', 'margin': 115, 'winner_candidate': 'Ganieve Kaur Majithia'}","{'total': 651, 'sad': 278, 'aap': 171, 'inc': 147, 'bjp': 5, 'sada': 13, 'bsp': 1, 'others': 35, 'sad_votes': 278, 'sad_pct': 42.7, 'aap_votes': 171, 'aap_pct': 26.27, 'inc_votes': 147, 'inc_pct': 22.58, 'bjp_votes': 5, 'bjp_pct': 0.77, 'sada_votes': 13, 'sada_pct': 2.0, 'winner_party': 'SAD', 'margin': 107, 'winner_candidate': 'Anil Joshi'}","{'turnout_diff': 44, 'turnout_pct': 7.25, 'sad_shift': -2, 'sad_swing': -3.43, 'aap_shift': 41, 'aap_swing': 4.85, 'inc_shift': -18, 'inc_swing': -4.6, 'bjp_shift': 0, 'bjp_swing': -0.05}",Akali Bastion: Strategic Penetration & Demolition Zone,ਅਕਾਲੀ ਦਲ ਦਾ ਪ੍ਰਭਾਵਿਤ ਖੇਤਰ: ਵਿਸ਼ੇਸ਼ ਘੇਰਾਬੰਦੀ ਜ਼ੋਨ,SAD retained lead here by +107 votes (42.7% share). Target moderate Panthic and farming families in Gosal Afgana disillusioned with traditional leadership. Appoint dedicated block coordinators and highlight direct government procurement and village development works.,ਅਕਾਲੀ ਦਲ ਨੇ ਇੱਥੇ +107 ਵੋਟਾਂ (42.7%) ਨਾਲ ਲੀਡ ਬਣਾਈ ਹੈ। ਗੋਸਲ ਅਫ਼ਗਾਨਾਂ ਵਿੱਚ ਰਵਾਇਤੀ ਲੀਡਰਸ਼ਿਪ ਤੋਂ ਨਿਰਾਸ਼ ਕਿਸਾਨ ਅਤੇ ਪੰਥਕ ਪਰਿਵਾਰਾਂ ਨਾਲ ਸੰਵਾਦ ਕਰੋ। ਪਿੰਡਾਂ ਵਿੱਚ ਪੰਜਾਬ ਸਰਕਾਰ ਦੇ ਵਿਕਾਸ ਕਾਰਜਾਂ ਅਤੇ ਨਿਰਪੱਖ ਭਰਤੀਆਂ ਦੇ ਸੁਨੇਹੇ ਨਾਲ ਸੰਨ੍ਹ ਲਗਾਓ।,"{'booth_no': '50', 'village_en': 'Gosal Afgana', 'village_pa': 'ਗੋਸਲ ਅਫ਼ਗਾਨਾਂ', 'zone_en': 'Akali Bastion: Strategic Penetration & Demolition Zone', 'zone_pa': 'ਅਕਾਲੀ ਦਲ ਦਾ ਪ੍ਰਭਾਵਿਤ ਖੇਤਰ: ਵਿਸ਼ੇਸ਼ ਘੇਰਾਬੰਦੀ ਜ਼ੋਨ', 'action_en': 'SAD retained lead here by +107 votes (42.7% share). Target moderate Panthic and farming families in Gosal Afgana disillusioned with traditional leadership. Appoint dedicated block coordinators and highlight direct government procurement and village development works.', 'action_pa': 'ਅਕਾਲੀ ਦਲ ਨੇ ਇੱਥੇ +107 ਵੋਟਾਂ (42.7%) ਨਾਲ ਲੀਡ ਬਣਾਈ ਹੈ। ਗੋਸਲ ਅਫ਼ਗਾਨਾਂ ਵਿੱਚ ਰਵਾਇਤੀ ਲੀਡਰਸ਼ਿਪ ਤੋਂ ਨਿਰਾਸ਼ ਕਿਸਾਨ ਅਤੇ ਪੰਥਕ ਪਰਿਵਾਰਾਂ ਨਾਲ ਸੰਵਾਦ ਕਰੋ। ਪਿੰਡਾਂ ਵਿੱਚ ਪੰਜਾਬ ਸਰਕਾਰ ਦੇ ਵਿਕਾਸ ਕਾਰਜਾਂ ਅਤੇ ਨਿਰਪੱਖ ਭਰਤੀਆਂ ਦੇ ਸੁਨੇਹੇ ਨਾਲ ਸੰਨ੍ਹ ਲਗਾਓ।', 'action_steps_en': ['Days 1-30: Map the top 30 influential non-committed Panthic families in Gosal Afgana.', 'Days 31-60: Deploy senior constituency leaders for direct home visits to address local disgruntlement.', ""Days 61-90: Neutralize SAD's +107 vote cushion by winning over agricultural youth.""], 'action_steps_pa': ['ਦਿਨ 1-30: ਗੋਸਲ ਅਫ਼ਗਾਨਾਂ ਦੇ 30 ਨਿਰਪੱਖ ਅਤੇ ਪ੍ਰਭਾਵਸ਼ਾਲੀ ਪਰਿਵਾਰਾਂ ਦੀ ਸ਼ਨਾਖਤ ਕਰੋ।', 'ਦਿਨ 31-60: ਸੀਨੀਅਰ ਲੀਡਰਸ਼ਿਪ ਰਾਹੀਂ ਘਰ-ਘਰ ਜਾ ਕੇ ਸਰਕਾਰ ਦੀਆਂ ਨਿਰਪੱਖ ਨੀਤੀਆਂ ਸਾਂਝੀਆਂ ਕਰੋ।', 'ਦਿਨ 61-90: ਨੌਜਵਾਨ ਵਰਗ ਨੂੰ ਸਰਕਾਰੀ ਨੌਕਰੀਆਂ ਅਤੇ ਖੇਡ ਕਿੱਟਾਂ ਰਾਹੀਂ ਪਾਰਟੀ ਨਾਲ ਜੋੜ ਕੇ ਲੀਡ ਘਟਾਓ।'], 'action_steps': ['ਦਿਨ 1-30: ਗੋਸਲ ਅਫ਼ਗਾਨਾਂ ਦੇ 30 ਨਿਰਪੱਖ ਅਤੇ ਪ੍ਰਭਾਵਸ਼ਾਲੀ ਪਰਿਵਾਰਾਂ ਦੀ ਸ਼ਨਾਖਤ ਕਰੋ।', 'ਦਿਨ 31-60: ਸੀਨੀਅਰ ਲੀਡਰਸ਼ਿਪ ਰਾਹੀਂ ਘਰ-ਘਰ ਜਾ ਕੇ ਸਰਕਾਰ ਦੀਆਂ ਨਿਰਪੱਖ ਨੀਤੀਆਂ ਸਾਂਝੀਆਂ ਕਰੋ।', 'ਦਿਨ 61-90: ਨੌਜਵਾਨ ਵਰਗ ਨੂੰ ਸਰਕਾਰੀ ਨੌਕਰੀਆਂ ਅਤੇ ਖੇਡ ਕਿੱਟਾਂ ਰਾਹੀਂ ਪਾਰਟੀ ਨਾਲ ਜੋੜ ਕੇ ਲੀਡ ਘਟਾਓ।']}"
52,51,Gosal Zimidaran,ਗੋਸਲ ਜ਼ਿਮੀਦਾਰਾਂ,ਗੋਸਲ ਜ਼ਿਮੀਦਾਰਾਂ,Gosal Zimidaran,ਗੋਸਲ ਜ਼ਿਮੀਦਾਰਾਂ,SAD,SAD,11,136,SAD Retained,SAD Retained,AAP Deficit,ਆਪ ਘਾਟ,INC Deficit,"{'AAP': 'LOST_BOTH', 'SAD': 'WON_BOTH', 'INC': 'LOST_BOTH', 'BJP': 'WEAK'}",False,"{'is_flip': False, 'status_label': 'SAD Retained', 'turnout_diff': 486, 'turnout_pct': 207.69, 'sad_swing': -1.52, 'aap_swing': 9.25, 'inc_swing': -15.71, 'bjp_swing': 1.94}",234,720,486,207.69,104,309,205,44.44,42.92,-1.52,31,162,131,13.25,22.5,9.25,93,173,80,39.74,24.03,-15.71,0,14,14,0.0,1.94,1.94,25,3.47,"{'total': 234, 'sad': 104, 'aap': 31, 'inc': 93, 'bjp': 0, 'sad_votes': 104, 'sad_pct': 44.44, 'aap_votes': 31, 'aap_pct': 13.25, 'inc_votes': 93, 'inc_pct': 39.74, 'bjp_votes': 0, 'bjp_pct': 0.0, 'winner_party': 'SAD', 'margin': 11, 'winner_candidate': 'Ganieve Kaur Majithia'}","{'total': 720, 'sad': 309, 'aap': 162, 'inc': 173, 'bjp': 14, 'sada': 25, 'bsp': 2, 'others': 32, 'sad_votes': 309, 'sad_pct': 42.92, 'aap_votes': 162, 'aap_pct': 22.5, 'inc_votes': 173, 'inc_pct': 24.03, 'bjp_votes': 14, 'bjp_pct': 1.94, 'sada_votes': 25, 'sada_pct': 3.47, 'winner_party': 'SAD', 'margin': 136, 'winner_candidate': 'Anil Joshi'}","{'turnout_diff': 486, 'turnout_pct': 207.69, 'sad_shift': 205, 'sad_swing': -1.52, 'aap_shift': 131, 'aap_swing': 9.25, 'inc_shift': 80, 'inc_swing': -15.71, 'bjp_shift': 14, 'bjp_swing': 1.94}",Akali Bastion: Strategic Penetration & Demolition Zone,ਅਕਾਲੀ ਦਲ ਦਾ ਪ੍ਰਭਾਵਿਤ ਖੇਤਰ: ਵਿਸ਼ੇਸ਼ ਘੇਰਾਬੰਦੀ ਜ਼ੋਨ,SAD retained lead here by +136 votes (42.9% share). Target moderate Panthic and farming families in Gosal Zimidaran disillusioned with traditional leadership. Appoint dedicated block coordinators and highlight direct government procurement and village development works.,ਅਕਾਲੀ ਦਲ ਨੇ ਇੱਥੇ +136 ਵੋਟਾਂ (42.9%) ਨਾਲ ਲੀਡ ਬਣਾਈ ਹੈ। ਗੋਸਲ ਜ਼ਿਮੀਦਾਰਾਂ ਵਿੱਚ ਰਵਾਇਤੀ ਲੀਡਰਸ਼ਿਪ ਤੋਂ ਨਿਰਾਸ਼ ਕਿਸਾਨ ਅਤੇ ਪੰਥਕ ਪਰਿਵਾਰਾਂ ਨਾਲ ਸੰਵਾਦ ਕਰੋ। ਪਿੰਡਾਂ ਵਿੱਚ ਪੰਜਾਬ ਸਰਕਾਰ ਦੇ ਵਿਕਾਸ ਕਾਰਜਾਂ ਅਤੇ ਨਿਰਪੱਖ ਭਰਤੀਆਂ ਦੇ ਸੁਨੇਹੇ ਨਾਲ ਸੰਨ੍ਹ ਲਗਾਓ।,"{'booth_no': '51', 'village_en': 'Gosal Zimidaran', 'village_pa': 'ਗੋਸਲ ਜ਼ਿਮੀਦਾਰਾਂ', 'zone_en': 'Akali Bastion: Strategic Penetration & Demolition Zone', 'zone_pa': 'ਅਕਾਲੀ ਦਲ ਦਾ ਪ੍ਰਭਾਵਿਤ ਖੇਤਰ: ਵਿਸ਼ੇਸ਼ ਘੇਰਾਬੰਦੀ ਜ਼ੋਨ', 'action_en': 'SAD retained lead here by +136 votes (42.9% share). Target moderate Panthic and farming families in Gosal Zimidaran disillusioned with traditional leadership. Appoint dedicated block coordinators and highlight direct government procurement and village development works.', 'action_pa': 'ਅਕਾਲੀ ਦਲ ਨੇ ਇੱਥੇ +136 ਵੋਟਾਂ (42.9%) ਨਾਲ ਲੀਡ ਬਣਾਈ ਹੈ। ਗੋਸਲ ਜ਼ਿਮੀਦਾਰਾਂ ਵਿੱਚ ਰਵਾਇਤੀ ਲੀਡਰਸ਼ਿਪ ਤੋਂ ਨਿਰਾਸ਼ ਕਿਸਾਨ ਅਤੇ ਪੰਥਕ ਪਰਿਵਾਰਾਂ ਨਾਲ ਸੰਵਾਦ ਕਰੋ। ਪਿੰਡਾਂ ਵਿੱਚ ਪੰਜਾਬ ਸਰਕਾਰ ਦੇ ਵਿਕਾਸ ਕਾਰਜਾਂ ਅਤੇ ਨਿਰਪੱਖ ਭਰਤੀਆਂ ਦੇ ਸੁਨੇਹੇ ਨਾਲ ਸੰਨ੍ਹ ਲਗਾਓ।', 'action_steps_en': ['Days 1-30: Map the top 30 influential non-committed Panthic families in Gosal Zimidaran.', 'Days 31-60: Deploy senior constituency leaders for direct home visits to address local disgruntlement.', ""Days 61-90: Neutralize SAD's +136 vote cushion by winning over agricultural youth.""], 'action_steps_pa': ['ਦਿਨ 1-30: ਗੋਸਲ ਜ਼ਿਮੀਦਾਰਾਂ ਦੇ 30 ਨਿਰਪੱਖ ਅਤੇ ਪ੍ਰਭਾਵਸ਼ਾਲੀ ਪਰਿਵਾਰਾਂ ਦੀ ਸ਼ਨਾਖਤ ਕਰੋ।', 'ਦਿਨ 31-60: ਸੀਨੀਅਰ ਲੀਡਰਸ਼ਿਪ ਰਾਹੀਂ ਘਰ-ਘਰ ਜਾ ਕੇ ਸਰਕਾਰ ਦੀਆਂ ਨਿਰਪੱਖ ਨੀਤੀਆਂ ਸਾਂਝੀਆਂ ਕਰੋ।', 'ਦਿਨ 61-90: ਨੌਜਵਾਨ ਵਰਗ ਨੂੰ ਸਰਕਾਰੀ ਨੌਕਰੀਆਂ ਅਤੇ ਖੇਡ ਕਿੱਟਾਂ ਰਾਹੀਂ ਪਾਰਟੀ ਨਾਲ ਜੋੜ ਕੇ ਲੀਡ ਘਟਾਓ।'], 'action_steps': ['ਦਿਨ 1-30: ਗੋਸਲ ਜ਼ਿਮੀਦਾਰਾਂ ਦੇ 30 ਨਿਰਪੱਖ ਅਤੇ ਪ੍ਰਭਾਵਸ਼ਾਲੀ ਪਰਿਵਾਰਾਂ ਦੀ ਸ਼ਨਾਖਤ ਕਰੋ।', 'ਦਿਨ 31-60: ਸੀਨੀਅਰ ਲੀਡਰਸ਼ਿਪ ਰਾਹੀਂ ਘਰ-ਘਰ ਜਾ ਕੇ ਸਰਕਾਰ ਦੀਆਂ ਨਿਰਪੱਖ ਨੀਤੀਆਂ ਸਾਂਝੀਆਂ ਕਰੋ।', 'ਦਿਨ 61-90: ਨੌਜਵਾਨ ਵਰਗ ਨੂੰ ਸਰਕਾਰੀ ਨੌਕਰੀਆਂ ਅਤੇ ਖੇਡ ਕਿੱਟਾਂ ਰਾਹੀਂ ਪਾਰਟੀ ਨਾਲ ਜੋੜ ਕੇ ਲੀਡ ਘਟਾਓ।']}"
53,52,Hamja,ਹਮਜ਼ਾ,ਹਮਜ਼ਾ,Hamja,ਹਮਜ਼ਾ,SAD,SAD,501,118,SAD Retained,SAD Retained,AAP Deficit,ਆਪ ਘਾਟ,INC Deficit,"{'AAP': 'LOST_BOTH', 'SAD': 'WON_BOTH', 'INC': 'WEAK', 'BJP': 'WEAK'}",False,"{'is_flip': False, 'status_label': 'SAD Retained', 'turnout_diff': -195, 'turnout_pct': -25.93, 'sad_swing': -27.21, 'aap_swing': 22.48, 'inc_swing': -0.81, 'bjp_swing': 0.74}",752,557,-195,-25.93,584,281,-303,77.66,50.45,-27.21,51,163,112,6.78,29.26,22.48,83,57,-26,11.04,10.23,-0.81,8,10,2,1.06,1.8,0.74,15,2.69,"{'total': 752, 'sad': 584, 'aap': 51, 'inc': 83, 'bjp': 8, 'sad_votes': 584, 'sad_pct': 77.66, 'aap_votes': 51, 'aap_pct': 6.78, 'inc_votes': 83, 'inc_pct': 11.04, 'bjp_votes': 8, 'bjp_pct': 1.06, 'winner_party': 'SAD', 'margin': 501, 'winner_candidate': 'Ganieve Kaur Majithia'}","{'total': 557, 'sad': 281, 'aap': 163, 'inc': 57, 'bjp': 10, 'sada': 15, 'bsp': 2, 'others': 26, 'sad_votes': 281, 'sad_pct': 50.45, 'aap_votes': 163, 'aap_pct': 29.26, 'inc_votes': 57, 'inc_pct': 10.23, 'bjp_votes': 10, 'bjp_pct': 1.8, 'sada_votes': 15, 'sada_pct': 2.69, 'winner_party': 'SAD', 'margin': 118, 'winner_candidate': 'Anil Joshi'}","{'turnout_diff': -195, 'turnout_pct': -25.93, 'sad_shift': -303, 'sad_swing': -27.21, 'aap_shift': 112, 'aap_swing': 22.48, 'inc_shift': -26, 'inc_swing': -0.81, 'bjp_shift': 2, 'bjp_swing': 0.74}",Akali Bastion: Strategic Penetration & Demolition Zone,ਅਕਾਲੀ ਦਲ ਦਾ ਪ੍ਰਭਾਵਿਤ ਖੇਤਰ: ਵਿਸ਼ੇਸ਼ ਘੇਰਾਬੰਦੀ ਜ਼ੋਨ,SAD retained lead here by +118 votes (50.5% share). Target moderate Panthic and farming families in Hamja disillusioned with traditional leadership. Appoint dedicated block coordinators and highlight direct government procurement and village development works.,ਅਕਾਲੀ ਦਲ ਨੇ ਇੱਥੇ +118 ਵੋਟਾਂ (50.5%) ਨਾਲ ਲੀਡ ਬਣਾਈ ਹੈ। ਹਮਜ਼ਾ ਵਿੱਚ ਰਵਾਇਤੀ ਲੀਡਰਸ਼ਿਪ ਤੋਂ ਨਿਰਾਸ਼ ਕਿਸਾਨ ਅਤੇ ਪੰਥਕ ਪਰਿਵਾਰਾਂ ਨਾਲ ਸੰਵਾਦ ਕਰੋ। ਪਿੰਡਾਂ ਵਿੱਚ ਪੰਜਾਬ ਸਰਕਾਰ ਦੇ ਵਿਕਾਸ ਕਾਰਜਾਂ ਅਤੇ ਨਿਰਪੱਖ ਭਰਤੀਆਂ ਦੇ ਸੁਨੇਹੇ ਨਾਲ ਸੰਨ੍ਹ ਲਗਾਓ।,"{'booth_no': '52', 'village_en': 'Hamja', 'village_pa': 'ਹਮਜ਼ਾ', 'zone_en': 'Akali Bastion: Strategic Penetration & Demolition Zone', 'zone_pa': 'ਅਕਾਲੀ ਦਲ ਦਾ ਪ੍ਰਭਾਵਿਤ ਖੇਤਰ: ਵਿਸ਼ੇਸ਼ ਘੇਰਾਬੰਦੀ ਜ਼ੋਨ', 'action_en': 'SAD retained lead here by +118 votes (50.5% share). Target moderate Panthic and farming families in Hamja disillusioned with traditional leadership. Appoint dedicated block coordinators and highlight direct government procurement and village development works.', 'action_pa': 'ਅਕਾਲੀ ਦਲ ਨੇ ਇੱਥੇ +118 ਵੋਟਾਂ (50.5%) ਨਾਲ ਲੀਡ ਬਣਾਈ ਹੈ। ਹਮਜ਼ਾ ਵਿੱਚ ਰਵਾਇਤੀ ਲੀਡਰਸ਼ਿਪ ਤੋਂ ਨਿਰਾਸ਼ ਕਿਸਾਨ ਅਤੇ ਪੰਥਕ ਪਰਿਵਾਰਾਂ ਨਾਲ ਸੰਵਾਦ ਕਰੋ। ਪਿੰਡਾਂ ਵਿੱਚ ਪੰਜਾਬ ਸਰਕਾਰ ਦੇ ਵਿਕਾਸ ਕਾਰਜਾਂ ਅਤੇ ਨਿਰਪੱਖ ਭਰਤੀਆਂ ਦੇ ਸੁਨੇਹੇ ਨਾਲ ਸੰਨ੍ਹ ਲਗਾਓ।', 'action_steps_en': ['Days 1-30: Map the top 30 influential non-committed Panthic families in Hamja.', 'Days 31-60: Deploy senior constituency leaders for direct home visits to address local disgruntlement.', ""Days 61-90: Neutralize SAD's +118 vote cushion by winning over agricultural youth.""], 'action_steps_pa': ['ਦਿਨ 1-30: ਹਮਜ਼ਾ ਦੇ 30 ਨਿਰਪੱਖ ਅਤੇ ਪ੍ਰਭਾਵਸ਼ਾਲੀ ਪਰਿਵਾਰਾਂ ਦੀ ਸ਼ਨਾਖਤ ਕਰੋ।', 'ਦਿਨ 31-60: ਸੀਨੀਅਰ ਲੀਡਰਸ਼ਿਪ ਰਾਹੀਂ ਘਰ-ਘਰ ਜਾ ਕੇ ਸਰਕਾਰ ਦੀਆਂ ਨਿਰਪੱਖ ਨੀਤੀਆਂ ਸਾਂਝੀਆਂ ਕਰੋ।', 'ਦਿਨ 61-90: ਨੌਜਵਾਨ ਵਰਗ ਨੂੰ ਸਰਕਾਰੀ ਨੌਕਰੀਆਂ ਅਤੇ ਖੇਡ ਕਿੱਟਾਂ ਰਾਹੀਂ ਪਾਰਟੀ ਨਾਲ ਜੋੜ ਕੇ ਲੀਡ ਘਟਾਓ।'], 'action_steps': ['ਦਿਨ 1-30: ਹਮਜ਼ਾ ਦੇ 30 ਨਿਰਪੱਖ ਅਤੇ ਪ੍ਰਭਾਵਸ਼ਾਲੀ ਪਰਿਵਾਰਾਂ ਦੀ ਸ਼ਨਾਖਤ ਕਰੋ।', 'ਦਿਨ 31-60: ਸੀਨੀਅਰ ਲੀਡਰਸ਼ਿਪ ਰਾਹੀਂ ਘਰ-ਘਰ ਜਾ ਕੇ ਸਰਕਾਰ ਦੀਆਂ ਨਿਰਪੱਖ ਨੀਤੀਆਂ ਸਾਂਝੀਆਂ ਕਰੋ।', 'ਦਿਨ 61-90: ਨੌਜਵਾਨ ਵਰਗ ਨੂੰ ਸਰਕਾਰੀ ਨੌਕਰੀਆਂ ਅਤੇ ਖੇਡ ਕਿੱਟਾਂ ਰਾਹੀਂ ਪਾਰਟੀ ਨਾਲ ਜੋੜ ਕੇ ਲੀਡ ਘਟਾਓ।']}"
54,53,Harian,ਹਰੀਆਂ,ਹਰੀਆਂ,Harian,ਹਰੀਆਂ,SAD,AAP,94,61,SAD → AAP,SAD → AAP,AAP Gain,ਆਪ ਲਾਭ,INC Deficit,"{'AAP': 'GAINED', 'SAD': 'LOST_24', 'INC': 'WEAK', 'BJP': 'WEAK'}",True,"{'is_flip': True, 'status_label': 'SAD → AAP', 'turnout_diff': -467, 'turnout_pct': -58.16, 'sad_swing': -16.45, 'aap_swing': 13.41, 'inc_swing': -4.64, 'bjp_swing': 6.67}",803,336,-467,-58.16,340,87,-253,42.34,25.89,-16.45,246,148,-98,30.64,44.05,13.41,152,48,-104,18.93,14.29,-4.64,11,27,16,1.37,8.04,6.67,17,5.06,"{'total': 803, 'sad': 340, 'aap': 246, 'inc': 152, 'bjp': 11, 'sad_votes': 340, 'sad_pct': 42.34, 'aap_votes': 246, 'aap_pct': 30.64, 'inc_votes': 152, 'inc_pct': 18.93, 'bjp_votes': 11, 'bjp_pct': 1.37, 'winner_party': 'SAD', 'margin': 94, 'winner_candidate': 'Ganieve Kaur Majithia'}","{'total': 336, 'sad': 87, 'aap': 148, 'inc': 48, 'bjp': 27, 'sada': 17, 'bsp': 0, 'others': 9, 'sad_votes': 87, 'sad_pct': 25.89, 'aap_votes': 148, 'aap_pct': 44.05, 'inc_votes': 48, 'inc_pct': 14.29, 'bjp_votes': 27, 'bjp_pct': 8.04, 'sada_votes': 17, 'sada_pct': 5.06, 'winner_party': 'AAP', 'margin': 61, 'winner_candidate': 'Kuldeep Singh Dhaliwal'}","{'turnout_diff': -467, 'turnout_pct': -58.16, 'sad_shift': -253, 'sad_swing': -16.45, 'aap_shift': -98, 'aap_swing': 13.41, 'inc_shift': -104, 'inc_swing': -4.64, 'bjp_shift': 16, 'bjp_swing': 6.67}",Historic Breakthrough: AAP Flipped Stronghold,ਇਤਿਹਾਸਕ ਪ੍ਰਾਪਤੀ: ਅਕਾਲੀ ਗੜ੍ਹ ਵਿੱਚ ਆਪ ਦੀ ਜਿੱਤ ਜ਼ੋਨ,"Major breakthrough in Harian previously held by SAD. Formally induct local village swing leaders and youth volunteers who backed AAP in 2024. Resolve local village infrastructure, canal tail issues, and cement +61 lead.","ਹਰੀਆਂ ਵਿੱਚ ਵੱਡੀ ਇਤਿਹਾਸਕ ਸਫ਼ਲਤਾ, ਜਿੱਥੇ SAD ਦਾ ਪੁਰਾਣਾ ਦਬਦਬਾ ਟੁੱਟਿਆ। 2024 ਵਿੱਚ ਆਪ ਨਾਲ ਜੁੜੇ ਨੌਜਵਾਨਾਂ ਅਤੇ ਪੰਚਾਇਤੀ ਆਗੂਆਂ ਨੂੰ ਜਥੇਬੰਦਕ ਜ਼ਿੰਮੇਵਾਰੀਆਂ ਦਿਓ ਅਤੇ +61 ਵੋਟਾਂ ਦੀ ਲੀਡ ਨੂੰ ਸਥਾਈ ਵੋਟ ਬੈਂਕ ਵਿੱਚ ਬਦਲੋ।","{'booth_no': '53', 'village_en': 'Harian', 'village_pa': 'ਹਰੀਆਂ', 'zone_en': 'Historic Breakthrough: AAP Flipped Stronghold', 'zone_pa': 'ਇਤਿਹਾਸਕ ਪ੍ਰਾਪਤੀ: ਅਕਾਲੀ ਗੜ੍ਹ ਵਿੱਚ ਆਪ ਦੀ ਜਿੱਤ ਜ਼ੋਨ', 'action_en': 'Major breakthrough in Harian previously held by SAD. Formally induct local village swing leaders and youth volunteers who backed AAP in 2024. Resolve local village infrastructure, canal tail issues, and cement +61 lead.', 'action_pa': 'ਹਰੀਆਂ ਵਿੱਚ ਵੱਡੀ ਇਤਿਹਾਸਕ ਸਫ਼ਲਤਾ, ਜਿੱਥੇ SAD ਦਾ ਪੁਰਾਣਾ ਦਬਦਬਾ ਟੁੱਟਿਆ। 2024 ਵਿੱਚ ਆਪ ਨਾਲ ਜੁੜੇ ਨੌਜਵਾਨਾਂ ਅਤੇ ਪੰਚਾਇਤੀ ਆਗੂਆਂ ਨੂੰ ਜਥੇਬੰਦਕ ਜ਼ਿੰਮੇਵਾਰੀਆਂ ਦਿਓ ਅਤੇ +61 ਵੋਟਾਂ ਦੀ ਲੀਡ ਨੂੰ ਸਥਾਈ ਵੋਟ ਬੈਂਕ ਵਿੱਚ ਬਦਲੋ।', 'action_steps_en': ['Days 1-30: Onboard dynamic swing workers who crossed over from SAD into the formal AAP booth structure.', 'Days 31-60: Prioritize village link road and street light repairs in Harian through rural development grants.', 'Days 61-90: Convert current +61 vote lead into permanent party loyalty before 2027.'], 'action_steps_pa': ['ਦਿਨ 1-30: SAD ਛੱਡ ਕੇ ਆਪ ਵਿੱਚ ਸ਼ਾਮਲ ਹੋਏ ਆਗੂਆਂ ਨੂੰ ਬੂਥ ਕਮੇਟੀ ਵਿੱਚ ਅਹਿਮ ਜ਼ਿੰਮੇਵਾਰੀਆਂ ਦਿਓ।', ""ਦਿਨ 31-60: ਹਰੀਆਂ ਵਿੱਚ ਪਿੰਡ ਦੀਆਂ ਫਿਰਨੀਆਂ, ਗਲੀਆਂ ਅਤੇ ਲਿੰਕ ਸੜਕਾਂ ਦੇ ਕੰਮ ਤਰਜੀਹ 'ਤੇ ਕਰਵਾਓ।"", 'ਦਿਨ 61-90: +61 ਵੋਟਾਂ ਦੀ ਲੀਡ ਨੂੰ ਪੱਕੇ ਵੋਟ ਬੈਂਕ ਵਿੱਚ ਤਬਦੀਲ ਕਰੋ।'], 'action_steps': ['ਦਿਨ 1-30: SAD ਛੱਡ ਕੇ ਆਪ ਵਿੱਚ ਸ਼ਾਮਲ ਹੋਏ ਆਗੂਆਂ ਨੂੰ ਬੂਥ ਕਮੇਟੀ ਵਿੱਚ ਅਹਿਮ ਜ਼ਿੰਮੇਵਾਰੀਆਂ ਦਿਓ।', ""ਦਿਨ 31-60: ਹਰੀਆਂ ਵਿੱਚ ਪਿੰਡ ਦੀਆਂ ਫਿਰਨੀਆਂ, ਗਲੀਆਂ ਅਤੇ ਲਿੰਕ ਸੜਕਾਂ ਦੇ ਕੰਮ ਤਰਜੀਹ 'ਤੇ ਕਰਵਾਓ।"", 'ਦਿਨ 61-90: +61 ਵੋਟਾਂ ਦੀ ਲੀਡ ਨੂੰ ਪੱਕੇ ਵੋਟ ਬੈਂਕ ਵਿੱਚ ਤਬਦੀਲ ਕਰੋ।']}"
55,54,Inaitpura,ਇਨਾਇਤਪੁਰਾ,ਇਨਾਇਤਪੁਰਾ,Inaitpura,ਇਨਾਇਤਪੁਰਾ,AAP,SAD,48,6,AAP → SAD,AAP → SAD,AAP Loss,ਆਪ ਨੁਕਸਾਨ,INC Deficit,"{'AAP': 'LOST_24', 'SAD': 'GAINED', 'INC': 'LOST_BOTH', 'BJP': 'WEAK'}",True,"{'is_flip': True, 'status_label': 'AAP → SAD', 'turnout_diff': -32, 'turnout_pct': -5.75, 'sad_swing': 2.96, 'aap_swing': -19.75, 'inc_swing': 4.51, 'bjp_swing': 4.04}",557,525,-32,-5.75,166,172,6,29.8,32.76,2.96,214,98,-116,38.42,18.67,-19.75,151,166,15,27.11,31.62,4.51,4,25,21,0.72,4.76,4.04,17,3.24,"{'total': 557, 'sad': 166, 'aap': 214, 'inc': 151, 'bjp': 4, 'sad_votes': 166, 'sad_pct': 29.8, 'aap_votes': 214, 'aap_pct': 38.42, 'inc_votes': 151, 'inc_pct': 27.11, 'bjp_votes': 4, 'bjp_pct': 0.72, 'winner_party': 'AAP', 'margin': 48, 'winner_candidate': 'Sukhjinder Raj Singh (Lalli)'}","{'total': 525, 'sad': 172, 'aap': 98, 'inc': 166, 'bjp': 25, 'sada': 17, 'bsp': 23, 'others': 24, 'sad_votes': 172, 'sad_pct': 32.76, 'aap_votes': 98, 'aap_pct': 18.67, 'inc_votes': 166, 'inc_pct': 31.62, 'bjp_votes': 25, 'bjp_pct': 4.76, 'sada_votes': 17, 'sada_pct': 3.24, 'winner_party': 'SAD', 'margin': 6, 'winner_candidate': 'Anil Joshi'}","{'turnout_diff': -32, 'turnout_pct': -5.75, 'sad_shift': 6, 'sad_swing': 2.96, 'aap_shift': -116, 'aap_swing': -19.75, 'inc_shift': 15, 'inc_swing': 4.51, 'bjp_shift': 21, 'bjp_swing': 4.04}",Akali Bastion: Strategic Penetration & Demolition Zone,ਅਕਾਲੀ ਦਲ ਦਾ ਪ੍ਰਭਾਵਿਤ ਖੇਤਰ: ਵਿਸ਼ੇਸ਼ ਘੇਰਾਬੰਦੀ ਜ਼ੋਨ,SAD retained lead here by +6 votes (32.8% share). Target moderate Panthic and farming families in Inaitpura disillusioned with traditional leadership. Appoint dedicated block coordinators and highlight direct government procurement and village development works.,ਅਕਾਲੀ ਦਲ ਨੇ ਇੱਥੇ +6 ਵੋਟਾਂ (32.8%) ਨਾਲ ਲੀਡ ਬਣਾਈ ਹੈ। ਇਨਾਇਤਪੁਰਾ ਵਿੱਚ ਰਵਾਇਤੀ ਲੀਡਰਸ਼ਿਪ ਤੋਂ ਨਿਰਾਸ਼ ਕਿਸਾਨ ਅਤੇ ਪੰਥਕ ਪਰਿਵਾਰਾਂ ਨਾਲ ਸੰਵਾਦ ਕਰੋ। ਪਿੰਡਾਂ ਵਿੱਚ ਪੰਜਾਬ ਸਰਕਾਰ ਦੇ ਵਿਕਾਸ ਕਾਰਜਾਂ ਅਤੇ ਨਿਰਪੱਖ ਭਰਤੀਆਂ ਦੇ ਸੁਨੇਹੇ ਨਾਲ ਸੰਨ੍ਹ ਲਗਾਓ।,"{'booth_no': '54', 'village_en': 'Inaitpura', 'village_pa': 'ਇਨਾਇਤਪੁਰਾ', 'zone_en': 'Akali Bastion: Strategic Penetration & Demolition Zone', 'zone_pa': 'ਅਕਾਲੀ ਦਲ ਦਾ ਪ੍ਰਭਾਵਿਤ ਖੇਤਰ: ਵਿਸ਼ੇਸ਼ ਘੇਰਾਬੰਦੀ ਜ਼ੋਨ', 'action_en': 'SAD retained lead here by +6 votes (32.8% share). Target moderate Panthic and farming families in Inaitpura disillusioned with traditional leadership. Appoint dedicated block coordinators and highlight direct government procurement and village development works.', 'action_pa': 'ਅਕਾਲੀ ਦਲ ਨੇ ਇੱਥੇ +6 ਵੋਟਾਂ (32.8%) ਨਾਲ ਲੀਡ ਬਣਾਈ ਹੈ। ਇਨਾਇਤਪੁਰਾ ਵਿੱਚ ਰਵਾਇਤੀ ਲੀਡਰਸ਼ਿਪ ਤੋਂ ਨਿਰਾਸ਼ ਕਿਸਾਨ ਅਤੇ ਪੰਥਕ ਪਰਿਵਾਰਾਂ ਨਾਲ ਸੰਵਾਦ ਕਰੋ। ਪਿੰਡਾਂ ਵਿੱਚ ਪੰਜਾਬ ਸਰਕਾਰ ਦੇ ਵਿਕਾਸ ਕਾਰਜਾਂ ਅਤੇ ਨਿਰਪੱਖ ਭਰਤੀਆਂ ਦੇ ਸੁਨੇਹੇ ਨਾਲ ਸੰਨ੍ਹ ਲਗਾਓ।', 'action_steps_en': ['Days 1-30: Map the top 30 influential non-committed Panthic families in Inaitpura.', 'Days 31-60: Deploy senior constituency leaders for direct home visits to address local disgruntlement.', ""Days 61-90: Neutralize SAD's +6 vote cushion by winning over agricultural youth.""], 'action_steps_pa': ['ਦਿਨ 1-30: ਇਨਾਇਤਪੁਰਾ ਦੇ 30 ਨਿਰਪੱਖ ਅਤੇ ਪ੍ਰਭਾਵਸ਼ਾਲੀ ਪਰਿਵਾਰਾਂ ਦੀ ਸ਼ਨਾਖਤ ਕਰੋ।', 'ਦਿਨ 31-60: ਸੀਨੀਅਰ ਲੀਡਰਸ਼ਿਪ ਰਾਹੀਂ ਘਰ-ਘਰ ਜਾ ਕੇ ਸਰਕਾਰ ਦੀਆਂ ਨਿਰਪੱਖ ਨੀਤੀਆਂ ਸਾਂਝੀਆਂ ਕਰੋ।', 'ਦਿਨ 61-90: ਨੌਜਵਾਨ ਵਰਗ ਨੂੰ ਸਰਕਾਰੀ ਨੌਕਰੀਆਂ ਅਤੇ ਖੇਡ ਕਿੱਟਾਂ ਰਾਹੀਂ ਪਾਰਟੀ ਨਾਲ ਜੋੜ ਕੇ ਲੀਡ ਘਟਾਓ।'], 'action_steps': ['ਦਿਨ 1-30: ਇਨਾਇਤਪੁਰਾ ਦੇ 30 ਨਿਰਪੱਖ ਅਤੇ ਪ੍ਰਭਾਵਸ਼ਾਲੀ ਪਰਿਵਾਰਾਂ ਦੀ ਸ਼ਨਾਖਤ ਕਰੋ।', 'ਦਿਨ 31-60: ਸੀਨੀਅਰ ਲੀਡਰਸ਼ਿਪ ਰਾਹੀਂ ਘਰ-ਘਰ ਜਾ ਕੇ ਸਰਕਾਰ ਦੀਆਂ ਨਿਰਪੱਖ ਨੀਤੀਆਂ ਸਾਂਝੀਆਂ ਕਰੋ।', 'ਦਿਨ 61-90: ਨੌਜਵਾਨ ਵਰਗ ਨੂੰ ਸਰਕਾਰੀ ਨੌਕਰੀਆਂ ਅਤੇ ਖੇਡ ਕਿੱਟਾਂ ਰਾਹੀਂ ਪਾਰਟੀ ਨਾਲ ਜੋੜ ਕੇ ਲੀਡ ਘਟਾਓ।']}"
56,55,Jajjiani,ਜੱਜਿਆਣੀ,ਜੱਜਿਆਣੀ,Jajjiani,ਜੱਜਿਆਣੀ,SAD,SAD,48,22,SAD Retained,SAD Retained,AAP Deficit,ਆਪ ਘਾਟ,INC Deficit,"{'AAP': 'LOST_BOTH', 'SAD': 'WON_BOTH', 'INC': 'LOST_BOTH', 'BJP': 'WEAK'}",False,"{'is_flip': False, 'status_label': 'SAD Retained', 'turnout_diff': -86, 'turnout_pct': -14.93, 'sad_swing': -8.21, 'aap_swing': -4.37, 'inc_swing': 3.68, 'bjp_swing': 2.78}",576,490,-86,-14.93,253,175,-78,43.92,35.71,-8.21,205,153,-52,35.59,31.22,-4.37,74,81,7,12.85,16.53,3.68,4,17,13,0.69,3.47,2.78,22,4.49,"{'total': 576, 'sad': 253, 'aap': 205, 'inc': 74, 'bjp': 4, 'sad_votes': 253, 'sad_pct': 43.92, 'aap_votes': 205, 'aap_pct': 35.59, 'inc_votes': 74, 'inc_pct': 12.85, 'bjp_votes': 4, 'bjp_pct': 0.69, 'winner_party': 'SAD', 'margin': 48, 'winner_candidate': 'Ganieve Kaur Majithia'}","{'total': 490, 'sad': 175, 'aap': 153, 'inc': 81, 'bjp': 17, 'sada': 22, 'bsp': 27, 'others': 13, 'sad_votes': 175, 'sad_pct': 35.71, 'aap_votes': 153, 'aap_pct': 31.22, 'inc_votes': 81, 'inc_pct': 16.53, 'bjp_votes': 17, 'bjp_pct': 3.47, 'sada_votes': 22, 'sada_pct': 4.49, 'winner_party': 'SAD', 'margin': 22, 'winner_candidate': 'Anil Joshi'}","{'turnout_diff': -86, 'turnout_pct': -14.93, 'sad_shift': -78, 'sad_swing': -8.21, 'aap_shift': -52, 'aap_swing': -4.37, 'inc_shift': 7, 'inc_swing': 3.68, 'bjp_shift': 13, 'bjp_swing': 2.78}",Akali Bastion: Strategic Penetration & Demolition Zone,ਅਕਾਲੀ ਦਲ ਦਾ ਪ੍ਰਭਾਵਿਤ ਖੇਤਰ: ਵਿਸ਼ੇਸ਼ ਘੇਰਾਬੰਦੀ ਜ਼ੋਨ,SAD retained lead here by +22 votes (35.7% share). Target moderate Panthic and farming families in Jajjiani disillusioned with traditional leadership. Appoint dedicated block coordinators and highlight direct government procurement and village development works.,ਅਕਾਲੀ ਦਲ ਨੇ ਇੱਥੇ +22 ਵੋਟਾਂ (35.7%) ਨਾਲ ਲੀਡ ਬਣਾਈ ਹੈ। ਜੱਜਿਆਣੀ ਵਿੱਚ ਰਵਾਇਤੀ ਲੀਡਰਸ਼ਿਪ ਤੋਂ ਨਿਰਾਸ਼ ਕਿਸਾਨ ਅਤੇ ਪੰਥਕ ਪਰਿਵਾਰਾਂ ਨਾਲ ਸੰਵਾਦ ਕਰੋ। ਪਿੰਡਾਂ ਵਿੱਚ ਪੰਜਾਬ ਸਰਕਾਰ ਦੇ ਵਿਕਾਸ ਕਾਰਜਾਂ ਅਤੇ ਨਿਰਪੱਖ ਭਰਤੀਆਂ ਦੇ ਸੁਨੇਹੇ ਨਾਲ ਸੰਨ੍ਹ ਲਗਾਓ।,"{'booth_no': '55', 'village_en': 'Jajjiani', 'village_pa': 'ਜੱਜਿਆਣੀ', 'zone_en': 'Akali Bastion: Strategic Penetration & Demolition Zone', 'zone_pa': 'ਅਕਾਲੀ ਦਲ ਦਾ ਪ੍ਰਭਾਵਿਤ ਖੇਤਰ: ਵਿਸ਼ੇਸ਼ ਘੇਰਾਬੰਦੀ ਜ਼ੋਨ', 'action_en': 'SAD retained lead here by +22 votes (35.7% share). Target moderate Panthic and farming families in Jajjiani disillusioned with traditional leadership. Appoint dedicated block coordinators and highlight direct government procurement and village development works.', 'action_pa': 'ਅਕਾਲੀ ਦਲ ਨੇ ਇੱਥੇ +22 ਵੋਟਾਂ (35.7%) ਨਾਲ ਲੀਡ ਬਣਾਈ ਹੈ। ਜੱਜਿਆਣੀ ਵਿੱਚ ਰਵਾਇਤੀ ਲੀਡਰਸ਼ਿਪ ਤੋਂ ਨਿਰਾਸ਼ ਕਿਸਾਨ ਅਤੇ ਪੰਥਕ ਪਰਿਵਾਰਾਂ ਨਾਲ ਸੰਵਾਦ ਕਰੋ। ਪਿੰਡਾਂ ਵਿੱਚ ਪੰਜਾਬ ਸਰਕਾਰ ਦੇ ਵਿਕਾਸ ਕਾਰਜਾਂ ਅਤੇ ਨਿਰਪੱਖ ਭਰਤੀਆਂ ਦੇ ਸੁਨੇਹੇ ਨਾਲ ਸੰਨ੍ਹ ਲਗਾਓ।', 'action_steps_en': ['Days 1-30: Map the top 30 influential non-committed Panthic families in Jajjiani.', 'Days 31-60: Deploy senior constituency leaders for direct home visits to address local disgruntlement.', ""Days 61-90: Neutralize SAD's +22 vote cushion by winning over agricultural youth.""], 'action_steps_pa': ['ਦਿਨ 1-30: ਜੱਜਿਆਣੀ ਦੇ 30 ਨਿਰਪੱਖ ਅਤੇ ਪ੍ਰਭਾਵਸ਼ਾਲੀ ਪਰਿਵਾਰਾਂ ਦੀ ਸ਼ਨਾਖਤ ਕਰੋ।', 'ਦਿਨ 31-60: ਸੀਨੀਅਰ ਲੀਡਰਸ਼ਿਪ ਰਾਹੀਂ ਘਰ-ਘਰ ਜਾ ਕੇ ਸਰਕਾਰ ਦੀਆਂ ਨਿਰਪੱਖ ਨੀਤੀਆਂ ਸਾਂਝੀਆਂ ਕਰੋ।', 'ਦਿਨ 61-90: ਨੌਜਵਾਨ ਵਰਗ ਨੂੰ ਸਰਕਾਰੀ ਨੌਕਰੀਆਂ ਅਤੇ ਖੇਡ ਕਿੱਟਾਂ ਰਾਹੀਂ ਪਾਰਟੀ ਨਾਲ ਜੋੜ ਕੇ ਲੀਡ ਘਟਾਓ।'], 'action_steps': ['ਦਿਨ 1-30: ਜੱਜਿਆਣੀ ਦੇ 30 ਨਿਰਪੱਖ ਅਤੇ ਪ੍ਰਭਾਵਸ਼ਾਲੀ ਪਰਿਵਾਰਾਂ ਦੀ ਸ਼ਨਾਖਤ ਕਰੋ।', 'ਦਿਨ 31-60: ਸੀਨੀਅਰ ਲੀਡਰਸ਼ਿਪ ਰਾਹੀਂ ਘਰ-ਘਰ ਜਾ ਕੇ ਸਰਕਾਰ ਦੀਆਂ ਨਿਰਪੱਖ ਨੀਤੀਆਂ ਸਾਂਝੀਆਂ ਕਰੋ।', 'ਦਿਨ 61-90: ਨੌਜਵਾਨ ਵਰਗ ਨੂੰ ਸਰਕਾਰੀ ਨੌਕਰੀਆਂ ਅਤੇ ਖੇਡ ਕਿੱਟਾਂ ਰਾਹੀਂ ਪਾਰਟੀ ਨਾਲ ਜੋੜ ਕੇ ਲੀਡ ਘਟਾਓ।']}"
57,56,Jalalpura,ਜਲਾਲਪੁਰਾ,ਜਲਾਲਪੁਰਾ,Jalalpura,ਜਲਾਲਪੁਰਾ,SAD,SAD,50,85,SAD Retained,SAD Retained,AAP Deficit,ਆਪ ਘਾਟ,INC Deficit,"{'AAP': 'LOST_BOTH', 'SAD': 'WON_BOTH', 'INC': 'LOST_BOTH', 'BJP': 'LOST_BOTH'}",False,"{'is_flip': False, 'status_label': 'SAD Retained', 'turnout_diff': 0, 'turnout_pct': 0.0, 'sad_swing': 0.19, 'aap_swing': -6.39, 'inc_swing': -4.14, 'bjp_swing': 12.4}",532,532,0,0.0,217,218,1,40.79,40.98,0.19,167,133,-34,31.39,25.0,-6.39,109,87,-22,20.49,16.35,-4.14,2,68,66,0.38,12.78,12.4,7,1.32,"{'total': 532, 'sad': 217, 'aap': 167, 'inc': 109, 'bjp': 2, 'sad_votes': 217, 'sad_pct': 40.79, 'aap_votes': 167, 'aap_pct': 31.39, 'inc_votes': 109, 'inc_pct': 20.49, 'bjp_votes': 2, 'bjp_pct': 0.38, 'winner_party': 'SAD', 'margin': 50, 'winner_candidate': 'Ganieve Kaur Majithia'}","{'total': 532, 'sad': 218, 'aap': 133, 'inc': 87, 'bjp': 68, 'sada': 7, 'bsp': 0, 'others': 19, 'sad_votes': 218, 'sad_pct': 40.98, 'aap_votes': 133, 'aap_pct': 25.0, 'inc_votes': 87, 'inc_pct': 16.35, 'bjp_votes': 68, 'bjp_pct': 12.78, 'sada_votes': 7, 'sada_pct': 1.32, 'winner_party': 'SAD', 'margin': 85, 'winner_candidate': 'Anil Joshi'}","{'turnout_diff': 0, 'turnout_pct': 0.0, 'sad_shift': 1, 'sad_swing': 0.19, 'aap_shift': -34, 'aap_swing': -6.39, 'inc_shift': -22, 'inc_swing': -4.14, 'bjp_shift': 66, 'bjp_swing': 12.4}",Akali Bastion: Strategic Penetration & Demolition Zone,ਅਕਾਲੀ ਦਲ ਦਾ ਪ੍ਰਭਾਵਿਤ ਖੇਤਰ: ਵਿਸ਼ੇਸ਼ ਘੇਰਾਬੰਦੀ ਜ਼ੋਨ,SAD retained lead here by +85 votes (41.0% share). Target moderate Panthic and farming families in Jalalpura disillusioned with traditional leadership. Appoint dedicated block coordinators and highlight direct government procurement and village development works.,ਅਕਾਲੀ ਦਲ ਨੇ ਇੱਥੇ +85 ਵੋਟਾਂ (41.0%) ਨਾਲ ਲੀਡ ਬਣਾਈ ਹੈ। ਜਲਾਲਪੁਰਾ ਵਿੱਚ ਰਵਾਇਤੀ ਲੀਡਰਸ਼ਿਪ ਤੋਂ ਨਿਰਾਸ਼ ਕਿਸਾਨ ਅਤੇ ਪੰਥਕ ਪਰਿਵਾਰਾਂ ਨਾਲ ਸੰਵਾਦ ਕਰੋ। ਪਿੰਡਾਂ ਵਿੱਚ ਪੰਜਾਬ ਸਰਕਾਰ ਦੇ ਵਿਕਾਸ ਕਾਰਜਾਂ ਅਤੇ ਨਿਰਪੱਖ ਭਰਤੀਆਂ ਦੇ ਸੁਨੇਹੇ ਨਾਲ ਸੰਨ੍ਹ ਲਗਾਓ।,"{'booth_no': '56', 'village_en': 'Jalalpura', 'village_pa': 'ਜਲਾਲਪੁਰਾ', 'zone_en': 'Akali Bastion: Strategic Penetration & Demolition Zone', 'zone_pa': 'ਅਕਾਲੀ ਦਲ ਦਾ ਪ੍ਰਭਾਵਿਤ ਖੇਤਰ: ਵਿਸ਼ੇਸ਼ ਘੇਰਾਬੰਦੀ ਜ਼ੋਨ', 'action_en': 'SAD retained lead here by +85 votes (41.0% share). Target moderate Panthic and farming families in Jalalpura disillusioned with traditional leadership. Appoint dedicated block coordinators and highlight direct government procurement and village development works.', 'action_pa': 'ਅਕਾਲੀ ਦਲ ਨੇ ਇੱਥੇ +85 ਵੋਟਾਂ (41.0%) ਨਾਲ ਲੀਡ ਬਣਾਈ ਹੈ। ਜਲਾਲਪੁਰਾ ਵਿੱਚ ਰਵਾਇਤੀ ਲੀਡਰਸ਼ਿਪ ਤੋਂ ਨਿਰਾਸ਼ ਕਿਸਾਨ ਅਤੇ ਪੰਥਕ ਪਰਿਵਾਰਾਂ ਨਾਲ ਸੰਵਾਦ ਕਰੋ। ਪਿੰਡਾਂ ਵਿੱਚ ਪੰਜਾਬ ਸਰਕਾਰ ਦੇ ਵਿਕਾਸ ਕਾਰਜਾਂ ਅਤੇ ਨਿਰਪੱਖ ਭਰਤੀਆਂ ਦੇ ਸੁਨੇਹੇ ਨਾਲ ਸੰਨ੍ਹ ਲਗਾਓ।', 'action_steps_en': ['Days 1-30: Map the top 30 influential non-committed Panthic families in Jalalpura.', 'Days 31-60: Deploy senior constituency leaders for direct home visits to address local disgruntlement.', ""Days 61-90: Neutralize SAD's +85 vote cushion by winning over agricultural youth.""], 'action_steps_pa': ['ਦਿਨ 1-30: ਜਲਾਲਪੁਰਾ ਦੇ 30 ਨਿਰਪੱਖ ਅਤੇ ਪ੍ਰਭਾਵਸ਼ਾਲੀ ਪਰਿਵਾਰਾਂ ਦੀ ਸ਼ਨਾਖਤ ਕਰੋ।', 'ਦਿਨ 31-60: ਸੀਨੀਅਰ ਲੀਡਰਸ਼ਿਪ ਰਾਹੀਂ ਘਰ-ਘਰ ਜਾ ਕੇ ਸਰਕਾਰ ਦੀਆਂ ਨਿਰਪੱਖ ਨੀਤੀਆਂ ਸਾਂਝੀਆਂ ਕਰੋ।', 'ਦਿਨ 61-90: ਨੌਜਵਾਨ ਵਰਗ ਨੂੰ ਸਰਕਾਰੀ ਨੌਕਰੀਆਂ ਅਤੇ ਖੇਡ ਕਿੱਟਾਂ ਰਾਹੀਂ ਪਾਰਟੀ ਨਾਲ ਜੋੜ ਕੇ ਲੀਡ ਘਟਾਓ।'], 'action_steps': ['ਦਿਨ 1-30: ਜਲਾਲਪੁਰਾ ਦੇ 30 ਨਿਰਪੱਖ ਅਤੇ ਪ੍ਰਭਾਵਸ਼ਾਲੀ ਪਰਿਵਾਰਾਂ ਦੀ ਸ਼ਨਾਖਤ ਕਰੋ।', 'ਦਿਨ 31-60: ਸੀਨੀਅਰ ਲੀਡਰਸ਼ਿਪ ਰਾਹੀਂ ਘਰ-ਘਰ ਜਾ ਕੇ ਸਰਕਾਰ ਦੀਆਂ ਨਿਰਪੱਖ ਨੀਤੀਆਂ ਸਾਂਝੀਆਂ ਕਰੋ।', 'ਦਿਨ 61-90: ਨੌਜਵਾਨ ਵਰਗ ਨੂੰ ਸਰਕਾਰੀ ਨੌਕਰੀਆਂ ਅਤੇ ਖੇਡ ਕਿੱਟਾਂ ਰਾਹੀਂ ਪਾਰਟੀ ਨਾਲ ਜੋੜ ਕੇ ਲੀਡ ਘਟਾਓ।']}"
58,57,Jathu Nangal,ਜੱਥੂ ਨੰਗਲ,ਜੱਥੂ ਨੰਗਲ,Jathu Nangal,ਜੱਥੂ ਨੰਗਲ,SAD,AAP,71,35,SAD → AAP,SAD → AAP,AAP Gain,ਆਪ ਲਾਭ,INC Deficit,"{'AAP': 'GAINED', 'SAD': 'LOST_24', 'INC': 'WEAK', 'BJP': 'WEAK'}",True,"{'is_flip': True, 'status_label': 'SAD → AAP', 'turnout_diff': -134, 'turnout_pct': -21.24, 'sad_swing': -9.27, 'aap_swing': 9.02, 'inc_swing': -5.21, 'bjp_swing': 0.44}",631,497,-134,-21.24,301,191,-110,47.7,38.43,-9.27,230,226,-4,36.45,45.47,9.02,57,19,-38,9.03,3.82,-5.21,1,3,2,0.16,0.6,0.44,34,6.84,"{'total': 631, 'sad': 301, 'aap': 230, 'inc': 57, 'bjp': 1, 'sad_votes': 301, 'sad_pct': 47.7, 'aap_votes': 230, 'aap_pct': 36.45, 'inc_votes': 57, 'inc_pct': 9.03, 'bjp_votes': 1, 'bjp_pct': 0.16, 'winner_party': 'SAD', 'margin': 71, 'winner_candidate': 'Ganieve Kaur Majithia'}","{'total': 497, 'sad': 191, 'aap': 226, 'inc': 19, 'bjp': 3, 'sada': 34, 'bsp': 0, 'others': 24, 'sad_votes': 191, 'sad_pct': 38.43, 'aap_votes': 226, 'aap_pct': 45.47, 'inc_votes': 19, 'inc_pct': 3.82, 'bjp_votes': 3, 'bjp_pct': 0.6, 'sada_votes': 34, 'sada_pct': 6.84, 'winner_party': 'AAP', 'margin': 35, 'winner_candidate': 'Kuldeep Singh Dhaliwal'}","{'turnout_diff': -134, 'turnout_pct': -21.24, 'sad_shift': -110, 'sad_swing': -9.27, 'aap_shift': -4, 'aap_swing': 9.02, 'inc_shift': -38, 'inc_swing': -5.21, 'bjp_shift': 2, 'bjp_swing': 0.44}",Historic Breakthrough: AAP Flipped Stronghold,ਇਤਿਹਾਸਕ ਪ੍ਰਾਪਤੀ: ਅਕਾਲੀ ਗੜ੍ਹ ਵਿੱਚ ਆਪ ਦੀ ਜਿੱਤ ਜ਼ੋਨ,"Major breakthrough in Jathu Nangal previously held by SAD. Formally induct local village swing leaders and youth volunteers who backed AAP in 2024. Resolve local village infrastructure, canal tail issues, and cement +35 lead.","ਜੱਥੂ ਨੰਗਲ ਵਿੱਚ ਵੱਡੀ ਇਤਿਹਾਸਕ ਸਫ਼ਲਤਾ, ਜਿੱਥੇ SAD ਦਾ ਪੁਰਾਣਾ ਦਬਦਬਾ ਟੁੱਟਿਆ। 2024 ਵਿੱਚ ਆਪ ਨਾਲ ਜੁੜੇ ਨੌਜਵਾਨਾਂ ਅਤੇ ਪੰਚਾਇਤੀ ਆਗੂਆਂ ਨੂੰ ਜਥੇਬੰਦਕ ਜ਼ਿੰਮੇਵਾਰੀਆਂ ਦਿਓ ਅਤੇ +35 ਵੋਟਾਂ ਦੀ ਲੀਡ ਨੂੰ ਸਥਾਈ ਵੋਟ ਬੈਂਕ ਵਿੱਚ ਬਦਲੋ।","{'booth_no': '57', 'village_en': 'Jathu Nangal', 'village_pa': 'ਜੱਥੂ ਨੰਗਲ', 'zone_en': 'Historic Breakthrough: AAP Flipped Stronghold', 'zone_pa': 'ਇਤਿਹਾਸਕ ਪ੍ਰਾਪਤੀ: ਅਕਾਲੀ ਗੜ੍ਹ ਵਿੱਚ ਆਪ ਦੀ ਜਿੱਤ ਜ਼ੋਨ', 'action_en': 'Major breakthrough in Jathu Nangal previously held by SAD. Formally induct local village swing leaders and youth volunteers who backed AAP in 2024. Resolve local village infrastructure, canal tail issues, and cement +35 lead.', 'action_pa': 'ਜੱਥੂ ਨੰਗਲ ਵਿੱਚ ਵੱਡੀ ਇਤਿਹਾਸਕ ਸਫ਼ਲਤਾ, ਜਿੱਥੇ SAD ਦਾ ਪੁਰਾਣਾ ਦਬਦਬਾ ਟੁੱਟਿਆ। 2024 ਵਿੱਚ ਆਪ ਨਾਲ ਜੁੜੇ ਨੌਜਵਾਨਾਂ ਅਤੇ ਪੰਚਾਇਤੀ ਆਗੂਆਂ ਨੂੰ ਜਥੇਬੰਦਕ ਜ਼ਿੰਮੇਵਾਰੀਆਂ ਦਿਓ ਅਤੇ +35 ਵੋਟਾਂ ਦੀ ਲੀਡ ਨੂੰ ਸਥਾਈ ਵੋਟ ਬੈਂਕ ਵਿੱਚ ਬਦਲੋ।', 'action_steps_en': ['Days 1-30: Onboard dynamic swing workers who crossed over from SAD into the formal AAP booth structure.', 'Days 31-60: Prioritize village link road and street light repairs in Jathu Nangal through rural development grants.', 'Days 61-90: Convert current +35 vote lead into permanent party loyalty before 2027.'], 'action_steps_pa': ['ਦਿਨ 1-30: SAD ਛੱਡ ਕੇ ਆਪ ਵਿੱਚ ਸ਼ਾਮਲ ਹੋਏ ਆਗੂਆਂ ਨੂੰ ਬੂਥ ਕਮੇਟੀ ਵਿੱਚ ਅਹਿਮ ਜ਼ਿੰਮੇਵਾਰੀਆਂ ਦਿਓ।', ""ਦਿਨ 31-60: ਜੱਥੂ ਨੰਗਲ ਵਿੱਚ ਪਿੰਡ ਦੀਆਂ ਫਿਰਨੀਆਂ, ਗਲੀਆਂ ਅਤੇ ਲਿੰਕ ਸੜਕਾਂ ਦੇ ਕੰਮ ਤਰਜੀਹ 'ਤੇ ਕਰਵਾਓ।"", 'ਦਿਨ 61-90: +35 ਵੋਟਾਂ ਦੀ ਲੀਡ ਨੂੰ ਪੱਕੇ ਵੋਟ ਬੈਂਕ ਵਿੱਚ ਤਬਦੀਲ ਕਰੋ।'], 'action_steps': ['ਦਿਨ 1-30: SAD ਛੱਡ ਕੇ ਆਪ ਵਿੱਚ ਸ਼ਾਮਲ ਹੋਏ ਆਗੂਆਂ ਨੂੰ ਬੂਥ ਕਮੇਟੀ ਵਿੱਚ ਅਹਿਮ ਜ਼ਿੰਮੇਵਾਰੀਆਂ ਦਿਓ।', ""ਦਿਨ 31-60: ਜੱਥੂ ਨੰਗਲ ਵਿੱਚ ਪਿੰਡ ਦੀਆਂ ਫਿਰਨੀਆਂ, ਗਲੀਆਂ ਅਤੇ ਲਿੰਕ ਸੜਕਾਂ ਦੇ ਕੰਮ ਤਰਜੀਹ 'ਤੇ ਕਰਵਾਓ।"", 'ਦਿਨ 61-90: +35 ਵੋਟਾਂ ਦੀ ਲੀਡ ਨੂੰ ਪੱਕੇ ਵੋਟ ਬੈਂਕ ਵਿੱਚ ਤਬਦੀਲ ਕਰੋ।']}"
59,58,Jhande,ਝੰਡੇ,ਝੰਡੇ,Jhande,ਝੰਡੇ,SAD,SAD,60,77,SAD Retained,SAD Retained,AAP Deficit,ਆਪ ਘਾਟ,INC Deficit,"{'AAP': 'LOST_BOTH', 'SAD': 'WON_BOTH', 'INC': 'WEAK', 'BJP': 'WEAK'}",False,"{'is_flip': False, 'status_label': 'SAD Retained', 'turnout_diff': -25, 'turnout_pct': -4.24, 'sad_swing': 3.42, 'aap_swing': -0.05, 'inc_swing': -9.85, 'bjp_swing': -0.65}",590,565,-25,-4.24,266,274,8,45.08,48.5,3.42,206,197,-9,34.92,34.87,-0.05,79,20,-59,13.39,3.54,-9.85,9,5,-4,1.53,0.88,-0.65,35,6.19,"{'total': 590, 'sad': 266, 'aap': 206, 'inc': 79, 'bjp': 9, 'sad_votes': 266, 'sad_pct': 45.08, 'aap_votes': 206, 'aap_pct': 34.92, 'inc_votes': 79, 'inc_pct': 13.39, 'bjp_votes': 9, 'bjp_pct': 1.53, 'winner_party': 'SAD', 'margin': 60, 'winner_candidate': 'Ganieve Kaur Majithia'}","{'total': 565, 'sad': 274, 'aap': 197, 'inc': 20, 'bjp': 5, 'sada': 35, 'bsp': 3, 'others': 31, 'sad_votes': 274, 'sad_pct': 48.5, 'aap_votes': 197, 'aap_pct': 34.87, 'inc_votes': 20, 'inc_pct': 3.54, 'bjp_votes': 5, 'bjp_pct': 0.88, 'sada_votes': 35, 'sada_pct': 6.19, 'winner_party': 'SAD', 'margin': 77, 'winner_candidate': 'Anil Joshi'}","{'turnout_diff': -25, 'turnout_pct': -4.24, 'sad_shift': 8, 'sad_swing': 3.42, 'aap_shift': -9, 'aap_swing': -0.05, 'inc_shift': -59, 'inc_swing': -9.85, 'bjp_shift': -4, 'bjp_swing': -0.65}",Akali Bastion: Strategic Penetration & Demolition Zone,ਅਕਾਲੀ ਦਲ ਦਾ ਪ੍ਰਭਾਵਿਤ ਖੇਤਰ: ਵਿਸ਼ੇਸ਼ ਘੇਰਾਬੰਦੀ ਜ਼ੋਨ,SAD retained lead here by +77 votes (48.5% share). Target moderate Panthic and farming families in Jhande disillusioned with traditional leadership. Appoint dedicated block coordinators and highlight direct government procurement and village development works.,ਅਕਾਲੀ ਦਲ ਨੇ ਇੱਥੇ +77 ਵੋਟਾਂ (48.5%) ਨਾਲ ਲੀਡ ਬਣਾਈ ਹੈ। ਝੰਡੇ ਵਿੱਚ ਰਵਾਇਤੀ ਲੀਡਰਸ਼ਿਪ ਤੋਂ ਨਿਰਾਸ਼ ਕਿਸਾਨ ਅਤੇ ਪੰਥਕ ਪਰਿਵਾਰਾਂ ਨਾਲ ਸੰਵਾਦ ਕਰੋ। ਪਿੰਡਾਂ ਵਿੱਚ ਪੰਜਾਬ ਸਰਕਾਰ ਦੇ ਵਿਕਾਸ ਕਾਰਜਾਂ ਅਤੇ ਨਿਰਪੱਖ ਭਰਤੀਆਂ ਦੇ ਸੁਨੇਹੇ ਨਾਲ ਸੰਨ੍ਹ ਲਗਾਓ।,"{'booth_no': '58', 'village_en': 'Jhande', 'village_pa': 'ਝੰਡੇ', 'zone_en': 'Akali Bastion: Strategic Penetration & Demolition Zone', 'zone_pa': 'ਅਕਾਲੀ ਦਲ ਦਾ ਪ੍ਰਭਾਵਿਤ ਖੇਤਰ: ਵਿਸ਼ੇਸ਼ ਘੇਰਾਬੰਦੀ ਜ਼ੋਨ', 'action_en': 'SAD retained lead here by +77 votes (48.5% share). Target moderate Panthic and farming families in Jhande disillusioned with traditional leadership. Appoint dedicated block coordinators and highlight direct government procurement and village development works.', 'action_pa': 'ਅਕਾਲੀ ਦਲ ਨੇ ਇੱਥੇ +77 ਵੋਟਾਂ (48.5%) ਨਾਲ ਲੀਡ ਬਣਾਈ ਹੈ। ਝੰਡੇ ਵਿੱਚ ਰਵਾਇਤੀ ਲੀਡਰਸ਼ਿਪ ਤੋਂ ਨਿਰਾਸ਼ ਕਿਸਾਨ ਅਤੇ ਪੰਥਕ ਪਰਿਵਾਰਾਂ ਨਾਲ ਸੰਵਾਦ ਕਰੋ। ਪਿੰਡਾਂ ਵਿੱਚ ਪੰਜਾਬ ਸਰਕਾਰ ਦੇ ਵਿਕਾਸ ਕਾਰਜਾਂ ਅਤੇ ਨਿਰਪੱਖ ਭਰਤੀਆਂ ਦੇ ਸੁਨੇਹੇ ਨਾਲ ਸੰਨ੍ਹ ਲਗਾਓ।', 'action_steps_en': ['Days 1-30: Map the top 30 influential non-committed Panthic families in Jhande.', 'Days 31-60: Deploy senior constituency leaders for direct home visits to address local disgruntlement.', ""Days 61-90: Neutralize SAD's +77 vote cushion by winning over agricultural youth.""], 'action_steps_pa': ['ਦਿਨ 1-30: ਝੰਡੇ ਦੇ 30 ਨਿਰਪੱਖ ਅਤੇ ਪ੍ਰਭਾਵਸ਼ਾਲੀ ਪਰਿਵਾਰਾਂ ਦੀ ਸ਼ਨਾਖਤ ਕਰੋ।', 'ਦਿਨ 31-60: ਸੀਨੀਅਰ ਲੀਡਰਸ਼ਿਪ ਰਾਹੀਂ ਘਰ-ਘਰ ਜਾ ਕੇ ਸਰਕਾਰ ਦੀਆਂ ਨਿਰਪੱਖ ਨੀਤੀਆਂ ਸਾਂਝੀਆਂ ਕਰੋ।', 'ਦਿਨ 61-90: ਨੌਜਵਾਨ ਵਰਗ ਨੂੰ ਸਰਕਾਰੀ ਨੌਕਰੀਆਂ ਅਤੇ ਖੇਡ ਕਿੱਟਾਂ ਰਾਹੀਂ ਪਾਰਟੀ ਨਾਲ ਜੋੜ ਕੇ ਲੀਡ ਘਟਾਓ।'], 'action_steps': ['ਦਿਨ 1-30: ਝੰਡੇ ਦੇ 30 ਨਿਰਪੱਖ ਅਤੇ ਪ੍ਰਭਾਵਸ਼ਾਲੀ ਪਰਿਵਾਰਾਂ ਦੀ ਸ਼ਨਾਖਤ ਕਰੋ।', 'ਦਿਨ 31-60: ਸੀਨੀਅਰ ਲੀਡਰਸ਼ਿਪ ਰਾਹੀਂ ਘਰ-ਘਰ ਜਾ ਕੇ ਸਰਕਾਰ ਦੀਆਂ ਨਿਰਪੱਖ ਨੀਤੀਆਂ ਸਾਂਝੀਆਂ ਕਰੋ।', 'ਦਿਨ 61-90: ਨੌਜਵਾਨ ਵਰਗ ਨੂੰ ਸਰਕਾਰੀ ਨੌਕਰੀਆਂ ਅਤੇ ਖੇਡ ਕਿੱਟਾਂ ਰਾਹੀਂ ਪਾਰਟੀ ਨਾਲ ਜੋੜ ਕੇ ਲੀਡ ਘਟਾਓ।']}"
60,59,Johal,ਜੋਹਲ,ਜੋਹਲ,Johal,ਜੋਹਲ,SAD,AAP,38,15,SAD → AAP,SAD → AAP,AAP Gain,ਆਪ ਲਾਭ,INC Deficit,"{'AAP': 'GAINED', 'SAD': 'LOST_24', 'INC': 'WEAK', 'BJP': 'WEAK'}",True,"{'is_flip': True, 'status_label': 'SAD → AAP', 'turnout_diff': -164, 'turnout_pct': -23.87, 'sad_swing': -8.93, 'aap_swing': -0.53, 'inc_swing': 0.76, 'bjp_swing': 0.86}",687,523,-164,-23.87,328,203,-125,47.74,38.81,-8.93,290,218,-72,42.21,41.68,-0.53,25,23,-2,3.64,4.4,0.76,2,6,4,0.29,1.15,0.86,51,9.75,"{'total': 687, 'sad': 328, 'aap': 290, 'inc': 25, 'bjp': 2, 'sad_votes': 328, 'sad_pct': 47.74, 'aap_votes': 290, 'aap_pct': 42.21, 'inc_votes': 25, 'inc_pct': 3.64, 'bjp_votes': 2, 'bjp_pct': 0.29, 'winner_party': 'SAD', 'margin': 38, 'winner_candidate': 'Ganieve Kaur Majithia'}","{'total': 523, 'sad': 203, 'aap': 218, 'inc': 23, 'bjp': 6, 'sada': 51, 'bsp': 0, 'others': 21, 'sad_votes': 203, 'sad_pct': 38.81, 'aap_votes': 218, 'aap_pct': 41.68, 'inc_votes': 23, 'inc_pct': 4.4, 'bjp_votes': 6, 'bjp_pct': 1.15, 'sada_votes': 51, 'sada_pct': 9.75, 'winner_party': 'AAP', 'margin': 15, 'winner_candidate': 'Kuldeep Singh Dhaliwal'}","{'turnout_diff': -164, 'turnout_pct': -23.87, 'sad_shift': -125, 'sad_swing': -8.93, 'aap_shift': -72, 'aap_swing': -0.53, 'inc_shift': -2, 'inc_swing': 0.76, 'bjp_shift': 4, 'bjp_swing': 0.86}",Historic Breakthrough: AAP Flipped Stronghold,ਇਤਿਹਾਸਕ ਪ੍ਰਾਪਤੀ: ਅਕਾਲੀ ਗੜ੍ਹ ਵਿੱਚ ਆਪ ਦੀ ਜਿੱਤ ਜ਼ੋਨ,"Major breakthrough in Johal previously held by SAD. Formally induct local village swing leaders and youth volunteers who backed AAP in 2024. Resolve local village infrastructure, canal tail issues, and cement +15 lead.","ਜੋਹਲ ਵਿੱਚ ਵੱਡੀ ਇਤਿਹਾਸਕ ਸਫ਼ਲਤਾ, ਜਿੱਥੇ SAD ਦਾ ਪੁਰਾਣਾ ਦਬਦਬਾ ਟੁੱਟਿਆ। 2024 ਵਿੱਚ ਆਪ ਨਾਲ ਜੁੜੇ ਨੌਜਵਾਨਾਂ ਅਤੇ ਪੰਚਾਇਤੀ ਆਗੂਆਂ ਨੂੰ ਜਥੇਬੰਦਕ ਜ਼ਿੰਮੇਵਾਰੀਆਂ ਦਿਓ ਅਤੇ +15 ਵੋਟਾਂ ਦੀ ਲੀਡ ਨੂੰ ਸਥਾਈ ਵੋਟ ਬੈਂਕ ਵਿੱਚ ਬਦਲੋ।","{'booth_no': '59', 'village_en': 'Johal', 'village_pa': 'ਜੋਹਲ', 'zone_en': 'Historic Breakthrough: AAP Flipped Stronghold', 'zone_pa': 'ਇਤਿਹਾਸਕ ਪ੍ਰਾਪਤੀ: ਅਕਾਲੀ ਗੜ੍ਹ ਵਿੱਚ ਆਪ ਦੀ ਜਿੱਤ ਜ਼ੋਨ', 'action_en': 'Major breakthrough in Johal previously held by SAD. Formally induct local village swing leaders and youth volunteers who backed AAP in 2024. Resolve local village infrastructure, canal tail issues, and cement +15 lead.', 'action_pa': 'ਜੋਹਲ ਵਿੱਚ ਵੱਡੀ ਇਤਿਹਾਸਕ ਸਫ਼ਲਤਾ, ਜਿੱਥੇ SAD ਦਾ ਪੁਰਾਣਾ ਦਬਦਬਾ ਟੁੱਟਿਆ। 2024 ਵਿੱਚ ਆਪ ਨਾਲ ਜੁੜੇ ਨੌਜਵਾਨਾਂ ਅਤੇ ਪੰਚਾਇਤੀ ਆਗੂਆਂ ਨੂੰ ਜਥੇਬੰਦਕ ਜ਼ਿੰਮੇਵਾਰੀਆਂ ਦਿਓ ਅਤੇ +15 ਵੋਟਾਂ ਦੀ ਲੀਡ ਨੂੰ ਸਥਾਈ ਵੋਟ ਬੈਂਕ ਵਿੱਚ ਬਦਲੋ।', 'action_steps_en': ['Days 1-30: Onboard dynamic swing workers who crossed over from SAD into the formal AAP booth structure.', 'Days 31-60: Prioritize village link road and street light repairs in Johal through rural development grants.', 'Days 61-90: Convert current +15 vote lead into permanent party loyalty before 2027.'], 'action_steps_pa': ['ਦਿਨ 1-30: SAD ਛੱਡ ਕੇ ਆਪ ਵਿੱਚ ਸ਼ਾਮਲ ਹੋਏ ਆਗੂਆਂ ਨੂੰ ਬੂਥ ਕਮੇਟੀ ਵਿੱਚ ਅਹਿਮ ਜ਼ਿੰਮੇਵਾਰੀਆਂ ਦਿਓ।', ""ਦਿਨ 31-60: ਜੋਹਲ ਵਿੱਚ ਪਿੰਡ ਦੀਆਂ ਫਿਰਨੀਆਂ, ਗਲੀਆਂ ਅਤੇ ਲਿੰਕ ਸੜਕਾਂ ਦੇ ਕੰਮ ਤਰਜੀਹ 'ਤੇ ਕਰਵਾਓ।"", 'ਦਿਨ 61-90: +15 ਵੋਟਾਂ ਦੀ ਲੀਡ ਨੂੰ ਪੱਕੇ ਵੋਟ ਬੈਂਕ ਵਿੱਚ ਤਬਦੀਲ ਕਰੋ।'], 'action_steps': ['ਦਿਨ 1-30: SAD ਛੱਡ ਕੇ ਆਪ ਵਿੱਚ ਸ਼ਾਮਲ ਹੋਏ ਆਗੂਆਂ ਨੂੰ ਬੂਥ ਕਮੇਟੀ ਵਿੱਚ ਅਹਿਮ ਜ਼ਿੰਮੇਵਾਰੀਆਂ ਦਿਓ।', ""ਦਿਨ 31-60: ਜੋਹਲ ਵਿੱਚ ਪਿੰਡ ਦੀਆਂ ਫਿਰਨੀਆਂ, ਗਲੀਆਂ ਅਤੇ ਲਿੰਕ ਸੜਕਾਂ ਦੇ ਕੰਮ ਤਰਜੀਹ 'ਤੇ ਕਰਵਾਓ।"", 'ਦਿਨ 61-90: +15 ਵੋਟਾਂ ਦੀ ਲੀਡ ਨੂੰ ਪੱਕੇ ਵੋਟ ਬੈਂਕ ਵਿੱਚ ਤਬਦੀਲ ਕਰੋ।']}"
61,60,Kadrabad,ਕਾਦਰਾਬਾਦ,ਕਾਦਰਾਬਾਦ,Kadrabad,ਕਾਦਰਾਬਾਦ,SAD,AAP,36,113,SAD → AAP,SAD → AAP,AAP Gain,ਆਪ ਲਾਭ,INC Deficit,"{'AAP': 'GAINED', 'SAD': 'LOST_24', 'INC': 'WEAK', 'BJP': 'WEAK'}",True,"{'is_flip': True, 'status_label': 'SAD → AAP', 'turnout_diff': 253, 'turnout_pct': 72.29, 'sad_swing': -13.15, 'aap_swing': 15.88, 'inc_swing': -1.51, 'bjp_swing': -7.72}",350,603,253,72.29,154,186,32,44.0,30.85,-13.15,118,299,181,33.71,49.59,15.88,32,46,14,9.14,7.63,-1.51,34,12,-22,9.71,1.99,-7.72,21,3.48,"{'total': 350, 'sad': 154, 'aap': 118, 'inc': 32, 'bjp': 34, 'sad_votes': 154, 'sad_pct': 44.0, 'aap_votes': 118, 'aap_pct': 33.71, 'inc_votes': 32, 'inc_pct': 9.14, 'bjp_votes': 34, 'bjp_pct': 9.71, 'winner_party': 'SAD', 'margin': 36, 'winner_candidate': 'Ganieve Kaur Majithia'}","{'total': 603, 'sad': 186, 'aap': 299, 'inc': 46, 'bjp': 12, 'sada': 21, 'bsp': 0, 'others': 36, 'sad_votes': 186, 'sad_pct': 30.85, 'aap_votes': 299, 'aap_pct': 49.59, 'inc_votes': 46, 'inc_pct': 7.63, 'bjp_votes': 12, 'bjp_pct': 1.99, 'sada_votes': 21, 'sada_pct': 3.48, 'winner_party': 'AAP', 'margin': 113, 'winner_candidate': 'Kuldeep Singh Dhaliwal'}","{'turnout_diff': 253, 'turnout_pct': 72.29, 'sad_shift': 32, 'sad_swing': -13.15, 'aap_shift': 181, 'aap_swing': 15.88, 'inc_shift': 14, 'inc_swing': -1.51, 'bjp_shift': -22, 'bjp_swing': -7.72}",Historic Breakthrough: AAP Flipped Stronghold,ਇਤਿਹਾਸਕ ਪ੍ਰਾਪਤੀ: ਅਕਾਲੀ ਗੜ੍ਹ ਵਿੱਚ ਆਪ ਦੀ ਜਿੱਤ ਜ਼ੋਨ,"Major breakthrough in Kadrabad previously held by SAD. Formally induct local village swing leaders and youth volunteers who backed AAP in 2024. Resolve local village infrastructure, canal tail issues, and cement +113 lead.","ਕਾਦਰਾਬਾਦ ਵਿੱਚ ਵੱਡੀ ਇਤਿਹਾਸਕ ਸਫ਼ਲਤਾ, ਜਿੱਥੇ SAD ਦਾ ਪੁਰਾਣਾ ਦਬਦਬਾ ਟੁੱਟਿਆ। 2024 ਵਿੱਚ ਆਪ ਨਾਲ ਜੁੜੇ ਨੌਜਵਾਨਾਂ ਅਤੇ ਪੰਚਾਇਤੀ ਆਗੂਆਂ ਨੂੰ ਜਥੇਬੰਦਕ ਜ਼ਿੰਮੇਵਾਰੀਆਂ ਦਿਓ ਅਤੇ +113 ਵੋਟਾਂ ਦੀ ਲੀਡ ਨੂੰ ਸਥਾਈ ਵੋਟ ਬੈਂਕ ਵਿੱਚ ਬਦਲੋ।","{'booth_no': '60', 'village_en': 'Kadrabad', 'village_pa': 'ਕਾਦਰਾਬਾਦ', 'zone_en': 'Historic Breakthrough: AAP Flipped Stronghold', 'zone_pa': 'ਇਤਿਹਾਸਕ ਪ੍ਰਾਪਤੀ: ਅਕਾਲੀ ਗੜ੍ਹ ਵਿੱਚ ਆਪ ਦੀ ਜਿੱਤ ਜ਼ੋਨ', 'action_en': 'Major breakthrough in Kadrabad previously held by SAD. Formally induct local village swing leaders and youth volunteers who backed AAP in 2024. Resolve local village infrastructure, canal tail issues, and cement +113 lead.', 'action_pa': 'ਕਾਦਰਾਬਾਦ ਵਿੱਚ ਵੱਡੀ ਇਤਿਹਾਸਕ ਸਫ਼ਲਤਾ, ਜਿੱਥੇ SAD ਦਾ ਪੁਰਾਣਾ ਦਬਦਬਾ ਟੁੱਟਿਆ। 2024 ਵਿੱਚ ਆਪ ਨਾਲ ਜੁੜੇ ਨੌਜਵਾਨਾਂ ਅਤੇ ਪੰਚਾਇਤੀ ਆਗੂਆਂ ਨੂੰ ਜਥੇਬੰਦਕ ਜ਼ਿੰਮੇਵਾਰੀਆਂ ਦਿਓ ਅਤੇ +113 ਵੋਟਾਂ ਦੀ ਲੀਡ ਨੂੰ ਸਥਾਈ ਵੋਟ ਬੈਂਕ ਵਿੱਚ ਬਦਲੋ।', 'action_steps_en': ['Days 1-30: Onboard dynamic swing workers who crossed over from SAD into the formal AAP booth structure.', 'Days 31-60: Prioritize village link road and street light repairs in Kadrabad through rural development grants.', 'Days 61-90: Convert current +113 vote lead into permanent party loyalty before 2027.'], 'action_steps_pa': ['ਦਿਨ 1-30: SAD ਛੱਡ ਕੇ ਆਪ ਵਿੱਚ ਸ਼ਾਮਲ ਹੋਏ ਆਗੂਆਂ ਨੂੰ ਬੂਥ ਕਮੇਟੀ ਵਿੱਚ ਅਹਿਮ ਜ਼ਿੰਮੇਵਾਰੀਆਂ ਦਿਓ।', ""ਦਿਨ 31-60: ਕਾਦਰਾਬਾਦ ਵਿੱਚ ਪਿੰਡ ਦੀਆਂ ਫਿਰਨੀਆਂ, ਗਲੀਆਂ ਅਤੇ ਲਿੰਕ ਸੜਕਾਂ ਦੇ ਕੰਮ ਤਰਜੀਹ 'ਤੇ ਕਰਵਾਓ।"", 'ਦਿਨ 61-90: +113 ਵੋਟਾਂ ਦੀ ਲੀਡ ਨੂੰ ਪੱਕੇ ਵੋਟ ਬੈਂਕ ਵਿੱਚ ਤਬਦੀਲ ਕਰੋ।'], 'action_steps': ['ਦਿਨ 1-30: SAD ਛੱਡ ਕੇ ਆਪ ਵਿੱਚ ਸ਼ਾਮਲ ਹੋਏ ਆਗੂਆਂ ਨੂੰ ਬੂਥ ਕਮੇਟੀ ਵਿੱਚ ਅਹਿਮ ਜ਼ਿੰਮੇਵਾਰੀਆਂ ਦਿਓ।', ""ਦਿਨ 31-60: ਕਾਦਰਾਬਾਦ ਵਿੱਚ ਪਿੰਡ ਦੀਆਂ ਫਿਰਨੀਆਂ, ਗਲੀਆਂ ਅਤੇ ਲਿੰਕ ਸੜਕਾਂ ਦੇ ਕੰਮ ਤਰਜੀਹ 'ਤੇ ਕਰਵਾਓ।"", 'ਦਿਨ 61-90: +113 ਵੋਟਾਂ ਦੀ ਲੀਡ ਨੂੰ ਪੱਕੇ ਵੋਟ ਬੈਂਕ ਵਿੱਚ ਤਬਦੀਲ ਕਰੋ।']}"
62,61,Kairon Nangal,ਕੈਰੋਂ ਨੰਗਲ,ਕੈਰੋਂ ਨੰਗਲ,Kairon Nangal,ਕੈਰੋਂ ਨੰਗਲ,SAD,BJP,149,74,SAD → BJP,SAD → BJP,AAP Deficit,ਆਪ ਘਾਟ,INC Deficit,"{'AAP': 'WEAK', 'SAD': 'LOST_24', 'INC': 'LOST_BOTH', 'BJP': 'GAINED'}",True,"{'is_flip': True, 'status_label': 'SAD → BJP', 'turnout_diff': -336, 'turnout_pct': -48.91, 'sad_swing': -24.35, 'aap_swing': -13.02, 'inc_swing': -3.23, 'bjp_swing': 42.01}",687,351,-336,-48.91,316,76,-240,46.0,21.65,-24.35,156,34,-122,22.71,9.69,-13.02,167,74,-93,24.31,21.08,-3.23,5,150,145,0.73,42.74,42.01,5,1.42,"{'total': 687, 'sad': 316, 'aap': 156, 'inc': 167, 'bjp': 5, 'sad_votes': 316, 'sad_pct': 46.0, 'aap_votes': 156, 'aap_pct': 22.71, 'inc_votes': 167, 'inc_pct': 24.31, 'bjp_votes': 5, 'bjp_pct': 0.73, 'winner_party': 'SAD', 'margin': 149, 'winner_candidate': 'Ganieve Kaur Majithia'}","{'total': 351, 'sad': 76, 'aap': 34, 'inc': 74, 'bjp': 150, 'sada': 5, 'bsp': 0, 'others': 10, 'sad_votes': 76, 'sad_pct': 21.65, 'aap_votes': 34, 'aap_pct': 9.69, 'inc_votes': 74, 'inc_pct': 21.08, 'bjp_votes': 150, 'bjp_pct': 42.74, 'sada_votes': 5, 'sada_pct': 1.42, 'winner_party': 'BJP', 'margin': 74, 'winner_candidate': 'Taranjit Singh Sandhu Samundri'}","{'turnout_diff': -336, 'turnout_pct': -48.91, 'sad_shift': -240, 'sad_swing': -24.35, 'aap_shift': -122, 'aap_swing': -13.02, 'inc_shift': -93, 'inc_swing': -3.23, 'bjp_shift': 145, 'bjp_swing': 42.01}",Urban Infiltration: BJP Containment & Counter-Offensive,ਸ਼ਹਿਰੀ ਸੰਵੇਦਨਸ਼ੀਲ ਖੇਤਰ: ਭਾਜਪਾ ਕਾਊਂਟਰ-ਮੁਹਿੰਮ ਜ਼ੋਨ,"BJP led here by +74 votes with 42.7% vote share in urban pockets of Kairon Nangal. Conduct structured dialogues with local shopkeepers, commission agents, and urban families. Emphasize state guarantees vs central economic policies.","ਭਾਜਪਾ ਨੇ ਕੈਰੋਂ ਨੰਗਲ ਦੇ ਸ਼ਹਿਰੀ ਹਿੱਸਿਆਂ ਵਿੱਚ +74 ਵੋਟਾਂ (42.7%) ਹਾਸਲ ਕੀਤੇ ਹਨ। ਵਪਾਰੀਆਂ, ਦੁਕਾਨਦਾਰਾਂ ਅਤੇ ਮੁਹੱਲਾ ਕਮੇਟੀਆਂ ਨਾਲ ਮੀਟਿੰਗਾਂ ਕਰਕੇ ਸਿੱਧਾ ਸੰਵਾਦ ਕਰੋ ਅਤੇ ਲੋਕ-ਪੱਖੀ ਨੀਤੀਆਂ ਬਾਰੇ ਜਾਗਰੂਕ ਕਰੋ।","{'booth_no': '61', 'village_en': 'Kairon Nangal', 'village_pa': 'ਕੈਰੋਂ ਨੰਗਲ', 'zone_en': 'Urban Infiltration: BJP Containment & Counter-Offensive', 'zone_pa': 'ਸ਼ਹਿਰੀ ਸੰਵੇਦਨਸ਼ੀਲ ਖੇਤਰ: ਭਾਜਪਾ ਕਾਊਂਟਰ-ਮੁਹਿੰਮ ਜ਼ੋਨ', 'action_en': 'BJP led here by +74 votes with 42.7% vote share in urban pockets of Kairon Nangal. Conduct structured dialogues with local shopkeepers, commission agents, and urban families. Emphasize state guarantees vs central economic policies.', 'action_pa': 'ਭਾਜਪਾ ਨੇ ਕੈਰੋਂ ਨੰਗਲ ਦੇ ਸ਼ਹਿਰੀ ਹਿੱਸਿਆਂ ਵਿੱਚ +74 ਵੋਟਾਂ (42.7%) ਹਾਸਲ ਕੀਤੇ ਹਨ। ਵਪਾਰੀਆਂ, ਦੁਕਾਨਦਾਰਾਂ ਅਤੇ ਮੁਹੱਲਾ ਕਮੇਟੀਆਂ ਨਾਲ ਮੀਟਿੰਗਾਂ ਕਰਕੇ ਸਿੱਧਾ ਸੰਵਾਦ ਕਰੋ ਅਤੇ ਲੋਕ-ਪੱਖੀ ਨੀਤੀਆਂ ਬਾਰੇ ਜਾਗਰੂਕ ਕਰੋ।', 'action_steps_en': ['Days 1-30: Organize urban merchant and shopkeeper roundtables in Kairon Nangal.', 'Days 31-60: Counter central economic propaganda with Punjab business facilitation policies.', ""Days 61-90: Establish active urban ward cell to dismantle BJP's +74 vote pocket.""], 'action_steps_pa': ['ਦਿਨ 1-30: ਕੈਰੋਂ ਨੰਗਲ ਦੇ ਦੁਕਾਨਦਾਰਾਂ ਅਤੇ ਵਪਾਰੀ ਭਾਈਚਾਰੇ ਨਾਲ ਮੀਟਿੰਗਾਂ ਦਾ ਸਿਲਸਿਲਾ ਸ਼ੁਰੂ ਕਰੋ।', 'ਦਿਨ 31-60: ਕੇਂਦਰ ਸਰਕਾਰ ਦੀਆਂ ਆਰਥਿਕ ਨੀਤੀਆਂ ਬਨਾਮ ਪੰਜਾਬ ਸਰਕਾਰ ਦੀ ਵਪਾਰੀ ਪੱਖੀ ਪਹੁੰਚ ਬਾਰੇ ਦੱਸੋ।', 'ਦਿਨ 61-90: ਸ਼ਹਿਰੀ ਵਾਰਡਾਂ ਵਿੱਚ ਆਪ ਦਾ ਮਜ਼ਬੂਤ ਯੂਨਿਟ ਸਥਾਪਿਤ ਕਰੋ।'], 'action_steps': ['ਦਿਨ 1-30: ਕੈਰੋਂ ਨੰਗਲ ਦੇ ਦੁਕਾਨਦਾਰਾਂ ਅਤੇ ਵਪਾਰੀ ਭਾਈਚਾਰੇ ਨਾਲ ਮੀਟਿੰਗਾਂ ਦਾ ਸਿਲਸਿਲਾ ਸ਼ੁਰੂ ਕਰੋ।', 'ਦਿਨ 31-60: ਕੇਂਦਰ ਸਰਕਾਰ ਦੀਆਂ ਆਰਥਿਕ ਨੀਤੀਆਂ ਬਨਾਮ ਪੰਜਾਬ ਸਰਕਾਰ ਦੀ ਵਪਾਰੀ ਪੱਖੀ ਪਹੁੰਚ ਬਾਰੇ ਦੱਸੋ।', 'ਦਿਨ 61-90: ਸ਼ਹਿਰੀ ਵਾਰਡਾਂ ਵਿੱਚ ਆਪ ਦਾ ਮਜ਼ਬੂਤ ਯੂਨਿਟ ਸਥਾਪਿਤ ਕਰੋ।']}"
63,62,Kaler Mangat,ਕਾਲੇਰ ਮਾਂਗਟ,ਕਾਲੇਰ ਮਾਂਗਟ,Kaler Mangat,ਕਾਲੇਰ ਮਾਂਗਟ,SAD,BJP,157,405,SAD → BJP,SAD → BJP,AAP Deficit,ਆਪ ਘਾਟ,INC Deficit,"{'AAP': 'WEAK', 'SAD': 'LOST_24', 'INC': 'WEAK', 'BJP': 'GAINED'}",True,"{'is_flip': True, 'status_label': 'SAD → BJP', 'turnout_diff': 315, 'turnout_pct': 54.59, 'sad_swing': -34.36, 'aap_swing': -17.13, 'inc_swing': -6.59, 'bjp_swing': 61.13}",577,892,315,54.59,294,148,-146,50.95,16.59,-34.36,137,59,-78,23.74,6.61,-17.13,95,88,-7,16.46,9.87,-6.59,5,553,548,0.87,62.0,61.13,1,0.11,"{'total': 577, 'sad': 294, 'aap': 137, 'inc': 95, 'bjp': 5, 'sad_votes': 294, 'sad_pct': 50.95, 'aap_votes': 137, 'aap_pct': 23.74, 'inc_votes': 95, 'inc_pct': 16.46, 'bjp_votes': 5, 'bjp_pct': 0.87, 'winner_party': 'SAD', 'margin': 157, 'winner_candidate': 'Ganieve Kaur Majithia'}","{'total': 892, 'sad': 148, 'aap': 59, 'inc': 88, 'bjp': 553, 'sada': 1, 'bsp': 3, 'others': 38, 'sad_votes': 148, 'sad_pct': 16.59, 'aap_votes': 59, 'aap_pct': 6.61, 'inc_votes': 88, 'inc_pct': 9.87, 'bjp_votes': 553, 'bjp_pct': 62.0, 'sada_votes': 1, 'sada_pct': 0.11, 'winner_party': 'BJP', 'margin': 405, 'winner_candidate': 'Taranjit Singh Sandhu Samundri'}","{'turnout_diff': 315, 'turnout_pct': 54.59, 'sad_shift': -146, 'sad_swing': -34.36, 'aap_shift': -78, 'aap_swing': -17.13, 'inc_shift': -7, 'inc_swing': -6.59, 'bjp_shift': 548, 'bjp_swing': 61.13}",Urban Infiltration: BJP Containment & Counter-Offensive,ਸ਼ਹਿਰੀ ਸੰਵੇਦਨਸ਼ੀਲ ਖੇਤਰ: ਭਾਜਪਾ ਕਾਊਂਟਰ-ਮੁਹਿੰਮ ਜ਼ੋਨ,"BJP led here by +405 votes with 62.0% vote share in urban pockets of Kaler Mangat. Conduct structured dialogues with local shopkeepers, commission agents, and urban families. Emphasize state guarantees vs central economic policies.","ਭਾਜਪਾ ਨੇ ਕਾਲੇਰ ਮਾਂਗਟ ਦੇ ਸ਼ਹਿਰੀ ਹਿੱਸਿਆਂ ਵਿੱਚ +405 ਵੋਟਾਂ (62.0%) ਹਾਸਲ ਕੀਤੇ ਹਨ। ਵਪਾਰੀਆਂ, ਦੁਕਾਨਦਾਰਾਂ ਅਤੇ ਮੁਹੱਲਾ ਕਮੇਟੀਆਂ ਨਾਲ ਮੀਟਿੰਗਾਂ ਕਰਕੇ ਸਿੱਧਾ ਸੰਵਾਦ ਕਰੋ ਅਤੇ ਲੋਕ-ਪੱਖੀ ਨੀਤੀਆਂ ਬਾਰੇ ਜਾਗਰੂਕ ਕਰੋ।","{'booth_no': '62', 'village_en': 'Kaler Mangat', 'village_pa': 'ਕਾਲੇਰ ਮਾਂਗਟ', 'zone_en': 'Urban Infiltration: BJP Containment & Counter-Offensive', 'zone_pa': 'ਸ਼ਹਿਰੀ ਸੰਵੇਦਨਸ਼ੀਲ ਖੇਤਰ: ਭਾਜਪਾ ਕਾਊਂਟਰ-ਮੁਹਿੰਮ ਜ਼ੋਨ', 'action_en': 'BJP led here by +405 votes with 62.0% vote share in urban pockets of Kaler Mangat. Conduct structured dialogues with local shopkeepers, commission agents, and urban families. Emphasize state guarantees vs central economic policies.', 'action_pa': 'ਭਾਜਪਾ ਨੇ ਕਾਲੇਰ ਮਾਂਗਟ ਦੇ ਸ਼ਹਿਰੀ ਹਿੱਸਿਆਂ ਵਿੱਚ +405 ਵੋਟਾਂ (62.0%) ਹਾਸਲ ਕੀਤੇ ਹਨ। ਵਪਾਰੀਆਂ, ਦੁਕਾਨਦਾਰਾਂ ਅਤੇ ਮੁਹੱਲਾ ਕਮੇਟੀਆਂ ਨਾਲ ਮੀਟਿੰਗਾਂ ਕਰਕੇ ਸਿੱਧਾ ਸੰਵਾਦ ਕਰੋ ਅਤੇ ਲੋਕ-ਪੱਖੀ ਨੀਤੀਆਂ ਬਾਰੇ ਜਾਗਰੂਕ ਕਰੋ।', 'action_steps_en': ['Days 1-30: Organize urban merchant and shopkeeper roundtables in Kaler Mangat.', 'Days 31-60: Counter central economic propaganda with Punjab business facilitation policies.', ""Days 61-90: Establish active urban ward cell to dismantle BJP's +405 vote pocket.""], 'action_steps_pa': ['ਦਿਨ 1-30: ਕਾਲੇਰ ਮਾਂਗਟ ਦੇ ਦੁਕਾਨਦਾਰਾਂ ਅਤੇ ਵਪਾਰੀ ਭਾਈਚਾਰੇ ਨਾਲ ਮੀਟਿੰਗਾਂ ਦਾ ਸਿਲਸਿਲਾ ਸ਼ੁਰੂ ਕਰੋ।', 'ਦਿਨ 31-60: ਕੇਂਦਰ ਸਰਕਾਰ ਦੀਆਂ ਆਰਥਿਕ ਨੀਤੀਆਂ ਬਨਾਮ ਪੰਜਾਬ ਸਰਕਾਰ ਦੀ ਵਪਾਰੀ ਪੱਖੀ ਪਹੁੰਚ ਬਾਰੇ ਦੱਸੋ।', 'ਦਿਨ 61-90: ਸ਼ਹਿਰੀ ਵਾਰਡਾਂ ਵਿੱਚ ਆਪ ਦਾ ਮਜ਼ਬੂਤ ਯੂਨਿਟ ਸਥਾਪਿਤ ਕਰੋ।'], 'action_steps': ['ਦਿਨ 1-30: ਕਾਲੇਰ ਮਾਂਗਟ ਦੇ ਦੁਕਾਨਦਾਰਾਂ ਅਤੇ ਵਪਾਰੀ ਭਾਈਚਾਰੇ ਨਾਲ ਮੀਟਿੰਗਾਂ ਦਾ ਸਿਲਸਿਲਾ ਸ਼ੁਰੂ ਕਰੋ।', 'ਦਿਨ 31-60: ਕੇਂਦਰ ਸਰਕਾਰ ਦੀਆਂ ਆਰਥਿਕ ਨੀਤੀਆਂ ਬਨਾਮ ਪੰਜਾਬ ਸਰਕਾਰ ਦੀ ਵਪਾਰੀ ਪੱਖੀ ਪਹੁੰਚ ਬਾਰੇ ਦੱਸੋ।', 'ਦਿਨ 61-90: ਸ਼ਹਿਰੀ ਵਾਰਡਾਂ ਵਿੱਚ ਆਪ ਦਾ ਮਜ਼ਬੂਤ ਯੂਨਿਟ ਸਥਾਪਿਤ ਕਰੋ।']}"
64,63,Kotli Dhole Shah,ਕੋਟਲੀ ਢੋਲੇ ਸ਼ਾਹ,ਕੋਟਲੀ ਢੋਲੇ ਸ਼ਾਹ,Kotli Dhole Shah,ਕੋਟਲੀ ਢੋਲੇ ਸ਼ਾਹ,SAD,BJP,174,87,SAD → BJP,SAD → BJP,AAP Deficit,ਆਪ ਘਾਟ,INC Deficit,"{'AAP': 'WEAK', 'SAD': 'LOST_24', 'INC': 'LOST_BOTH', 'BJP': 'GAINED'}",True,"{'is_flip': True, 'status_label': 'SAD → BJP', 'turnout_diff': 52, 'turnout_pct': 8.52, 'sad_swing': -22.78, 'aap_swing': -11.18, 'inc_swing': -2.66, 'bjp_swing': 33.64}",610,662,52,8.52,303,178,-125,49.67,26.89,-22.78,129,66,-63,21.15,9.97,-11.18,124,117,-7,20.33,17.67,-2.66,39,265,226,6.39,40.03,33.64,5,0.76,"{'total': 610, 'sad': 303, 'aap': 129, 'inc': 124, 'bjp': 39, 'sad_votes': 303, 'sad_pct': 49.67, 'aap_votes': 129, 'aap_pct': 21.15, 'inc_votes': 124, 'inc_pct': 20.33, 'bjp_votes': 39, 'bjp_pct': 6.39, 'winner_party': 'SAD', 'margin': 174, 'winner_candidate': 'Ganieve Kaur Majithia'}","{'total': 662, 'sad': 178, 'aap': 66, 'inc': 117, 'bjp': 265, 'sada': 5, 'bsp': 3, 'others': 27, 'sad_votes': 178, 'sad_pct': 26.89, 'aap_votes': 66, 'aap_pct': 9.97, 'inc_votes': 117, 'inc_pct': 17.67, 'bjp_votes': 265, 'bjp_pct': 40.03, 'sada_votes': 5, 'sada_pct': 0.76, 'winner_party': 'BJP', 'margin': 87, 'winner_candidate': 'Taranjit Singh Sandhu Samundri'}","{'turnout_diff': 52, 'turnout_pct': 8.52, 'sad_shift': -125, 'sad_swing': -22.78, 'aap_shift': -63, 'aap_swing': -11.18, 'inc_shift': -7, 'inc_swing': -2.66, 'bjp_shift': 226, 'bjp_swing': 33.64}",Urban Infiltration: BJP Containment & Counter-Offensive,ਸ਼ਹਿਰੀ ਸੰਵੇਦਨਸ਼ੀਲ ਖੇਤਰ: ਭਾਜਪਾ ਕਾਊਂਟਰ-ਮੁਹਿੰਮ ਜ਼ੋਨ,"BJP led here by +87 votes with 40.0% vote share in urban pockets of Kotli Dhole Shah. Conduct structured dialogues with local shopkeepers, commission agents, and urban families. Emphasize state guarantees vs central economic policies.","ਭਾਜਪਾ ਨੇ ਕੋਟਲੀ ਢੋਲੇ ਸ਼ਾਹ ਦੇ ਸ਼ਹਿਰੀ ਹਿੱਸਿਆਂ ਵਿੱਚ +87 ਵੋਟਾਂ (40.0%) ਹਾਸਲ ਕੀਤੇ ਹਨ। ਵਪਾਰੀਆਂ, ਦੁਕਾਨਦਾਰਾਂ ਅਤੇ ਮੁਹੱਲਾ ਕਮੇਟੀਆਂ ਨਾਲ ਮੀਟਿੰਗਾਂ ਕਰਕੇ ਸਿੱਧਾ ਸੰਵਾਦ ਕਰੋ ਅਤੇ ਲੋਕ-ਪੱਖੀ ਨੀਤੀਆਂ ਬਾਰੇ ਜਾਗਰੂਕ ਕਰੋ।","{'booth_no': '63', 'village_en': 'Kotli Dhole Shah', 'village_pa': 'ਕੋਟਲੀ ਢੋਲੇ ਸ਼ਾਹ', 'zone_en': 'Urban Infiltration: BJP Containment & Counter-Offensive', 'zone_pa': 'ਸ਼ਹਿਰੀ ਸੰਵੇਦਨਸ਼ੀਲ ਖੇਤਰ: ਭਾਜਪਾ ਕਾਊਂਟਰ-ਮੁਹਿੰਮ ਜ਼ੋਨ', 'action_en': 'BJP led here by +87 votes with 40.0% vote share in urban pockets of Kotli Dhole Shah. Conduct structured dialogues with local shopkeepers, commission agents, and urban families. Emphasize state guarantees vs central economic policies.', 'action_pa': 'ਭਾਜਪਾ ਨੇ ਕੋਟਲੀ ਢੋਲੇ ਸ਼ਾਹ ਦੇ ਸ਼ਹਿਰੀ ਹਿੱਸਿਆਂ ਵਿੱਚ +87 ਵੋਟਾਂ (40.0%) ਹਾਸਲ ਕੀਤੇ ਹਨ। ਵਪਾਰੀਆਂ, ਦੁਕਾਨਦਾਰਾਂ ਅਤੇ ਮੁਹੱਲਾ ਕਮੇਟੀਆਂ ਨਾਲ ਮੀਟਿੰਗਾਂ ਕਰਕੇ ਸਿੱਧਾ ਸੰਵਾਦ ਕਰੋ ਅਤੇ ਲੋਕ-ਪੱਖੀ ਨੀਤੀਆਂ ਬਾਰੇ ਜਾਗਰੂਕ ਕਰੋ।', 'action_steps_en': ['Days 1-30: Organize urban merchant and shopkeeper roundtables in Kotli Dhole Shah.', 'Days 31-60: Counter central economic propaganda with Punjab business facilitation policies.', ""Days 61-90: Establish active urban ward cell to dismantle BJP's +87 vote pocket.""], 'action_steps_pa': ['ਦਿਨ 1-30: ਕੋਟਲੀ ਢੋਲੇ ਸ਼ਾਹ ਦੇ ਦੁਕਾਨਦਾਰਾਂ ਅਤੇ ਵਪਾਰੀ ਭਾਈਚਾਰੇ ਨਾਲ ਮੀਟਿੰਗਾਂ ਦਾ ਸਿਲਸਿਲਾ ਸ਼ੁਰੂ ਕਰੋ।', 'ਦਿਨ 31-60: ਕੇਂਦਰ ਸਰਕਾਰ ਦੀਆਂ ਆਰਥਿਕ ਨੀਤੀਆਂ ਬਨਾਮ ਪੰਜਾਬ ਸਰਕਾਰ ਦੀ ਵਪਾਰੀ ਪੱਖੀ ਪਹੁੰਚ ਬਾਰੇ ਦੱਸੋ।', 'ਦਿਨ 61-90: ਸ਼ਹਿਰੀ ਵਾਰਡਾਂ ਵਿੱਚ ਆਪ ਦਾ ਮਜ਼ਬੂਤ ਯੂਨਿਟ ਸਥਾਪਿਤ ਕਰੋ।'], 'action_steps': ['ਦਿਨ 1-30: ਕੋਟਲੀ ਢੋਲੇ ਸ਼ਾਹ ਦੇ ਦੁਕਾਨਦਾਰਾਂ ਅਤੇ ਵਪਾਰੀ ਭਾਈਚਾਰੇ ਨਾਲ ਮੀਟਿੰਗਾਂ ਦਾ ਸਿਲਸਿਲਾ ਸ਼ੁਰੂ ਕਰੋ।', 'ਦਿਨ 31-60: ਕੇਂਦਰ ਸਰਕਾਰ ਦੀਆਂ ਆਰਥਿਕ ਨੀਤੀਆਂ ਬਨਾਮ ਪੰਜਾਬ ਸਰਕਾਰ ਦੀ ਵਪਾਰੀ ਪੱਖੀ ਪਹੁੰਚ ਬਾਰੇ ਦੱਸੋ।', 'ਦਿਨ 61-90: ਸ਼ਹਿਰੀ ਵਾਰਡਾਂ ਵਿੱਚ ਆਪ ਦਾ ਮਜ਼ਬੂਤ ਯੂਨਿਟ ਸਥਾਪਿਤ ਕਰੋ।']}"
65,64,Kotli Mallian,ਕੋਟਲੀ ਮੱਲੀਆਂ,ਕੋਟਲੀ ਮੱਲੀਆਂ,Kotli Mallian,ਕੋਟਲੀ ਮੱਲੀਆਂ,SAD,BJP,85,141,SAD → BJP,SAD → BJP,AAP Deficit,ਆਪ ਘਾਟ,INC Deficit,"{'AAP': 'WEAK', 'SAD': 'LOST_24', 'INC': 'WEAK', 'BJP': 'GAINED'}",True,"{'is_flip': True, 'status_label': 'SAD → BJP', 'turnout_diff': 38, 'turnout_pct': 6.46, 'sad_swing': -24.72, 'aap_swing': -29.28, 'inc_swing': 6.55, 'bjp_swing': 49.84}",588,626,38,6.46,306,171,-135,52.04,27.32,-24.72,221,52,-169,37.59,8.31,-29.28,16,58,42,2.72,9.27,6.55,0,312,312,0.0,49.84,49.84,1,0.16,"{'total': 588, 'sad': 306, 'aap': 221, 'inc': 16, 'bjp': 0, 'sad_votes': 306, 'sad_pct': 52.04, 'aap_votes': 221, 'aap_pct': 37.59, 'inc_votes': 16, 'inc_pct': 2.72, 'bjp_votes': 0, 'bjp_pct': 0.0, 'winner_party': 'SAD', 'margin': 85, 'winner_candidate': 'Ganieve Kaur Majithia'}","{'total': 626, 'sad': 171, 'aap': 52, 'inc': 58, 'bjp': 312, 'sada': 1, 'bsp': 3, 'others': 28, 'sad_votes': 171, 'sad_pct': 27.32, 'aap_votes': 52, 'aap_pct': 8.31, 'inc_votes': 58, 'inc_pct': 9.27, 'bjp_votes': 312, 'bjp_pct': 49.84, 'sada_votes': 1, 'sada_pct': 0.16, 'winner_party': 'BJP', 'margin': 141, 'winner_candidate': 'Taranjit Singh Sandhu Samundri'}","{'turnout_diff': 38, 'turnout_pct': 6.46, 'sad_shift': -135, 'sad_swing': -24.72, 'aap_shift': -169, 'aap_swing': -29.28, 'inc_shift': 42, 'inc_swing': 6.55, 'bjp_shift': 312, 'bjp_swing': 49.84}",Urban Infiltration: BJP Containment & Counter-Offensive,ਸ਼ਹਿਰੀ ਸੰਵੇਦਨਸ਼ੀਲ ਖੇਤਰ: ਭਾਜਪਾ ਕਾਊਂਟਰ-ਮੁਹਿੰਮ ਜ਼ੋਨ,"BJP led here by +141 votes with 49.8% vote share in urban pockets of Kotli Mallian. Conduct structured dialogues with local shopkeepers, commission agents, and urban families. Emphasize state guarantees vs central economic policies.","ਭਾਜਪਾ ਨੇ ਕੋਟਲੀ ਮੱਲੀਆਂ ਦੇ ਸ਼ਹਿਰੀ ਹਿੱਸਿਆਂ ਵਿੱਚ +141 ਵੋਟਾਂ (49.8%) ਹਾਸਲ ਕੀਤੇ ਹਨ। ਵਪਾਰੀਆਂ, ਦੁਕਾਨਦਾਰਾਂ ਅਤੇ ਮੁਹੱਲਾ ਕਮੇਟੀਆਂ ਨਾਲ ਮੀਟਿੰਗਾਂ ਕਰਕੇ ਸਿੱਧਾ ਸੰਵਾਦ ਕਰੋ ਅਤੇ ਲੋਕ-ਪੱਖੀ ਨੀਤੀਆਂ ਬਾਰੇ ਜਾਗਰੂਕ ਕਰੋ।","{'booth_no': '64', 'village_en': 'Kotli Mallian', 'village_pa': 'ਕੋਟਲੀ ਮੱਲੀਆਂ', 'zone_en': 'Urban Infiltration: BJP Containment & Counter-Offensive', 'zone_pa': 'ਸ਼ਹਿਰੀ ਸੰਵੇਦਨਸ਼ੀਲ ਖੇਤਰ: ਭਾਜਪਾ ਕਾਊਂਟਰ-ਮੁਹਿੰਮ ਜ਼ੋਨ', 'action_en': 'BJP led here by +141 votes with 49.8% vote share in urban pockets of Kotli Mallian. Conduct structured dialogues with local shopkeepers, commission agents, and urban families. Emphasize state guarantees vs central economic policies.', 'action_pa': 'ਭਾਜਪਾ ਨੇ ਕੋਟਲੀ ਮੱਲੀਆਂ ਦੇ ਸ਼ਹਿਰੀ ਹਿੱਸਿਆਂ ਵਿੱਚ +141 ਵੋਟਾਂ (49.8%) ਹਾਸਲ ਕੀਤੇ ਹਨ। ਵਪਾਰੀਆਂ, ਦੁਕਾਨਦਾਰਾਂ ਅਤੇ ਮੁਹੱਲਾ ਕਮੇਟੀਆਂ ਨਾਲ ਮੀਟਿੰਗਾਂ ਕਰਕੇ ਸਿੱਧਾ ਸੰਵਾਦ ਕਰੋ ਅਤੇ ਲੋਕ-ਪੱਖੀ ਨੀਤੀਆਂ ਬਾਰੇ ਜਾਗਰੂਕ ਕਰੋ।', 'action_steps_en': ['Days 1-30: Organize urban merchant and shopkeeper roundtables in Kotli Mallian.', 'Days 31-60: Counter central economic propaganda with Punjab business facilitation policies.', ""Days 61-90: Establish active urban ward cell to dismantle BJP's +141 vote pocket.""], 'action_steps_pa': ['ਦਿਨ 1-30: ਕੋਟਲੀ ਮੱਲੀਆਂ ਦੇ ਦੁਕਾਨਦਾਰਾਂ ਅਤੇ ਵਪਾਰੀ ਭਾਈਚਾਰੇ ਨਾਲ ਮੀਟਿੰਗਾਂ ਦਾ ਸਿਲਸਿਲਾ ਸ਼ੁਰੂ ਕਰੋ।', 'ਦਿਨ 31-60: ਕੇਂਦਰ ਸਰਕਾਰ ਦੀਆਂ ਆਰਥਿਕ ਨੀਤੀਆਂ ਬਨਾਮ ਪੰਜਾਬ ਸਰਕਾਰ ਦੀ ਵਪਾਰੀ ਪੱਖੀ ਪਹੁੰਚ ਬਾਰੇ ਦੱਸੋ।', 'ਦਿਨ 61-90: ਸ਼ਹਿਰੀ ਵਾਰਡਾਂ ਵਿੱਚ ਆਪ ਦਾ ਮਜ਼ਬੂਤ ਯੂਨਿਟ ਸਥਾਪਿਤ ਕਰੋ।'], 'action_steps': ['ਦਿਨ 1-30: ਕੋਟਲੀ ਮੱਲੀਆਂ ਦੇ ਦੁਕਾਨਦਾਰਾਂ ਅਤੇ ਵਪਾਰੀ ਭਾਈਚਾਰੇ ਨਾਲ ਮੀਟਿੰਗਾਂ ਦਾ ਸਿਲਸਿਲਾ ਸ਼ੁਰੂ ਕਰੋ।', 'ਦਿਨ 31-60: ਕੇਂਦਰ ਸਰਕਾਰ ਦੀਆਂ ਆਰਥਿਕ ਨੀਤੀਆਂ ਬਨਾਮ ਪੰਜਾਬ ਸਰਕਾਰ ਦੀ ਵਪਾਰੀ ਪੱਖੀ ਪਹੁੰਚ ਬਾਰੇ ਦੱਸੋ।', 'ਦਿਨ 61-90: ਸ਼ਹਿਰੀ ਵਾਰਡਾਂ ਵਿੱਚ ਆਪ ਦਾ ਮਜ਼ਬੂਤ ਯੂਨਿਟ ਸਥਾਪਿਤ ਕਰੋ।']}"
66,65,Kuralian,ਕੁਰਾਲੀਆਂ,ਕੁਰਾਲੀਆਂ,Kuralian,ਕੁਰਾਲੀਆਂ,SAD,BJP,95,94,SAD → BJP,SAD → BJP,AAP Deficit,ਆਪ ਘਾਟ,INC Deficit,"{'AAP': 'WEAK', 'SAD': 'LOST_24', 'INC': 'WEAK', 'BJP': 'GAINED'}",True,"{'is_flip': True, 'status_label': 'SAD → BJP', 'turnout_diff': -122, 'turnout_pct': -18.89, 'sad_swing': -25.29, 'aap_swing': -27.96, 'inc_swing': 8.48, 'bjp_swing': 44.51}",646,524,-122,-18.89,336,140,-196,52.01,26.72,-25.29,241,49,-192,37.31,9.35,-27.96,34,72,38,5.26,13.74,8.48,1,234,233,0.15,44.66,44.51,0,0.0,"{'total': 646, 'sad': 336, 'aap': 241, 'inc': 34, 'bjp': 1, 'sad_votes': 336, 'sad_pct': 52.01, 'aap_votes': 241, 'aap_pct': 37.31, 'inc_votes': 34, 'inc_pct': 5.26, 'bjp_votes': 1, 'bjp_pct': 0.15, 'winner_party': 'SAD', 'margin': 95, 'winner_candidate': 'Ganieve Kaur Majithia'}","{'total': 524, 'sad': 140, 'aap': 49, 'inc': 72, 'bjp': 234, 'sada': 0, 'bsp': 1, 'others': 28, 'sad_votes': 140, 'sad_pct': 26.72, 'aap_votes': 49, 'aap_pct': 9.35, 'inc_votes': 72, 'inc_pct': 13.74, 'bjp_votes': 234, 'bjp_pct': 44.66, 'sada_votes': 0, 'sada_pct': 0.0, 'winner_party': 'BJP', 'margin': 94, 'winner_candidate': 'Taranjit Singh Sandhu Samundri'}","{'turnout_diff': -122, 'turnout_pct': -18.89, 'sad_shift': -196, 'sad_swing': -25.29, 'aap_shift': -192, 'aap_swing': -27.96, 'inc_shift': 38, 'inc_swing': 8.48, 'bjp_shift': 233, 'bjp_swing': 44.51}",Urban Infiltration: BJP Containment & Counter-Offensive,ਸ਼ਹਿਰੀ ਸੰਵੇਦਨਸ਼ੀਲ ਖੇਤਰ: ਭਾਜਪਾ ਕਾਊਂਟਰ-ਮੁਹਿੰਮ ਜ਼ੋਨ,"BJP led here by +94 votes with 44.7% vote share in urban pockets of Kuralian. Conduct structured dialogues with local shopkeepers, commission agents, and urban families. Emphasize state guarantees vs central economic policies.","ਭਾਜਪਾ ਨੇ ਕੁਰਾਲੀਆਂ ਦੇ ਸ਼ਹਿਰੀ ਹਿੱਸਿਆਂ ਵਿੱਚ +94 ਵੋਟਾਂ (44.7%) ਹਾਸਲ ਕੀਤੇ ਹਨ। ਵਪਾਰੀਆਂ, ਦੁਕਾਨਦਾਰਾਂ ਅਤੇ ਮੁਹੱਲਾ ਕਮੇਟੀਆਂ ਨਾਲ ਮੀਟਿੰਗਾਂ ਕਰਕੇ ਸਿੱਧਾ ਸੰਵਾਦ ਕਰੋ ਅਤੇ ਲੋਕ-ਪੱਖੀ ਨੀਤੀਆਂ ਬਾਰੇ ਜਾਗਰੂਕ ਕਰੋ।","{'booth_no': '65', 'village_en': 'Kuralian', 'village_pa': 'ਕੁਰਾਲੀਆਂ', 'zone_en': 'Urban Infiltration: BJP Containment & Counter-Offensive', 'zone_pa': 'ਸ਼ਹਿਰੀ ਸੰਵੇਦਨਸ਼ੀਲ ਖੇਤਰ: ਭਾਜਪਾ ਕਾਊਂਟਰ-ਮੁਹਿੰਮ ਜ਼ੋਨ', 'action_en': 'BJP led here by +94 votes with 44.7% vote share in urban pockets of Kuralian. Conduct structured dialogues with local shopkeepers, commission agents, and urban families. Emphasize state guarantees vs central economic policies.', 'action_pa': 'ਭਾਜਪਾ ਨੇ ਕੁਰਾਲੀਆਂ ਦੇ ਸ਼ਹਿਰੀ ਹਿੱਸਿਆਂ ਵਿੱਚ +94 ਵੋਟਾਂ (44.7%) ਹਾਸਲ ਕੀਤੇ ਹਨ। ਵਪਾਰੀਆਂ, ਦੁਕਾਨਦਾਰਾਂ ਅਤੇ ਮੁਹੱਲਾ ਕਮੇਟੀਆਂ ਨਾਲ ਮੀਟਿੰਗਾਂ ਕਰਕੇ ਸਿੱਧਾ ਸੰਵਾਦ ਕਰੋ ਅਤੇ ਲੋਕ-ਪੱਖੀ ਨੀਤੀਆਂ ਬਾਰੇ ਜਾਗਰੂਕ ਕਰੋ।', 'action_steps_en': ['Days 1-30: Organize urban merchant and shopkeeper roundtables in Kuralian.', 'Days 31-60: Counter central economic propaganda with Punjab business facilitation policies.', ""Days 61-90: Establish active urban ward cell to dismantle BJP's +94 vote pocket.""], 'action_steps_pa': ['ਦਿਨ 1-30: ਕੁਰਾਲੀਆਂ ਦੇ ਦੁਕਾਨਦਾਰਾਂ ਅਤੇ ਵਪਾਰੀ ਭਾਈਚਾਰੇ ਨਾਲ ਮੀਟਿੰਗਾਂ ਦਾ ਸਿਲਸਿਲਾ ਸ਼ੁਰੂ ਕਰੋ।', 'ਦਿਨ 31-60: ਕੇਂਦਰ ਸਰਕਾਰ ਦੀਆਂ ਆਰਥਿਕ ਨੀਤੀਆਂ ਬਨਾਮ ਪੰਜਾਬ ਸਰਕਾਰ ਦੀ ਵਪਾਰੀ ਪੱਖੀ ਪਹੁੰਚ ਬਾਰੇ ਦੱਸੋ।', 'ਦਿਨ 61-90: ਸ਼ਹਿਰੀ ਵਾਰਡਾਂ ਵਿੱਚ ਆਪ ਦਾ ਮਜ਼ਬੂਤ ਯੂਨਿਟ ਸਥਾਪਿਤ ਕਰੋ।'], 'action_steps': ['ਦਿਨ 1-30: ਕੁਰਾਲੀਆਂ ਦੇ ਦੁਕਾਨਦਾਰਾਂ ਅਤੇ ਵਪਾਰੀ ਭਾਈਚਾਰੇ ਨਾਲ ਮੀਟਿੰਗਾਂ ਦਾ ਸਿਲਸਿਲਾ ਸ਼ੁਰੂ ਕਰੋ।', 'ਦਿਨ 31-60: ਕੇਂਦਰ ਸਰਕਾਰ ਦੀਆਂ ਆਰਥਿਕ ਨੀਤੀਆਂ ਬਨਾਮ ਪੰਜਾਬ ਸਰਕਾਰ ਦੀ ਵਪਾਰੀ ਪੱਖੀ ਪਹੁੰਚ ਬਾਰੇ ਦੱਸੋ।', 'ਦਿਨ 61-90: ਸ਼ਹਿਰੀ ਵਾਰਡਾਂ ਵਿੱਚ ਆਪ ਦਾ ਮਜ਼ਬੂਤ ਯੂਨਿਟ ਸਥਾਪਿਤ ਕਰੋ।']}"
67,66,Ludhar,ਲੁੱਧੜ,ਲੁੱਧੜ,Ludhar,ਲੁੱਧੜ,SAD,AAP,200,62,SAD → AAP,SAD → AAP,AAP Gain,ਆਪ ਲਾਭ,INC Deficit,"{'AAP': 'GAINED', 'SAD': 'LOST_24', 'INC': 'WEAK', 'BJP': 'WEAK'}",True,"{'is_flip': True, 'status_label': 'SAD → AAP', 'turnout_diff': 140, 'turnout_pct': 22.69, 'sad_swing': -18.21, 'aap_swing': 23.36, 'inc_swing': -12.48, 'bjp_swing': 1.82}",617,757,140,22.69,330,267,-63,53.48,35.27,-18.21,124,329,205,20.1,43.46,23.36,130,65,-65,21.07,8.59,-12.48,1,15,14,0.16,1.98,1.82,44,5.81,"{'total': 617, 'sad': 330, 'aap': 124, 'inc': 130, 'bjp': 1, 'sad_votes': 330, 'sad_pct': 53.48, 'aap_votes': 124, 'aap_pct': 20.1, 'inc_votes': 130, 'inc_pct': 21.07, 'bjp_votes': 1, 'bjp_pct': 0.16, 'winner_party': 'SAD', 'margin': 200, 'winner_candidate': 'Ganieve Kaur Majithia'}","{'total': 757, 'sad': 267, 'aap': 329, 'inc': 65, 'bjp': 15, 'sada': 44, 'bsp': 0, 'others': 34, 'sad_votes': 267, 'sad_pct': 35.27, 'aap_votes': 329, 'aap_pct': 43.46, 'inc_votes': 65, 'inc_pct': 8.59, 'bjp_votes': 15, 'bjp_pct': 1.98, 'sada_votes': 44, 'sada_pct': 5.81, 'winner_party': 'AAP', 'margin': 62, 'winner_candidate': 'Kuldeep Singh Dhaliwal'}","{'turnout_diff': 140, 'turnout_pct': 22.69, 'sad_shift': -63, 'sad_swing': -18.21, 'aap_shift': 205, 'aap_swing': 23.36, 'inc_shift': -65, 'inc_swing': -12.48, 'bjp_shift': 14, 'bjp_swing': 1.82}",Historic Breakthrough: AAP Flipped Stronghold,ਇਤਿਹਾਸਕ ਪ੍ਰਾਪਤੀ: ਅਕਾਲੀ ਗੜ੍ਹ ਵਿੱਚ ਆਪ ਦੀ ਜਿੱਤ ਜ਼ੋਨ,"Major breakthrough in Ludhar previously held by SAD. Formally induct local village swing leaders and youth volunteers who backed AAP in 2024. Resolve local village infrastructure, canal tail issues, and cement +62 lead.","ਲੁੱਧੜ ਵਿੱਚ ਵੱਡੀ ਇਤਿਹਾਸਕ ਸਫ਼ਲਤਾ, ਜਿੱਥੇ SAD ਦਾ ਪੁਰਾਣਾ ਦਬਦਬਾ ਟੁੱਟਿਆ। 2024 ਵਿੱਚ ਆਪ ਨਾਲ ਜੁੜੇ ਨੌਜਵਾਨਾਂ ਅਤੇ ਪੰਚਾਇਤੀ ਆਗੂਆਂ ਨੂੰ ਜਥੇਬੰਦਕ ਜ਼ਿੰਮੇਵਾਰੀਆਂ ਦਿਓ ਅਤੇ +62 ਵੋਟਾਂ ਦੀ ਲੀਡ ਨੂੰ ਸਥਾਈ ਵੋਟ ਬੈਂਕ ਵਿੱਚ ਬਦਲੋ।","{'booth_no': '66', 'village_en': 'Ludhar', 'village_pa': 'ਲੁੱਧੜ', 'zone_en': 'Historic Breakthrough: AAP Flipped Stronghold', 'zone_pa': 'ਇਤਿਹਾਸਕ ਪ੍ਰਾਪਤੀ: ਅਕਾਲੀ ਗੜ੍ਹ ਵਿੱਚ ਆਪ ਦੀ ਜਿੱਤ ਜ਼ੋਨ', 'action_en': 'Major breakthrough in Ludhar previously held by SAD. Formally induct local village swing leaders and youth volunteers who backed AAP in 2024. Resolve local village infrastructure, canal tail issues, and cement +62 lead.', 'action_pa': 'ਲੁੱਧੜ ਵਿੱਚ ਵੱਡੀ ਇਤਿਹਾਸਕ ਸਫ਼ਲਤਾ, ਜਿੱਥੇ SAD ਦਾ ਪੁਰਾਣਾ ਦਬਦਬਾ ਟੁੱਟਿਆ। 2024 ਵਿੱਚ ਆਪ ਨਾਲ ਜੁੜੇ ਨੌਜਵਾਨਾਂ ਅਤੇ ਪੰਚਾਇਤੀ ਆਗੂਆਂ ਨੂੰ ਜਥੇਬੰਦਕ ਜ਼ਿੰਮੇਵਾਰੀਆਂ ਦਿਓ ਅਤੇ +62 ਵੋਟਾਂ ਦੀ ਲੀਡ ਨੂੰ ਸਥਾਈ ਵੋਟ ਬੈਂਕ ਵਿੱਚ ਬਦਲੋ।', 'action_steps_en': ['Days 1-30: Onboard dynamic swing workers who crossed over from SAD into the formal AAP booth structure.', 'Days 31-60: Prioritize village link road and street light repairs in Ludhar through rural development grants.', 'Days 61-90: Convert current +62 vote lead into permanent party loyalty before 2027.'], 'action_steps_pa': ['ਦਿਨ 1-30: SAD ਛੱਡ ਕੇ ਆਪ ਵਿੱਚ ਸ਼ਾਮਲ ਹੋਏ ਆਗੂਆਂ ਨੂੰ ਬੂਥ ਕਮੇਟੀ ਵਿੱਚ ਅਹਿਮ ਜ਼ਿੰਮੇਵਾਰੀਆਂ ਦਿਓ।', ""ਦਿਨ 31-60: ਲੁੱਧੜ ਵਿੱਚ ਪਿੰਡ ਦੀਆਂ ਫਿਰਨੀਆਂ, ਗਲੀਆਂ ਅਤੇ ਲਿੰਕ ਸੜਕਾਂ ਦੇ ਕੰਮ ਤਰਜੀਹ 'ਤੇ ਕਰਵਾਓ।"", 'ਦਿਨ 61-90: +62 ਵੋਟਾਂ ਦੀ ਲੀਡ ਨੂੰ ਪੱਕੇ ਵੋਟ ਬੈਂਕ ਵਿੱਚ ਤਬਦੀਲ ਕਰੋ।'], 'action_steps': ['ਦਿਨ 1-30: SAD ਛੱਡ ਕੇ ਆਪ ਵਿੱਚ ਸ਼ਾਮਲ ਹੋਏ ਆਗੂਆਂ ਨੂੰ ਬੂਥ ਕਮੇਟੀ ਵਿੱਚ ਅਹਿਮ ਜ਼ਿੰਮੇਵਾਰੀਆਂ ਦਿਓ।', ""ਦਿਨ 31-60: ਲੁੱਧੜ ਵਿੱਚ ਪਿੰਡ ਦੀਆਂ ਫਿਰਨੀਆਂ, ਗਲੀਆਂ ਅਤੇ ਲਿੰਕ ਸੜਕਾਂ ਦੇ ਕੰਮ ਤਰਜੀਹ 'ਤੇ ਕਰਵਾਓ।"", 'ਦਿਨ 61-90: +62 ਵੋਟਾਂ ਦੀ ਲੀਡ ਨੂੰ ਪੱਕੇ ਵੋਟ ਬੈਂਕ ਵਿੱਚ ਤਬਦੀਲ ਕਰੋ।']}"
68,67,Mago Soe,ਮਾਗੋ ਸੋਏ,ਮਾਗੋ ਸੋਏ,Mago Soe,ਮਾਗੋ ਸੋਏ,SAD,AAP,35,28,SAD → AAP,SAD → AAP,AAP Gain,ਆਪ ਲਾਭ,INC Deficit,"{'AAP': 'GAINED', 'SAD': 'LOST_24', 'INC': 'LOST_BOTH', 'BJP': 'WEAK'}",True,"{'is_flip': True, 'status_label': 'SAD → AAP', 'turnout_diff': -410, 'turnout_pct': -54.3, 'sad_swing': -0.69, 'aap_swing': 12.06, 'inc_swing': -13.12, 'bjp_swing': -0.5}",755,345,-410,-54.3,270,121,-149,35.76,35.07,-0.69,235,149,-86,31.13,43.19,12.06,226,58,-168,29.93,16.81,-13.12,6,1,-5,0.79,0.29,-0.5,2,0.58,"{'total': 755, 'sad': 270, 'aap': 235, 'inc': 226, 'bjp': 6, 'sad_votes': 270, 'sad_pct': 35.76, 'aap_votes': 235, 'aap_pct': 31.13, 'inc_votes': 226, 'inc_pct': 29.93, 'bjp_votes': 6, 'bjp_pct': 0.79, 'winner_party': 'SAD', 'margin': 35, 'winner_candidate': 'Ganieve Kaur Majithia'}","{'total': 345, 'sad': 121, 'aap': 149, 'inc': 58, 'bjp': 1, 'sada': 2, 'bsp': 0, 'others': 13, 'sad_votes': 121, 'sad_pct': 35.07, 'aap_votes': 149, 'aap_pct': 43.19, 'inc_votes': 58, 'inc_pct': 16.81, 'bjp_votes': 1, 'bjp_pct': 0.29, 'sada_votes': 2, 'sada_pct': 0.58, 'winner_party': 'AAP', 'margin': 28, 'winner_candidate': 'Kuldeep Singh Dhaliwal'}","{'turnout_diff': -410, 'turnout_pct': -54.3, 'sad_shift': -149, 'sad_swing': -0.69, 'aap_shift': -86, 'aap_swing': 12.06, 'inc_shift': -168, 'inc_swing': -13.12, 'bjp_shift': -5, 'bjp_swing': -0.5}",Historic Breakthrough: AAP Flipped Stronghold,ਇਤਿਹਾਸਕ ਪ੍ਰਾਪਤੀ: ਅਕਾਲੀ ਗੜ੍ਹ ਵਿੱਚ ਆਪ ਦੀ ਜਿੱਤ ਜ਼ੋਨ,"Major breakthrough in Mago Soe previously held by SAD. Formally induct local village swing leaders and youth volunteers who backed AAP in 2024. Resolve local village infrastructure, canal tail issues, and cement +28 lead.","ਮਾਗੋ ਸੋਏ ਵਿੱਚ ਵੱਡੀ ਇਤਿਹਾਸਕ ਸਫ਼ਲਤਾ, ਜਿੱਥੇ SAD ਦਾ ਪੁਰਾਣਾ ਦਬਦਬਾ ਟੁੱਟਿਆ। 2024 ਵਿੱਚ ਆਪ ਨਾਲ ਜੁੜੇ ਨੌਜਵਾਨਾਂ ਅਤੇ ਪੰਚਾਇਤੀ ਆਗੂਆਂ ਨੂੰ ਜਥੇਬੰਦਕ ਜ਼ਿੰਮੇਵਾਰੀਆਂ ਦਿਓ ਅਤੇ +28 ਵੋਟਾਂ ਦੀ ਲੀਡ ਨੂੰ ਸਥਾਈ ਵੋਟ ਬੈਂਕ ਵਿੱਚ ਬਦਲੋ।","{'booth_no': '67', 'village_en': 'Mago Soe', 'village_pa': 'ਮਾਗੋ ਸੋਏ', 'zone_en': 'Historic Breakthrough: AAP Flipped Stronghold', 'zone_pa': 'ਇਤਿਹਾਸਕ ਪ੍ਰਾਪਤੀ: ਅਕਾਲੀ ਗੜ੍ਹ ਵਿੱਚ ਆਪ ਦੀ ਜਿੱਤ ਜ਼ੋਨ', 'action_en': 'Major breakthrough in Mago Soe previously held by SAD. Formally induct local village swing leaders and youth volunteers who backed AAP in 2024. Resolve local village infrastructure, canal tail issues, and cement +28 lead.', 'action_pa': 'ਮਾਗੋ ਸੋਏ ਵਿੱਚ ਵੱਡੀ ਇਤਿਹਾਸਕ ਸਫ਼ਲਤਾ, ਜਿੱਥੇ SAD ਦਾ ਪੁਰਾਣਾ ਦਬਦਬਾ ਟੁੱਟਿਆ। 2024 ਵਿੱਚ ਆਪ ਨਾਲ ਜੁੜੇ ਨੌਜਵਾਨਾਂ ਅਤੇ ਪੰਚਾਇਤੀ ਆਗੂਆਂ ਨੂੰ ਜਥੇਬੰਦਕ ਜ਼ਿੰਮੇਵਾਰੀਆਂ ਦਿਓ ਅਤੇ +28 ਵੋਟਾਂ ਦੀ ਲੀਡ ਨੂੰ ਸਥਾਈ ਵੋਟ ਬੈਂਕ ਵਿੱਚ ਬਦਲੋ।', 'action_steps_en': ['Days 1-30: Onboard dynamic swing workers who crossed over from SAD into the formal AAP booth structure.', 'Days 31-60: Prioritize village link road and street light repairs in Mago Soe through rural development grants.', 'Days 61-90: Convert current +28 vote lead into permanent party loyalty before 2027.'], 'action_steps_pa': ['ਦਿਨ 1-30: SAD ਛੱਡ ਕੇ ਆਪ ਵਿੱਚ ਸ਼ਾਮਲ ਹੋਏ ਆਗੂਆਂ ਨੂੰ ਬੂਥ ਕਮੇਟੀ ਵਿੱਚ ਅਹਿਮ ਜ਼ਿੰਮੇਵਾਰੀਆਂ ਦਿਓ।', ""ਦਿਨ 31-60: ਮਾਗੋ ਸੋਏ ਵਿੱਚ ਪਿੰਡ ਦੀਆਂ ਫਿਰਨੀਆਂ, ਗਲੀਆਂ ਅਤੇ ਲਿੰਕ ਸੜਕਾਂ ਦੇ ਕੰਮ ਤਰਜੀਹ 'ਤੇ ਕਰਵਾਓ।"", 'ਦਿਨ 61-90: +28 ਵੋਟਾਂ ਦੀ ਲੀਡ ਨੂੰ ਪੱਕੇ ਵੋਟ ਬੈਂਕ ਵਿੱਚ ਤਬਦੀਲ ਕਰੋ।'], 'action_steps': ['ਦਿਨ 1-30: SAD ਛੱਡ ਕੇ ਆਪ ਵਿੱਚ ਸ਼ਾਮਲ ਹੋਏ ਆਗੂਆਂ ਨੂੰ ਬੂਥ ਕਮੇਟੀ ਵਿੱਚ ਅਹਿਮ ਜ਼ਿੰਮੇਵਾਰੀਆਂ ਦਿਓ।', ""ਦਿਨ 31-60: ਮਾਗੋ ਸੋਏ ਵਿੱਚ ਪਿੰਡ ਦੀਆਂ ਫਿਰਨੀਆਂ, ਗਲੀਆਂ ਅਤੇ ਲਿੰਕ ਸੜਕਾਂ ਦੇ ਕੰਮ ਤਰਜੀਹ 'ਤੇ ਕਰਵਾਓ।"", 'ਦਿਨ 61-90: +28 ਵੋਟਾਂ ਦੀ ਲੀਡ ਨੂੰ ਪੱਕੇ ਵੋਟ ਬੈਂਕ ਵਿੱਚ ਤਬਦੀਲ ਕਰੋ।']}"
69,68,Majwind,ਮਜਵਿੰਡ,ਮਜਵਿੰਡ,Majwind,ਮਜਵਿੰਡ,SAD,SAD,129,36,SAD Retained,SAD Retained,AAP Deficit,ਆਪ ਘਾਟ,INC Deficit,"{'AAP': 'LOST_BOTH', 'SAD': 'WON_BOTH', 'INC': 'LOST_BOTH', 'BJP': 'LOST_BOTH'}",False,"{'is_flip': False, 'status_label': 'SAD Retained', 'turnout_diff': 0, 'turnout_pct': 0.0, 'sad_swing': -20.42, 'aap_swing': 7.81, 'inc_swing': 0.9, 'bjp_swing': 12.01}",333,333,0,0.0,192,124,-68,57.66,37.24,-20.42,62,88,26,18.62,26.43,7.81,63,66,3,18.92,19.82,0.9,0,40,40,0.0,12.01,12.01,3,0.9,"{'total': 333, 'sad': 192, 'aap': 62, 'inc': 63, 'bjp': 0, 'sad_votes': 192, 'sad_pct': 57.66, 'aap_votes': 62, 'aap_pct': 18.62, 'inc_votes': 63, 'inc_pct': 18.92, 'bjp_votes': 0, 'bjp_pct': 0.0, 'winner_party': 'SAD', 'margin': 129, 'winner_candidate': 'Ganieve Kaur Majithia'}","{'total': 333, 'sad': 124, 'aap': 88, 'inc': 66, 'bjp': 40, 'sada': 3, 'bsp': 1, 'others': 11, 'sad_votes': 124, 'sad_pct': 37.24, 'aap_votes': 88, 'aap_pct': 26.43, 'inc_votes': 66, 'inc_pct': 19.82, 'bjp_votes': 40, 'bjp_pct': 12.01, 'sada_votes': 3, 'sada_pct': 0.9, 'winner_party': 'SAD', 'margin': 36, 'winner_candidate': 'Anil Joshi'}","{'turnout_diff': 0, 'turnout_pct': 0.0, 'sad_shift': -68, 'sad_swing': -20.42, 'aap_shift': 26, 'aap_swing': 7.81, 'inc_shift': 3, 'inc_swing': 0.9, 'bjp_shift': 40, 'bjp_swing': 12.01}",Akali Bastion: Strategic Penetration & Demolition Zone,ਅਕਾਲੀ ਦਲ ਦਾ ਪ੍ਰਭਾਵਿਤ ਖੇਤਰ: ਵਿਸ਼ੇਸ਼ ਘੇਰਾਬੰਦੀ ਜ਼ੋਨ,SAD retained lead here by +36 votes (37.2% share). Target moderate Panthic and farming families in Majwind disillusioned with traditional leadership. Appoint dedicated block coordinators and highlight direct government procurement and village development works.,ਅਕਾਲੀ ਦਲ ਨੇ ਇੱਥੇ +36 ਵੋਟਾਂ (37.2%) ਨਾਲ ਲੀਡ ਬਣਾਈ ਹੈ। ਮਜਵਿੰਡ ਵਿੱਚ ਰਵਾਇਤੀ ਲੀਡਰਸ਼ਿਪ ਤੋਂ ਨਿਰਾਸ਼ ਕਿਸਾਨ ਅਤੇ ਪੰਥਕ ਪਰਿਵਾਰਾਂ ਨਾਲ ਸੰਵਾਦ ਕਰੋ। ਪਿੰਡਾਂ ਵਿੱਚ ਪੰਜਾਬ ਸਰਕਾਰ ਦੇ ਵਿਕਾਸ ਕਾਰਜਾਂ ਅਤੇ ਨਿਰਪੱਖ ਭਰਤੀਆਂ ਦੇ ਸੁਨੇਹੇ ਨਾਲ ਸੰਨ੍ਹ ਲਗਾਓ।,"{'booth_no': '68', 'village_en': 'Majwind', 'village_pa': 'ਮਜਵਿੰਡ', 'zone_en': 'Akali Bastion: Strategic Penetration & Demolition Zone', 'zone_pa': 'ਅਕਾਲੀ ਦਲ ਦਾ ਪ੍ਰਭਾਵਿਤ ਖੇਤਰ: ਵਿਸ਼ੇਸ਼ ਘੇਰਾਬੰਦੀ ਜ਼ੋਨ', 'action_en': 'SAD retained lead here by +36 votes (37.2% share). Target moderate Panthic and farming families in Majwind disillusioned with traditional leadership. Appoint dedicated block coordinators and highlight direct government procurement and village development works.', 'action_pa': 'ਅਕਾਲੀ ਦਲ ਨੇ ਇੱਥੇ +36 ਵੋਟਾਂ (37.2%) ਨਾਲ ਲੀਡ ਬਣਾਈ ਹੈ। ਮਜਵਿੰਡ ਵਿੱਚ ਰਵਾਇਤੀ ਲੀਡਰਸ਼ਿਪ ਤੋਂ ਨਿਰਾਸ਼ ਕਿਸਾਨ ਅਤੇ ਪੰਥਕ ਪਰਿਵਾਰਾਂ ਨਾਲ ਸੰਵਾਦ ਕਰੋ। ਪਿੰਡਾਂ ਵਿੱਚ ਪੰਜਾਬ ਸਰਕਾਰ ਦੇ ਵਿਕਾਸ ਕਾਰਜਾਂ ਅਤੇ ਨਿਰਪੱਖ ਭਰਤੀਆਂ ਦੇ ਸੁਨੇਹੇ ਨਾਲ ਸੰਨ੍ਹ ਲਗਾਓ।', 'action_steps_en': ['Days 1-30: Map the top 30 influential non-committed Panthic families in Majwind.', 'Days 31-60: Deploy senior constituency leaders for direct home visits to address local disgruntlement.', ""Days 61-90: Neutralize SAD's +36 vote cushion by winning over agricultural youth.""], 'action_steps_pa': ['ਦਿਨ 1-30: ਮਜਵਿੰਡ ਦੇ 30 ਨਿਰਪੱਖ ਅਤੇ ਪ੍ਰਭਾਵਸ਼ਾਲੀ ਪਰਿਵਾਰਾਂ ਦੀ ਸ਼ਨਾਖਤ ਕਰੋ।', 'ਦਿਨ 31-60: ਸੀਨੀਅਰ ਲੀਡਰਸ਼ਿਪ ਰਾਹੀਂ ਘਰ-ਘਰ ਜਾ ਕੇ ਸਰਕਾਰ ਦੀਆਂ ਨਿਰਪੱਖ ਨੀਤੀਆਂ ਸਾਂਝੀਆਂ ਕਰੋ।', 'ਦਿਨ 61-90: ਨੌਜਵਾਨ ਵਰਗ ਨੂੰ ਸਰਕਾਰੀ ਨੌਕਰੀਆਂ ਅਤੇ ਖੇਡ ਕਿੱਟਾਂ ਰਾਹੀਂ ਪਾਰਟੀ ਨਾਲ ਜੋੜ ਕੇ ਲੀਡ ਘਟਾਓ।'], 'action_steps': ['ਦਿਨ 1-30: ਮਜਵਿੰਡ ਦੇ 30 ਨਿਰਪੱਖ ਅਤੇ ਪ੍ਰਭਾਵਸ਼ਾਲੀ ਪਰਿਵਾਰਾਂ ਦੀ ਸ਼ਨਾਖਤ ਕਰੋ।', 'ਦਿਨ 31-60: ਸੀਨੀਅਰ ਲੀਡਰਸ਼ਿਪ ਰਾਹੀਂ ਘਰ-ਘਰ ਜਾ ਕੇ ਸਰਕਾਰ ਦੀਆਂ ਨਿਰਪੱਖ ਨੀਤੀਆਂ ਸਾਂਝੀਆਂ ਕਰੋ।', 'ਦਿਨ 61-90: ਨੌਜਵਾਨ ਵਰਗ ਨੂੰ ਸਰਕਾਰੀ ਨੌਕਰੀਆਂ ਅਤੇ ਖੇਡ ਕਿੱਟਾਂ ਰਾਹੀਂ ਪਾਰਟੀ ਨਾਲ ਜੋੜ ਕੇ ਲੀਡ ਘਟਾਓ।']}"
70,69,Manga Sarai,ਮੰਗਾ ਸਰਾਂ,ਮੰਗਾ ਸਰਾਂ,Manga Sarai,ਮੰਗਾ ਸਰਾਂ,SAD,SAD,134,146,SAD Retained,SAD Retained,AAP Deficit,ਆਪ ਘਾਟ,INC Deficit,"{'AAP': 'WEAK', 'SAD': 'WON_BOTH', 'INC': 'WEAK', 'BJP': 'WEAK'}",False,"{'is_flip': False, 'status_label': 'SAD Retained', 'turnout_diff': -357, 'turnout_pct': -53.44, 'sad_swing': 13.97, 'aap_swing': -12.92, 'inc_swing': -6.75, 'bjp_swing': -1.25}",668,311,-357,-53.44,347,205,-142,51.95,65.92,13.97,213,59,-154,31.89,18.97,-12.92,73,13,-60,10.93,4.18,-6.75,17,4,-13,2.54,1.29,-1.25,18,5.79,"{'total': 668, 'sad': 347, 'aap': 213, 'inc': 73, 'bjp': 17, 'sad_votes': 347, 'sad_pct': 51.95, 'aap_votes': 213, 'aap_pct': 31.89, 'inc_votes': 73, 'inc_pct': 10.93, 'bjp_votes': 17, 'bjp_pct': 2.54, 'winner_party': 'SAD', 'margin': 134, 'winner_candidate': 'Ganieve Kaur Majithia'}","{'total': 311, 'sad': 205, 'aap': 59, 'inc': 13, 'bjp': 4, 'sada': 18, 'bsp': 0, 'others': 9, 'sad_votes': 205, 'sad_pct': 65.92, 'aap_votes': 59, 'aap_pct': 18.97, 'inc_votes': 13, 'inc_pct': 4.18, 'bjp_votes': 4, 'bjp_pct': 1.29, 'sada_votes': 18, 'sada_pct': 5.79, 'winner_party': 'SAD', 'margin': 146, 'winner_candidate': 'Anil Joshi'}","{'turnout_diff': -357, 'turnout_pct': -53.44, 'sad_shift': -142, 'sad_swing': 13.97, 'aap_shift': -154, 'aap_swing': -12.92, 'inc_shift': -60, 'inc_swing': -6.75, 'bjp_shift': -13, 'bjp_swing': -1.25}",Akali Bastion: Strategic Penetration & Demolition Zone,ਅਕਾਲੀ ਦਲ ਦਾ ਪ੍ਰਭਾਵਿਤ ਖੇਤਰ: ਵਿਸ਼ੇਸ਼ ਘੇਰਾਬੰਦੀ ਜ਼ੋਨ,SAD retained lead here by +146 votes (65.9% share). Target moderate Panthic and farming families in Manga Sarai disillusioned with traditional leadership. Appoint dedicated block coordinators and highlight direct government procurement and village development works.,ਅਕਾਲੀ ਦਲ ਨੇ ਇੱਥੇ +146 ਵੋਟਾਂ (65.9%) ਨਾਲ ਲੀਡ ਬਣਾਈ ਹੈ। ਮੰਗਾ ਸਰਾਂ ਵਿੱਚ ਰਵਾਇਤੀ ਲੀਡਰਸ਼ਿਪ ਤੋਂ ਨਿਰਾਸ਼ ਕਿਸਾਨ ਅਤੇ ਪੰਥਕ ਪਰਿਵਾਰਾਂ ਨਾਲ ਸੰਵਾਦ ਕਰੋ। ਪਿੰਡਾਂ ਵਿੱਚ ਪੰਜਾਬ ਸਰਕਾਰ ਦੇ ਵਿਕਾਸ ਕਾਰਜਾਂ ਅਤੇ ਨਿਰਪੱਖ ਭਰਤੀਆਂ ਦੇ ਸੁਨੇਹੇ ਨਾਲ ਸੰਨ੍ਹ ਲਗਾਓ।,"{'booth_no': '69', 'village_en': 'Manga Sarai', 'village_pa': 'ਮੰਗਾ ਸਰਾਂ', 'zone_en': 'Akali Bastion: Strategic Penetration & Demolition Zone', 'zone_pa': 'ਅਕਾਲੀ ਦਲ ਦਾ ਪ੍ਰਭਾਵਿਤ ਖੇਤਰ: ਵਿਸ਼ੇਸ਼ ਘੇਰਾਬੰਦੀ ਜ਼ੋਨ', 'action_en': 'SAD retained lead here by +146 votes (65.9% share). Target moderate Panthic and farming families in Manga Sarai disillusioned with traditional leadership. Appoint dedicated block coordinators and highlight direct government procurement and village development works.', 'action_pa': 'ਅਕਾਲੀ ਦਲ ਨੇ ਇੱਥੇ +146 ਵੋਟਾਂ (65.9%) ਨਾਲ ਲੀਡ ਬਣਾਈ ਹੈ। ਮੰਗਾ ਸਰਾਂ ਵਿੱਚ ਰਵਾਇਤੀ ਲੀਡਰਸ਼ਿਪ ਤੋਂ ਨਿਰਾਸ਼ ਕਿਸਾਨ ਅਤੇ ਪੰਥਕ ਪਰਿਵਾਰਾਂ ਨਾਲ ਸੰਵਾਦ ਕਰੋ। ਪਿੰਡਾਂ ਵਿੱਚ ਪੰਜਾਬ ਸਰਕਾਰ ਦੇ ਵਿਕਾਸ ਕਾਰਜਾਂ ਅਤੇ ਨਿਰਪੱਖ ਭਰਤੀਆਂ ਦੇ ਸੁਨੇਹੇ ਨਾਲ ਸੰਨ੍ਹ ਲਗਾਓ।', 'action_steps_en': ['Days 1-30: Map the top 30 influential non-committed Panthic families in Manga Sarai.', 'Days 31-60: Deploy senior constituency leaders for direct home visits to address local disgruntlement.', ""Days 61-90: Neutralize SAD's +146 vote cushion by winning over agricultural youth.""], 'action_steps_pa': ['ਦਿਨ 1-30: ਮੰਗਾ ਸਰਾਂ ਦੇ 30 ਨਿਰਪੱਖ ਅਤੇ ਪ੍ਰਭਾਵਸ਼ਾਲੀ ਪਰਿਵਾਰਾਂ ਦੀ ਸ਼ਨਾਖਤ ਕਰੋ।', 'ਦਿਨ 31-60: ਸੀਨੀਅਰ ਲੀਡਰਸ਼ਿਪ ਰਾਹੀਂ ਘਰ-ਘਰ ਜਾ ਕੇ ਸਰਕਾਰ ਦੀਆਂ ਨਿਰਪੱਖ ਨੀਤੀਆਂ ਸਾਂਝੀਆਂ ਕਰੋ।', 'ਦਿਨ 61-90: ਨੌਜਵਾਨ ਵਰਗ ਨੂੰ ਸਰਕਾਰੀ ਨੌਕਰੀਆਂ ਅਤੇ ਖੇਡ ਕਿੱਟਾਂ ਰਾਹੀਂ ਪਾਰਟੀ ਨਾਲ ਜੋੜ ਕੇ ਲੀਡ ਘਟਾਓ।'], 'action_steps': ['ਦਿਨ 1-30: ਮੰਗਾ ਸਰਾਂ ਦੇ 30 ਨਿਰਪੱਖ ਅਤੇ ਪ੍ਰਭਾਵਸ਼ਾਲੀ ਪਰਿਵਾਰਾਂ ਦੀ ਸ਼ਨਾਖਤ ਕਰੋ।', 'ਦਿਨ 31-60: ਸੀਨੀਅਰ ਲੀਡਰਸ਼ਿਪ ਰਾਹੀਂ ਘਰ-ਘਰ ਜਾ ਕੇ ਸਰਕਾਰ ਦੀਆਂ ਨਿਰਪੱਖ ਨੀਤੀਆਂ ਸਾਂਝੀਆਂ ਕਰੋ।', 'ਦਿਨ 61-90: ਨੌਜਵਾਨ ਵਰਗ ਨੂੰ ਸਰਕਾਰੀ ਨੌਕਰੀਆਂ ਅਤੇ ਖੇਡ ਕਿੱਟਾਂ ਰਾਹੀਂ ਪਾਰਟੀ ਨਾਲ ਜੋੜ ਕੇ ਲੀਡ ਘਟਾਓ।']}"
71,70,Mann,ਮਾਨ,ਮਾਨ,Mann,ਮਾਨ,SAD,SAD,53,189,SAD Retained,SAD Retained,AAP Deficit,ਆਪ ਘਾਟ,INC Deficit,"{'AAP': 'LOST_BOTH', 'SAD': 'WON_BOTH', 'INC': 'WEAK', 'BJP': 'WEAK'}",False,"{'is_flip': False, 'status_label': 'SAD Retained', 'turnout_diff': 130, 'turnout_pct': 24.25, 'sad_swing': 7.51, 'aap_swing': -10.98, 'inc_swing': -4.49, 'bjp_swing': 4.33}",536,666,130,24.25,243,352,109,45.34,52.85,7.51,190,163,-27,35.45,24.47,-10.98,78,67,-11,14.55,10.06,-4.49,9,40,31,1.68,6.01,4.33,3,0.45,"{'total': 536, 'sad': 243, 'aap': 190, 'inc': 78, 'bjp': 9, 'sad_votes': 243, 'sad_pct': 45.34, 'aap_votes': 190, 'aap_pct': 35.45, 'inc_votes': 78, 'inc_pct': 14.55, 'bjp_votes': 9, 'bjp_pct': 1.68, 'winner_party': 'SAD', 'margin': 53, 'winner_candidate': 'Ganieve Kaur Majithia'}","{'total': 666, 'sad': 352, 'aap': 163, 'inc': 67, 'bjp': 40, 'sada': 3, 'bsp': 2, 'others': 35, 'sad_votes': 352, 'sad_pct': 52.85, 'aap_votes': 163, 'aap_pct': 24.47, 'inc_votes': 67, 'inc_pct': 10.06, 'bjp_votes': 40, 'bjp_pct': 6.01, 'sada_votes': 3, 'sada_pct': 0.45, 'winner_party': 'SAD', 'margin': 189, 'winner_candidate': 'Anil Joshi'}","{'turnout_diff': 130, 'turnout_pct': 24.25, 'sad_shift': 109, 'sad_swing': 7.51, 'aap_shift': -27, 'aap_swing': -10.98, 'inc_shift': -11, 'inc_swing': -4.49, 'bjp_shift': 31, 'bjp_swing': 4.33}",Akali Bastion: Strategic Penetration & Demolition Zone,ਅਕਾਲੀ ਦਲ ਦਾ ਪ੍ਰਭਾਵਿਤ ਖੇਤਰ: ਵਿਸ਼ੇਸ਼ ਘੇਰਾਬੰਦੀ ਜ਼ੋਨ,SAD retained lead here by +189 votes (52.9% share). Target moderate Panthic and farming families in Mann disillusioned with traditional leadership. Appoint dedicated block coordinators and highlight direct government procurement and village development works.,ਅਕਾਲੀ ਦਲ ਨੇ ਇੱਥੇ +189 ਵੋਟਾਂ (52.9%) ਨਾਲ ਲੀਡ ਬਣਾਈ ਹੈ। ਮਾਨ ਵਿੱਚ ਰਵਾਇਤੀ ਲੀਡਰਸ਼ਿਪ ਤੋਂ ਨਿਰਾਸ਼ ਕਿਸਾਨ ਅਤੇ ਪੰਥਕ ਪਰਿਵਾਰਾਂ ਨਾਲ ਸੰਵਾਦ ਕਰੋ। ਪਿੰਡਾਂ ਵਿੱਚ ਪੰਜਾਬ ਸਰਕਾਰ ਦੇ ਵਿਕਾਸ ਕਾਰਜਾਂ ਅਤੇ ਨਿਰਪੱਖ ਭਰਤੀਆਂ ਦੇ ਸੁਨੇਹੇ ਨਾਲ ਸੰਨ੍ਹ ਲਗਾਓ।,"{'booth_no': '70', 'village_en': 'Mann', 'village_pa': 'ਮਾਨ', 'zone_en': 'Akali Bastion: Strategic Penetration & Demolition Zone', 'zone_pa': 'ਅਕਾਲੀ ਦਲ ਦਾ ਪ੍ਰਭਾਵਿਤ ਖੇਤਰ: ਵਿਸ਼ੇਸ਼ ਘੇਰਾਬੰਦੀ ਜ਼ੋਨ', 'action_en': 'SAD retained lead here by +189 votes (52.9% share). Target moderate Panthic and farming families in Mann disillusioned with traditional leadership. Appoint dedicated block coordinators and highlight direct government procurement and village development works.', 'action_pa': 'ਅਕਾਲੀ ਦਲ ਨੇ ਇੱਥੇ +189 ਵੋਟਾਂ (52.9%) ਨਾਲ ਲੀਡ ਬਣਾਈ ਹੈ। ਮਾਨ ਵਿੱਚ ਰਵਾਇਤੀ ਲੀਡਰਸ਼ਿਪ ਤੋਂ ਨਿਰਾਸ਼ ਕਿਸਾਨ ਅਤੇ ਪੰਥਕ ਪਰਿਵਾਰਾਂ ਨਾਲ ਸੰਵਾਦ ਕਰੋ। ਪਿੰਡਾਂ ਵਿੱਚ ਪੰਜਾਬ ਸਰਕਾਰ ਦੇ ਵਿਕਾਸ ਕਾਰਜਾਂ ਅਤੇ ਨਿਰਪੱਖ ਭਰਤੀਆਂ ਦੇ ਸੁਨੇਹੇ ਨਾਲ ਸੰਨ੍ਹ ਲਗਾਓ।', 'action_steps_en': ['Days 1-30: Map the top 30 influential non-committed Panthic families in Mann.', 'Days 31-60: Deploy senior constituency leaders for direct home visits to address local disgruntlement.', ""Days 61-90: Neutralize SAD's +189 vote cushion by winning over agricultural youth.""], 'action_steps_pa': ['ਦਿਨ 1-30: ਮਾਨ ਦੇ 30 ਨਿਰਪੱਖ ਅਤੇ ਪ੍ਰਭਾਵਸ਼ਾਲੀ ਪਰਿਵਾਰਾਂ ਦੀ ਸ਼ਨਾਖਤ ਕਰੋ।', 'ਦਿਨ 31-60: ਸੀਨੀਅਰ ਲੀਡਰਸ਼ਿਪ ਰਾਹੀਂ ਘਰ-ਘਰ ਜਾ ਕੇ ਸਰਕਾਰ ਦੀਆਂ ਨਿਰਪੱਖ ਨੀਤੀਆਂ ਸਾਂਝੀਆਂ ਕਰੋ।', 'ਦਿਨ 61-90: ਨੌਜਵਾਨ ਵਰਗ ਨੂੰ ਸਰਕਾਰੀ ਨੌਕਰੀਆਂ ਅਤੇ ਖੇਡ ਕਿੱਟਾਂ ਰਾਹੀਂ ਪਾਰਟੀ ਨਾਲ ਜੋੜ ਕੇ ਲੀਡ ਘਟਾਓ।'], 'action_steps': ['ਦਿਨ 1-30: ਮਾਨ ਦੇ 30 ਨਿਰਪੱਖ ਅਤੇ ਪ੍ਰਭਾਵਸ਼ਾਲੀ ਪਰਿਵਾਰਾਂ ਦੀ ਸ਼ਨਾਖਤ ਕਰੋ।', 'ਦਿਨ 31-60: ਸੀਨੀਅਰ ਲੀਡਰਸ਼ਿਪ ਰਾਹੀਂ ਘਰ-ਘਰ ਜਾ ਕੇ ਸਰਕਾਰ ਦੀਆਂ ਨਿਰਪੱਖ ਨੀਤੀਆਂ ਸਾਂਝੀਆਂ ਕਰੋ।', 'ਦਿਨ 61-90: ਨੌਜਵਾਨ ਵਰਗ ਨੂੰ ਸਰਕਾਰੀ ਨੌਕਰੀਆਂ ਅਤੇ ਖੇਡ ਕਿੱਟਾਂ ਰਾਹੀਂ ਪਾਰਟੀ ਨਾਲ ਜੋੜ ਕੇ ਲੀਡ ਘਟਾਓ।']}"
72,71,Marrari Kalan,ਮਰਾਰੀ ਕਲਾਂ,ਮਰਾਰੀ ਕਲਾਂ,Marrari Kalan,ਮਰਾਰੀ ਕਲਾਂ,SAD,AAP,50,141,SAD → AAP,SAD → AAP,AAP Gain,ਆਪ ਲਾਭ,INC Deficit,"{'AAP': 'GAINED', 'SAD': 'LOST_24', 'INC': 'WEAK', 'BJP': 'WEAK'}",True,"{'is_flip': True, 'status_label': 'SAD → AAP', 'turnout_diff': 176, 'turnout_pct': 44.56, 'sad_swing': -17.73, 'aap_swing': 19.63, 'inc_swing': -5.13, 'bjp_swing': 0.76}",395,571,176,44.56,189,172,-17,47.85,30.12,-17.73,139,313,174,35.19,54.82,19.63,50,43,-7,12.66,7.53,-5.13,6,13,7,1.52,2.28,0.76,17,2.98,"{'total': 395, 'sad': 189, 'aap': 139, 'inc': 50, 'bjp': 6, 'sad_votes': 189, 'sad_pct': 47.85, 'aap_votes': 139, 'aap_pct': 35.19, 'inc_votes': 50, 'inc_pct': 12.66, 'bjp_votes': 6, 'bjp_pct': 1.52, 'winner_party': 'SAD', 'margin': 50, 'winner_candidate': 'Ganieve Kaur Majithia'}","{'total': 571, 'sad': 172, 'aap': 313, 'inc': 43, 'bjp': 13, 'sada': 17, 'bsp': 1, 'others': 10, 'sad_votes': 172, 'sad_pct': 30.12, 'aap_votes': 313, 'aap_pct': 54.82, 'inc_votes': 43, 'inc_pct': 7.53, 'bjp_votes': 13, 'bjp_pct': 2.28, 'sada_votes': 17, 'sada_pct': 2.98, 'winner_party': 'AAP', 'margin': 141, 'winner_candidate': 'Kuldeep Singh Dhaliwal'}","{'turnout_diff': 176, 'turnout_pct': 44.56, 'sad_shift': -17, 'sad_swing': -17.73, 'aap_shift': 174, 'aap_swing': 19.63, 'inc_shift': -7, 'inc_swing': -5.13, 'bjp_shift': 7, 'bjp_swing': 0.76}",Historic Breakthrough: AAP Flipped Stronghold,ਇਤਿਹਾਸਕ ਪ੍ਰਾਪਤੀ: ਅਕਾਲੀ ਗੜ੍ਹ ਵਿੱਚ ਆਪ ਦੀ ਜਿੱਤ ਜ਼ੋਨ,"Major breakthrough in Marrari Kalan previously held by SAD. Formally induct local village swing leaders and youth volunteers who backed AAP in 2024. Resolve local village infrastructure, canal tail issues, and cement +141 lead.","ਮਰਾਰੀ ਕਲਾਂ ਵਿੱਚ ਵੱਡੀ ਇਤਿਹਾਸਕ ਸਫ਼ਲਤਾ, ਜਿੱਥੇ SAD ਦਾ ਪੁਰਾਣਾ ਦਬਦਬਾ ਟੁੱਟਿਆ। 2024 ਵਿੱਚ ਆਪ ਨਾਲ ਜੁੜੇ ਨੌਜਵਾਨਾਂ ਅਤੇ ਪੰਚਾਇਤੀ ਆਗੂਆਂ ਨੂੰ ਜਥੇਬੰਦਕ ਜ਼ਿੰਮੇਵਾਰੀਆਂ ਦਿਓ ਅਤੇ +141 ਵੋਟਾਂ ਦੀ ਲੀਡ ਨੂੰ ਸਥਾਈ ਵੋਟ ਬੈਂਕ ਵਿੱਚ ਬਦਲੋ।","{'booth_no': '71', 'village_en': 'Marrari Kalan', 'village_pa': 'ਮਰਾਰੀ ਕਲਾਂ', 'zone_en': 'Historic Breakthrough: AAP Flipped Stronghold', 'zone_pa': 'ਇਤਿਹਾਸਕ ਪ੍ਰਾਪਤੀ: ਅਕਾਲੀ ਗੜ੍ਹ ਵਿੱਚ ਆਪ ਦੀ ਜਿੱਤ ਜ਼ੋਨ', 'action_en': 'Major breakthrough in Marrari Kalan previously held by SAD. Formally induct local village swing leaders and youth volunteers who backed AAP in 2024. Resolve local village infrastructure, canal tail issues, and cement +141 lead.', 'action_pa': 'ਮਰਾਰੀ ਕਲਾਂ ਵਿੱਚ ਵੱਡੀ ਇਤਿਹਾਸਕ ਸਫ਼ਲਤਾ, ਜਿੱਥੇ SAD ਦਾ ਪੁਰਾਣਾ ਦਬਦਬਾ ਟੁੱਟਿਆ। 2024 ਵਿੱਚ ਆਪ ਨਾਲ ਜੁੜੇ ਨੌਜਵਾਨਾਂ ਅਤੇ ਪੰਚਾਇਤੀ ਆਗੂਆਂ ਨੂੰ ਜਥੇਬੰਦਕ ਜ਼ਿੰਮੇਵਾਰੀਆਂ ਦਿਓ ਅਤੇ +141 ਵੋਟਾਂ ਦੀ ਲੀਡ ਨੂੰ ਸਥਾਈ ਵੋਟ ਬੈਂਕ ਵਿੱਚ ਬਦਲੋ।', 'action_steps_en': ['Days 1-30: Onboard dynamic swing workers who crossed over from SAD into the formal AAP booth structure.', 'Days 31-60: Prioritize village link road and street light repairs in Marrari Kalan through rural development grants.', 'Days 61-90: Convert current +141 vote lead into permanent party loyalty before 2027.'], 'action_steps_pa': ['ਦਿਨ 1-30: SAD ਛੱਡ ਕੇ ਆਪ ਵਿੱਚ ਸ਼ਾਮਲ ਹੋਏ ਆਗੂਆਂ ਨੂੰ ਬੂਥ ਕਮੇਟੀ ਵਿੱਚ ਅਹਿਮ ਜ਼ਿੰਮੇਵਾਰੀਆਂ ਦਿਓ।', ""ਦਿਨ 31-60: ਮਰਾਰੀ ਕਲਾਂ ਵਿੱਚ ਪਿੰਡ ਦੀਆਂ ਫਿਰਨੀਆਂ, ਗਲੀਆਂ ਅਤੇ ਲਿੰਕ ਸੜਕਾਂ ਦੇ ਕੰਮ ਤਰਜੀਹ 'ਤੇ ਕਰਵਾਓ।"", 'ਦਿਨ 61-90: +141 ਵੋਟਾਂ ਦੀ ਲੀਡ ਨੂੰ ਪੱਕੇ ਵੋਟ ਬੈਂਕ ਵਿੱਚ ਤਬਦੀਲ ਕਰੋ।'], 'action_steps': ['ਦਿਨ 1-30: SAD ਛੱਡ ਕੇ ਆਪ ਵਿੱਚ ਸ਼ਾਮਲ ਹੋਏ ਆਗੂਆਂ ਨੂੰ ਬੂਥ ਕਮੇਟੀ ਵਿੱਚ ਅਹਿਮ ਜ਼ਿੰਮੇਵਾਰੀਆਂ ਦਿਓ।', ""ਦਿਨ 31-60: ਮਰਾਰੀ ਕਲਾਂ ਵਿੱਚ ਪਿੰਡ ਦੀਆਂ ਫਿਰਨੀਆਂ, ਗਲੀਆਂ ਅਤੇ ਲਿੰਕ ਸੜਕਾਂ ਦੇ ਕੰਮ ਤਰਜੀਹ 'ਤੇ ਕਰਵਾਓ।"", 'ਦਿਨ 61-90: +141 ਵੋਟਾਂ ਦੀ ਲੀਡ ਨੂੰ ਪੱਕੇ ਵੋਟ ਬੈਂਕ ਵਿੱਚ ਤਬਦੀਲ ਕਰੋ।']}"
73,72,Marrari Khurd,ਮਰਾਰੀ ਖੁਰਦ,ਮਰਾਰੀ ਖੁਰਦ,Marrari Khurd,ਮਰਾਰੀ ਖੁਰਦ,SAD,AAP,94,75,SAD → AAP,SAD → AAP,AAP Gain,ਆਪ ਲਾਭ,INC Deficit,"{'AAP': 'GAINED', 'SAD': 'LOST_24', 'INC': 'WEAK', 'BJP': 'WEAK'}",True,"{'is_flip': True, 'status_label': 'SAD → AAP', 'turnout_diff': -130, 'turnout_pct': -21.59, 'sad_swing': -18.54, 'aap_swing': 12.96, 'inc_swing': -7.46, 'bjp_swing': -3.01}",602,472,-130,-21.59,280,132,-148,46.51,27.97,-18.54,186,207,21,30.9,43.86,12.96,87,33,-54,14.45,6.99,-7.46,22,3,-19,3.65,0.64,-3.01,57,12.08,"{'total': 602, 'sad': 280, 'aap': 186, 'inc': 87, 'bjp': 22, 'sad_votes': 280, 'sad_pct': 46.51, 'aap_votes': 186, 'aap_pct': 30.9, 'inc_votes': 87, 'inc_pct': 14.45, 'bjp_votes': 22, 'bjp_pct': 3.65, 'winner_party': 'SAD', 'margin': 94, 'winner_candidate': 'Ganieve Kaur Majithia'}","{'total': 472, 'sad': 132, 'aap': 207, 'inc': 33, 'bjp': 3, 'sada': 57, 'bsp': 1, 'others': 36, 'sad_votes': 132, 'sad_pct': 27.97, 'aap_votes': 207, 'aap_pct': 43.86, 'inc_votes': 33, 'inc_pct': 6.99, 'bjp_votes': 3, 'bjp_pct': 0.64, 'sada_votes': 57, 'sada_pct': 12.08, 'winner_party': 'AAP', 'margin': 75, 'winner_candidate': 'Kuldeep Singh Dhaliwal'}","{'turnout_diff': -130, 'turnout_pct': -21.59, 'sad_shift': -148, 'sad_swing': -18.54, 'aap_shift': 21, 'aap_swing': 12.96, 'inc_shift': -54, 'inc_swing': -7.46, 'bjp_shift': -19, 'bjp_swing': -3.01}",Historic Breakthrough: AAP Flipped Stronghold,ਇਤਿਹਾਸਕ ਪ੍ਰਾਪਤੀ: ਅਕਾਲੀ ਗੜ੍ਹ ਵਿੱਚ ਆਪ ਦੀ ਜਿੱਤ ਜ਼ੋਨ,"Major breakthrough in Marrari Khurd previously held by SAD. Formally induct local village swing leaders and youth volunteers who backed AAP in 2024. Resolve local village infrastructure, canal tail issues, and cement +75 lead.","ਮਰਾਰੀ ਖੁਰਦ ਵਿੱਚ ਵੱਡੀ ਇਤਿਹਾਸਕ ਸਫ਼ਲਤਾ, ਜਿੱਥੇ SAD ਦਾ ਪੁਰਾਣਾ ਦਬਦਬਾ ਟੁੱਟਿਆ। 2024 ਵਿੱਚ ਆਪ ਨਾਲ ਜੁੜੇ ਨੌਜਵਾਨਾਂ ਅਤੇ ਪੰਚਾਇਤੀ ਆਗੂਆਂ ਨੂੰ ਜਥੇਬੰਦਕ ਜ਼ਿੰਮੇਵਾਰੀਆਂ ਦਿਓ ਅਤੇ +75 ਵੋਟਾਂ ਦੀ ਲੀਡ ਨੂੰ ਸਥਾਈ ਵੋਟ ਬੈਂਕ ਵਿੱਚ ਬਦਲੋ।","{'booth_no': '72', 'village_en': 'Marrari Khurd', 'village_pa': 'ਮਰਾਰੀ ਖੁਰਦ', 'zone_en': 'Historic Breakthrough: AAP Flipped Stronghold', 'zone_pa': 'ਇਤਿਹਾਸਕ ਪ੍ਰਾਪਤੀ: ਅਕਾਲੀ ਗੜ੍ਹ ਵਿੱਚ ਆਪ ਦੀ ਜਿੱਤ ਜ਼ੋਨ', 'action_en': 'Major breakthrough in Marrari Khurd previously held by SAD. Formally induct local village swing leaders and youth volunteers who backed AAP in 2024. Resolve local village infrastructure, canal tail issues, and cement +75 lead.', 'action_pa': 'ਮਰਾਰੀ ਖੁਰਦ ਵਿੱਚ ਵੱਡੀ ਇਤਿਹਾਸਕ ਸਫ਼ਲਤਾ, ਜਿੱਥੇ SAD ਦਾ ਪੁਰਾਣਾ ਦਬਦਬਾ ਟੁੱਟਿਆ। 2024 ਵਿੱਚ ਆਪ ਨਾਲ ਜੁੜੇ ਨੌਜਵਾਨਾਂ ਅਤੇ ਪੰਚਾਇਤੀ ਆਗੂਆਂ ਨੂੰ ਜਥੇਬੰਦਕ ਜ਼ਿੰਮੇਵਾਰੀਆਂ ਦਿਓ ਅਤੇ +75 ਵੋਟਾਂ ਦੀ ਲੀਡ ਨੂੰ ਸਥਾਈ ਵੋਟ ਬੈਂਕ ਵਿੱਚ ਬਦਲੋ।', 'action_steps_en': ['Days 1-30: Onboard dynamic swing workers who crossed over from SAD into the formal AAP booth structure.', 'Days 31-60: Prioritize village link road and street light repairs in Marrari Khurd through rural development grants.', 'Days 61-90: Convert current +75 vote lead into permanent party loyalty before 2027.'], 'action_steps_pa': ['ਦਿਨ 1-30: SAD ਛੱਡ ਕੇ ਆਪ ਵਿੱਚ ਸ਼ਾਮਲ ਹੋਏ ਆਗੂਆਂ ਨੂੰ ਬੂਥ ਕਮੇਟੀ ਵਿੱਚ ਅਹਿਮ ਜ਼ਿੰਮੇਵਾਰੀਆਂ ਦਿਓ।', ""ਦਿਨ 31-60: ਮਰਾਰੀ ਖੁਰਦ ਵਿੱਚ ਪਿੰਡ ਦੀਆਂ ਫਿਰਨੀਆਂ, ਗਲੀਆਂ ਅਤੇ ਲਿੰਕ ਸੜਕਾਂ ਦੇ ਕੰਮ ਤਰਜੀਹ 'ਤੇ ਕਰਵਾਓ।"", 'ਦਿਨ 61-90: +75 ਵੋਟਾਂ ਦੀ ਲੀਡ ਨੂੰ ਪੱਕੇ ਵੋਟ ਬੈਂਕ ਵਿੱਚ ਤਬਦੀਲ ਕਰੋ।'], 'action_steps': ['ਦਿਨ 1-30: SAD ਛੱਡ ਕੇ ਆਪ ਵਿੱਚ ਸ਼ਾਮਲ ਹੋਏ ਆਗੂਆਂ ਨੂੰ ਬੂਥ ਕਮੇਟੀ ਵਿੱਚ ਅਹਿਮ ਜ਼ਿੰਮੇਵਾਰੀਆਂ ਦਿਓ।', ""ਦਿਨ 31-60: ਮਰਾਰੀ ਖੁਰਦ ਵਿੱਚ ਪਿੰਡ ਦੀਆਂ ਫਿਰਨੀਆਂ, ਗਲੀਆਂ ਅਤੇ ਲਿੰਕ ਸੜਕਾਂ ਦੇ ਕੰਮ ਤਰਜੀਹ 'ਤੇ ਕਰਵਾਓ।"", 'ਦਿਨ 61-90: +75 ਵੋਟਾਂ ਦੀ ਲੀਡ ਨੂੰ ਪੱਕੇ ਵੋਟ ਬੈਂਕ ਵਿੱਚ ਤਬਦੀਲ ਕਰੋ।']}"
74,73,Mehdipur,ਮਹਿਦੀਪੁਰ,ਮਹਿਦੀਪੁਰ,Mehdipur,ਮਹਿਦੀਪੁਰ,SAD,AAP,69,13,SAD → AAP,SAD → AAP,AAP Gain,ਆਪ ਲਾਭ,INC Deficit,"{'AAP': 'GAINED', 'SAD': 'LOST_24', 'INC': 'LOST_BOTH', 'BJP': 'WEAK'}",True,"{'is_flip': True, 'status_label': 'SAD → AAP', 'turnout_diff': -46, 'turnout_pct': -8.49, 'sad_swing': -8.8, 'aap_swing': 6.55, 'inc_swing': 2.49, 'bjp_swing': -6.55}",542,496,-46,-8.49,240,176,-64,44.28,35.48,-8.8,171,189,18,31.55,38.1,6.55,75,81,6,13.84,16.33,2.49,41,5,-36,7.56,1.01,-6.55,10,2.02,"{'total': 542, 'sad': 240, 'aap': 171, 'inc': 75, 'bjp': 41, 'sad_votes': 240, 'sad_pct': 44.28, 'aap_votes': 171, 'aap_pct': 31.55, 'inc_votes': 75, 'inc_pct': 13.84, 'bjp_votes': 41, 'bjp_pct': 7.56, 'winner_party': 'SAD', 'margin': 69, 'winner_candidate': 'Ganieve Kaur Majithia'}","{'total': 496, 'sad': 176, 'aap': 189, 'inc': 81, 'bjp': 5, 'sada': 10, 'bsp': 5, 'others': 25, 'sad_votes': 176, 'sad_pct': 35.48, 'aap_votes': 189, 'aap_pct': 38.1, 'inc_votes': 81, 'inc_pct': 16.33, 'bjp_votes': 5, 'bjp_pct': 1.01, 'sada_votes': 10, 'sada_pct': 2.02, 'winner_party': 'AAP', 'margin': 13, 'winner_candidate': 'Kuldeep Singh Dhaliwal'}","{'turnout_diff': -46, 'turnout_pct': -8.49, 'sad_shift': -64, 'sad_swing': -8.8, 'aap_shift': 18, 'aap_swing': 6.55, 'inc_shift': 6, 'inc_swing': 2.49, 'bjp_shift': -36, 'bjp_swing': -6.55}",Historic Breakthrough: AAP Flipped Stronghold,ਇਤਿਹਾਸਕ ਪ੍ਰਾਪਤੀ: ਅਕਾਲੀ ਗੜ੍ਹ ਵਿੱਚ ਆਪ ਦੀ ਜਿੱਤ ਜ਼ੋਨ,"Major breakthrough in Mehdipur previously held by SAD. Formally induct local village swing leaders and youth volunteers who backed AAP in 2024. Resolve local village infrastructure, canal tail issues, and cement +13 lead.","ਮਹਿਦੀਪੁਰ ਵਿੱਚ ਵੱਡੀ ਇਤਿਹਾਸਕ ਸਫ਼ਲਤਾ, ਜਿੱਥੇ SAD ਦਾ ਪੁਰਾਣਾ ਦਬਦਬਾ ਟੁੱਟਿਆ। 2024 ਵਿੱਚ ਆਪ ਨਾਲ ਜੁੜੇ ਨੌਜਵਾਨਾਂ ਅਤੇ ਪੰਚਾਇਤੀ ਆਗੂਆਂ ਨੂੰ ਜਥੇਬੰਦਕ ਜ਼ਿੰਮੇਵਾਰੀਆਂ ਦਿਓ ਅਤੇ +13 ਵੋਟਾਂ ਦੀ ਲੀਡ ਨੂੰ ਸਥਾਈ ਵੋਟ ਬੈਂਕ ਵਿੱਚ ਬਦਲੋ।","{'booth_no': '73', 'village_en': 'Mehdipur', 'village_pa': 'ਮਹਿਦੀਪੁਰ', 'zone_en': 'Historic Breakthrough: AAP Flipped Stronghold', 'zone_pa': 'ਇਤਿਹਾਸਕ ਪ੍ਰਾਪਤੀ: ਅਕਾਲੀ ਗੜ੍ਹ ਵਿੱਚ ਆਪ ਦੀ ਜਿੱਤ ਜ਼ੋਨ', 'action_en': 'Major breakthrough in Mehdipur previously held by SAD. Formally induct local village swing leaders and youth volunteers who backed AAP in 2024. Resolve local village infrastructure, canal tail issues, and cement +13 lead.', 'action_pa': 'ਮਹਿਦੀਪੁਰ ਵਿੱਚ ਵੱਡੀ ਇਤਿਹਾਸਕ ਸਫ਼ਲਤਾ, ਜਿੱਥੇ SAD ਦਾ ਪੁਰਾਣਾ ਦਬਦਬਾ ਟੁੱਟਿਆ। 2024 ਵਿੱਚ ਆਪ ਨਾਲ ਜੁੜੇ ਨੌਜਵਾਨਾਂ ਅਤੇ ਪੰਚਾਇਤੀ ਆਗੂਆਂ ਨੂੰ ਜਥੇਬੰਦਕ ਜ਼ਿੰਮੇਵਾਰੀਆਂ ਦਿਓ ਅਤੇ +13 ਵੋਟਾਂ ਦੀ ਲੀਡ ਨੂੰ ਸਥਾਈ ਵੋਟ ਬੈਂਕ ਵਿੱਚ ਬਦਲੋ।', 'action_steps_en': ['Days 1-30: Onboard dynamic swing workers who crossed over from SAD into the formal AAP booth structure.', 'Days 31-60: Prioritize village link road and street light repairs in Mehdipur through rural development grants.', 'Days 61-90: Convert current +13 vote lead into permanent party loyalty before 2027.'], 'action_steps_pa': ['ਦਿਨ 1-30: SAD ਛੱਡ ਕੇ ਆਪ ਵਿੱਚ ਸ਼ਾਮਲ ਹੋਏ ਆਗੂਆਂ ਨੂੰ ਬੂਥ ਕਮੇਟੀ ਵਿੱਚ ਅਹਿਮ ਜ਼ਿੰਮੇਵਾਰੀਆਂ ਦਿਓ।', ""ਦਿਨ 31-60: ਮਹਿਦੀਪੁਰ ਵਿੱਚ ਪਿੰਡ ਦੀਆਂ ਫਿਰਨੀਆਂ, ਗਲੀਆਂ ਅਤੇ ਲਿੰਕ ਸੜਕਾਂ ਦੇ ਕੰਮ ਤਰਜੀਹ 'ਤੇ ਕਰਵਾਓ।"", 'ਦਿਨ 61-90: +13 ਵੋਟਾਂ ਦੀ ਲੀਡ ਨੂੰ ਪੱਕੇ ਵੋਟ ਬੈਂਕ ਵਿੱਚ ਤਬਦੀਲ ਕਰੋ।'], 'action_steps': ['ਦਿਨ 1-30: SAD ਛੱਡ ਕੇ ਆਪ ਵਿੱਚ ਸ਼ਾਮਲ ਹੋਏ ਆਗੂਆਂ ਨੂੰ ਬੂਥ ਕਮੇਟੀ ਵਿੱਚ ਅਹਿਮ ਜ਼ਿੰਮੇਵਾਰੀਆਂ ਦਿਓ।', ""ਦਿਨ 31-60: ਮਹਿਦੀਪੁਰ ਵਿੱਚ ਪਿੰਡ ਦੀਆਂ ਫਿਰਨੀਆਂ, ਗਲੀਆਂ ਅਤੇ ਲਿੰਕ ਸੜਕਾਂ ਦੇ ਕੰਮ ਤਰਜੀਹ 'ਤੇ ਕਰਵਾਓ।"", 'ਦਿਨ 61-90: +13 ਵੋਟਾਂ ਦੀ ਲੀਡ ਨੂੰ ਪੱਕੇ ਵੋਟ ਬੈਂਕ ਵਿੱਚ ਤਬਦੀਲ ਕਰੋ।']}"
75,74,Mian Pandher,ਮੀਆਂ ਪੰਧੇਰ,ਮੀਆਂ ਪੰਧੇਰ,Mian Pandher,ਮੀਆਂ ਪੰਧੇਰ,SAD,SAD,186,189,SAD Retained,SAD Retained,AAP Deficit,ਆਪ ਘਾਟ,INC Deficit,"{'AAP': 'WEAK', 'SAD': 'WON_BOTH', 'INC': 'LOST_BOTH', 'BJP': 'WEAK'}",False,"{'is_flip': False, 'status_label': 'SAD Retained', 'turnout_diff': 44, 'turnout_pct': 7.77, 'sad_swing': -11.67, 'aap_swing': -9.79, 'inc_swing': 9.14, 'bjp_swing': 4.24}",566,610,44,7.77,337,292,-45,59.54,47.87,-11.67,151,103,-48,26.68,16.89,-9.79,42,101,59,7.42,16.56,9.14,2,28,26,0.35,4.59,4.24,53,8.69,"{'total': 566, 'sad': 337, 'aap': 151, 'inc': 42, 'bjp': 2, 'sad_votes': 337, 'sad_pct': 59.54, 'aap_votes': 151, 'aap_pct': 26.68, 'inc_votes': 42, 'inc_pct': 7.42, 'bjp_votes': 2, 'bjp_pct': 0.35, 'winner_party': 'SAD', 'margin': 186, 'winner_candidate': 'Ganieve Kaur Majithia'}","{'total': 610, 'sad': 292, 'aap': 103, 'inc': 101, 'bjp': 28, 'sada': 53, 'bsp': 2, 'others': 26, 'sad_votes': 292, 'sad_pct': 47.87, 'aap_votes': 103, 'aap_pct': 16.89, 'inc_votes': 101, 'inc_pct': 16.56, 'bjp_votes': 28, 'bjp_pct': 4.59, 'sada_votes': 53, 'sada_pct': 8.69, 'winner_party': 'SAD', 'margin': 189, 'winner_candidate': 'Anil Joshi'}","{'turnout_diff': 44, 'turnout_pct': 7.77, 'sad_shift': -45, 'sad_swing': -11.67, 'aap_shift': -48, 'aap_swing': -9.79, 'inc_shift': 59, 'inc_swing': 9.14, 'bjp_shift': 26, 'bjp_swing': 4.24}",Akali Bastion: Strategic Penetration & Demolition Zone,ਅਕਾਲੀ ਦਲ ਦਾ ਪ੍ਰਭਾਵਿਤ ਖੇਤਰ: ਵਿਸ਼ੇਸ਼ ਘੇਰਾਬੰਦੀ ਜ਼ੋਨ,SAD retained lead here by +189 votes (47.9% share). Target moderate Panthic and farming families in Mian Pandher disillusioned with traditional leadership. Appoint dedicated block coordinators and highlight direct government procurement and village development works.,ਅਕਾਲੀ ਦਲ ਨੇ ਇੱਥੇ +189 ਵੋਟਾਂ (47.9%) ਨਾਲ ਲੀਡ ਬਣਾਈ ਹੈ। ਮੀਆਂ ਪੰਧੇਰ ਵਿੱਚ ਰਵਾਇਤੀ ਲੀਡਰਸ਼ਿਪ ਤੋਂ ਨਿਰਾਸ਼ ਕਿਸਾਨ ਅਤੇ ਪੰਥਕ ਪਰਿਵਾਰਾਂ ਨਾਲ ਸੰਵਾਦ ਕਰੋ। ਪਿੰਡਾਂ ਵਿੱਚ ਪੰਜਾਬ ਸਰਕਾਰ ਦੇ ਵਿਕਾਸ ਕਾਰਜਾਂ ਅਤੇ ਨਿਰਪੱਖ ਭਰਤੀਆਂ ਦੇ ਸੁਨੇਹੇ ਨਾਲ ਸੰਨ੍ਹ ਲਗਾਓ।,"{'booth_no': '74', 'village_en': 'Mian Pandher', 'village_pa': 'ਮੀਆਂ ਪੰਧੇਰ', 'zone_en': 'Akali Bastion: Strategic Penetration & Demolition Zone', 'zone_pa': 'ਅਕਾਲੀ ਦਲ ਦਾ ਪ੍ਰਭਾਵਿਤ ਖੇਤਰ: ਵਿਸ਼ੇਸ਼ ਘੇਰਾਬੰਦੀ ਜ਼ੋਨ', 'action_en': 'SAD retained lead here by +189 votes (47.9% share). Target moderate Panthic and farming families in Mian Pandher disillusioned with traditional leadership. Appoint dedicated block coordinators and highlight direct government procurement and village development works.', 'action_pa': 'ਅਕਾਲੀ ਦਲ ਨੇ ਇੱਥੇ +189 ਵੋਟਾਂ (47.9%) ਨਾਲ ਲੀਡ ਬਣਾਈ ਹੈ। ਮੀਆਂ ਪੰਧੇਰ ਵਿੱਚ ਰਵਾਇਤੀ ਲੀਡਰਸ਼ਿਪ ਤੋਂ ਨਿਰਾਸ਼ ਕਿਸਾਨ ਅਤੇ ਪੰਥਕ ਪਰਿਵਾਰਾਂ ਨਾਲ ਸੰਵਾਦ ਕਰੋ। ਪਿੰਡਾਂ ਵਿੱਚ ਪੰਜਾਬ ਸਰਕਾਰ ਦੇ ਵਿਕਾਸ ਕਾਰਜਾਂ ਅਤੇ ਨਿਰਪੱਖ ਭਰਤੀਆਂ ਦੇ ਸੁਨੇਹੇ ਨਾਲ ਸੰਨ੍ਹ ਲਗਾਓ।', 'action_steps_en': ['Days 1-30: Map the top 30 influential non-committed Panthic families in Mian Pandher.', 'Days 31-60: Deploy senior constituency leaders for direct home visits to address local disgruntlement.', ""Days 61-90: Neutralize SAD's +189 vote cushion by winning over agricultural youth.""], 'action_steps_pa': ['ਦਿਨ 1-30: ਮੀਆਂ ਪੰਧੇਰ ਦੇ 30 ਨਿਰਪੱਖ ਅਤੇ ਪ੍ਰਭਾਵਸ਼ਾਲੀ ਪਰਿਵਾਰਾਂ ਦੀ ਸ਼ਨਾਖਤ ਕਰੋ।', 'ਦਿਨ 31-60: ਸੀਨੀਅਰ ਲੀਡਰਸ਼ਿਪ ਰਾਹੀਂ ਘਰ-ਘਰ ਜਾ ਕੇ ਸਰਕਾਰ ਦੀਆਂ ਨਿਰਪੱਖ ਨੀਤੀਆਂ ਸਾਂਝੀਆਂ ਕਰੋ।', 'ਦਿਨ 61-90: ਨੌਜਵਾਨ ਵਰਗ ਨੂੰ ਸਰਕਾਰੀ ਨੌਕਰੀਆਂ ਅਤੇ ਖੇਡ ਕਿੱਟਾਂ ਰਾਹੀਂ ਪਾਰਟੀ ਨਾਲ ਜੋੜ ਕੇ ਲੀਡ ਘਟਾਓ।'], 'action_steps': ['ਦਿਨ 1-30: ਮੀਆਂ ਪੰਧੇਰ ਦੇ 30 ਨਿਰਪੱਖ ਅਤੇ ਪ੍ਰਭਾਵਸ਼ਾਲੀ ਪਰਿਵਾਰਾਂ ਦੀ ਸ਼ਨਾਖਤ ਕਰੋ।', 'ਦਿਨ 31-60: ਸੀਨੀਅਰ ਲੀਡਰਸ਼ਿਪ ਰਾਹੀਂ ਘਰ-ਘਰ ਜਾ ਕੇ ਸਰਕਾਰ ਦੀਆਂ ਨਿਰਪੱਖ ਨੀਤੀਆਂ ਸਾਂਝੀਆਂ ਕਰੋ।', 'ਦਿਨ 61-90: ਨੌਜਵਾਨ ਵਰਗ ਨੂੰ ਸਰਕਾਰੀ ਨੌਕਰੀਆਂ ਅਤੇ ਖੇਡ ਕਿੱਟਾਂ ਰਾਹੀਂ ਪਾਰਟੀ ਨਾਲ ਜੋੜ ਕੇ ਲੀਡ ਘਟਾਓ।']}"
76,75,Mukandpura,ਮੁਕੰਦਪੁਰਾ,ਮੁਕੰਦਪੁਰਾ,Mukandpura,ਮੁਕੰਦਪੁਰਾ,SAD,SAD,22,277,SAD Retained,SAD Retained,AAP Deficit,ਆਪ ਘਾਟ,INC Deficit,"{'AAP': 'LOST_BOTH', 'SAD': 'WON_BOTH', 'INC': 'WEAK', 'BJP': 'WEAK'}",False,"{'is_flip': False, 'status_label': 'SAD Retained', 'turnout_diff': 327, 'turnout_pct': 103.81, 'sad_swing': 16.42, 'aap_swing': -19.75, 'inc_swing': 0.34, 'bjp_swing': 3.73}",315,642,327,103.81,148,407,259,46.98,63.4,16.42,126,130,4,40.0,20.25,-19.75,21,45,24,6.67,7.01,0.34,1,26,25,0.32,4.05,3.73,17,2.65,"{'total': 315, 'sad': 148, 'aap': 126, 'inc': 21, 'bjp': 1, 'sad_votes': 148, 'sad_pct': 46.98, 'aap_votes': 126, 'aap_pct': 40.0, 'inc_votes': 21, 'inc_pct': 6.67, 'bjp_votes': 1, 'bjp_pct': 0.32, 'winner_party': 'SAD', 'margin': 22, 'winner_candidate': 'Ganieve Kaur Majithia'}","{'total': 642, 'sad': 407, 'aap': 130, 'inc': 45, 'bjp': 26, 'sada': 17, 'bsp': 0, 'others': 13, 'sad_votes': 407, 'sad_pct': 63.4, 'aap_votes': 130, 'aap_pct': 20.25, 'inc_votes': 45, 'inc_pct': 7.01, 'bjp_votes': 26, 'bjp_pct': 4.05, 'sada_votes': 17, 'sada_pct': 2.65, 'winner_party': 'SAD', 'margin': 277, 'winner_candidate': 'Anil Joshi'}","{'turnout_diff': 327, 'turnout_pct': 103.81, 'sad_shift': 259, 'sad_swing': 16.42, 'aap_shift': 4, 'aap_swing': -19.75, 'inc_shift': 24, 'inc_swing': 0.34, 'bjp_shift': 25, 'bjp_swing': 3.73}",Akali Bastion: Strategic Penetration & Demolition Zone,ਅਕਾਲੀ ਦਲ ਦਾ ਪ੍ਰਭਾਵਿਤ ਖੇਤਰ: ਵਿਸ਼ੇਸ਼ ਘੇਰਾਬੰਦੀ ਜ਼ੋਨ,SAD retained lead here by +277 votes (63.4% share). Target moderate Panthic and farming families in Mukandpura disillusioned with traditional leadership. Appoint dedicated block coordinators and highlight direct government procurement and village development works.,ਅਕਾਲੀ ਦਲ ਨੇ ਇੱਥੇ +277 ਵੋਟਾਂ (63.4%) ਨਾਲ ਲੀਡ ਬਣਾਈ ਹੈ। ਮੁਕੰਦਪੁਰਾ ਵਿੱਚ ਰਵਾਇਤੀ ਲੀਡਰਸ਼ਿਪ ਤੋਂ ਨਿਰਾਸ਼ ਕਿਸਾਨ ਅਤੇ ਪੰਥਕ ਪਰਿਵਾਰਾਂ ਨਾਲ ਸੰਵਾਦ ਕਰੋ। ਪਿੰਡਾਂ ਵਿੱਚ ਪੰਜਾਬ ਸਰਕਾਰ ਦੇ ਵਿਕਾਸ ਕਾਰਜਾਂ ਅਤੇ ਨਿਰਪੱਖ ਭਰਤੀਆਂ ਦੇ ਸੁਨੇਹੇ ਨਾਲ ਸੰਨ੍ਹ ਲਗਾਓ।,"{'booth_no': '75', 'village_en': 'Mukandpura', 'village_pa': 'ਮੁਕੰਦਪੁਰਾ', 'zone_en': 'Akali Bastion: Strategic Penetration & Demolition Zone', 'zone_pa': 'ਅਕਾਲੀ ਦਲ ਦਾ ਪ੍ਰਭਾਵਿਤ ਖੇਤਰ: ਵਿਸ਼ੇਸ਼ ਘੇਰਾਬੰਦੀ ਜ਼ੋਨ', 'action_en': 'SAD retained lead here by +277 votes (63.4% share). Target moderate Panthic and farming families in Mukandpura disillusioned with traditional leadership. Appoint dedicated block coordinators and highlight direct government procurement and village development works.', 'action_pa': 'ਅਕਾਲੀ ਦਲ ਨੇ ਇੱਥੇ +277 ਵੋਟਾਂ (63.4%) ਨਾਲ ਲੀਡ ਬਣਾਈ ਹੈ। ਮੁਕੰਦਪੁਰਾ ਵਿੱਚ ਰਵਾਇਤੀ ਲੀਡਰਸ਼ਿਪ ਤੋਂ ਨਿਰਾਸ਼ ਕਿਸਾਨ ਅਤੇ ਪੰਥਕ ਪਰਿਵਾਰਾਂ ਨਾਲ ਸੰਵਾਦ ਕਰੋ। ਪਿੰਡਾਂ ਵਿੱਚ ਪੰਜਾਬ ਸਰਕਾਰ ਦੇ ਵਿਕਾਸ ਕਾਰਜਾਂ ਅਤੇ ਨਿਰਪੱਖ ਭਰਤੀਆਂ ਦੇ ਸੁਨੇਹੇ ਨਾਲ ਸੰਨ੍ਹ ਲਗਾਓ।', 'action_steps_en': ['Days 1-30: Map the top 30 influential non-committed Panthic families in Mukandpura.', 'Days 31-60: Deploy senior constituency leaders for direct home visits to address local disgruntlement.', ""Days 61-90: Neutralize SAD's +277 vote cushion by winning over agricultural youth.""], 'action_steps_pa': ['ਦਿਨ 1-30: ਮੁਕੰਦਪੁਰਾ ਦੇ 30 ਨਿਰਪੱਖ ਅਤੇ ਪ੍ਰਭਾਵਸ਼ਾਲੀ ਪਰਿਵਾਰਾਂ ਦੀ ਸ਼ਨਾਖਤ ਕਰੋ।', 'ਦਿਨ 31-60: ਸੀਨੀਅਰ ਲੀਡਰਸ਼ਿਪ ਰਾਹੀਂ ਘਰ-ਘਰ ਜਾ ਕੇ ਸਰਕਾਰ ਦੀਆਂ ਨਿਰਪੱਖ ਨੀਤੀਆਂ ਸਾਂਝੀਆਂ ਕਰੋ।', 'ਦਿਨ 61-90: ਨੌਜਵਾਨ ਵਰਗ ਨੂੰ ਸਰਕਾਰੀ ਨੌਕਰੀਆਂ ਅਤੇ ਖੇਡ ਕਿੱਟਾਂ ਰਾਹੀਂ ਪਾਰਟੀ ਨਾਲ ਜੋੜ ਕੇ ਲੀਡ ਘਟਾਓ।'], 'action_steps': ['ਦਿਨ 1-30: ਮੁਕੰਦਪੁਰਾ ਦੇ 30 ਨਿਰਪੱਖ ਅਤੇ ਪ੍ਰਭਾਵਸ਼ਾਲੀ ਪਰਿਵਾਰਾਂ ਦੀ ਸ਼ਨਾਖਤ ਕਰੋ।', 'ਦਿਨ 31-60: ਸੀਨੀਅਰ ਲੀਡਰਸ਼ਿਪ ਰਾਹੀਂ ਘਰ-ਘਰ ਜਾ ਕੇ ਸਰਕਾਰ ਦੀਆਂ ਨਿਰਪੱਖ ਨੀਤੀਆਂ ਸਾਂਝੀਆਂ ਕਰੋ।', 'ਦਿਨ 61-90: ਨੌਜਵਾਨ ਵਰਗ ਨੂੰ ਸਰਕਾਰੀ ਨੌਕਰੀਆਂ ਅਤੇ ਖੇਡ ਕਿੱਟਾਂ ਰਾਹੀਂ ਪਾਰਟੀ ਨਾਲ ਜੋੜ ਕੇ ਲੀਡ ਘਟਾਓ।']}"
77,76,Nag Kalan,ਨਾਗ ਕਲਾਂ,ਨਾਗ ਕਲਾਂ,Nag Kalan,ਨਾਗ ਕਲਾਂ,SAD,SAD,160,77,SAD Retained,SAD Retained,AAP Deficit,ਆਪ ਘਾਟ,INC Deficit,"{'AAP': 'LOST_BOTH', 'SAD': 'WON_BOTH', 'INC': 'WEAK', 'BJP': 'LOST_BOTH'}",False,"{'is_flip': False, 'status_label': 'SAD Retained', 'turnout_diff': 483, 'turnout_pct': 138.0, 'sad_swing': -20.28, 'aap_swing': 20.75, 'inc_swing': -12.63, 'bjp_swing': 13.48}",350,833,483,138.0,221,357,136,63.14,42.86,-20.28,45,280,235,12.86,33.61,20.75,61,40,-21,17.43,4.8,-12.63,2,117,115,0.57,14.05,13.48,12,1.44,"{'total': 350, 'sad': 221, 'aap': 45, 'inc': 61, 'bjp': 2, 'sad_votes': 221, 'sad_pct': 63.14, 'aap_votes': 45, 'aap_pct': 12.86, 'inc_votes': 61, 'inc_pct': 17.43, 'bjp_votes': 2, 'bjp_pct': 0.57, 'winner_party': 'SAD', 'margin': 160, 'winner_candidate': 'Ganieve Kaur Majithia'}","{'total': 833, 'sad': 357, 'aap': 280, 'inc': 40, 'bjp': 117, 'sada': 12, 'bsp': 0, 'others': 18, 'sad_votes': 357, 'sad_pct': 42.86, 'aap_votes': 280, 'aap_pct': 33.61, 'inc_votes': 40, 'inc_pct': 4.8, 'bjp_votes': 117, 'bjp_pct': 14.05, 'sada_votes': 12, 'sada_pct': 1.44, 'winner_party': 'SAD', 'margin': 77, 'winner_candidate': 'Anil Joshi'}","{'turnout_diff': 483, 'turnout_pct': 138.0, 'sad_shift': 136, 'sad_swing': -20.28, 'aap_shift': 235, 'aap_swing': 20.75, 'inc_shift': -21, 'inc_swing': -12.63, 'bjp_shift': 115, 'bjp_swing': 13.48}",Akali Bastion: Strategic Penetration & Demolition Zone,ਅਕਾਲੀ ਦਲ ਦਾ ਪ੍ਰਭਾਵਿਤ ਖੇਤਰ: ਵਿਸ਼ੇਸ਼ ਘੇਰਾਬੰਦੀ ਜ਼ੋਨ,SAD retained lead here by +77 votes (42.9% share). Target moderate Panthic and farming families in Nag Kalan disillusioned with traditional leadership. Appoint dedicated block coordinators and highlight direct government procurement and village development works.,ਅਕਾਲੀ ਦਲ ਨੇ ਇੱਥੇ +77 ਵੋਟਾਂ (42.9%) ਨਾਲ ਲੀਡ ਬਣਾਈ ਹੈ। ਨਾਗ ਕਲਾਂ ਵਿੱਚ ਰਵਾਇਤੀ ਲੀਡਰਸ਼ਿਪ ਤੋਂ ਨਿਰਾਸ਼ ਕਿਸਾਨ ਅਤੇ ਪੰਥਕ ਪਰਿਵਾਰਾਂ ਨਾਲ ਸੰਵਾਦ ਕਰੋ। ਪਿੰਡਾਂ ਵਿੱਚ ਪੰਜਾਬ ਸਰਕਾਰ ਦੇ ਵਿਕਾਸ ਕਾਰਜਾਂ ਅਤੇ ਨਿਰਪੱਖ ਭਰਤੀਆਂ ਦੇ ਸੁਨੇਹੇ ਨਾਲ ਸੰਨ੍ਹ ਲਗਾਓ।,"{'booth_no': '76', 'village_en': 'Nag Kalan', 'village_pa': 'ਨਾਗ ਕਲਾਂ', 'zone_en': 'Akali Bastion: Strategic Penetration & Demolition Zone', 'zone_pa': 'ਅਕਾਲੀ ਦਲ ਦਾ ਪ੍ਰਭਾਵਿਤ ਖੇਤਰ: ਵਿਸ਼ੇਸ਼ ਘੇਰਾਬੰਦੀ ਜ਼ੋਨ', 'action_en': 'SAD retained lead here by +77 votes (42.9% share). Target moderate Panthic and farming families in Nag Kalan disillusioned with traditional leadership. Appoint dedicated block coordinators and highlight direct government procurement and village development works.', 'action_pa': 'ਅਕਾਲੀ ਦਲ ਨੇ ਇੱਥੇ +77 ਵੋਟਾਂ (42.9%) ਨਾਲ ਲੀਡ ਬਣਾਈ ਹੈ। ਨਾਗ ਕਲਾਂ ਵਿੱਚ ਰਵਾਇਤੀ ਲੀਡਰਸ਼ਿਪ ਤੋਂ ਨਿਰਾਸ਼ ਕਿਸਾਨ ਅਤੇ ਪੰਥਕ ਪਰਿਵਾਰਾਂ ਨਾਲ ਸੰਵਾਦ ਕਰੋ। ਪਿੰਡਾਂ ਵਿੱਚ ਪੰਜਾਬ ਸਰਕਾਰ ਦੇ ਵਿਕਾਸ ਕਾਰਜਾਂ ਅਤੇ ਨਿਰਪੱਖ ਭਰਤੀਆਂ ਦੇ ਸੁਨੇਹੇ ਨਾਲ ਸੰਨ੍ਹ ਲਗਾਓ।', 'action_steps_en': ['Days 1-30: Map the top 30 influential non-committed Panthic families in Nag Kalan.', 'Days 31-60: Deploy senior constituency leaders for direct home visits to address local disgruntlement.', ""Days 61-90: Neutralize SAD's +77 vote cushion by winning over agricultural youth.""], 'action_steps_pa': ['ਦਿਨ 1-30: ਨਾਗ ਕਲਾਂ ਦੇ 30 ਨਿਰਪੱਖ ਅਤੇ ਪ੍ਰਭਾਵਸ਼ਾਲੀ ਪਰਿਵਾਰਾਂ ਦੀ ਸ਼ਨਾਖਤ ਕਰੋ।', 'ਦਿਨ 31-60: ਸੀਨੀਅਰ ਲੀਡਰਸ਼ਿਪ ਰਾਹੀਂ ਘਰ-ਘਰ ਜਾ ਕੇ ਸਰਕਾਰ ਦੀਆਂ ਨਿਰਪੱਖ ਨੀਤੀਆਂ ਸਾਂਝੀਆਂ ਕਰੋ।', 'ਦਿਨ 61-90: ਨੌਜਵਾਨ ਵਰਗ ਨੂੰ ਸਰਕਾਰੀ ਨੌਕਰੀਆਂ ਅਤੇ ਖੇਡ ਕਿੱਟਾਂ ਰਾਹੀਂ ਪਾਰਟੀ ਨਾਲ ਜੋੜ ਕੇ ਲੀਡ ਘਟਾਓ।'], 'action_steps': ['ਦਿਨ 1-30: ਨਾਗ ਕਲਾਂ ਦੇ 30 ਨਿਰਪੱਖ ਅਤੇ ਪ੍ਰਭਾਵਸ਼ਾਲੀ ਪਰਿਵਾਰਾਂ ਦੀ ਸ਼ਨਾਖਤ ਕਰੋ।', 'ਦਿਨ 31-60: ਸੀਨੀਅਰ ਲੀਡਰਸ਼ਿਪ ਰਾਹੀਂ ਘਰ-ਘਰ ਜਾ ਕੇ ਸਰਕਾਰ ਦੀਆਂ ਨਿਰਪੱਖ ਨੀਤੀਆਂ ਸਾਂਝੀਆਂ ਕਰੋ।', 'ਦਿਨ 61-90: ਨੌਜਵਾਨ ਵਰਗ ਨੂੰ ਸਰਕਾਰੀ ਨੌਕਰੀਆਂ ਅਤੇ ਖੇਡ ਕਿੱਟਾਂ ਰਾਹੀਂ ਪਾਰਟੀ ਨਾਲ ਜੋੜ ਕੇ ਲੀਡ ਘਟਾਓ।']}"
78,77,Nag Khurd,ਨਾਗ ਖੁਰਦ,ਨਾਗ ਖੁਰਦ,Nag Khurd,ਨਾਗ ਖੁਰਦ,SAD,INC,96,18,SAD → INC,SAD → INC,AAP Deficit,ਆਪ ਘਾਟ,INC Gain,"{'AAP': 'LOST_BOTH', 'SAD': 'LOST_24', 'INC': 'GAINED', 'BJP': 'WEAK'}",True,"{'is_flip': True, 'status_label': 'SAD → INC', 'turnout_diff': 368, 'turnout_pct': 97.1, 'sad_swing': -28.29, 'aap_swing': 12.38, 'inc_swing': 1.86, 'bjp_swing': 6.74}",379,747,368,97.1,197,177,-20,51.98,23.69,-28.29,52,195,143,13.72,26.1,12.38,101,213,112,26.65,28.51,1.86,12,74,62,3.17,9.91,6.74,10,1.34,"{'total': 379, 'sad': 197, 'aap': 52, 'inc': 101, 'bjp': 12, 'sad_votes': 197, 'sad_pct': 51.98, 'aap_votes': 52, 'aap_pct': 13.72, 'inc_votes': 101, 'inc_pct': 26.65, 'bjp_votes': 12, 'bjp_pct': 3.17, 'winner_party': 'SAD', 'margin': 96, 'winner_candidate': 'Ganieve Kaur Majithia'}","{'total': 747, 'sad': 177, 'aap': 195, 'inc': 213, 'bjp': 74, 'sada': 10, 'bsp': 21, 'others': 51, 'sad_votes': 177, 'sad_pct': 23.69, 'aap_votes': 195, 'aap_pct': 26.1, 'inc_votes': 213, 'inc_pct': 28.51, 'bjp_votes': 74, 'bjp_pct': 9.91, 'sada_votes': 10, 'sada_pct': 1.34, 'winner_party': 'INC', 'margin': 18, 'winner_candidate': 'Gurjeet Singh Aujla'}","{'turnout_diff': 368, 'turnout_pct': 97.1, 'sad_shift': -20, 'sad_swing': -28.29, 'aap_shift': 143, 'aap_swing': 12.38, 'inc_shift': 112, 'inc_swing': 1.86, 'bjp_shift': 62, 'bjp_swing': 6.74}",Congress Belt: High-Intensity Reclamation Zone,ਕਾਂਗਰਸੀ ਪ੍ਰਭਾਵ ਵਾਲਾ ਹਲਕਾ: ਮੁੜ-ਬਹਾਲੀ ਜ਼ੋਨ,INC led by +18 votes with 28.5% vote share in Nag Khurd. Neutralize traditional Congress sarpanch networks. Appoint 2 booth captains and directly onboard dynamic rural youth.,ਕਾਂਗਰਸ ਨੇ ਇੱਥੇ +18 ਵੋਟਾਂ (28.5%) ਦੀ ਲੀਡ ਲਈ ਹੈ। ਨਾਗ ਖੁਰਦ ਵਿੱਚ ਪੁਰਾਣੇ ਸਰਪੰਚੀ ਪ੍ਰਭਾਵ ਨੂੰ ਘਟਾਉਣ ਲਈ ਦੋ ਨਵੇਂ ਯੂਥ ਬੂਥ ਇੰਚਾਰਜ ਲਗਾਓ ਅਤੇ ਘਰ-ਘਰ ਸੰਪਰਕ ਮੁਹਿੰਮ ਚਲਾਓ।,"{'booth_no': '77', 'village_en': 'Nag Khurd', 'village_pa': 'ਨਾਗ ਖੁਰਦ', 'zone_en': 'Congress Belt: High-Intensity Reclamation Zone', 'zone_pa': 'ਕਾਂਗਰਸੀ ਪ੍ਰਭਾਵ ਵਾਲਾ ਹਲਕਾ: ਮੁੜ-ਬਹਾਲੀ ਜ਼ੋਨ', 'action_en': 'INC led by +18 votes with 28.5% vote share in Nag Khurd. Neutralize traditional Congress sarpanch networks. Appoint 2 booth captains and directly onboard dynamic rural youth.', 'action_pa': 'ਕਾਂਗਰਸ ਨੇ ਇੱਥੇ +18 ਵੋਟਾਂ (28.5%) ਦੀ ਲੀਡ ਲਈ ਹੈ। ਨਾਗ ਖੁਰਦ ਵਿੱਚ ਪੁਰਾਣੇ ਸਰਪੰਚੀ ਪ੍ਰਭਾਵ ਨੂੰ ਘਟਾਉਣ ਲਈ ਦੋ ਨਵੇਂ ਯੂਥ ਬੂਥ ਇੰਚਾਰਜ ਲਗਾਓ ਅਤੇ ਘਰ-ਘਰ ਸੰਪਰਕ ਮੁਹਿੰਮ ਚਲਾਓ।', 'action_steps_en': ['Days 1-30: Identify active vs inactive Congress booth workers in Nag Khurd.', 'Days 31-60: Form rural welfare monitoring committee to connect village elders with state pensions.', ""Days 61-90: Overcome Congress's +18 vote lead through door-to-door cadre contact.""], 'action_steps_pa': ['ਦਿਨ 1-30: ਨਾਗ ਖੁਰਦ ਵਿੱਚ ਕਾਂਗਰਸੀ ਸਰਪੰਚਾਂ ਅਤੇ ਆਗੂਆਂ ਦੇ ਪ੍ਰਭਾਵ ਦਾ ਵਿਸ਼ਲੇਸ਼ਣ ਕਰੋ।', 'ਦਿਨ 31-60: ਬਜ਼ੁਰਗਾਂ ਅਤੇ ਔਰਤਾਂ ਨੂੰ ਪੈਨਸ਼ਨਾਂ ਤੇ ਭਲਾਈ ਸਕੀਮਾਂ ਨਾਲ ਜੋੜਨ ਲਈ ਕੈਂਪ ਲਗਾਓ।', 'ਦਿਨ 61-90: ਨੌਜਵਾਨਾਂ ਦੀ ਟੀਮ ਰਾਹੀਂ ਕਾਂਗਰਸ ਦੀ +18 ਵੋਟਾਂ ਦੀ ਲੀਡ ਖ਼ਤਮ ਕਰੋ।'], 'action_steps': ['ਦਿਨ 1-30: ਨਾਗ ਖੁਰਦ ਵਿੱਚ ਕਾਂਗਰਸੀ ਸਰਪੰਚਾਂ ਅਤੇ ਆਗੂਆਂ ਦੇ ਪ੍ਰਭਾਵ ਦਾ ਵਿਸ਼ਲੇਸ਼ਣ ਕਰੋ।', 'ਦਿਨ 31-60: ਬਜ਼ੁਰਗਾਂ ਅਤੇ ਔਰਤਾਂ ਨੂੰ ਪੈਨਸ਼ਨਾਂ ਤੇ ਭਲਾਈ ਸਕੀਮਾਂ ਨਾਲ ਜੋੜਨ ਲਈ ਕੈਂਪ ਲਗਾਓ।', 'ਦਿਨ 61-90: ਨੌਜਵਾਨਾਂ ਦੀ ਟੀਮ ਰਾਹੀਂ ਕਾਂਗਰਸ ਦੀ +18 ਵੋਟਾਂ ਦੀ ਲੀਡ ਖ਼ਤਮ ਕਰੋ।']}"
79,78,Nangal Pannuwan,ਨੰਗਲ ਪੰਨੂਆਂ,ਨੰਗਲ ਪੰਨੂਆਂ,Nangal Pannuwan,ਨੰਗਲ ਪੰਨੂਆਂ,SAD,SAD,168,25,SAD Retained,SAD Retained,AAP Deficit,ਆਪ ਘਾਟ,INC Deficit,"{'AAP': 'LOST_BOTH', 'SAD': 'WON_BOTH', 'INC': 'LOST_BOTH', 'BJP': 'LOST_BOTH'}",False,"{'is_flip': False, 'status_label': 'SAD Retained', 'turnout_diff': 365, 'turnout_pct': 106.73, 'sad_swing': -40.01, 'aap_swing': 18.73, 'inc_swing': 4.87, 'bjp_swing': 11.74}",342,707,365,106.73,236,205,-31,69.01,29.0,-40.01,23,180,157,6.73,25.46,18.73,68,175,107,19.88,24.75,4.87,0,83,83,0.0,11.74,11.74,17,2.4,"{'total': 342, 'sad': 236, 'aap': 23, 'inc': 68, 'bjp': 0, 'sad_votes': 236, 'sad_pct': 69.01, 'aap_votes': 23, 'aap_pct': 6.73, 'inc_votes': 68, 'inc_pct': 19.88, 'bjp_votes': 0, 'bjp_pct': 0.0, 'winner_party': 'SAD', 'margin': 168, 'winner_candidate': 'Ganieve Kaur Majithia'}","{'total': 707, 'sad': 205, 'aap': 180, 'inc': 175, 'bjp': 83, 'sada': 17, 'bsp': 5, 'others': 37, 'sad_votes': 205, 'sad_pct': 29.0, 'aap_votes': 180, 'aap_pct': 25.46, 'inc_votes': 175, 'inc_pct': 24.75, 'bjp_votes': 83, 'bjp_pct': 11.74, 'sada_votes': 17, 'sada_pct': 2.4, 'winner_party': 'SAD', 'margin': 25, 'winner_candidate': 'Anil Joshi'}","{'turnout_diff': 365, 'turnout_pct': 106.73, 'sad_shift': -31, 'sad_swing': -40.01, 'aap_shift': 157, 'aap_swing': 18.73, 'inc_shift': 107, 'inc_swing': 4.87, 'bjp_shift': 83, 'bjp_swing': 11.74}",Akali Bastion: Strategic Penetration & Demolition Zone,ਅਕਾਲੀ ਦਲ ਦਾ ਪ੍ਰਭਾਵਿਤ ਖੇਤਰ: ਵਿਸ਼ੇਸ਼ ਘੇਰਾਬੰਦੀ ਜ਼ੋਨ,SAD retained lead here by +25 votes (29.0% share). Target moderate Panthic and farming families in Nangal Pannuwan disillusioned with traditional leadership. Appoint dedicated block coordinators and highlight direct government procurement and village development works.,ਅਕਾਲੀ ਦਲ ਨੇ ਇੱਥੇ +25 ਵੋਟਾਂ (29.0%) ਨਾਲ ਲੀਡ ਬਣਾਈ ਹੈ। ਨੰਗਲ ਪੰਨੂਆਂ ਵਿੱਚ ਰਵਾਇਤੀ ਲੀਡਰਸ਼ਿਪ ਤੋਂ ਨਿਰਾਸ਼ ਕਿਸਾਨ ਅਤੇ ਪੰਥਕ ਪਰਿਵਾਰਾਂ ਨਾਲ ਸੰਵਾਦ ਕਰੋ। ਪਿੰਡਾਂ ਵਿੱਚ ਪੰਜਾਬ ਸਰਕਾਰ ਦੇ ਵਿਕਾਸ ਕਾਰਜਾਂ ਅਤੇ ਨਿਰਪੱਖ ਭਰਤੀਆਂ ਦੇ ਸੁਨੇਹੇ ਨਾਲ ਸੰਨ੍ਹ ਲਗਾਓ।,"{'booth_no': '78', 'village_en': 'Nangal Pannuwan', 'village_pa': 'ਨੰਗਲ ਪੰਨੂਆਂ', 'zone_en': 'Akali Bastion: Strategic Penetration & Demolition Zone', 'zone_pa': 'ਅਕਾਲੀ ਦਲ ਦਾ ਪ੍ਰਭਾਵਿਤ ਖੇਤਰ: ਵਿਸ਼ੇਸ਼ ਘੇਰਾਬੰਦੀ ਜ਼ੋਨ', 'action_en': 'SAD retained lead here by +25 votes (29.0% share). Target moderate Panthic and farming families in Nangal Pannuwan disillusioned with traditional leadership. Appoint dedicated block coordinators and highlight direct government procurement and village development works.', 'action_pa': 'ਅਕਾਲੀ ਦਲ ਨੇ ਇੱਥੇ +25 ਵੋਟਾਂ (29.0%) ਨਾਲ ਲੀਡ ਬਣਾਈ ਹੈ। ਨੰਗਲ ਪੰਨੂਆਂ ਵਿੱਚ ਰਵਾਇਤੀ ਲੀਡਰਸ਼ਿਪ ਤੋਂ ਨਿਰਾਸ਼ ਕਿਸਾਨ ਅਤੇ ਪੰਥਕ ਪਰਿਵਾਰਾਂ ਨਾਲ ਸੰਵਾਦ ਕਰੋ। ਪਿੰਡਾਂ ਵਿੱਚ ਪੰਜਾਬ ਸਰਕਾਰ ਦੇ ਵਿਕਾਸ ਕਾਰਜਾਂ ਅਤੇ ਨਿਰਪੱਖ ਭਰਤੀਆਂ ਦੇ ਸੁਨੇਹੇ ਨਾਲ ਸੰਨ੍ਹ ਲਗਾਓ।', 'action_steps_en': ['Days 1-30: Map the top 30 influential non-committed Panthic families in Nangal Pannuwan.', 'Days 31-60: Deploy senior constituency leaders for direct home visits to address local disgruntlement.', ""Days 61-90: Neutralize SAD's +25 vote cushion by winning over agricultural youth.""], 'action_steps_pa': ['ਦਿਨ 1-30: ਨੰਗਲ ਪੰਨੂਆਂ ਦੇ 30 ਨਿਰਪੱਖ ਅਤੇ ਪ੍ਰਭਾਵਸ਼ਾਲੀ ਪਰਿਵਾਰਾਂ ਦੀ ਸ਼ਨਾਖਤ ਕਰੋ।', 'ਦਿਨ 31-60: ਸੀਨੀਅਰ ਲੀਡਰਸ਼ਿਪ ਰਾਹੀਂ ਘਰ-ਘਰ ਜਾ ਕੇ ਸਰਕਾਰ ਦੀਆਂ ਨਿਰਪੱਖ ਨੀਤੀਆਂ ਸਾਂਝੀਆਂ ਕਰੋ।', 'ਦਿਨ 61-90: ਨੌਜਵਾਨ ਵਰਗ ਨੂੰ ਸਰਕਾਰੀ ਨੌਕਰੀਆਂ ਅਤੇ ਖੇਡ ਕਿੱਟਾਂ ਰਾਹੀਂ ਪਾਰਟੀ ਨਾਲ ਜੋੜ ਕੇ ਲੀਡ ਘਟਾਓ।'], 'action_steps': ['ਦਿਨ 1-30: ਨੰਗਲ ਪੰਨੂਆਂ ਦੇ 30 ਨਿਰਪੱਖ ਅਤੇ ਪ੍ਰਭਾਵਸ਼ਾਲੀ ਪਰਿਵਾਰਾਂ ਦੀ ਸ਼ਨਾਖਤ ਕਰੋ।', 'ਦਿਨ 31-60: ਸੀਨੀਅਰ ਲੀਡਰਸ਼ਿਪ ਰਾਹੀਂ ਘਰ-ਘਰ ਜਾ ਕੇ ਸਰਕਾਰ ਦੀਆਂ ਨਿਰਪੱਖ ਨੀਤੀਆਂ ਸਾਂਝੀਆਂ ਕਰੋ।', 'ਦਿਨ 61-90: ਨੌਜਵਾਨ ਵਰਗ ਨੂੰ ਸਰਕਾਰੀ ਨੌਕਰੀਆਂ ਅਤੇ ਖੇਡ ਕਿੱਟਾਂ ਰਾਹੀਂ ਪਾਰਟੀ ਨਾਲ ਜੋੜ ਕੇ ਲੀਡ ਘਟਾਓ।']}"
80,79,Pakhar Pura,ਪੱਖਰ ਪੁਰਾ,ਪੱਖਰ ਪੁਰਾ,Pakhar Pura,ਪੱਖਰ ਪੁਰਾ,SAD,SAD,270,118,SAD Retained,SAD Retained,AAP Deficit,ਆਪ ਘਾਟ,INC Deficit,"{'AAP': 'WEAK', 'SAD': 'WON_BOTH', 'INC': 'LOST_BOTH', 'BJP': 'LOST_BOTH'}",False,"{'is_flip': False, 'status_label': 'SAD Retained', 'turnout_diff': -235, 'turnout_pct': -32.06, 'sad_swing': -19.66, 'aap_swing': 8.94, 'inc_swing': -6.52, 'bjp_swing': 14.59}",733,498,-235,-32.06,465,218,-247,63.44,43.78,-19.66,64,88,24,8.73,17.67,8.94,195,100,-95,26.6,20.08,-6.52,2,74,72,0.27,14.86,14.59,7,1.41,"{'total': 733, 'sad': 465, 'aap': 64, 'inc': 195, 'bjp': 2, 'sad_votes': 465, 'sad_pct': 63.44, 'aap_votes': 64, 'aap_pct': 8.73, 'inc_votes': 195, 'inc_pct': 26.6, 'bjp_votes': 2, 'bjp_pct': 0.27, 'winner_party': 'SAD', 'margin': 270, 'winner_candidate': 'Ganieve Kaur Majithia'}","{'total': 498, 'sad': 218, 'aap': 88, 'inc': 100, 'bjp': 74, 'sada': 7, 'bsp': 1, 'others': 10, 'sad_votes': 218, 'sad_pct': 43.78, 'aap_votes': 88, 'aap_pct': 17.67, 'inc_votes': 100, 'inc_pct': 20.08, 'bjp_votes': 74, 'bjp_pct': 14.86, 'sada_votes': 7, 'sada_pct': 1.41, 'winner_party': 'SAD', 'margin': 118, 'winner_candidate': 'Anil Joshi'}","{'turnout_diff': -235, 'turnout_pct': -32.06, 'sad_shift': -247, 'sad_swing': -19.66, 'aap_shift': 24, 'aap_swing': 8.94, 'inc_shift': -95, 'inc_swing': -6.52, 'bjp_shift': 72, 'bjp_swing': 14.59}",Akali Bastion: Strategic Penetration & Demolition Zone,ਅਕਾਲੀ ਦਲ ਦਾ ਪ੍ਰਭਾਵਿਤ ਖੇਤਰ: ਵਿਸ਼ੇਸ਼ ਘੇਰਾਬੰਦੀ ਜ਼ੋਨ,SAD retained lead here by +118 votes (43.8% share). Target moderate Panthic and farming families in Pakhar Pura disillusioned with traditional leadership. Appoint dedicated block coordinators and highlight direct government procurement and village development works.,ਅਕਾਲੀ ਦਲ ਨੇ ਇੱਥੇ +118 ਵੋਟਾਂ (43.8%) ਨਾਲ ਲੀਡ ਬਣਾਈ ਹੈ। ਪੱਖਰ ਪੁਰਾ ਵਿੱਚ ਰਵਾਇਤੀ ਲੀਡਰਸ਼ਿਪ ਤੋਂ ਨਿਰਾਸ਼ ਕਿਸਾਨ ਅਤੇ ਪੰਥਕ ਪਰਿਵਾਰਾਂ ਨਾਲ ਸੰਵਾਦ ਕਰੋ। ਪਿੰਡਾਂ ਵਿੱਚ ਪੰਜਾਬ ਸਰਕਾਰ ਦੇ ਵਿਕਾਸ ਕਾਰਜਾਂ ਅਤੇ ਨਿਰਪੱਖ ਭਰਤੀਆਂ ਦੇ ਸੁਨੇਹੇ ਨਾਲ ਸੰਨ੍ਹ ਲਗਾਓ।,"{'booth_no': '79', 'village_en': 'Pakhar Pura', 'village_pa': 'ਪੱਖਰ ਪੁਰਾ', 'zone_en': 'Akali Bastion: Strategic Penetration & Demolition Zone', 'zone_pa': 'ਅਕਾਲੀ ਦਲ ਦਾ ਪ੍ਰਭਾਵਿਤ ਖੇਤਰ: ਵਿਸ਼ੇਸ਼ ਘੇਰਾਬੰਦੀ ਜ਼ੋਨ', 'action_en': 'SAD retained lead here by +118 votes (43.8% share). Target moderate Panthic and farming families in Pakhar Pura disillusioned with traditional leadership. Appoint dedicated block coordinators and highlight direct government procurement and village development works.', 'action_pa': 'ਅਕਾਲੀ ਦਲ ਨੇ ਇੱਥੇ +118 ਵੋਟਾਂ (43.8%) ਨਾਲ ਲੀਡ ਬਣਾਈ ਹੈ। ਪੱਖਰ ਪੁਰਾ ਵਿੱਚ ਰਵਾਇਤੀ ਲੀਡਰਸ਼ਿਪ ਤੋਂ ਨਿਰਾਸ਼ ਕਿਸਾਨ ਅਤੇ ਪੰਥਕ ਪਰਿਵਾਰਾਂ ਨਾਲ ਸੰਵਾਦ ਕਰੋ। ਪਿੰਡਾਂ ਵਿੱਚ ਪੰਜਾਬ ਸਰਕਾਰ ਦੇ ਵਿਕਾਸ ਕਾਰਜਾਂ ਅਤੇ ਨਿਰਪੱਖ ਭਰਤੀਆਂ ਦੇ ਸੁਨੇਹੇ ਨਾਲ ਸੰਨ੍ਹ ਲਗਾਓ।', 'action_steps_en': ['Days 1-30: Map the top 30 influential non-committed Panthic families in Pakhar Pura.', 'Days 31-60: Deploy senior constituency leaders for direct home visits to address local disgruntlement.', ""Days 61-90: Neutralize SAD's +118 vote cushion by winning over agricultural youth.""], 'action_steps_pa': ['ਦਿਨ 1-30: ਪੱਖਰ ਪੁਰਾ ਦੇ 30 ਨਿਰਪੱਖ ਅਤੇ ਪ੍ਰਭਾਵਸ਼ਾਲੀ ਪਰਿਵਾਰਾਂ ਦੀ ਸ਼ਨਾਖਤ ਕਰੋ।', 'ਦਿਨ 31-60: ਸੀਨੀਅਰ ਲੀਡਰਸ਼ਿਪ ਰਾਹੀਂ ਘਰ-ਘਰ ਜਾ ਕੇ ਸਰਕਾਰ ਦੀਆਂ ਨਿਰਪੱਖ ਨੀਤੀਆਂ ਸਾਂਝੀਆਂ ਕਰੋ।', 'ਦਿਨ 61-90: ਨੌਜਵਾਨ ਵਰਗ ਨੂੰ ਸਰਕਾਰੀ ਨੌਕਰੀਆਂ ਅਤੇ ਖੇਡ ਕਿੱਟਾਂ ਰਾਹੀਂ ਪਾਰਟੀ ਨਾਲ ਜੋੜ ਕੇ ਲੀਡ ਘਟਾਓ।'], 'action_steps': ['ਦਿਨ 1-30: ਪੱਖਰ ਪੁਰਾ ਦੇ 30 ਨਿਰਪੱਖ ਅਤੇ ਪ੍ਰਭਾਵਸ਼ਾਲੀ ਪਰਿਵਾਰਾਂ ਦੀ ਸ਼ਨਾਖਤ ਕਰੋ।', 'ਦਿਨ 31-60: ਸੀਨੀਅਰ ਲੀਡਰਸ਼ਿਪ ਰਾਹੀਂ ਘਰ-ਘਰ ਜਾ ਕੇ ਸਰਕਾਰ ਦੀਆਂ ਨਿਰਪੱਖ ਨੀਤੀਆਂ ਸਾਂਝੀਆਂ ਕਰੋ।', 'ਦਿਨ 61-90: ਨੌਜਵਾਨ ਵਰਗ ਨੂੰ ਸਰਕਾਰੀ ਨੌਕਰੀਆਂ ਅਤੇ ਖੇਡ ਕਿੱਟਾਂ ਰਾਹੀਂ ਪਾਰਟੀ ਨਾਲ ਜੋੜ ਕੇ ਲੀਡ ਘਟਾਓ।']}"
81,80,Pandher,ਪੰਧੇਰ,ਪੰਧੇਰ,Pandher,ਪੰਧੇਰ,SAD,AAP,7,3,SAD → AAP,SAD → AAP,AAP Gain,ਆਪ ਲਾਭ,INC Deficit,"{'AAP': 'GAINED', 'SAD': 'LOST_24', 'INC': 'LOST_BOTH', 'BJP': 'LOST_BOTH'}",True,"{'is_flip': True, 'status_label': 'SAD → AAP', 'turnout_diff': -108, 'turnout_pct': -18.0, 'sad_swing': -8.24, 'aap_swing': -6.47, 'inc_swing': -4.41, 'bjp_swing': 15.04}",600,492,-108,-18.0,197,121,-76,32.83,24.59,-8.24,190,124,-66,31.67,25.2,-6.47,174,121,-53,29.0,24.59,-4.41,11,83,72,1.83,16.87,15.04,11,2.24,"{'total': 600, 'sad': 197, 'aap': 190, 'inc': 174, 'bjp': 11, 'sad_votes': 197, 'sad_pct': 32.83, 'aap_votes': 190, 'aap_pct': 31.67, 'inc_votes': 174, 'inc_pct': 29.0, 'bjp_votes': 11, 'bjp_pct': 1.83, 'winner_party': 'SAD', 'margin': 7, 'winner_candidate': 'Ganieve Kaur Majithia'}","{'total': 492, 'sad': 121, 'aap': 124, 'inc': 121, 'bjp': 83, 'sada': 11, 'bsp': 2, 'others': 19, 'sad_votes': 121, 'sad_pct': 24.59, 'aap_votes': 124, 'aap_pct': 25.2, 'inc_votes': 121, 'inc_pct': 24.59, 'bjp_votes': 83, 'bjp_pct': 16.87, 'sada_votes': 11, 'sada_pct': 2.24, 'winner_party': 'AAP', 'margin': 3, 'winner_candidate': 'Kuldeep Singh Dhaliwal'}","{'turnout_diff': -108, 'turnout_pct': -18.0, 'sad_shift': -76, 'sad_swing': -8.24, 'aap_shift': -66, 'aap_swing': -6.47, 'inc_shift': -53, 'inc_swing': -4.41, 'bjp_shift': 72, 'bjp_swing': 15.04}",Historic Breakthrough: AAP Flipped Stronghold,ਇਤਿਹਾਸਕ ਪ੍ਰਾਪਤੀ: ਅਕਾਲੀ ਗੜ੍ਹ ਵਿੱਚ ਆਪ ਦੀ ਜਿੱਤ ਜ਼ੋਨ,"Major breakthrough in Pandher previously held by SAD. Formally induct local village swing leaders and youth volunteers who backed AAP in 2024. Resolve local village infrastructure, canal tail issues, and cement +3 lead.","ਪੰਧੇਰ ਵਿੱਚ ਵੱਡੀ ਇਤਿਹਾਸਕ ਸਫ਼ਲਤਾ, ਜਿੱਥੇ SAD ਦਾ ਪੁਰਾਣਾ ਦਬਦਬਾ ਟੁੱਟਿਆ। 2024 ਵਿੱਚ ਆਪ ਨਾਲ ਜੁੜੇ ਨੌਜਵਾਨਾਂ ਅਤੇ ਪੰਚਾਇਤੀ ਆਗੂਆਂ ਨੂੰ ਜਥੇਬੰਦਕ ਜ਼ਿੰਮੇਵਾਰੀਆਂ ਦਿਓ ਅਤੇ +3 ਵੋਟਾਂ ਦੀ ਲੀਡ ਨੂੰ ਸਥਾਈ ਵੋਟ ਬੈਂਕ ਵਿੱਚ ਬਦਲੋ।","{'booth_no': '80', 'village_en': 'Pandher', 'village_pa': 'ਪੰਧੇਰ', 'zone_en': 'Historic Breakthrough: AAP Flipped Stronghold', 'zone_pa': 'ਇਤਿਹਾਸਕ ਪ੍ਰਾਪਤੀ: ਅਕਾਲੀ ਗੜ੍ਹ ਵਿੱਚ ਆਪ ਦੀ ਜਿੱਤ ਜ਼ੋਨ', 'action_en': 'Major breakthrough in Pandher previously held by SAD. Formally induct local village swing leaders and youth volunteers who backed AAP in 2024. Resolve local village infrastructure, canal tail issues, and cement +3 lead.', 'action_pa': 'ਪੰਧੇਰ ਵਿੱਚ ਵੱਡੀ ਇਤਿਹਾਸਕ ਸਫ਼ਲਤਾ, ਜਿੱਥੇ SAD ਦਾ ਪੁਰਾਣਾ ਦਬਦਬਾ ਟੁੱਟਿਆ। 2024 ਵਿੱਚ ਆਪ ਨਾਲ ਜੁੜੇ ਨੌਜਵਾਨਾਂ ਅਤੇ ਪੰਚਾਇਤੀ ਆਗੂਆਂ ਨੂੰ ਜਥੇਬੰਦਕ ਜ਼ਿੰਮੇਵਾਰੀਆਂ ਦਿਓ ਅਤੇ +3 ਵੋਟਾਂ ਦੀ ਲੀਡ ਨੂੰ ਸਥਾਈ ਵੋਟ ਬੈਂਕ ਵਿੱਚ ਬਦਲੋ।', 'action_steps_en': ['Days 1-30: Onboard dynamic swing workers who crossed over from SAD into the formal AAP booth structure.', 'Days 31-60: Prioritize village link road and street light repairs in Pandher through rural development grants.', 'Days 61-90: Convert current +3 vote lead into permanent party loyalty before 2027.'], 'action_steps_pa': ['ਦਿਨ 1-30: SAD ਛੱਡ ਕੇ ਆਪ ਵਿੱਚ ਸ਼ਾਮਲ ਹੋਏ ਆਗੂਆਂ ਨੂੰ ਬੂਥ ਕਮੇਟੀ ਵਿੱਚ ਅਹਿਮ ਜ਼ਿੰਮੇਵਾਰੀਆਂ ਦਿਓ।', ""ਦਿਨ 31-60: ਪੰਧੇਰ ਵਿੱਚ ਪਿੰਡ ਦੀਆਂ ਫਿਰਨੀਆਂ, ਗਲੀਆਂ ਅਤੇ ਲਿੰਕ ਸੜਕਾਂ ਦੇ ਕੰਮ ਤਰਜੀਹ 'ਤੇ ਕਰਵਾਓ।"", 'ਦਿਨ 61-90: +3 ਵੋਟਾਂ ਦੀ ਲੀਡ ਨੂੰ ਪੱਕੇ ਵੋਟ ਬੈਂਕ ਵਿੱਚ ਤਬਦੀਲ ਕਰੋ।'], 'action_steps': ['ਦਿਨ 1-30: SAD ਛੱਡ ਕੇ ਆਪ ਵਿੱਚ ਸ਼ਾਮਲ ਹੋਏ ਆਗੂਆਂ ਨੂੰ ਬੂਥ ਕਮੇਟੀ ਵਿੱਚ ਅਹਿਮ ਜ਼ਿੰਮੇਵਾਰੀਆਂ ਦਿਓ।', ""ਦਿਨ 31-60: ਪੰਧੇਰ ਵਿੱਚ ਪਿੰਡ ਦੀਆਂ ਫਿਰਨੀਆਂ, ਗਲੀਆਂ ਅਤੇ ਲਿੰਕ ਸੜਕਾਂ ਦੇ ਕੰਮ ਤਰਜੀਹ 'ਤੇ ਕਰਵਾਓ।"", 'ਦਿਨ 61-90: +3 ਵੋਟਾਂ ਦੀ ਲੀਡ ਨੂੰ ਪੱਕੇ ਵੋਟ ਬੈਂਕ ਵਿੱਚ ਤਬਦੀਲ ਕਰੋ।']}"
82,81,Rakhnag,ਰੱਖਨਾਗ,ਰੱਖਨਾਗ,Rakhnag,ਰੱਖਨਾਗ,AAP,SAD,47,9,AAP → SAD,AAP → SAD,AAP Loss,ਆਪ ਨੁਕਸਾਨ,INC Deficit,"{'AAP': 'LOST_24', 'SAD': 'GAINED', 'INC': 'WEAK', 'BJP': 'WEAK'}",True,"{'is_flip': True, 'status_label': 'AAP → SAD', 'turnout_diff': 59, 'turnout_pct': 11.75, 'sad_swing': 5.02, 'aap_swing': -5.95, 'inc_swing': 6.89, 'bjp_swing': 1.52}",502,561,59,11.75,186,236,50,37.05,42.07,5.02,233,227,-6,46.41,40.46,-5.95,20,61,41,3.98,10.87,6.89,4,13,9,0.8,2.32,1.52,4,0.71,"{'total': 502, 'sad': 186, 'aap': 233, 'inc': 20, 'bjp': 4, 'sad_votes': 186, 'sad_pct': 37.05, 'aap_votes': 233, 'aap_pct': 46.41, 'inc_votes': 20, 'inc_pct': 3.98, 'bjp_votes': 4, 'bjp_pct': 0.8, 'winner_party': 'AAP', 'margin': 47, 'winner_candidate': 'Sukhjinder Raj Singh (Lalli)'}","{'total': 561, 'sad': 236, 'aap': 227, 'inc': 61, 'bjp': 13, 'sada': 4, 'bsp': 0, 'others': 18, 'sad_votes': 236, 'sad_pct': 42.07, 'aap_votes': 227, 'aap_pct': 40.46, 'inc_votes': 61, 'inc_pct': 10.87, 'bjp_votes': 13, 'bjp_pct': 2.32, 'sada_votes': 4, 'sada_pct': 0.71, 'winner_party': 'SAD', 'margin': 9, 'winner_candidate': 'Anil Joshi'}","{'turnout_diff': 59, 'turnout_pct': 11.75, 'sad_shift': 50, 'sad_swing': 5.02, 'aap_shift': -6, 'aap_swing': -5.95, 'inc_shift': 41, 'inc_swing': 6.89, 'bjp_shift': 9, 'bjp_swing': 1.52}",Akali Bastion: Strategic Penetration & Demolition Zone,ਅਕਾਲੀ ਦਲ ਦਾ ਪ੍ਰਭਾਵਿਤ ਖੇਤਰ: ਵਿਸ਼ੇਸ਼ ਘੇਰਾਬੰਦੀ ਜ਼ੋਨ,SAD retained lead here by +9 votes (42.1% share). Target moderate Panthic and farming families in Rakhnag disillusioned with traditional leadership. Appoint dedicated block coordinators and highlight direct government procurement and village development works.,ਅਕਾਲੀ ਦਲ ਨੇ ਇੱਥੇ +9 ਵੋਟਾਂ (42.1%) ਨਾਲ ਲੀਡ ਬਣਾਈ ਹੈ। ਰੱਖਨਾਗ ਵਿੱਚ ਰਵਾਇਤੀ ਲੀਡਰਸ਼ਿਪ ਤੋਂ ਨਿਰਾਸ਼ ਕਿਸਾਨ ਅਤੇ ਪੰਥਕ ਪਰਿਵਾਰਾਂ ਨਾਲ ਸੰਵਾਦ ਕਰੋ। ਪਿੰਡਾਂ ਵਿੱਚ ਪੰਜਾਬ ਸਰਕਾਰ ਦੇ ਵਿਕਾਸ ਕਾਰਜਾਂ ਅਤੇ ਨਿਰਪੱਖ ਭਰਤੀਆਂ ਦੇ ਸੁਨੇਹੇ ਨਾਲ ਸੰਨ੍ਹ ਲਗਾਓ।,"{'booth_no': '81', 'village_en': 'Rakhnag', 'village_pa': 'ਰੱਖਨਾਗ', 'zone_en': 'Akali Bastion: Strategic Penetration & Demolition Zone', 'zone_pa': 'ਅਕਾਲੀ ਦਲ ਦਾ ਪ੍ਰਭਾਵਿਤ ਖੇਤਰ: ਵਿਸ਼ੇਸ਼ ਘੇਰਾਬੰਦੀ ਜ਼ੋਨ', 'action_en': 'SAD retained lead here by +9 votes (42.1% share). Target moderate Panthic and farming families in Rakhnag disillusioned with traditional leadership. Appoint dedicated block coordinators and highlight direct government procurement and village development works.', 'action_pa': 'ਅਕਾਲੀ ਦਲ ਨੇ ਇੱਥੇ +9 ਵੋਟਾਂ (42.1%) ਨਾਲ ਲੀਡ ਬਣਾਈ ਹੈ। ਰੱਖਨਾਗ ਵਿੱਚ ਰਵਾਇਤੀ ਲੀਡਰਸ਼ਿਪ ਤੋਂ ਨਿਰਾਸ਼ ਕਿਸਾਨ ਅਤੇ ਪੰਥਕ ਪਰਿਵਾਰਾਂ ਨਾਲ ਸੰਵਾਦ ਕਰੋ। ਪਿੰਡਾਂ ਵਿੱਚ ਪੰਜਾਬ ਸਰਕਾਰ ਦੇ ਵਿਕਾਸ ਕਾਰਜਾਂ ਅਤੇ ਨਿਰਪੱਖ ਭਰਤੀਆਂ ਦੇ ਸੁਨੇਹੇ ਨਾਲ ਸੰਨ੍ਹ ਲਗਾਓ।', 'action_steps_en': ['Days 1-30: Map the top 30 influential non-committed Panthic families in Rakhnag.', 'Days 31-60: Deploy senior constituency leaders for direct home visits to address local disgruntlement.', ""Days 61-90: Neutralize SAD's +9 vote cushion by winning over agricultural youth.""], 'action_steps_pa': ['ਦਿਨ 1-30: ਰੱਖਨਾਗ ਦੇ 30 ਨਿਰਪੱਖ ਅਤੇ ਪ੍ਰਭਾਵਸ਼ਾਲੀ ਪਰਿਵਾਰਾਂ ਦੀ ਸ਼ਨਾਖਤ ਕਰੋ।', 'ਦਿਨ 31-60: ਸੀਨੀਅਰ ਲੀਡਰਸ਼ਿਪ ਰਾਹੀਂ ਘਰ-ਘਰ ਜਾ ਕੇ ਸਰਕਾਰ ਦੀਆਂ ਨਿਰਪੱਖ ਨੀਤੀਆਂ ਸਾਂਝੀਆਂ ਕਰੋ।', 'ਦਿਨ 61-90: ਨੌਜਵਾਨ ਵਰਗ ਨੂੰ ਸਰਕਾਰੀ ਨੌਕਰੀਆਂ ਅਤੇ ਖੇਡ ਕਿੱਟਾਂ ਰਾਹੀਂ ਪਾਰਟੀ ਨਾਲ ਜੋੜ ਕੇ ਲੀਡ ਘਟਾਓ।'], 'action_steps': ['ਦਿਨ 1-30: ਰੱਖਨਾਗ ਦੇ 30 ਨਿਰਪੱਖ ਅਤੇ ਪ੍ਰਭਾਵਸ਼ਾਲੀ ਪਰਿਵਾਰਾਂ ਦੀ ਸ਼ਨਾਖਤ ਕਰੋ।', 'ਦਿਨ 31-60: ਸੀਨੀਅਰ ਲੀਡਰਸ਼ਿਪ ਰਾਹੀਂ ਘਰ-ਘਰ ਜਾ ਕੇ ਸਰਕਾਰ ਦੀਆਂ ਨਿਰਪੱਖ ਨੀਤੀਆਂ ਸਾਂਝੀਆਂ ਕਰੋ।', 'ਦਿਨ 61-90: ਨੌਜਵਾਨ ਵਰਗ ਨੂੰ ਸਰਕਾਰੀ ਨੌਕਰੀਆਂ ਅਤੇ ਖੇਡ ਕਿੱਟਾਂ ਰਾਹੀਂ ਪਾਰਟੀ ਨਾਲ ਜੋੜ ਕੇ ਲੀਡ ਘਟਾਓ।']}"
83,82,Ramana Chak,ਰਮਾਣਾ ਚੱਕ,ਰਮਾਣਾ ਚੱਕ,Ramana Chak,ਰਮਾਣਾ ਚੱਕ,SAD,SAD,19,83,SAD Retained,SAD Retained,AAP Deficit,ਆਪ ਘਾਟ,INC Deficit,"{'AAP': 'LOST_BOTH', 'SAD': 'WON_BOTH', 'INC': 'WEAK', 'BJP': 'WEAK'}",False,"{'is_flip': False, 'status_label': 'SAD Retained', 'turnout_diff': 24, 'turnout_pct': 4.1, 'sad_swing': 0.87, 'aap_swing': -9.5, 'inc_swing': 3.07, 'bjp_swing': 3.28}",586,610,24,4.1,261,277,16,44.54,45.41,0.87,242,194,-48,41.3,31.8,-9.5,55,76,21,9.39,12.46,3.07,0,20,20,0.0,3.28,3.28,12,1.97,"{'total': 586, 'sad': 261, 'aap': 242, 'inc': 55, 'bjp': 0, 'sad_votes': 261, 'sad_pct': 44.54, 'aap_votes': 242, 'aap_pct': 41.3, 'inc_votes': 55, 'inc_pct': 9.39, 'bjp_votes': 0, 'bjp_pct': 0.0, 'winner_party': 'SAD', 'margin': 19, 'winner_candidate': 'Ganieve Kaur Majithia'}","{'total': 610, 'sad': 277, 'aap': 194, 'inc': 76, 'bjp': 20, 'sada': 12, 'bsp': 0, 'others': 30, 'sad_votes': 277, 'sad_pct': 45.41, 'aap_votes': 194, 'aap_pct': 31.8, 'inc_votes': 76, 'inc_pct': 12.46, 'bjp_votes': 20, 'bjp_pct': 3.28, 'sada_votes': 12, 'sada_pct': 1.97, 'winner_party': 'SAD', 'margin': 83, 'winner_candidate': 'Anil Joshi'}","{'turnout_diff': 24, 'turnout_pct': 4.1, 'sad_shift': 16, 'sad_swing': 0.87, 'aap_shift': -48, 'aap_swing': -9.5, 'inc_shift': 21, 'inc_swing': 3.07, 'bjp_shift': 20, 'bjp_swing': 3.28}",Akali Bastion: Strategic Penetration & Demolition Zone,ਅਕਾਲੀ ਦਲ ਦਾ ਪ੍ਰਭਾਵਿਤ ਖੇਤਰ: ਵਿਸ਼ੇਸ਼ ਘੇਰਾਬੰਦੀ ਜ਼ੋਨ,SAD retained lead here by +83 votes (45.4% share). Target moderate Panthic and farming families in Ramana Chak disillusioned with traditional leadership. Appoint dedicated block coordinators and highlight direct government procurement and village development works.,ਅਕਾਲੀ ਦਲ ਨੇ ਇੱਥੇ +83 ਵੋਟਾਂ (45.4%) ਨਾਲ ਲੀਡ ਬਣਾਈ ਹੈ। ਰਮਾਣਾ ਚੱਕ ਵਿੱਚ ਰਵਾਇਤੀ ਲੀਡਰਸ਼ਿਪ ਤੋਂ ਨਿਰਾਸ਼ ਕਿਸਾਨ ਅਤੇ ਪੰਥਕ ਪਰਿਵਾਰਾਂ ਨਾਲ ਸੰਵਾਦ ਕਰੋ। ਪਿੰਡਾਂ ਵਿੱਚ ਪੰਜਾਬ ਸਰਕਾਰ ਦੇ ਵਿਕਾਸ ਕਾਰਜਾਂ ਅਤੇ ਨਿਰਪੱਖ ਭਰਤੀਆਂ ਦੇ ਸੁਨੇਹੇ ਨਾਲ ਸੰਨ੍ਹ ਲਗਾਓ।,"{'booth_no': '82', 'village_en': 'Ramana Chak', 'village_pa': 'ਰਮਾਣਾ ਚੱਕ', 'zone_en': 'Akali Bastion: Strategic Penetration & Demolition Zone', 'zone_pa': 'ਅਕਾਲੀ ਦਲ ਦਾ ਪ੍ਰਭਾਵਿਤ ਖੇਤਰ: ਵਿਸ਼ੇਸ਼ ਘੇਰਾਬੰਦੀ ਜ਼ੋਨ', 'action_en': 'SAD retained lead here by +83 votes (45.4% share). Target moderate Panthic and farming families in Ramana Chak disillusioned with traditional leadership. Appoint dedicated block coordinators and highlight direct government procurement and village development works.', 'action_pa': 'ਅਕਾਲੀ ਦਲ ਨੇ ਇੱਥੇ +83 ਵੋਟਾਂ (45.4%) ਨਾਲ ਲੀਡ ਬਣਾਈ ਹੈ। ਰਮਾਣਾ ਚੱਕ ਵਿੱਚ ਰਵਾਇਤੀ ਲੀਡਰਸ਼ਿਪ ਤੋਂ ਨਿਰਾਸ਼ ਕਿਸਾਨ ਅਤੇ ਪੰਥਕ ਪਰਿਵਾਰਾਂ ਨਾਲ ਸੰਵਾਦ ਕਰੋ। ਪਿੰਡਾਂ ਵਿੱਚ ਪੰਜਾਬ ਸਰਕਾਰ ਦੇ ਵਿਕਾਸ ਕਾਰਜਾਂ ਅਤੇ ਨਿਰਪੱਖ ਭਰਤੀਆਂ ਦੇ ਸੁਨੇਹੇ ਨਾਲ ਸੰਨ੍ਹ ਲਗਾਓ।', 'action_steps_en': ['Days 1-30: Map the top 30 influential non-committed Panthic families in Ramana Chak.', 'Days 31-60: Deploy senior constituency leaders for direct home visits to address local disgruntlement.', ""Days 61-90: Neutralize SAD's +83 vote cushion by winning over agricultural youth.""], 'action_steps_pa': ['ਦਿਨ 1-30: ਰਮਾਣਾ ਚੱਕ ਦੇ 30 ਨਿਰਪੱਖ ਅਤੇ ਪ੍ਰਭਾਵਸ਼ਾਲੀ ਪਰਿਵਾਰਾਂ ਦੀ ਸ਼ਨਾਖਤ ਕਰੋ।', 'ਦਿਨ 31-60: ਸੀਨੀਅਰ ਲੀਡਰਸ਼ਿਪ ਰਾਹੀਂ ਘਰ-ਘਰ ਜਾ ਕੇ ਸਰਕਾਰ ਦੀਆਂ ਨਿਰਪੱਖ ਨੀਤੀਆਂ ਸਾਂਝੀਆਂ ਕਰੋ।', 'ਦਿਨ 61-90: ਨੌਜਵਾਨ ਵਰਗ ਨੂੰ ਸਰਕਾਰੀ ਨੌਕਰੀਆਂ ਅਤੇ ਖੇਡ ਕਿੱਟਾਂ ਰਾਹੀਂ ਪਾਰਟੀ ਨਾਲ ਜੋੜ ਕੇ ਲੀਡ ਘਟਾਓ।'], 'action_steps': ['ਦਿਨ 1-30: ਰਮਾਣਾ ਚੱਕ ਦੇ 30 ਨਿਰਪੱਖ ਅਤੇ ਪ੍ਰਭਾਵਸ਼ਾਲੀ ਪਰਿਵਾਰਾਂ ਦੀ ਸ਼ਨਾਖਤ ਕਰੋ।', 'ਦਿਨ 31-60: ਸੀਨੀਅਰ ਲੀਡਰਸ਼ਿਪ ਰਾਹੀਂ ਘਰ-ਘਰ ਜਾ ਕੇ ਸਰਕਾਰ ਦੀਆਂ ਨਿਰਪੱਖ ਨੀਤੀਆਂ ਸਾਂਝੀਆਂ ਕਰੋ।', 'ਦਿਨ 61-90: ਨੌਜਵਾਨ ਵਰਗ ਨੂੰ ਸਰਕਾਰੀ ਨੌਕਰੀਆਂ ਅਤੇ ਖੇਡ ਕਿੱਟਾਂ ਰਾਹੀਂ ਪਾਰਟੀ ਨਾਲ ਜੋੜ ਕੇ ਲੀਡ ਘਟਾਓ।']}"
84,83,Ram Diwali Hinduan,ਰਾਮ ਦਿਵਾਲੀ ਹਿੰਦੂਆਂ,ਰਾਮ ਦਿਵਾਲੀ ਹਿੰਦੂਆਂ,Ram Diwali Hinduan,ਰਾਮ ਦਿਵਾਲੀ ਹਿੰਦੂਆਂ,SAD,AAP,14,21,SAD → AAP,SAD → AAP,AAP Gain,ਆਪ ਲਾਭ,INC Deficit,"{'AAP': 'GAINED', 'SAD': 'LOST_24', 'INC': 'WEAK', 'BJP': 'WEAK'}",True,"{'is_flip': True, 'status_label': 'SAD → AAP', 'turnout_diff': -57, 'turnout_pct': -7.45, 'sad_swing': -4.23, 'aap_swing': 0.57, 'inc_swing': -1.19, 'bjp_swing': 1.99}",765,708,-57,-7.45,323,269,-54,42.22,37.99,-4.23,309,290,-19,40.39,40.96,0.57,101,85,-16,13.2,12.01,-1.19,1,15,14,0.13,2.12,1.99,4,0.56,"{'total': 765, 'sad': 323, 'aap': 309, 'inc': 101, 'bjp': 1, 'sad_votes': 323, 'sad_pct': 42.22, 'aap_votes': 309, 'aap_pct': 40.39, 'inc_votes': 101, 'inc_pct': 13.2, 'bjp_votes': 1, 'bjp_pct': 0.13, 'winner_party': 'SAD', 'margin': 14, 'winner_candidate': 'Ganieve Kaur Majithia'}","{'total': 708, 'sad': 269, 'aap': 290, 'inc': 85, 'bjp': 15, 'sada': 4, 'bsp': 1, 'others': 40, 'sad_votes': 269, 'sad_pct': 37.99, 'aap_votes': 290, 'aap_pct': 40.96, 'inc_votes': 85, 'inc_pct': 12.01, 'bjp_votes': 15, 'bjp_pct': 2.12, 'sada_votes': 4, 'sada_pct': 0.56, 'winner_party': 'AAP', 'margin': 21, 'winner_candidate': 'Kuldeep Singh Dhaliwal'}","{'turnout_diff': -57, 'turnout_pct': -7.45, 'sad_shift': -54, 'sad_swing': -4.23, 'aap_shift': -19, 'aap_swing': 0.57, 'inc_shift': -16, 'inc_swing': -1.19, 'bjp_shift': 14, 'bjp_swing': 1.99}",Historic Breakthrough: AAP Flipped Stronghold,ਇਤਿਹਾਸਕ ਪ੍ਰਾਪਤੀ: ਅਕਾਲੀ ਗੜ੍ਹ ਵਿੱਚ ਆਪ ਦੀ ਜਿੱਤ ਜ਼ੋਨ,"Major breakthrough in Ram Diwali Hinduan previously held by SAD. Formally induct local village swing leaders and youth volunteers who backed AAP in 2024. Resolve local village infrastructure, canal tail issues, and cement +21 lead.","ਰਾਮ ਦਿਵਾਲੀ ਹਿੰਦੂਆਂ ਵਿੱਚ ਵੱਡੀ ਇਤਿਹਾਸਕ ਸਫ਼ਲਤਾ, ਜਿੱਥੇ SAD ਦਾ ਪੁਰਾਣਾ ਦਬਦਬਾ ਟੁੱਟਿਆ। 2024 ਵਿੱਚ ਆਪ ਨਾਲ ਜੁੜੇ ਨੌਜਵਾਨਾਂ ਅਤੇ ਪੰਚਾਇਤੀ ਆਗੂਆਂ ਨੂੰ ਜਥੇਬੰਦਕ ਜ਼ਿੰਮੇਵਾਰੀਆਂ ਦਿਓ ਅਤੇ +21 ਵੋਟਾਂ ਦੀ ਲੀਡ ਨੂੰ ਸਥਾਈ ਵੋਟ ਬੈਂਕ ਵਿੱਚ ਬਦਲੋ।","{'booth_no': '83', 'village_en': 'Ram Diwali Hinduan', 'village_pa': 'ਰਾਮ ਦਿਵਾਲੀ ਹਿੰਦੂਆਂ', 'zone_en': 'Historic Breakthrough: AAP Flipped Stronghold', 'zone_pa': 'ਇਤਿਹਾਸਕ ਪ੍ਰਾਪਤੀ: ਅਕਾਲੀ ਗੜ੍ਹ ਵਿੱਚ ਆਪ ਦੀ ਜਿੱਤ ਜ਼ੋਨ', 'action_en': 'Major breakthrough in Ram Diwali Hinduan previously held by SAD. Formally induct local village swing leaders and youth volunteers who backed AAP in 2024. Resolve local village infrastructure, canal tail issues, and cement +21 lead.', 'action_pa': 'ਰਾਮ ਦਿਵਾਲੀ ਹਿੰਦੂਆਂ ਵਿੱਚ ਵੱਡੀ ਇਤਿਹਾਸਕ ਸਫ਼ਲਤਾ, ਜਿੱਥੇ SAD ਦਾ ਪੁਰਾਣਾ ਦਬਦਬਾ ਟੁੱਟਿਆ। 2024 ਵਿੱਚ ਆਪ ਨਾਲ ਜੁੜੇ ਨੌਜਵਾਨਾਂ ਅਤੇ ਪੰਚਾਇਤੀ ਆਗੂਆਂ ਨੂੰ ਜਥੇਬੰਦਕ ਜ਼ਿੰਮੇਵਾਰੀਆਂ ਦਿਓ ਅਤੇ +21 ਵੋਟਾਂ ਦੀ ਲੀਡ ਨੂੰ ਸਥਾਈ ਵੋਟ ਬੈਂਕ ਵਿੱਚ ਬਦਲੋ।', 'action_steps_en': ['Days 1-30: Onboard dynamic swing workers who crossed over from SAD into the formal AAP booth structure.', 'Days 31-60: Prioritize village link road and street light repairs in Ram Diwali Hinduan through rural development grants.', 'Days 61-90: Convert current +21 vote lead into permanent party loyalty before 2027.'], 'action_steps_pa': ['ਦਿਨ 1-30: SAD ਛੱਡ ਕੇ ਆਪ ਵਿੱਚ ਸ਼ਾਮਲ ਹੋਏ ਆਗੂਆਂ ਨੂੰ ਬੂਥ ਕਮੇਟੀ ਵਿੱਚ ਅਹਿਮ ਜ਼ਿੰਮੇਵਾਰੀਆਂ ਦਿਓ।', ""ਦਿਨ 31-60: ਰਾਮ ਦਿਵਾਲੀ ਹਿੰਦੂਆਂ ਵਿੱਚ ਪਿੰਡ ਦੀਆਂ ਫਿਰਨੀਆਂ, ਗਲੀਆਂ ਅਤੇ ਲਿੰਕ ਸੜਕਾਂ ਦੇ ਕੰਮ ਤਰਜੀਹ 'ਤੇ ਕਰਵਾਓ।"", 'ਦਿਨ 61-90: +21 ਵੋਟਾਂ ਦੀ ਲੀਡ ਨੂੰ ਪੱਕੇ ਵੋਟ ਬੈਂਕ ਵਿੱਚ ਤਬਦੀਲ ਕਰੋ।'], 'action_steps': ['ਦਿਨ 1-30: SAD ਛੱਡ ਕੇ ਆਪ ਵਿੱਚ ਸ਼ਾਮਲ ਹੋਏ ਆਗੂਆਂ ਨੂੰ ਬੂਥ ਕਮੇਟੀ ਵਿੱਚ ਅਹਿਮ ਜ਼ਿੰਮੇਵਾਰੀਆਂ ਦਿਓ।', ""ਦਿਨ 31-60: ਰਾਮ ਦਿਵਾਲੀ ਹਿੰਦੂਆਂ ਵਿੱਚ ਪਿੰਡ ਦੀਆਂ ਫਿਰਨੀਆਂ, ਗਲੀਆਂ ਅਤੇ ਲਿੰਕ ਸੜਕਾਂ ਦੇ ਕੰਮ ਤਰਜੀਹ 'ਤੇ ਕਰਵਾਓ।"", 'ਦਿਨ 61-90: +21 ਵੋਟਾਂ ਦੀ ਲੀਡ ਨੂੰ ਪੱਕੇ ਵੋਟ ਬੈਂਕ ਵਿੱਚ ਤਬਦੀਲ ਕਰੋ।']}"
85,84,Ram Diwali Musalmana,ਰਾਮ ਦਿਵਾਲੀ ਮੁਸਲਮਾਨਾਂ,ਰਾਮ ਦਿਵਾਲੀ ਮੁਸਲਮਾਨਾਂ,Ram Diwali Musalmana,ਰਾਮ ਦਿਵਾਲੀ ਮੁਸਲਮਾਨਾਂ,SAD,SAD,249,0,SAD Retained,SAD Retained,AAP Deficit,ਆਪ ਘਾਟ,INC Deficit,"{'AAP': 'LOST_BOTH', 'SAD': 'WON_BOTH', 'INC': 'WEAK', 'BJP': 'WEAK'}",False,"{'is_flip': False, 'status_label': 'SAD Retained', 'turnout_diff': -50, 'turnout_pct': -7.4, 'sad_swing': -21.02, 'aap_swing': 34.01, 'inc_swing': -11.34, 'bjp_swing': 0.58}",676,626,-50,-7.4,411,249,-162,60.8,39.78,-21.02,39,249,210,5.77,39.78,34.01,162,79,-83,23.96,12.62,-11.34,8,11,3,1.18,1.76,0.58,9,1.44,"{'total': 676, 'sad': 411, 'aap': 39, 'inc': 162, 'bjp': 8, 'sad_votes': 411, 'sad_pct': 60.8, 'aap_votes': 39, 'aap_pct': 5.77, 'inc_votes': 162, 'inc_pct': 23.96, 'bjp_votes': 8, 'bjp_pct': 1.18, 'winner_party': 'SAD', 'margin': 249, 'winner_candidate': 'Ganieve Kaur Majithia'}","{'total': 626, 'sad': 249, 'aap': 249, 'inc': 79, 'bjp': 11, 'sada': 9, 'bsp': 0, 'others': 26, 'sad_votes': 249, 'sad_pct': 39.78, 'aap_votes': 249, 'aap_pct': 39.78, 'inc_votes': 79, 'inc_pct': 12.62, 'bjp_votes': 11, 'bjp_pct': 1.76, 'sada_votes': 9, 'sada_pct': 1.44, 'winner_party': 'SAD', 'margin': 0, 'winner_candidate': 'Anil Joshi'}","{'turnout_diff': -50, 'turnout_pct': -7.4, 'sad_shift': -162, 'sad_swing': -21.02, 'aap_shift': 210, 'aap_swing': 34.01, 'inc_shift': -83, 'inc_swing': -11.34, 'bjp_shift': 3, 'bjp_swing': 0.58}",Akali Bastion: Strategic Penetration & Demolition Zone,ਅਕਾਲੀ ਦਲ ਦਾ ਪ੍ਰਭਾਵਿਤ ਖੇਤਰ: ਵਿਸ਼ੇਸ਼ ਘੇਰਾਬੰਦੀ ਜ਼ੋਨ,SAD retained lead here by +0 votes (39.8% share). Target moderate Panthic and farming families in Ram Diwali Musalmana disillusioned with traditional leadership. Appoint dedicated block coordinators and highlight direct government procurement and village development works.,ਅਕਾਲੀ ਦਲ ਨੇ ਇੱਥੇ +0 ਵੋਟਾਂ (39.8%) ਨਾਲ ਲੀਡ ਬਣਾਈ ਹੈ। ਰਾਮ ਦਿਵਾਲੀ ਮੁਸਲਮਾਨਾਂ ਵਿੱਚ ਰਵਾਇਤੀ ਲੀਡਰਸ਼ਿਪ ਤੋਂ ਨਿਰਾਸ਼ ਕਿਸਾਨ ਅਤੇ ਪੰਥਕ ਪਰਿਵਾਰਾਂ ਨਾਲ ਸੰਵਾਦ ਕਰੋ। ਪਿੰਡਾਂ ਵਿੱਚ ਪੰਜਾਬ ਸਰਕਾਰ ਦੇ ਵਿਕਾਸ ਕਾਰਜਾਂ ਅਤੇ ਨਿਰਪੱਖ ਭਰਤੀਆਂ ਦੇ ਸੁਨੇਹੇ ਨਾਲ ਸੰਨ੍ਹ ਲਗਾਓ।,"{'booth_no': '84', 'village_en': 'Ram Diwali Musalmana', 'village_pa': 'ਰਾਮ ਦਿਵਾਲੀ ਮੁਸਲਮਾਨਾਂ', 'zone_en': 'Akali Bastion: Strategic Penetration & Demolition Zone', 'zone_pa': 'ਅਕਾਲੀ ਦਲ ਦਾ ਪ੍ਰਭਾਵਿਤ ਖੇਤਰ: ਵਿਸ਼ੇਸ਼ ਘੇਰਾਬੰਦੀ ਜ਼ੋਨ', 'action_en': 'SAD retained lead here by +0 votes (39.8% share). Target moderate Panthic and farming families in Ram Diwali Musalmana disillusioned with traditional leadership. Appoint dedicated block coordinators and highlight direct government procurement and village development works.', 'action_pa': 'ਅਕਾਲੀ ਦਲ ਨੇ ਇੱਥੇ +0 ਵੋਟਾਂ (39.8%) ਨਾਲ ਲੀਡ ਬਣਾਈ ਹੈ। ਰਾਮ ਦਿਵਾਲੀ ਮੁਸਲਮਾਨਾਂ ਵਿੱਚ ਰਵਾਇਤੀ ਲੀਡਰਸ਼ਿਪ ਤੋਂ ਨਿਰਾਸ਼ ਕਿਸਾਨ ਅਤੇ ਪੰਥਕ ਪਰਿਵਾਰਾਂ ਨਾਲ ਸੰਵਾਦ ਕਰੋ। ਪਿੰਡਾਂ ਵਿੱਚ ਪੰਜਾਬ ਸਰਕਾਰ ਦੇ ਵਿਕਾਸ ਕਾਰਜਾਂ ਅਤੇ ਨਿਰਪੱਖ ਭਰਤੀਆਂ ਦੇ ਸੁਨੇਹੇ ਨਾਲ ਸੰਨ੍ਹ ਲਗਾਓ।', 'action_steps_en': ['Days 1-30: Map the top 30 influential non-committed Panthic families in Ram Diwali Musalmana.', 'Days 31-60: Deploy senior constituency leaders for direct home visits to address local disgruntlement.', ""Days 61-90: Neutralize SAD's +0 vote cushion by winning over agricultural youth.""], 'action_steps_pa': ['ਦਿਨ 1-30: ਰਾਮ ਦਿਵਾਲੀ ਮੁਸਲਮਾਨਾਂ ਦੇ 30 ਨਿਰਪੱਖ ਅਤੇ ਪ੍ਰਭਾਵਸ਼ਾਲੀ ਪਰਿਵਾਰਾਂ ਦੀ ਸ਼ਨਾਖਤ ਕਰੋ।', 'ਦਿਨ 31-60: ਸੀਨੀਅਰ ਲੀਡਰਸ਼ਿਪ ਰਾਹੀਂ ਘਰ-ਘਰ ਜਾ ਕੇ ਸਰਕਾਰ ਦੀਆਂ ਨਿਰਪੱਖ ਨੀਤੀਆਂ ਸਾਂਝੀਆਂ ਕਰੋ।', 'ਦਿਨ 61-90: ਨੌਜਵਾਨ ਵਰਗ ਨੂੰ ਸਰਕਾਰੀ ਨੌਕਰੀਆਂ ਅਤੇ ਖੇਡ ਕਿੱਟਾਂ ਰਾਹੀਂ ਪਾਰਟੀ ਨਾਲ ਜੋੜ ਕੇ ਲੀਡ ਘਟਾਓ।'], 'action_steps': ['ਦਿਨ 1-30: ਰਾਮ ਦਿਵਾਲੀ ਮੁਸਲਮਾਨਾਂ ਦੇ 30 ਨਿਰਪੱਖ ਅਤੇ ਪ੍ਰਭਾਵਸ਼ਾਲੀ ਪਰਿਵਾਰਾਂ ਦੀ ਸ਼ਨਾਖਤ ਕਰੋ।', 'ਦਿਨ 31-60: ਸੀਨੀਅਰ ਲੀਡਰਸ਼ਿਪ ਰਾਹੀਂ ਘਰ-ਘਰ ਜਾ ਕੇ ਸਰਕਾਰ ਦੀਆਂ ਨਿਰਪੱਖ ਨੀਤੀਆਂ ਸਾਂਝੀਆਂ ਕਰੋ।', 'ਦਿਨ 61-90: ਨੌਜਵਾਨ ਵਰਗ ਨੂੰ ਸਰਕਾਰੀ ਨੌਕਰੀਆਂ ਅਤੇ ਖੇਡ ਕਿੱਟਾਂ ਰਾਹੀਂ ਪਾਰਟੀ ਨਾਲ ਜੋੜ ਕੇ ਲੀਡ ਘਟਾਓ।']}"
86,85,Sahjada,ਸਹਿਜਾਦਾ,ਸਹਿਜਾਦਾ,Sahjada,ਸਹਿਜਾਦਾ,SAD,INC,90,31,SAD → INC,SAD → INC,AAP Deficit,ਆਪ ਘਾਟ,INC Gain,"{'AAP': 'WEAK', 'SAD': 'LOST_24', 'INC': 'GAINED', 'BJP': 'WEAK'}",True,"{'is_flip': True, 'status_label': 'SAD → INC', 'turnout_diff': -613, 'turnout_pct': -65.01, 'sad_swing': -16.42, 'aap_swing': 2.63, 'inc_swing': 2.52, 'bjp_swing': 2.09}",943,330,-613,-65.01,432,97,-335,45.81,29.39,-16.42,141,58,-83,14.95,17.58,2.63,342,128,-214,36.27,38.79,2.52,6,9,3,0.64,2.73,2.09,27,8.18,"{'total': 943, 'sad': 432, 'aap': 141, 'inc': 342, 'bjp': 6, 'sad_votes': 432, 'sad_pct': 45.81, 'aap_votes': 141, 'aap_pct': 14.95, 'inc_votes': 342, 'inc_pct': 36.27, 'bjp_votes': 6, 'bjp_pct': 0.64, 'winner_party': 'SAD', 'margin': 90, 'winner_candidate': 'Ganieve Kaur Majithia'}","{'total': 330, 'sad': 97, 'aap': 58, 'inc': 128, 'bjp': 9, 'sada': 27, 'bsp': 0, 'others': 11, 'sad_votes': 97, 'sad_pct': 29.39, 'aap_votes': 58, 'aap_pct': 17.58, 'inc_votes': 128, 'inc_pct': 38.79, 'bjp_votes': 9, 'bjp_pct': 2.73, 'sada_votes': 27, 'sada_pct': 8.18, 'winner_party': 'INC', 'margin': 31, 'winner_candidate': 'Gurjeet Singh Aujla'}","{'turnout_diff': -613, 'turnout_pct': -65.01, 'sad_shift': -335, 'sad_swing': -16.42, 'aap_shift': -83, 'aap_swing': 2.63, 'inc_shift': -214, 'inc_swing': 2.52, 'bjp_shift': 3, 'bjp_swing': 2.09}",Congress Belt: High-Intensity Reclamation Zone,ਕਾਂਗਰਸੀ ਪ੍ਰਭਾਵ ਵਾਲਾ ਹਲਕਾ: ਮੁੜ-ਬਹਾਲੀ ਜ਼ੋਨ,INC led by +31 votes with 38.8% vote share in Sahjada. Neutralize traditional Congress sarpanch networks. Appoint 2 booth captains and directly onboard dynamic rural youth.,ਕਾਂਗਰਸ ਨੇ ਇੱਥੇ +31 ਵੋਟਾਂ (38.8%) ਦੀ ਲੀਡ ਲਈ ਹੈ। ਸਹਿਜਾਦਾ ਵਿੱਚ ਪੁਰਾਣੇ ਸਰਪੰਚੀ ਪ੍ਰਭਾਵ ਨੂੰ ਘਟਾਉਣ ਲਈ ਦੋ ਨਵੇਂ ਯੂਥ ਬੂਥ ਇੰਚਾਰਜ ਲਗਾਓ ਅਤੇ ਘਰ-ਘਰ ਸੰਪਰਕ ਮੁਹਿੰਮ ਚਲਾਓ।,"{'booth_no': '85', 'village_en': 'Sahjada', 'village_pa': 'ਸਹਿਜਾਦਾ', 'zone_en': 'Congress Belt: High-Intensity Reclamation Zone', 'zone_pa': 'ਕਾਂਗਰਸੀ ਪ੍ਰਭਾਵ ਵਾਲਾ ਹਲਕਾ: ਮੁੜ-ਬਹਾਲੀ ਜ਼ੋਨ', 'action_en': 'INC led by +31 votes with 38.8% vote share in Sahjada. Neutralize traditional Congress sarpanch networks. Appoint 2 booth captains and directly onboard dynamic rural youth.', 'action_pa': 'ਕਾਂਗਰਸ ਨੇ ਇੱਥੇ +31 ਵੋਟਾਂ (38.8%) ਦੀ ਲੀਡ ਲਈ ਹੈ। ਸਹਿਜਾਦਾ ਵਿੱਚ ਪੁਰਾਣੇ ਸਰਪੰਚੀ ਪ੍ਰਭਾਵ ਨੂੰ ਘਟਾਉਣ ਲਈ ਦੋ ਨਵੇਂ ਯੂਥ ਬੂਥ ਇੰਚਾਰਜ ਲਗਾਓ ਅਤੇ ਘਰ-ਘਰ ਸੰਪਰਕ ਮੁਹਿੰਮ ਚਲਾਓ।', 'action_steps_en': ['Days 1-30: Identify active vs inactive Congress booth workers in Sahjada.', 'Days 31-60: Form rural welfare monitoring committee to connect village elders with state pensions.', ""Days 61-90: Overcome Congress's +31 vote lead through door-to-door cadre contact.""], 'action_steps_pa': ['ਦਿਨ 1-30: ਸਹਿਜਾਦਾ ਵਿੱਚ ਕਾਂਗਰਸੀ ਸਰਪੰਚਾਂ ਅਤੇ ਆਗੂਆਂ ਦੇ ਪ੍ਰਭਾਵ ਦਾ ਵਿਸ਼ਲੇਸ਼ਣ ਕਰੋ।', 'ਦਿਨ 31-60: ਬਜ਼ੁਰਗਾਂ ਅਤੇ ਔਰਤਾਂ ਨੂੰ ਪੈਨਸ਼ਨਾਂ ਤੇ ਭਲਾਈ ਸਕੀਮਾਂ ਨਾਲ ਜੋੜਨ ਲਈ ਕੈਂਪ ਲਗਾਓ।', 'ਦਿਨ 61-90: ਨੌਜਵਾਨਾਂ ਦੀ ਟੀਮ ਰਾਹੀਂ ਕਾਂਗਰਸ ਦੀ +31 ਵੋਟਾਂ ਦੀ ਲੀਡ ਖ਼ਤਮ ਕਰੋ।'], 'action_steps': ['ਦਿਨ 1-30: ਸਹਿਜਾਦਾ ਵਿੱਚ ਕਾਂਗਰਸੀ ਸਰਪੰਚਾਂ ਅਤੇ ਆਗੂਆਂ ਦੇ ਪ੍ਰਭਾਵ ਦਾ ਵਿਸ਼ਲੇਸ਼ਣ ਕਰੋ।', 'ਦਿਨ 31-60: ਬਜ਼ੁਰਗਾਂ ਅਤੇ ਔਰਤਾਂ ਨੂੰ ਪੈਨਸ਼ਨਾਂ ਤੇ ਭਲਾਈ ਸਕੀਮਾਂ ਨਾਲ ਜੋੜਨ ਲਈ ਕੈਂਪ ਲਗਾਓ।', 'ਦਿਨ 61-90: ਨੌਜਵਾਨਾਂ ਦੀ ਟੀਮ ਰਾਹੀਂ ਕਾਂਗਰਸ ਦੀ +31 ਵੋਟਾਂ ਦੀ ਲੀਡ ਖ਼ਤਮ ਕਰੋ।']}"
87,86,Sahoora,ਸਹੂਰਾ,ਸਹੂਰਾ,Sahoora,ਸਹੂਰਾ,SAD,SAD,14,120,SAD Retained,SAD Retained,AAP Deficit,ਆਪ ਘਾਟ,INC Deficit,"{'AAP': 'WEAK', 'SAD': 'WON_BOTH', 'INC': 'LOST_BOTH', 'BJP': 'WEAK'}",False,"{'is_flip': False, 'status_label': 'SAD Retained', 'turnout_diff': -435, 'turnout_pct': -55.63, 'sad_swing': 16.9, 'aap_swing': -3.61, 'inc_swing': -18.2, 'bjp_swing': -2.81}",782,347,-435,-55.63,278,182,-96,35.55,52.45,16.9,168,62,-106,21.48,17.87,-3.61,264,54,-210,33.76,15.56,-18.2,31,4,-27,3.96,1.15,-2.81,30,8.65,"{'total': 782, 'sad': 278, 'aap': 168, 'inc': 264, 'bjp': 31, 'sad_votes': 278, 'sad_pct': 35.55, 'aap_votes': 168, 'aap_pct': 21.48, 'inc_votes': 264, 'inc_pct': 33.76, 'bjp_votes': 31, 'bjp_pct': 3.96, 'winner_party': 'SAD', 'margin': 14, 'winner_candidate': 'Ganieve Kaur Majithia'}","{'total': 347, 'sad': 182, 'aap': 62, 'inc': 54, 'bjp': 4, 'sada': 30, 'bsp': 0, 'others': 15, 'sad_votes': 182, 'sad_pct': 52.45, 'aap_votes': 62, 'aap_pct': 17.87, 'inc_votes': 54, 'inc_pct': 15.56, 'bjp_votes': 4, 'bjp_pct': 1.15, 'sada_votes': 30, 'sada_pct': 8.65, 'winner_party': 'SAD', 'margin': 120, 'winner_candidate': 'Anil Joshi'}","{'turnout_diff': -435, 'turnout_pct': -55.63, 'sad_shift': -96, 'sad_swing': 16.9, 'aap_shift': -106, 'aap_swing': -3.61, 'inc_shift': -210, 'inc_swing': -18.2, 'bjp_shift': -27, 'bjp_swing': -2.81}",Akali Bastion: Strategic Penetration & Demolition Zone,ਅਕਾਲੀ ਦਲ ਦਾ ਪ੍ਰਭਾਵਿਤ ਖੇਤਰ: ਵਿਸ਼ੇਸ਼ ਘੇਰਾਬੰਦੀ ਜ਼ੋਨ,SAD retained lead here by +120 votes (52.5% share). Target moderate Panthic and farming families in Sahoora disillusioned with traditional leadership. Appoint dedicated block coordinators and highlight direct government procurement and village development works.,ਅਕਾਲੀ ਦਲ ਨੇ ਇੱਥੇ +120 ਵੋਟਾਂ (52.5%) ਨਾਲ ਲੀਡ ਬਣਾਈ ਹੈ। ਸਹੂਰਾ ਵਿੱਚ ਰਵਾਇਤੀ ਲੀਡਰਸ਼ਿਪ ਤੋਂ ਨਿਰਾਸ਼ ਕਿਸਾਨ ਅਤੇ ਪੰਥਕ ਪਰਿਵਾਰਾਂ ਨਾਲ ਸੰਵਾਦ ਕਰੋ। ਪਿੰਡਾਂ ਵਿੱਚ ਪੰਜਾਬ ਸਰਕਾਰ ਦੇ ਵਿਕਾਸ ਕਾਰਜਾਂ ਅਤੇ ਨਿਰਪੱਖ ਭਰਤੀਆਂ ਦੇ ਸੁਨੇਹੇ ਨਾਲ ਸੰਨ੍ਹ ਲਗਾਓ।,"{'booth_no': '86', 'village_en': 'Sahoora', 'village_pa': 'ਸਹੂਰਾ', 'zone_en': 'Akali Bastion: Strategic Penetration & Demolition Zone', 'zone_pa': 'ਅਕਾਲੀ ਦਲ ਦਾ ਪ੍ਰਭਾਵਿਤ ਖੇਤਰ: ਵਿਸ਼ੇਸ਼ ਘੇਰਾਬੰਦੀ ਜ਼ੋਨ', 'action_en': 'SAD retained lead here by +120 votes (52.5% share). Target moderate Panthic and farming families in Sahoora disillusioned with traditional leadership. Appoint dedicated block coordinators and highlight direct government procurement and village development works.', 'action_pa': 'ਅਕਾਲੀ ਦਲ ਨੇ ਇੱਥੇ +120 ਵੋਟਾਂ (52.5%) ਨਾਲ ਲੀਡ ਬਣਾਈ ਹੈ। ਸਹੂਰਾ ਵਿੱਚ ਰਵਾਇਤੀ ਲੀਡਰਸ਼ਿਪ ਤੋਂ ਨਿਰਾਸ਼ ਕਿਸਾਨ ਅਤੇ ਪੰਥਕ ਪਰਿਵਾਰਾਂ ਨਾਲ ਸੰਵਾਦ ਕਰੋ। ਪਿੰਡਾਂ ਵਿੱਚ ਪੰਜਾਬ ਸਰਕਾਰ ਦੇ ਵਿਕਾਸ ਕਾਰਜਾਂ ਅਤੇ ਨਿਰਪੱਖ ਭਰਤੀਆਂ ਦੇ ਸੁਨੇਹੇ ਨਾਲ ਸੰਨ੍ਹ ਲਗਾਓ।', 'action_steps_en': ['Days 1-30: Map the top 30 influential non-committed Panthic families in Sahoora.', 'Days 31-60: Deploy senior constituency leaders for direct home visits to address local disgruntlement.', ""Days 61-90: Neutralize SAD's +120 vote cushion by winning over agricultural youth.""], 'action_steps_pa': ['ਦਿਨ 1-30: ਸਹੂਰਾ ਦੇ 30 ਨਿਰਪੱਖ ਅਤੇ ਪ੍ਰਭਾਵਸ਼ਾਲੀ ਪਰਿਵਾਰਾਂ ਦੀ ਸ਼ਨਾਖਤ ਕਰੋ।', 'ਦਿਨ 31-60: ਸੀਨੀਅਰ ਲੀਡਰਸ਼ਿਪ ਰਾਹੀਂ ਘਰ-ਘਰ ਜਾ ਕੇ ਸਰਕਾਰ ਦੀਆਂ ਨਿਰਪੱਖ ਨੀਤੀਆਂ ਸਾਂਝੀਆਂ ਕਰੋ।', 'ਦਿਨ 61-90: ਨੌਜਵਾਨ ਵਰਗ ਨੂੰ ਸਰਕਾਰੀ ਨੌਕਰੀਆਂ ਅਤੇ ਖੇਡ ਕਿੱਟਾਂ ਰਾਹੀਂ ਪਾਰਟੀ ਨਾਲ ਜੋੜ ਕੇ ਲੀਡ ਘਟਾਓ।'], 'action_steps': ['ਦਿਨ 1-30: ਸਹੂਰਾ ਦੇ 30 ਨਿਰਪੱਖ ਅਤੇ ਪ੍ਰਭਾਵਸ਼ਾਲੀ ਪਰਿਵਾਰਾਂ ਦੀ ਸ਼ਨਾਖਤ ਕਰੋ।', 'ਦਿਨ 31-60: ਸੀਨੀਅਰ ਲੀਡਰਸ਼ਿਪ ਰਾਹੀਂ ਘਰ-ਘਰ ਜਾ ਕੇ ਸਰਕਾਰ ਦੀਆਂ ਨਿਰਪੱਖ ਨੀਤੀਆਂ ਸਾਂਝੀਆਂ ਕਰੋ।', 'ਦਿਨ 61-90: ਨੌਜਵਾਨ ਵਰਗ ਨੂੰ ਸਰਕਾਰੀ ਨੌਕਰੀਆਂ ਅਤੇ ਖੇਡ ਕਿੱਟਾਂ ਰਾਹੀਂ ਪਾਰਟੀ ਨਾਲ ਜੋੜ ਕੇ ਲੀਡ ਘਟਾਓ।']}"
88,87,Sanghatpura,ਸੰਘਤਪੁਰਾ,ਸੰਘਤਪੁਰਾ,Sanghatpura,ਸੰਘਤਪੁਰਾ,SAD,SAD,117,113,SAD Retained,SAD Retained,AAP Deficit,ਆਪ ਘਾਟ,INC Deficit,"{'AAP': 'WEAK', 'SAD': 'WON_BOTH', 'INC': 'LOST_BOTH', 'BJP': 'LOST_BOTH'}",False,"{'is_flip': False, 'status_label': 'SAD Retained', 'turnout_diff': -240, 'turnout_pct': -28.81, 'sad_swing': -6.83, 'aap_swing': -6.93, 'inc_swing': -11.84, 'bjp_swing': 11.42}",833,593,-240,-28.81,380,230,-150,45.62,38.79,-6.83,149,65,-84,17.89,10.96,-6.93,263,117,-146,31.57,19.73,-11.84,13,77,64,1.56,12.98,11.42,9,1.52,"{'total': 833, 'sad': 380, 'aap': 149, 'inc': 263, 'bjp': 13, 'sad_votes': 380, 'sad_pct': 45.62, 'aap_votes': 149, 'aap_pct': 17.89, 'inc_votes': 263, 'inc_pct': 31.57, 'bjp_votes': 13, 'bjp_pct': 1.56, 'winner_party': 'SAD', 'margin': 117, 'winner_candidate': 'Ganieve Kaur Majithia'}","{'total': 593, 'sad': 230, 'aap': 65, 'inc': 117, 'bjp': 77, 'sada': 9, 'bsp': 3, 'others': 91, 'sad_votes': 230, 'sad_pct': 38.79, 'aap_votes': 65, 'aap_pct': 10.96, 'inc_votes': 117, 'inc_pct': 19.73, 'bjp_votes': 77, 'bjp_pct': 12.98, 'sada_votes': 9, 'sada_pct': 1.52, 'winner_party': 'SAD', 'margin': 113, 'winner_candidate': 'Anil Joshi'}","{'turnout_diff': -240, 'turnout_pct': -28.81, 'sad_shift': -150, 'sad_swing': -6.83, 'aap_shift': -84, 'aap_swing': -6.93, 'inc_shift': -146, 'inc_swing': -11.84, 'bjp_shift': 64, 'bjp_swing': 11.42}",Akali Bastion: Strategic Penetration & Demolition Zone,ਅਕਾਲੀ ਦਲ ਦਾ ਪ੍ਰਭਾਵਿਤ ਖੇਤਰ: ਵਿਸ਼ੇਸ਼ ਘੇਰਾਬੰਦੀ ਜ਼ੋਨ,SAD retained lead here by +113 votes (38.8% share). Target moderate Panthic and farming families in Sanghatpura disillusioned with traditional leadership. Appoint dedicated block coordinators and highlight direct government procurement and village development works.,ਅਕਾਲੀ ਦਲ ਨੇ ਇੱਥੇ +113 ਵੋਟਾਂ (38.8%) ਨਾਲ ਲੀਡ ਬਣਾਈ ਹੈ। ਸੰਘਤਪੁਰਾ ਵਿੱਚ ਰਵਾਇਤੀ ਲੀਡਰਸ਼ਿਪ ਤੋਂ ਨਿਰਾਸ਼ ਕਿਸਾਨ ਅਤੇ ਪੰਥਕ ਪਰਿਵਾਰਾਂ ਨਾਲ ਸੰਵਾਦ ਕਰੋ। ਪਿੰਡਾਂ ਵਿੱਚ ਪੰਜਾਬ ਸਰਕਾਰ ਦੇ ਵਿਕਾਸ ਕਾਰਜਾਂ ਅਤੇ ਨਿਰਪੱਖ ਭਰਤੀਆਂ ਦੇ ਸੁਨੇਹੇ ਨਾਲ ਸੰਨ੍ਹ ਲਗਾਓ।,"{'booth_no': '87', 'village_en': 'Sanghatpura', 'village_pa': 'ਸੰਘਤਪੁਰਾ', 'zone_en': 'Akali Bastion: Strategic Penetration & Demolition Zone', 'zone_pa': 'ਅਕਾਲੀ ਦਲ ਦਾ ਪ੍ਰਭਾਵਿਤ ਖੇਤਰ: ਵਿਸ਼ੇਸ਼ ਘੇਰਾਬੰਦੀ ਜ਼ੋਨ', 'action_en': 'SAD retained lead here by +113 votes (38.8% share). Target moderate Panthic and farming families in Sanghatpura disillusioned with traditional leadership. Appoint dedicated block coordinators and highlight direct government procurement and village development works.', 'action_pa': 'ਅਕਾਲੀ ਦਲ ਨੇ ਇੱਥੇ +113 ਵੋਟਾਂ (38.8%) ਨਾਲ ਲੀਡ ਬਣਾਈ ਹੈ। ਸੰਘਤਪੁਰਾ ਵਿੱਚ ਰਵਾਇਤੀ ਲੀਡਰਸ਼ਿਪ ਤੋਂ ਨਿਰਾਸ਼ ਕਿਸਾਨ ਅਤੇ ਪੰਥਕ ਪਰਿਵਾਰਾਂ ਨਾਲ ਸੰਵਾਦ ਕਰੋ। ਪਿੰਡਾਂ ਵਿੱਚ ਪੰਜਾਬ ਸਰਕਾਰ ਦੇ ਵਿਕਾਸ ਕਾਰਜਾਂ ਅਤੇ ਨਿਰਪੱਖ ਭਰਤੀਆਂ ਦੇ ਸੁਨੇਹੇ ਨਾਲ ਸੰਨ੍ਹ ਲਗਾਓ।', 'action_steps_en': ['Days 1-30: Map the top 30 influential non-committed Panthic families in Sanghatpura.', 'Days 31-60: Deploy senior constituency leaders for direct home visits to address local disgruntlement.', ""Days 61-90: Neutralize SAD's +113 vote cushion by winning over agricultural youth.""], 'action_steps_pa': ['ਦਿਨ 1-30: ਸੰਘਤਪੁਰਾ ਦੇ 30 ਨਿਰਪੱਖ ਅਤੇ ਪ੍ਰਭਾਵਸ਼ਾਲੀ ਪਰਿਵਾਰਾਂ ਦੀ ਸ਼ਨਾਖਤ ਕਰੋ।', 'ਦਿਨ 31-60: ਸੀਨੀਅਰ ਲੀਡਰਸ਼ਿਪ ਰਾਹੀਂ ਘਰ-ਘਰ ਜਾ ਕੇ ਸਰਕਾਰ ਦੀਆਂ ਨਿਰਪੱਖ ਨੀਤੀਆਂ ਸਾਂਝੀਆਂ ਕਰੋ।', 'ਦਿਨ 61-90: ਨੌਜਵਾਨ ਵਰਗ ਨੂੰ ਸਰਕਾਰੀ ਨੌਕਰੀਆਂ ਅਤੇ ਖੇਡ ਕਿੱਟਾਂ ਰਾਹੀਂ ਪਾਰਟੀ ਨਾਲ ਜੋੜ ਕੇ ਲੀਡ ਘਟਾਓ।'], 'action_steps': ['ਦਿਨ 1-30: ਸੰਘਤਪੁਰਾ ਦੇ 30 ਨਿਰਪੱਖ ਅਤੇ ਪ੍ਰਭਾਵਸ਼ਾਲੀ ਪਰਿਵਾਰਾਂ ਦੀ ਸ਼ਨਾਖਤ ਕਰੋ।', 'ਦਿਨ 31-60: ਸੀਨੀਅਰ ਲੀਡਰਸ਼ਿਪ ਰਾਹੀਂ ਘਰ-ਘਰ ਜਾ ਕੇ ਸਰਕਾਰ ਦੀਆਂ ਨਿਰਪੱਖ ਨੀਤੀਆਂ ਸਾਂਝੀਆਂ ਕਰੋ।', 'ਦਿਨ 61-90: ਨੌਜਵਾਨ ਵਰਗ ਨੂੰ ਸਰਕਾਰੀ ਨੌਕਰੀਆਂ ਅਤੇ ਖੇਡ ਕਿੱਟਾਂ ਰਾਹੀਂ ਪਾਰਟੀ ਨਾਲ ਜੋੜ ਕੇ ਲੀਡ ਘਟਾਓ।']}"
89,88,Sarangra,ਸਾਰੰਗੜਾ,ਸਾਰੰਗੜਾ,Sarangra,ਸਾਰੰਗੜਾ,SAD,SAD,128,90,SAD Retained,SAD Retained,AAP Deficit,ਆਪ ਘਾਟ,INC Deficit,"{'AAP': 'LOST_BOTH', 'SAD': 'WON_BOTH', 'INC': 'WEAK', 'BJP': 'WEAK'}",False,"{'is_flip': False, 'status_label': 'SAD Retained', 'turnout_diff': -283, 'turnout_pct': -43.81, 'sad_swing': 3.62, 'aap_swing': -1.37, 'inc_swing': -5.8, 'bjp_swing': 0.17}",646,363,-283,-43.81,313,189,-124,48.45,52.07,3.62,185,99,-86,28.64,27.27,-1.37,114,43,-71,17.65,11.85,-5.8,6,4,-2,0.93,1.1,0.17,7,1.93,"{'total': 646, 'sad': 313, 'aap': 185, 'inc': 114, 'bjp': 6, 'sad_votes': 313, 'sad_pct': 48.45, 'aap_votes': 185, 'aap_pct': 28.64, 'inc_votes': 114, 'inc_pct': 17.65, 'bjp_votes': 6, 'bjp_pct': 0.93, 'winner_party': 'SAD', 'margin': 128, 'winner_candidate': 'Ganieve Kaur Majithia'}","{'total': 363, 'sad': 189, 'aap': 99, 'inc': 43, 'bjp': 4, 'sada': 7, 'bsp': 1, 'others': 12, 'sad_votes': 189, 'sad_pct': 52.07, 'aap_votes': 99, 'aap_pct': 27.27, 'inc_votes': 43, 'inc_pct': 11.85, 'bjp_votes': 4, 'bjp_pct': 1.1, 'sada_votes': 7, 'sada_pct': 1.93, 'winner_party': 'SAD', 'margin': 90, 'winner_candidate': 'Anil Joshi'}","{'turnout_diff': -283, 'turnout_pct': -43.81, 'sad_shift': -124, 'sad_swing': 3.62, 'aap_shift': -86, 'aap_swing': -1.37, 'inc_shift': -71, 'inc_swing': -5.8, 'bjp_shift': -2, 'bjp_swing': 0.17}",Akali Bastion: Strategic Penetration & Demolition Zone,ਅਕਾਲੀ ਦਲ ਦਾ ਪ੍ਰਭਾਵਿਤ ਖੇਤਰ: ਵਿਸ਼ੇਸ਼ ਘੇਰਾਬੰਦੀ ਜ਼ੋਨ,SAD retained lead here by +90 votes (52.1% share). Target moderate Panthic and farming families in Sarangra disillusioned with traditional leadership. Appoint dedicated block coordinators and highlight direct government procurement and village development works.,ਅਕਾਲੀ ਦਲ ਨੇ ਇੱਥੇ +90 ਵੋਟਾਂ (52.1%) ਨਾਲ ਲੀਡ ਬਣਾਈ ਹੈ। ਸਾਰੰਗੜਾ ਵਿੱਚ ਰਵਾਇਤੀ ਲੀਡਰਸ਼ਿਪ ਤੋਂ ਨਿਰਾਸ਼ ਕਿਸਾਨ ਅਤੇ ਪੰਥਕ ਪਰਿਵਾਰਾਂ ਨਾਲ ਸੰਵਾਦ ਕਰੋ। ਪਿੰਡਾਂ ਵਿੱਚ ਪੰਜਾਬ ਸਰਕਾਰ ਦੇ ਵਿਕਾਸ ਕਾਰਜਾਂ ਅਤੇ ਨਿਰਪੱਖ ਭਰਤੀਆਂ ਦੇ ਸੁਨੇਹੇ ਨਾਲ ਸੰਨ੍ਹ ਲਗਾਓ।,"{'booth_no': '88', 'village_en': 'Sarangra', 'village_pa': 'ਸਾਰੰਗੜਾ', 'zone_en': 'Akali Bastion: Strategic Penetration & Demolition Zone', 'zone_pa': 'ਅਕਾਲੀ ਦਲ ਦਾ ਪ੍ਰਭਾਵਿਤ ਖੇਤਰ: ਵਿਸ਼ੇਸ਼ ਘੇਰਾਬੰਦੀ ਜ਼ੋਨ', 'action_en': 'SAD retained lead here by +90 votes (52.1% share). Target moderate Panthic and farming families in Sarangra disillusioned with traditional leadership. Appoint dedicated block coordinators and highlight direct government procurement and village development works.', 'action_pa': 'ਅਕਾਲੀ ਦਲ ਨੇ ਇੱਥੇ +90 ਵੋਟਾਂ (52.1%) ਨਾਲ ਲੀਡ ਬਣਾਈ ਹੈ। ਸਾਰੰਗੜਾ ਵਿੱਚ ਰਵਾਇਤੀ ਲੀਡਰਸ਼ਿਪ ਤੋਂ ਨਿਰਾਸ਼ ਕਿਸਾਨ ਅਤੇ ਪੰਥਕ ਪਰਿਵਾਰਾਂ ਨਾਲ ਸੰਵਾਦ ਕਰੋ। ਪਿੰਡਾਂ ਵਿੱਚ ਪੰਜਾਬ ਸਰਕਾਰ ਦੇ ਵਿਕਾਸ ਕਾਰਜਾਂ ਅਤੇ ਨਿਰਪੱਖ ਭਰਤੀਆਂ ਦੇ ਸੁਨੇਹੇ ਨਾਲ ਸੰਨ੍ਹ ਲਗਾਓ।', 'action_steps_en': ['Days 1-30: Map the top 30 influential non-committed Panthic families in Sarangra.', 'Days 31-60: Deploy senior constituency leaders for direct home visits to address local disgruntlement.', ""Days 61-90: Neutralize SAD's +90 vote cushion by winning over agricultural youth.""], 'action_steps_pa': ['ਦਿਨ 1-30: ਸਾਰੰਗੜਾ ਦੇ 30 ਨਿਰਪੱਖ ਅਤੇ ਪ੍ਰਭਾਵਸ਼ਾਲੀ ਪਰਿਵਾਰਾਂ ਦੀ ਸ਼ਨਾਖਤ ਕਰੋ।', 'ਦਿਨ 31-60: ਸੀਨੀਅਰ ਲੀਡਰਸ਼ਿਪ ਰਾਹੀਂ ਘਰ-ਘਰ ਜਾ ਕੇ ਸਰਕਾਰ ਦੀਆਂ ਨਿਰਪੱਖ ਨੀਤੀਆਂ ਸਾਂਝੀਆਂ ਕਰੋ।', 'ਦਿਨ 61-90: ਨੌਜਵਾਨ ਵਰਗ ਨੂੰ ਸਰਕਾਰੀ ਨੌਕਰੀਆਂ ਅਤੇ ਖੇਡ ਕਿੱਟਾਂ ਰਾਹੀਂ ਪਾਰਟੀ ਨਾਲ ਜੋੜ ਕੇ ਲੀਡ ਘਟਾਓ।'], 'action_steps': ['ਦਿਨ 1-30: ਸਾਰੰਗੜਾ ਦੇ 30 ਨਿਰਪੱਖ ਅਤੇ ਪ੍ਰਭਾਵਸ਼ਾਲੀ ਪਰਿਵਾਰਾਂ ਦੀ ਸ਼ਨਾਖਤ ਕਰੋ।', 'ਦਿਨ 31-60: ਸੀਨੀਅਰ ਲੀਡਰਸ਼ਿਪ ਰਾਹੀਂ ਘਰ-ਘਰ ਜਾ ਕੇ ਸਰਕਾਰ ਦੀਆਂ ਨਿਰਪੱਖ ਨੀਤੀਆਂ ਸਾਂਝੀਆਂ ਕਰੋ।', 'ਦਿਨ 61-90: ਨੌਜਵਾਨ ਵਰਗ ਨੂੰ ਸਰਕਾਰੀ ਨੌਕਰੀਆਂ ਅਤੇ ਖੇਡ ਕਿੱਟਾਂ ਰਾਹੀਂ ਪਾਰਟੀ ਨਾਲ ਜੋੜ ਕੇ ਲੀਡ ਘਟਾਓ।']}"
90,89,Sehansra,ਸੇਹਂਸਰਾ,ਸੇਹਂਸਰਾ,Sehansra,ਸੇਹਂਸਰਾ,SAD,SAD,33,67,SAD Retained,SAD Retained,AAP Deficit,ਆਪ ਘਾਟ,INC Deficit,"{'AAP': 'LOST_BOTH', 'SAD': 'WON_BOTH', 'INC': 'LOST_BOTH', 'BJP': 'WEAK'}",False,"{'is_flip': False, 'status_label': 'SAD Retained', 'turnout_diff': -282, 'turnout_pct': -40.34, 'sad_swing': 3.57, 'aap_swing': 0.95, 'inc_swing': -13.76, 'bjp_swing': 3.04}",699,417,-282,-40.34,260,170,-90,37.2,40.77,3.57,166,103,-63,23.75,24.7,0.95,227,78,-149,32.47,18.71,-13.76,14,21,7,2.0,5.04,3.04,17,4.08,"{'total': 699, 'sad': 260, 'aap': 166, 'inc': 227, 'bjp': 14, 'sad_votes': 260, 'sad_pct': 37.2, 'aap_votes': 166, 'aap_pct': 23.75, 'inc_votes': 227, 'inc_pct': 32.47, 'bjp_votes': 14, 'bjp_pct': 2.0, 'winner_party': 'SAD', 'margin': 33, 'winner_candidate': 'Ganieve Kaur Majithia'}","{'total': 417, 'sad': 170, 'aap': 103, 'inc': 78, 'bjp': 21, 'sada': 17, 'bsp': 0, 'others': 25, 'sad_votes': 170, 'sad_pct': 40.77, 'aap_votes': 103, 'aap_pct': 24.7, 'inc_votes': 78, 'inc_pct': 18.71, 'bjp_votes': 21, 'bjp_pct': 5.04, 'sada_votes': 17, 'sada_pct': 4.08, 'winner_party': 'SAD', 'margin': 67, 'winner_candidate': 'Anil Joshi'}","{'turnout_diff': -282, 'turnout_pct': -40.34, 'sad_shift': -90, 'sad_swing': 3.57, 'aap_shift': -63, 'aap_swing': 0.95, 'inc_shift': -149, 'inc_swing': -13.76, 'bjp_shift': 7, 'bjp_swing': 3.04}",Akali Bastion: Strategic Penetration & Demolition Zone,ਅਕਾਲੀ ਦਲ ਦਾ ਪ੍ਰਭਾਵਿਤ ਖੇਤਰ: ਵਿਸ਼ੇਸ਼ ਘੇਰਾਬੰਦੀ ਜ਼ੋਨ,SAD retained lead here by +67 votes (40.8% share). Target moderate Panthic and farming families in Sehansra disillusioned with traditional leadership. Appoint dedicated block coordinators and highlight direct government procurement and village development works.,ਅਕਾਲੀ ਦਲ ਨੇ ਇੱਥੇ +67 ਵੋਟਾਂ (40.8%) ਨਾਲ ਲੀਡ ਬਣਾਈ ਹੈ। ਸੇਹਂਸਰਾ ਵਿੱਚ ਰਵਾਇਤੀ ਲੀਡਰਸ਼ਿਪ ਤੋਂ ਨਿਰਾਸ਼ ਕਿਸਾਨ ਅਤੇ ਪੰਥਕ ਪਰਿਵਾਰਾਂ ਨਾਲ ਸੰਵਾਦ ਕਰੋ। ਪਿੰਡਾਂ ਵਿੱਚ ਪੰਜਾਬ ਸਰਕਾਰ ਦੇ ਵਿਕਾਸ ਕਾਰਜਾਂ ਅਤੇ ਨਿਰਪੱਖ ਭਰਤੀਆਂ ਦੇ ਸੁਨੇਹੇ ਨਾਲ ਸੰਨ੍ਹ ਲਗਾਓ।,"{'booth_no': '89', 'village_en': 'Sehansra', 'village_pa': 'ਸੇਹਂਸਰਾ', 'zone_en': 'Akali Bastion: Strategic Penetration & Demolition Zone', 'zone_pa': 'ਅਕਾਲੀ ਦਲ ਦਾ ਪ੍ਰਭਾਵਿਤ ਖੇਤਰ: ਵਿਸ਼ੇਸ਼ ਘੇਰਾਬੰਦੀ ਜ਼ੋਨ', 'action_en': 'SAD retained lead here by +67 votes (40.8% share). Target moderate Panthic and farming families in Sehansra disillusioned with traditional leadership. Appoint dedicated block coordinators and highlight direct government procurement and village development works.', 'action_pa': 'ਅਕਾਲੀ ਦਲ ਨੇ ਇੱਥੇ +67 ਵੋਟਾਂ (40.8%) ਨਾਲ ਲੀਡ ਬਣਾਈ ਹੈ। ਸੇਹਂਸਰਾ ਵਿੱਚ ਰਵਾਇਤੀ ਲੀਡਰਸ਼ਿਪ ਤੋਂ ਨਿਰਾਸ਼ ਕਿਸਾਨ ਅਤੇ ਪੰਥਕ ਪਰਿਵਾਰਾਂ ਨਾਲ ਸੰਵਾਦ ਕਰੋ। ਪਿੰਡਾਂ ਵਿੱਚ ਪੰਜਾਬ ਸਰਕਾਰ ਦੇ ਵਿਕਾਸ ਕਾਰਜਾਂ ਅਤੇ ਨਿਰਪੱਖ ਭਰਤੀਆਂ ਦੇ ਸੁਨੇਹੇ ਨਾਲ ਸੰਨ੍ਹ ਲਗਾਓ।', 'action_steps_en': ['Days 1-30: Map the top 30 influential non-committed Panthic families in Sehansra.', 'Days 31-60: Deploy senior constituency leaders for direct home visits to address local disgruntlement.', ""Days 61-90: Neutralize SAD's +67 vote cushion by winning over agricultural youth.""], 'action_steps_pa': ['ਦਿਨ 1-30: ਸੇਹਂਸਰਾ ਦੇ 30 ਨਿਰਪੱਖ ਅਤੇ ਪ੍ਰਭਾਵਸ਼ਾਲੀ ਪਰਿਵਾਰਾਂ ਦੀ ਸ਼ਨਾਖਤ ਕਰੋ।', 'ਦਿਨ 31-60: ਸੀਨੀਅਰ ਲੀਡਰਸ਼ਿਪ ਰਾਹੀਂ ਘਰ-ਘਰ ਜਾ ਕੇ ਸਰਕਾਰ ਦੀਆਂ ਨਿਰਪੱਖ ਨੀਤੀਆਂ ਸਾਂਝੀਆਂ ਕਰੋ।', 'ਦਿਨ 61-90: ਨੌਜਵਾਨ ਵਰਗ ਨੂੰ ਸਰਕਾਰੀ ਨੌਕਰੀਆਂ ਅਤੇ ਖੇਡ ਕਿੱਟਾਂ ਰਾਹੀਂ ਪਾਰਟੀ ਨਾਲ ਜੋੜ ਕੇ ਲੀਡ ਘਟਾਓ।'], 'action_steps': ['ਦਿਨ 1-30: ਸੇਹਂਸਰਾ ਦੇ 30 ਨਿਰਪੱਖ ਅਤੇ ਪ੍ਰਭਾਵਸ਼ਾਲੀ ਪਰਿਵਾਰਾਂ ਦੀ ਸ਼ਨਾਖਤ ਕਰੋ।', 'ਦਿਨ 31-60: ਸੀਨੀਅਰ ਲੀਡਰਸ਼ਿਪ ਰਾਹੀਂ ਘਰ-ਘਰ ਜਾ ਕੇ ਸਰਕਾਰ ਦੀਆਂ ਨਿਰਪੱਖ ਨੀਤੀਆਂ ਸਾਂਝੀਆਂ ਕਰੋ।', 'ਦਿਨ 61-90: ਨੌਜਵਾਨ ਵਰਗ ਨੂੰ ਸਰਕਾਰੀ ਨੌਕਰੀਆਂ ਅਤੇ ਖੇਡ ਕਿੱਟਾਂ ਰਾਹੀਂ ਪਾਰਟੀ ਨਾਲ ਜੋੜ ਕੇ ਲੀਡ ਘਟਾਓ।']}"
91,90,Sham Nagar,ਸ਼ਾਮ ਨਗਰ,ਸ਼ਾਮ ਨਗਰ,Sham Nagar,ਸ਼ਾਮ ਨਗਰ,SAD,SAD,100,127,SAD Retained,SAD Retained,AAP Deficit,ਆਪ ਘਾਟ,INC Deficit,"{'AAP': 'WEAK', 'SAD': 'WON_BOTH', 'INC': 'WEAK', 'BJP': 'LOST_BOTH'}",False,"{'is_flip': False, 'status_label': 'SAD Retained', 'turnout_diff': -241, 'turnout_pct': -39.38, 'sad_swing': -1.57, 'aap_swing': 3.52, 'inc_swing': -31.59, 'bjp_swing': 16.82}",612,371,-241,-39.38,323,190,-133,52.78,51.21,-1.57,56,47,-9,9.15,12.67,3.52,223,18,-205,36.44,4.85,-31.59,1,63,62,0.16,16.98,16.82,3,0.81,"{'total': 612, 'sad': 323, 'aap': 56, 'inc': 223, 'bjp': 1, 'sad_votes': 323, 'sad_pct': 52.78, 'aap_votes': 56, 'aap_pct': 9.15, 'inc_votes': 223, 'inc_pct': 36.44, 'bjp_votes': 1, 'bjp_pct': 0.16, 'winner_party': 'SAD', 'margin': 100, 'winner_candidate': 'Ganieve Kaur Majithia'}","{'total': 371, 'sad': 190, 'aap': 47, 'inc': 18, 'bjp': 63, 'sada': 3, 'bsp': 1, 'others': 47, 'sad_votes': 190, 'sad_pct': 51.21, 'aap_votes': 47, 'aap_pct': 12.67, 'inc_votes': 18, 'inc_pct': 4.85, 'bjp_votes': 63, 'bjp_pct': 16.98, 'sada_votes': 3, 'sada_pct': 0.81, 'winner_party': 'SAD', 'margin': 127, 'winner_candidate': 'Anil Joshi'}","{'turnout_diff': -241, 'turnout_pct': -39.38, 'sad_shift': -133, 'sad_swing': -1.57, 'aap_shift': -9, 'aap_swing': 3.52, 'inc_shift': -205, 'inc_swing': -31.59, 'bjp_shift': 62, 'bjp_swing': 16.82}",Akali Bastion: Strategic Penetration & Demolition Zone,ਅਕਾਲੀ ਦਲ ਦਾ ਪ੍ਰਭਾਵਿਤ ਖੇਤਰ: ਵਿਸ਼ੇਸ਼ ਘੇਰਾਬੰਦੀ ਜ਼ੋਨ,SAD retained lead here by +127 votes (51.2% share). Target moderate Panthic and farming families in Sham Nagar disillusioned with traditional leadership. Appoint dedicated block coordinators and highlight direct government procurement and village development works.,ਅਕਾਲੀ ਦਲ ਨੇ ਇੱਥੇ +127 ਵੋਟਾਂ (51.2%) ਨਾਲ ਲੀਡ ਬਣਾਈ ਹੈ। ਸ਼ਾਮ ਨਗਰ ਵਿੱਚ ਰਵਾਇਤੀ ਲੀਡਰਸ਼ਿਪ ਤੋਂ ਨਿਰਾਸ਼ ਕਿਸਾਨ ਅਤੇ ਪੰਥਕ ਪਰਿਵਾਰਾਂ ਨਾਲ ਸੰਵਾਦ ਕਰੋ। ਪਿੰਡਾਂ ਵਿੱਚ ਪੰਜਾਬ ਸਰਕਾਰ ਦੇ ਵਿਕਾਸ ਕਾਰਜਾਂ ਅਤੇ ਨਿਰਪੱਖ ਭਰਤੀਆਂ ਦੇ ਸੁਨੇਹੇ ਨਾਲ ਸੰਨ੍ਹ ਲਗਾਓ।,"{'booth_no': '90', 'village_en': 'Sham Nagar', 'village_pa': 'ਸ਼ਾਮ ਨਗਰ', 'zone_en': 'Akali Bastion: Strategic Penetration & Demolition Zone', 'zone_pa': 'ਅਕਾਲੀ ਦਲ ਦਾ ਪ੍ਰਭਾਵਿਤ ਖੇਤਰ: ਵਿਸ਼ੇਸ਼ ਘੇਰਾਬੰਦੀ ਜ਼ੋਨ', 'action_en': 'SAD retained lead here by +127 votes (51.2% share). Target moderate Panthic and farming families in Sham Nagar disillusioned with traditional leadership. Appoint dedicated block coordinators and highlight direct government procurement and village development works.', 'action_pa': 'ਅਕਾਲੀ ਦਲ ਨੇ ਇੱਥੇ +127 ਵੋਟਾਂ (51.2%) ਨਾਲ ਲੀਡ ਬਣਾਈ ਹੈ। ਸ਼ਾਮ ਨਗਰ ਵਿੱਚ ਰਵਾਇਤੀ ਲੀਡਰਸ਼ਿਪ ਤੋਂ ਨਿਰਾਸ਼ ਕਿਸਾਨ ਅਤੇ ਪੰਥਕ ਪਰਿਵਾਰਾਂ ਨਾਲ ਸੰਵਾਦ ਕਰੋ। ਪਿੰਡਾਂ ਵਿੱਚ ਪੰਜਾਬ ਸਰਕਾਰ ਦੇ ਵਿਕਾਸ ਕਾਰਜਾਂ ਅਤੇ ਨਿਰਪੱਖ ਭਰਤੀਆਂ ਦੇ ਸੁਨੇਹੇ ਨਾਲ ਸੰਨ੍ਹ ਲਗਾਓ।', 'action_steps_en': ['Days 1-30: Map the top 30 influential non-committed Panthic families in Sham Nagar.', 'Days 31-60: Deploy senior constituency leaders for direct home visits to address local disgruntlement.', ""Days 61-90: Neutralize SAD's +127 vote cushion by winning over agricultural youth.""], 'action_steps_pa': ['ਦਿਨ 1-30: ਸ਼ਾਮ ਨਗਰ ਦੇ 30 ਨਿਰਪੱਖ ਅਤੇ ਪ੍ਰਭਾਵਸ਼ਾਲੀ ਪਰਿਵਾਰਾਂ ਦੀ ਸ਼ਨਾਖਤ ਕਰੋ।', 'ਦਿਨ 31-60: ਸੀਨੀਅਰ ਲੀਡਰਸ਼ਿਪ ਰਾਹੀਂ ਘਰ-ਘਰ ਜਾ ਕੇ ਸਰਕਾਰ ਦੀਆਂ ਨਿਰਪੱਖ ਨੀਤੀਆਂ ਸਾਂਝੀਆਂ ਕਰੋ।', 'ਦਿਨ 61-90: ਨੌਜਵਾਨ ਵਰਗ ਨੂੰ ਸਰਕਾਰੀ ਨੌਕਰੀਆਂ ਅਤੇ ਖੇਡ ਕਿੱਟਾਂ ਰਾਹੀਂ ਪਾਰਟੀ ਨਾਲ ਜੋੜ ਕੇ ਲੀਡ ਘਟਾਓ।'], 'action_steps': ['ਦਿਨ 1-30: ਸ਼ਾਮ ਨਗਰ ਦੇ 30 ਨਿਰਪੱਖ ਅਤੇ ਪ੍ਰਭਾਵਸ਼ਾਲੀ ਪਰਿਵਾਰਾਂ ਦੀ ਸ਼ਨਾਖਤ ਕਰੋ।', 'ਦਿਨ 31-60: ਸੀਨੀਅਰ ਲੀਡਰਸ਼ਿਪ ਰਾਹੀਂ ਘਰ-ਘਰ ਜਾ ਕੇ ਸਰਕਾਰ ਦੀਆਂ ਨਿਰਪੱਖ ਨੀਤੀਆਂ ਸਾਂਝੀਆਂ ਕਰੋ।', 'ਦਿਨ 61-90: ਨੌਜਵਾਨ ਵਰਗ ਨੂੰ ਸਰਕਾਰੀ ਨੌਕਰੀਆਂ ਅਤੇ ਖੇਡ ਕਿੱਟਾਂ ਰਾਹੀਂ ਪਾਰਟੀ ਨਾਲ ਜੋੜ ਕੇ ਲੀਡ ਘਟਾਓ।']}"
92,91,Talwandi Nahar,ਤਲਵੰਡੀ ਨਾਹਰ,ਤਲਵੰਡੀ ਨਾਹਰ,Talwandi Nahar,ਤਲਵੰਡੀ ਨਾਹਰ,SAD,AAP,35,17,SAD → AAP,SAD → AAP,AAP Gain,ਆਪ ਲਾਭ,INC Deficit,"{'AAP': 'GAINED', 'SAD': 'LOST_24', 'INC': 'LOST_BOTH', 'BJP': 'WEAK'}",True,"{'is_flip': True, 'status_label': 'SAD → AAP', 'turnout_diff': -168, 'turnout_pct': -24.42, 'sad_swing': -13.82, 'aap_swing': 26.51, 'inc_swing': -22.77, 'bjp_swing': 4.04}",688,520,-168,-24.42,320,170,-150,46.51,32.69,-13.82,65,187,122,9.45,35.96,26.51,285,97,-188,41.42,18.65,-22.77,4,24,20,0.58,4.62,4.04,6,1.15,"{'total': 688, 'sad': 320, 'aap': 65, 'inc': 285, 'bjp': 4, 'sad_votes': 320, 'sad_pct': 46.51, 'aap_votes': 65, 'aap_pct': 9.45, 'inc_votes': 285, 'inc_pct': 41.42, 'bjp_votes': 4, 'bjp_pct': 0.58, 'winner_party': 'SAD', 'margin': 35, 'winner_candidate': 'Ganieve Kaur Majithia'}","{'total': 520, 'sad': 170, 'aap': 187, 'inc': 97, 'bjp': 24, 'sada': 6, 'bsp': 1, 'others': 31, 'sad_votes': 170, 'sad_pct': 32.69, 'aap_votes': 187, 'aap_pct': 35.96, 'inc_votes': 97, 'inc_pct': 18.65, 'bjp_votes': 24, 'bjp_pct': 4.62, 'sada_votes': 6, 'sada_pct': 1.15, 'winner_party': 'AAP', 'margin': 17, 'winner_candidate': 'Kuldeep Singh Dhaliwal'}","{'turnout_diff': -168, 'turnout_pct': -24.42, 'sad_shift': -150, 'sad_swing': -13.82, 'aap_shift': 122, 'aap_swing': 26.51, 'inc_shift': -188, 'inc_swing': -22.77, 'bjp_shift': 20, 'bjp_swing': 4.04}",Historic Breakthrough: AAP Flipped Stronghold,ਇਤਿਹਾਸਕ ਪ੍ਰਾਪਤੀ: ਅਕਾਲੀ ਗੜ੍ਹ ਵਿੱਚ ਆਪ ਦੀ ਜਿੱਤ ਜ਼ੋਨ,"Major breakthrough in Talwandi Nahar previously held by SAD. Formally induct local village swing leaders and youth volunteers who backed AAP in 2024. Resolve local village infrastructure, canal tail issues, and cement +17 lead.","ਤਲਵੰਡੀ ਨਾਹਰ ਵਿੱਚ ਵੱਡੀ ਇਤਿਹਾਸਕ ਸਫ਼ਲਤਾ, ਜਿੱਥੇ SAD ਦਾ ਪੁਰਾਣਾ ਦਬਦਬਾ ਟੁੱਟਿਆ। 2024 ਵਿੱਚ ਆਪ ਨਾਲ ਜੁੜੇ ਨੌਜਵਾਨਾਂ ਅਤੇ ਪੰਚਾਇਤੀ ਆਗੂਆਂ ਨੂੰ ਜਥੇਬੰਦਕ ਜ਼ਿੰਮੇਵਾਰੀਆਂ ਦਿਓ ਅਤੇ +17 ਵੋਟਾਂ ਦੀ ਲੀਡ ਨੂੰ ਸਥਾਈ ਵੋਟ ਬੈਂਕ ਵਿੱਚ ਬਦਲੋ।","{'booth_no': '91', 'village_en': 'Talwandi Nahar', 'village_pa': 'ਤਲਵੰਡੀ ਨਾਹਰ', 'zone_en': 'Historic Breakthrough: AAP Flipped Stronghold', 'zone_pa': 'ਇਤਿਹਾਸਕ ਪ੍ਰਾਪਤੀ: ਅਕਾਲੀ ਗੜ੍ਹ ਵਿੱਚ ਆਪ ਦੀ ਜਿੱਤ ਜ਼ੋਨ', 'action_en': 'Major breakthrough in Talwandi Nahar previously held by SAD. Formally induct local village swing leaders and youth volunteers who backed AAP in 2024. Resolve local village infrastructure, canal tail issues, and cement +17 lead.', 'action_pa': 'ਤਲਵੰਡੀ ਨਾਹਰ ਵਿੱਚ ਵੱਡੀ ਇਤਿਹਾਸਕ ਸਫ਼ਲਤਾ, ਜਿੱਥੇ SAD ਦਾ ਪੁਰਾਣਾ ਦਬਦਬਾ ਟੁੱਟਿਆ। 2024 ਵਿੱਚ ਆਪ ਨਾਲ ਜੁੜੇ ਨੌਜਵਾਨਾਂ ਅਤੇ ਪੰਚਾਇਤੀ ਆਗੂਆਂ ਨੂੰ ਜਥੇਬੰਦਕ ਜ਼ਿੰਮੇਵਾਰੀਆਂ ਦਿਓ ਅਤੇ +17 ਵੋਟਾਂ ਦੀ ਲੀਡ ਨੂੰ ਸਥਾਈ ਵੋਟ ਬੈਂਕ ਵਿੱਚ ਬਦਲੋ।', 'action_steps_en': ['Days 1-30: Onboard dynamic swing workers who crossed over from SAD into the formal AAP booth structure.', 'Days 31-60: Prioritize village link road and street light repairs in Talwandi Nahar through rural development grants.', 'Days 61-90: Convert current +17 vote lead into permanent party loyalty before 2027.'], 'action_steps_pa': ['ਦਿਨ 1-30: SAD ਛੱਡ ਕੇ ਆਪ ਵਿੱਚ ਸ਼ਾਮਲ ਹੋਏ ਆਗੂਆਂ ਨੂੰ ਬੂਥ ਕਮੇਟੀ ਵਿੱਚ ਅਹਿਮ ਜ਼ਿੰਮੇਵਾਰੀਆਂ ਦਿਓ।', ""ਦਿਨ 31-60: ਤਲਵੰਡੀ ਨਾਹਰ ਵਿੱਚ ਪਿੰਡ ਦੀਆਂ ਫਿਰਨੀਆਂ, ਗਲੀਆਂ ਅਤੇ ਲਿੰਕ ਸੜਕਾਂ ਦੇ ਕੰਮ ਤਰਜੀਹ 'ਤੇ ਕਰਵਾਓ।"", 'ਦਿਨ 61-90: +17 ਵੋਟਾਂ ਦੀ ਲੀਡ ਨੂੰ ਪੱਕੇ ਵੋਟ ਬੈਂਕ ਵਿੱਚ ਤਬਦੀਲ ਕਰੋ।'], 'action_steps': ['ਦਿਨ 1-30: SAD ਛੱਡ ਕੇ ਆਪ ਵਿੱਚ ਸ਼ਾਮਲ ਹੋਏ ਆਗੂਆਂ ਨੂੰ ਬੂਥ ਕਮੇਟੀ ਵਿੱਚ ਅਹਿਮ ਜ਼ਿੰਮੇਵਾਰੀਆਂ ਦਿਓ।', ""ਦਿਨ 31-60: ਤਲਵੰਡੀ ਨਾਹਰ ਵਿੱਚ ਪਿੰਡ ਦੀਆਂ ਫਿਰਨੀਆਂ, ਗਲੀਆਂ ਅਤੇ ਲਿੰਕ ਸੜਕਾਂ ਦੇ ਕੰਮ ਤਰਜੀਹ 'ਤੇ ਕਰਵਾਓ।"", 'ਦਿਨ 61-90: +17 ਵੋਟਾਂ ਦੀ ਲੀਡ ਨੂੰ ਪੱਕੇ ਵੋਟ ਬੈਂਕ ਵਿੱਚ ਤਬਦੀਲ ਕਰੋ।']}"
93,92,Tarpai,ਤਰਪਈ,ਤਰਪਈ,Tarpai,ਤਰਪਈ,AAP,AAP,50,125,AAP Retained,AAP Retained,AAP Win,ਆਪ ਜਿੱਤ,INC Deficit,"{'AAP': 'WON_BOTH', 'SAD': 'LOST_BOTH', 'INC': 'LOST_BOTH', 'BJP': 'WEAK'}",False,"{'is_flip': False, 'status_label': 'AAP Retained', 'turnout_diff': 82, 'turnout_pct': 11.04, 'sad_swing': -4.36, 'aap_swing': 4.06, 'inc_swing': -1.74, 'bjp_swing': 0.59}",743,825,82,11.04,245,236,-9,32.97,28.61,-4.36,295,361,66,39.7,43.76,4.06,157,160,3,21.13,19.39,-1.74,10,16,6,1.35,1.94,0.59,10,1.21,"{'total': 743, 'sad': 245, 'aap': 295, 'inc': 157, 'bjp': 10, 'sad_votes': 245, 'sad_pct': 32.97, 'aap_votes': 295, 'aap_pct': 39.7, 'inc_votes': 157, 'inc_pct': 21.13, 'bjp_votes': 10, 'bjp_pct': 1.35, 'winner_party': 'AAP', 'margin': 50, 'winner_candidate': 'Sukhjinder Raj Singh (Lalli)'}","{'total': 825, 'sad': 236, 'aap': 361, 'inc': 160, 'bjp': 16, 'sada': 10, 'bsp': 2, 'others': 40, 'sad_votes': 236, 'sad_pct': 28.61, 'aap_votes': 361, 'aap_pct': 43.76, 'inc_votes': 160, 'inc_pct': 19.39, 'bjp_votes': 16, 'bjp_pct': 1.94, 'sada_votes': 10, 'sada_pct': 1.21, 'winner_party': 'AAP', 'margin': 125, 'winner_candidate': 'Kuldeep Singh Dhaliwal'}","{'turnout_diff': 82, 'turnout_pct': 11.04, 'sad_shift': -9, 'sad_swing': -4.36, 'aap_shift': 66, 'aap_swing': 4.06, 'inc_shift': 3, 'inc_swing': -1.74, 'bjp_shift': 6, 'bjp_swing': 0.59}",Core AAP Citadel (Retention & Reinforcement Zone),ਆਪ ਦਾ ਪੱਕਾ ਗੜ੍ਹ (ਸਾਂਭ-ਸੰਭਾਲ ਅਤੇ ਮਜ਼ਬੂਤੀ ਜ਼ੋਨ),"Deploy 12-member active booth cadre in Tarpai. Consolidate agricultural and youth voter base. Protect and expand the current +125 vote lead through welfare scheme outreach (free electricity, canal water access, health clinics).","ਤਰਪਈ ਵਿੱਚ 12 ਮੈਂਬਰੀ ਸਰਗਰਮ ਬੂਥ ਟੀਮ ਤਾਇਨਾਤ ਕਰੋ। ਕਿਸਾਨੀ ਅਤੇ ਨੌਜਵਾਨ ਵਰਗ ਨਾਲ ਨਿੱਜੀ ਰਾਬਤਾ ਵਧਾਓ। ਪੰਜਾਬ ਸਰਕਾਰ ਦੀਆਂ ਭਲਾਈ ਸਕੀਮਾਂ (ਮੁਫ਼ਤ ਬਿਜਲੀ, ਨਹਿਰੀ ਪਾਣੀ, ਆਮ ਆਦਮੀ ਕਲੀਨਿਕ) ਰਾਹੀਂ +125 ਵੋਟਾਂ ਦੀ ਲੀਡ ਨੂੰ ਹੋਰ ਪੱਕਾ ਕਰੋ।","{'booth_no': '92', 'village_en': 'Tarpai', 'village_pa': 'ਤਰਪਈ', 'zone_en': 'Core AAP Citadel (Retention & Reinforcement Zone)', 'zone_pa': 'ਆਪ ਦਾ ਪੱਕਾ ਗੜ੍ਹ (ਸਾਂਭ-ਸੰਭਾਲ ਅਤੇ ਮਜ਼ਬੂਤੀ ਜ਼ੋਨ)', 'action_en': 'Deploy 12-member active booth cadre in Tarpai. Consolidate agricultural and youth voter base. Protect and expand the current +125 vote lead through welfare scheme outreach (free electricity, canal water access, health clinics).', 'action_pa': 'ਤਰਪਈ ਵਿੱਚ 12 ਮੈਂਬਰੀ ਸਰਗਰਮ ਬੂਥ ਟੀਮ ਤਾਇਨਾਤ ਕਰੋ। ਕਿਸਾਨੀ ਅਤੇ ਨੌਜਵਾਨ ਵਰਗ ਨਾਲ ਨਿੱਜੀ ਰਾਬਤਾ ਵਧਾਓ। ਪੰਜਾਬ ਸਰਕਾਰ ਦੀਆਂ ਭਲਾਈ ਸਕੀਮਾਂ (ਮੁਫ਼ਤ ਬਿਜਲੀ, ਨਹਿਰੀ ਪਾਣੀ, ਆਮ ਆਦਮੀ ਕਲੀਨਿਕ) ਰਾਹੀਂ +125 ਵੋਟਾਂ ਦੀ ਲੀਡ ਨੂੰ ਹੋਰ ਪੱਕਾ ਕਰੋ।', 'action_steps_en': ['Days 1-30: Verify all beneficiaries of 300 units free power and state health schemes in Tarpai.', 'Days 31-60: Conduct small farmer dialogues addressing canal water tail-end irrigation concerns.', 'Days 61-90: Fortify booth committee with 12 youth mobilizers to protect +125 vote lead.'], 'action_steps_pa': ['ਦਿਨ 1-30: ਤਰਪਈ ਵਿੱਚ 300 ਯੂਨਿਟ ਮੁਫ਼ਤ ਬਿਜਲੀ ਅਤੇ ਸਿਹਤ ਸਕੀਮਾਂ ਦੇ ਲਾਭਪਾਤਰੀਆਂ ਨਾਲ ਸੰਪਰਕ ਕਰੋ।', ""ਦਿਨ 31-60: ਨਹਿਰੀ ਪਾਣੀ ਅਤੇ ਖੇਤੀਬਾੜੀ ਮਸਲਿਆਂ 'ਤੇ ਕਿਸਾਨਾਂ ਨਾਲ ਸਿੱਧਾ ਸੰਵਾਦ ਰਚਾਓ।"", 'ਦਿਨ 61-90: +125 ਵੋਟਾਂ ਦੀ ਲੀਡ ਬਰਕਰਾਰ ਰੱਖਣ ਲਈ 12 ਮੈਂਬਰੀ ਯੂਥ ਕਮੇਟੀ ਬਣਾਓ।'], 'action_steps': ['ਦਿਨ 1-30: ਤਰਪਈ ਵਿੱਚ 300 ਯੂਨਿਟ ਮੁਫ਼ਤ ਬਿਜਲੀ ਅਤੇ ਸਿਹਤ ਸਕੀਮਾਂ ਦੇ ਲਾਭਪਾਤਰੀਆਂ ਨਾਲ ਸੰਪਰਕ ਕਰੋ।', ""ਦਿਨ 31-60: ਨਹਿਰੀ ਪਾਣੀ ਅਤੇ ਖੇਤੀਬਾੜੀ ਮਸਲਿਆਂ 'ਤੇ ਕਿਸਾਨਾਂ ਨਾਲ ਸਿੱਧਾ ਸੰਵਾਦ ਰਚਾਓ।"", 'ਦਿਨ 61-90: +125 ਵੋਟਾਂ ਦੀ ਲੀਡ ਬਰਕਰਾਰ ਰੱਖਣ ਲਈ 12 ਮੈਂਬਰੀ ਯੂਥ ਕਮੇਟੀ ਬਣਾਓ।']}"
94,93,Thatha,ਠੱਠਾ,ਠੱਠਾ,Thatha,ਠੱਠਾ,SAD,SAD,74,66,SAD Retained,SAD Retained,AAP Deficit,ਆਪ ਘਾਟ,INC Deficit,"{'AAP': 'LOST_BOTH', 'SAD': 'WON_BOTH', 'INC': 'LOST_BOTH', 'BJP': 'WEAK'}",False,"{'is_flip': False, 'status_label': 'SAD Retained', 'turnout_diff': -215, 'turnout_pct': -30.28, 'sad_swing': -4.46, 'aap_swing': -13.24, 'inc_swing': 11.78, 'bjp_swing': 4.59}",710,495,-215,-30.28,320,201,-119,45.07,40.61,-4.46,246,106,-140,34.65,21.41,-13.24,110,135,25,15.49,27.27,11.78,9,29,20,1.27,5.86,4.59,5,1.01,"{'total': 710, 'sad': 320, 'aap': 246, 'inc': 110, 'bjp': 9, 'sad_votes': 320, 'sad_pct': 45.07, 'aap_votes': 246, 'aap_pct': 34.65, 'inc_votes': 110, 'inc_pct': 15.49, 'bjp_votes': 9, 'bjp_pct': 1.27, 'winner_party': 'SAD', 'margin': 74, 'winner_candidate': 'Ganieve Kaur Majithia'}","{'total': 495, 'sad': 201, 'aap': 106, 'inc': 135, 'bjp': 29, 'sada': 5, 'bsp': 2, 'others': 17, 'sad_votes': 201, 'sad_pct': 40.61, 'aap_votes': 106, 'aap_pct': 21.41, 'inc_votes': 135, 'inc_pct': 27.27, 'bjp_votes': 29, 'bjp_pct': 5.86, 'sada_votes': 5, 'sada_pct': 1.01, 'winner_party': 'SAD', 'margin': 66, 'winner_candidate': 'Anil Joshi'}","{'turnout_diff': -215, 'turnout_pct': -30.28, 'sad_shift': -119, 'sad_swing': -4.46, 'aap_shift': -140, 'aap_swing': -13.24, 'inc_shift': 25, 'inc_swing': 11.78, 'bjp_shift': 20, 'bjp_swing': 4.59}",Akali Bastion: Strategic Penetration & Demolition Zone,ਅਕਾਲੀ ਦਲ ਦਾ ਪ੍ਰਭਾਵਿਤ ਖੇਤਰ: ਵਿਸ਼ੇਸ਼ ਘੇਰਾਬੰਦੀ ਜ਼ੋਨ,SAD retained lead here by +66 votes (40.6% share). Target moderate Panthic and farming families in Thatha disillusioned with traditional leadership. Appoint dedicated block coordinators and highlight direct government procurement and village development works.,ਅਕਾਲੀ ਦਲ ਨੇ ਇੱਥੇ +66 ਵੋਟਾਂ (40.6%) ਨਾਲ ਲੀਡ ਬਣਾਈ ਹੈ। ਠੱਠਾ ਵਿੱਚ ਰਵਾਇਤੀ ਲੀਡਰਸ਼ਿਪ ਤੋਂ ਨਿਰਾਸ਼ ਕਿਸਾਨ ਅਤੇ ਪੰਥਕ ਪਰਿਵਾਰਾਂ ਨਾਲ ਸੰਵਾਦ ਕਰੋ। ਪਿੰਡਾਂ ਵਿੱਚ ਪੰਜਾਬ ਸਰਕਾਰ ਦੇ ਵਿਕਾਸ ਕਾਰਜਾਂ ਅਤੇ ਨਿਰਪੱਖ ਭਰਤੀਆਂ ਦੇ ਸੁਨੇਹੇ ਨਾਲ ਸੰਨ੍ਹ ਲਗਾਓ।,"{'booth_no': '93', 'village_en': 'Thatha', 'village_pa': 'ਠੱਠਾ', 'zone_en': 'Akali Bastion: Strategic Penetration & Demolition Zone', 'zone_pa': 'ਅਕਾਲੀ ਦਲ ਦਾ ਪ੍ਰਭਾਵਿਤ ਖੇਤਰ: ਵਿਸ਼ੇਸ਼ ਘੇਰਾਬੰਦੀ ਜ਼ੋਨ', 'action_en': 'SAD retained lead here by +66 votes (40.6% share). Target moderate Panthic and farming families in Thatha disillusioned with traditional leadership. Appoint dedicated block coordinators and highlight direct government procurement and village development works.', 'action_pa': 'ਅਕਾਲੀ ਦਲ ਨੇ ਇੱਥੇ +66 ਵੋਟਾਂ (40.6%) ਨਾਲ ਲੀਡ ਬਣਾਈ ਹੈ। ਠੱਠਾ ਵਿੱਚ ਰਵਾਇਤੀ ਲੀਡਰਸ਼ਿਪ ਤੋਂ ਨਿਰਾਸ਼ ਕਿਸਾਨ ਅਤੇ ਪੰਥਕ ਪਰਿਵਾਰਾਂ ਨਾਲ ਸੰਵਾਦ ਕਰੋ। ਪਿੰਡਾਂ ਵਿੱਚ ਪੰਜਾਬ ਸਰਕਾਰ ਦੇ ਵਿਕਾਸ ਕਾਰਜਾਂ ਅਤੇ ਨਿਰਪੱਖ ਭਰਤੀਆਂ ਦੇ ਸੁਨੇਹੇ ਨਾਲ ਸੰਨ੍ਹ ਲਗਾਓ।', 'action_steps_en': ['Days 1-30: Map the top 30 influential non-committed Panthic families in Thatha.', 'Days 31-60: Deploy senior constituency leaders for direct home visits to address local disgruntlement.', ""Days 61-90: Neutralize SAD's +66 vote cushion by winning over agricultural youth.""], 'action_steps_pa': ['ਦਿਨ 1-30: ਠੱਠਾ ਦੇ 30 ਨਿਰਪੱਖ ਅਤੇ ਪ੍ਰਭਾਵਸ਼ਾਲੀ ਪਰਿਵਾਰਾਂ ਦੀ ਸ਼ਨਾਖਤ ਕਰੋ।', 'ਦਿਨ 31-60: ਸੀਨੀਅਰ ਲੀਡਰਸ਼ਿਪ ਰਾਹੀਂ ਘਰ-ਘਰ ਜਾ ਕੇ ਸਰਕਾਰ ਦੀਆਂ ਨਿਰਪੱਖ ਨੀਤੀਆਂ ਸਾਂਝੀਆਂ ਕਰੋ।', 'ਦਿਨ 61-90: ਨੌਜਵਾਨ ਵਰਗ ਨੂੰ ਸਰਕਾਰੀ ਨੌਕਰੀਆਂ ਅਤੇ ਖੇਡ ਕਿੱਟਾਂ ਰਾਹੀਂ ਪਾਰਟੀ ਨਾਲ ਜੋੜ ਕੇ ਲੀਡ ਘਟਾਓ।'], 'action_steps': ['ਦਿਨ 1-30: ਠੱਠਾ ਦੇ 30 ਨਿਰਪੱਖ ਅਤੇ ਪ੍ਰਭਾਵਸ਼ਾਲੀ ਪਰਿਵਾਰਾਂ ਦੀ ਸ਼ਨਾਖਤ ਕਰੋ।', 'ਦਿਨ 31-60: ਸੀਨੀਅਰ ਲੀਡਰਸ਼ਿਪ ਰਾਹੀਂ ਘਰ-ਘਰ ਜਾ ਕੇ ਸਰਕਾਰ ਦੀਆਂ ਨਿਰਪੱਖ ਨੀਤੀਆਂ ਸਾਂਝੀਆਂ ਕਰੋ।', 'ਦਿਨ 61-90: ਨੌਜਵਾਨ ਵਰਗ ਨੂੰ ਸਰਕਾਰੀ ਨੌਕਰੀਆਂ ਅਤੇ ਖੇਡ ਕਿੱਟਾਂ ਰਾਹੀਂ ਪਾਰਟੀ ਨਾਲ ਜੋੜ ਕੇ ਲੀਡ ਘਟਾਓ।']}"
95,94,Uddoke,ਉੱਦੋਕੇ,ਉੱਦੋਕੇ,Uddoke,ਉੱਦੋਕੇ,INC,AAP,14,27,INC → AAP,INC → AAP,AAP Gain,ਆਪ ਲਾਭ,INC Loss,"{'AAP': 'GAINED', 'SAD': 'WEAK', 'INC': 'LOST_24', 'BJP': 'WEAK'}",True,"{'is_flip': True, 'status_label': 'INC → AAP', 'turnout_diff': 224, 'turnout_pct': 44.8, 'sad_swing': -7.98, 'aap_swing': 9.58, 'inc_swing': -5.95, 'bjp_swing': 6.23}",500,724,224,44.8,158,171,13,31.6,23.62,-7.98,113,233,120,22.6,32.18,9.58,172,206,34,34.4,28.45,-5.95,11,61,50,2.2,8.43,6.23,27,3.73,"{'total': 500, 'sad': 158, 'aap': 113, 'inc': 172, 'bjp': 11, 'sad_votes': 158, 'sad_pct': 31.6, 'aap_votes': 113, 'aap_pct': 22.6, 'inc_votes': 172, 'inc_pct': 34.4, 'bjp_votes': 11, 'bjp_pct': 2.2, 'winner_party': 'INC', 'margin': 14, 'winner_candidate': 'Jagwinder Pal Singh (Jagga)'}","{'total': 724, 'sad': 171, 'aap': 233, 'inc': 206, 'bjp': 61, 'sada': 27, 'bsp': 2, 'others': 21, 'sad_votes': 171, 'sad_pct': 23.62, 'aap_votes': 233, 'aap_pct': 32.18, 'inc_votes': 206, 'inc_pct': 28.45, 'bjp_votes': 61, 'bjp_pct': 8.43, 'sada_votes': 27, 'sada_pct': 3.73, 'winner_party': 'AAP', 'margin': 27, 'winner_candidate': 'Kuldeep Singh Dhaliwal'}","{'turnout_diff': 224, 'turnout_pct': 44.8, 'sad_shift': 13, 'sad_swing': -7.98, 'aap_shift': 120, 'aap_swing': 9.58, 'inc_shift': 34, 'inc_swing': -5.95, 'bjp_shift': 50, 'bjp_swing': 6.23}",Historic Breakthrough: AAP Flipped Stronghold,ਇਤਿਹਾਸਕ ਪ੍ਰਾਪਤੀ: ਅਕਾਲੀ ਗੜ੍ਹ ਵਿੱਚ ਆਪ ਦੀ ਜਿੱਤ ਜ਼ੋਨ,"Major breakthrough in Uddoke previously held by INC. Formally induct local village swing leaders and youth volunteers who backed AAP in 2024. Resolve local village infrastructure, canal tail issues, and cement +27 lead.","ਉੱਦੋਕੇ ਵਿੱਚ ਵੱਡੀ ਇਤਿਹਾਸਕ ਸਫ਼ਲਤਾ, ਜਿੱਥੇ INC ਦਾ ਪੁਰਾਣਾ ਦਬਦਬਾ ਟੁੱਟਿਆ। 2024 ਵਿੱਚ ਆਪ ਨਾਲ ਜੁੜੇ ਨੌਜਵਾਨਾਂ ਅਤੇ ਪੰਚਾਇਤੀ ਆਗੂਆਂ ਨੂੰ ਜਥੇਬੰਦਕ ਜ਼ਿੰਮੇਵਾਰੀਆਂ ਦਿਓ ਅਤੇ +27 ਵੋਟਾਂ ਦੀ ਲੀਡ ਨੂੰ ਸਥਾਈ ਵੋਟ ਬੈਂਕ ਵਿੱਚ ਬਦਲੋ।","{'booth_no': '94', 'village_en': 'Uddoke', 'village_pa': 'ਉੱਦੋਕੇ', 'zone_en': 'Historic Breakthrough: AAP Flipped Stronghold', 'zone_pa': 'ਇਤਿਹਾਸਕ ਪ੍ਰਾਪਤੀ: ਅਕਾਲੀ ਗੜ੍ਹ ਵਿੱਚ ਆਪ ਦੀ ਜਿੱਤ ਜ਼ੋਨ', 'action_en': 'Major breakthrough in Uddoke previously held by INC. Formally induct local village swing leaders and youth volunteers who backed AAP in 2024. Resolve local village infrastructure, canal tail issues, and cement +27 lead.', 'action_pa': 'ਉੱਦੋਕੇ ਵਿੱਚ ਵੱਡੀ ਇਤਿਹਾਸਕ ਸਫ਼ਲਤਾ, ਜਿੱਥੇ INC ਦਾ ਪੁਰਾਣਾ ਦਬਦਬਾ ਟੁੱਟਿਆ। 2024 ਵਿੱਚ ਆਪ ਨਾਲ ਜੁੜੇ ਨੌਜਵਾਨਾਂ ਅਤੇ ਪੰਚਾਇਤੀ ਆਗੂਆਂ ਨੂੰ ਜਥੇਬੰਦਕ ਜ਼ਿੰਮੇਵਾਰੀਆਂ ਦਿਓ ਅਤੇ +27 ਵੋਟਾਂ ਦੀ ਲੀਡ ਨੂੰ ਸਥਾਈ ਵੋਟ ਬੈਂਕ ਵਿੱਚ ਬਦਲੋ।', 'action_steps_en': ['Days 1-30: Onboard dynamic swing workers who crossed over from INC into the formal AAP booth structure.', 'Days 31-60: Prioritize village link road and street light repairs in Uddoke through rural development grants.', 'Days 61-90: Convert current +27 vote lead into permanent party loyalty before 2027.'], 'action_steps_pa': ['ਦਿਨ 1-30: INC ਛੱਡ ਕੇ ਆਪ ਵਿੱਚ ਸ਼ਾਮਲ ਹੋਏ ਆਗੂਆਂ ਨੂੰ ਬੂਥ ਕਮੇਟੀ ਵਿੱਚ ਅਹਿਮ ਜ਼ਿੰਮੇਵਾਰੀਆਂ ਦਿਓ।', ""ਦਿਨ 31-60: ਉੱਦੋਕੇ ਵਿੱਚ ਪਿੰਡ ਦੀਆਂ ਫਿਰਨੀਆਂ, ਗਲੀਆਂ ਅਤੇ ਲਿੰਕ ਸੜਕਾਂ ਦੇ ਕੰਮ ਤਰਜੀਹ 'ਤੇ ਕਰਵਾਓ।"", 'ਦਿਨ 61-90: +27 ਵੋਟਾਂ ਦੀ ਲੀਡ ਨੂੰ ਪੱਕੇ ਵੋਟ ਬੈਂਕ ਵਿੱਚ ਤਬਦੀਲ ਕਰੋ।'], 'action_steps': ['ਦਿਨ 1-30: INC ਛੱਡ ਕੇ ਆਪ ਵਿੱਚ ਸ਼ਾਮਲ ਹੋਏ ਆਗੂਆਂ ਨੂੰ ਬੂਥ ਕਮੇਟੀ ਵਿੱਚ ਅਹਿਮ ਜ਼ਿੰਮੇਵਾਰੀਆਂ ਦਿਓ।', ""ਦਿਨ 31-60: ਉੱਦੋਕੇ ਵਿੱਚ ਪਿੰਡ ਦੀਆਂ ਫਿਰਨੀਆਂ, ਗਲੀਆਂ ਅਤੇ ਲਿੰਕ ਸੜਕਾਂ ਦੇ ਕੰਮ ਤਰਜੀਹ 'ਤੇ ਕਰਵਾਓ।"", 'ਦਿਨ 61-90: +27 ਵੋਟਾਂ ਦੀ ਲੀਡ ਨੂੰ ਪੱਕੇ ਵੋਟ ਬੈਂਕ ਵਿੱਚ ਤਬਦੀਲ ਕਰੋ।']}"
96,95,Vadala Veeram,ਵਡਾਲਾ ਵੀਰਮ,ਵਡਾਲਾ ਵੀਰਮ,Vadala Veeram,ਵਡਾਲਾ ਵੀਰਮ,SAD,AAP,135,2,SAD → AAP,SAD → AAP,AAP Gain,ਆਪ ਲਾਭ,INC Deficit,"{'AAP': 'GAINED', 'SAD': 'LOST_24', 'INC': 'LOST_BOTH', 'BJP': 'LOST_BOTH'}",True,"{'is_flip': True, 'status_label': 'SAD → AAP', 'turnout_diff': 214, 'turnout_pct': 47.45, 'sad_swing': -29.76, 'aap_swing': 4.99, 'inc_swing': 15.33, 'bjp_swing': 9.34}",451,665,214,47.45,240,156,-84,53.22,23.46,-29.76,105,188,83,23.28,28.27,4.99,57,186,129,12.64,27.97,15.33,4,68,64,0.89,10.23,9.34,45,6.77,"{'total': 451, 'sad': 240, 'aap': 105, 'inc': 57, 'bjp': 4, 'sad_votes': 240, 'sad_pct': 53.22, 'aap_votes': 105, 'aap_pct': 23.28, 'inc_votes': 57, 'inc_pct': 12.64, 'bjp_votes': 4, 'bjp_pct': 0.89, 'winner_party': 'SAD', 'margin': 135, 'winner_candidate': 'Ganieve Kaur Majithia'}","{'total': 665, 'sad': 156, 'aap': 188, 'inc': 186, 'bjp': 68, 'sada': 45, 'bsp': 1, 'others': 17, 'sad_votes': 156, 'sad_pct': 23.46, 'aap_votes': 188, 'aap_pct': 28.27, 'inc_votes': 186, 'inc_pct': 27.97, 'bjp_votes': 68, 'bjp_pct': 10.23, 'sada_votes': 45, 'sada_pct': 6.77, 'winner_party': 'AAP', 'margin': 2, 'winner_candidate': 'Kuldeep Singh Dhaliwal'}","{'turnout_diff': 214, 'turnout_pct': 47.45, 'sad_shift': -84, 'sad_swing': -29.76, 'aap_shift': 83, 'aap_swing': 4.99, 'inc_shift': 129, 'inc_swing': 15.33, 'bjp_shift': 64, 'bjp_swing': 9.34}",Historic Breakthrough: AAP Flipped Stronghold,ਇਤਿਹਾਸਕ ਪ੍ਰਾਪਤੀ: ਅਕਾਲੀ ਗੜ੍ਹ ਵਿੱਚ ਆਪ ਦੀ ਜਿੱਤ ਜ਼ੋਨ,"Major breakthrough in Vadala Veeram previously held by SAD. Formally induct local village swing leaders and youth volunteers who backed AAP in 2024. Resolve local village infrastructure, canal tail issues, and cement +2 lead.","ਵਡਾਲਾ ਵੀਰਮ ਵਿੱਚ ਵੱਡੀ ਇਤਿਹਾਸਕ ਸਫ਼ਲਤਾ, ਜਿੱਥੇ SAD ਦਾ ਪੁਰਾਣਾ ਦਬਦਬਾ ਟੁੱਟਿਆ। 2024 ਵਿੱਚ ਆਪ ਨਾਲ ਜੁੜੇ ਨੌਜਵਾਨਾਂ ਅਤੇ ਪੰਚਾਇਤੀ ਆਗੂਆਂ ਨੂੰ ਜਥੇਬੰਦਕ ਜ਼ਿੰਮੇਵਾਰੀਆਂ ਦਿਓ ਅਤੇ +2 ਵੋਟਾਂ ਦੀ ਲੀਡ ਨੂੰ ਸਥਾਈ ਵੋਟ ਬੈਂਕ ਵਿੱਚ ਬਦਲੋ।","{'booth_no': '95', 'village_en': 'Vadala Veeram', 'village_pa': 'ਵਡਾਲਾ ਵੀਰਮ', 'zone_en': 'Historic Breakthrough: AAP Flipped Stronghold', 'zone_pa': 'ਇਤਿਹਾਸਕ ਪ੍ਰਾਪਤੀ: ਅਕਾਲੀ ਗੜ੍ਹ ਵਿੱਚ ਆਪ ਦੀ ਜਿੱਤ ਜ਼ੋਨ', 'action_en': 'Major breakthrough in Vadala Veeram previously held by SAD. Formally induct local village swing leaders and youth volunteers who backed AAP in 2024. Resolve local village infrastructure, canal tail issues, and cement +2 lead.', 'action_pa': 'ਵਡਾਲਾ ਵੀਰਮ ਵਿੱਚ ਵੱਡੀ ਇਤਿਹਾਸਕ ਸਫ਼ਲਤਾ, ਜਿੱਥੇ SAD ਦਾ ਪੁਰਾਣਾ ਦਬਦਬਾ ਟੁੱਟਿਆ। 2024 ਵਿੱਚ ਆਪ ਨਾਲ ਜੁੜੇ ਨੌਜਵਾਨਾਂ ਅਤੇ ਪੰਚਾਇਤੀ ਆਗੂਆਂ ਨੂੰ ਜਥੇਬੰਦਕ ਜ਼ਿੰਮੇਵਾਰੀਆਂ ਦਿਓ ਅਤੇ +2 ਵੋਟਾਂ ਦੀ ਲੀਡ ਨੂੰ ਸਥਾਈ ਵੋਟ ਬੈਂਕ ਵਿੱਚ ਬਦਲੋ।', 'action_steps_en': ['Days 1-30: Onboard dynamic swing workers who crossed over from SAD into the formal AAP booth structure.', 'Days 31-60: Prioritize village link road and street light repairs in Vadala Veeram through rural development grants.', 'Days 61-90: Convert current +2 vote lead into permanent party loyalty before 2027.'], 'action_steps_pa': ['ਦਿਨ 1-30: SAD ਛੱਡ ਕੇ ਆਪ ਵਿੱਚ ਸ਼ਾਮਲ ਹੋਏ ਆਗੂਆਂ ਨੂੰ ਬੂਥ ਕਮੇਟੀ ਵਿੱਚ ਅਹਿਮ ਜ਼ਿੰਮੇਵਾਰੀਆਂ ਦਿਓ।', ""ਦਿਨ 31-60: ਵਡਾਲਾ ਵੀਰਮ ਵਿੱਚ ਪਿੰਡ ਦੀਆਂ ਫਿਰਨੀਆਂ, ਗਲੀਆਂ ਅਤੇ ਲਿੰਕ ਸੜਕਾਂ ਦੇ ਕੰਮ ਤਰਜੀਹ 'ਤੇ ਕਰਵਾਓ।"", 'ਦਿਨ 61-90: +2 ਵੋਟਾਂ ਦੀ ਲੀਡ ਨੂੰ ਪੱਕੇ ਵੋਟ ਬੈਂਕ ਵਿੱਚ ਤਬਦੀਲ ਕਰੋ।'], 'action_steps': ['ਦਿਨ 1-30: SAD ਛੱਡ ਕੇ ਆਪ ਵਿੱਚ ਸ਼ਾਮਲ ਹੋਏ ਆਗੂਆਂ ਨੂੰ ਬੂਥ ਕਮੇਟੀ ਵਿੱਚ ਅਹਿਮ ਜ਼ਿੰਮੇਵਾਰੀਆਂ ਦਿਓ।', ""ਦਿਨ 31-60: ਵਡਾਲਾ ਵੀਰਮ ਵਿੱਚ ਪਿੰਡ ਦੀਆਂ ਫਿਰਨੀਆਂ, ਗਲੀਆਂ ਅਤੇ ਲਿੰਕ ਸੜਕਾਂ ਦੇ ਕੰਮ ਤਰਜੀਹ 'ਤੇ ਕਰਵਾਓ।"", 'ਦਿਨ 61-90: +2 ਵੋਟਾਂ ਦੀ ਲੀਡ ਨੂੰ ਪੱਕੇ ਵੋਟ ਬੈਂਕ ਵਿੱਚ ਤਬਦੀਲ ਕਰੋ।']}"
97,96,Veeram,ਵੀਰਮ,ਵੀਰਮ,Veeram,ਵੀਰਮ,SAD,AAP,85,157,SAD → AAP,SAD → AAP,AAP Gain,ਆਪ ਲਾਭ,INC Deficit,"{'AAP': 'GAINED', 'SAD': 'LOST_24', 'INC': 'WEAK', 'BJP': 'WEAK'}",True,"{'is_flip': True, 'status_label': 'SAD → AAP', 'turnout_diff': 48, 'turnout_pct': 7.05, 'sad_swing': -13.94, 'aap_swing': 31.53, 'inc_swing': -19.57, 'bjp_swing': -2.01}",681,729,48,7.05,293,212,-81,43.02,29.08,-13.94,130,369,239,19.09,50.62,31.53,208,80,-128,30.54,10.97,-19.57,23,10,-13,3.38,1.37,-2.01,27,3.7,"{'total': 681, 'sad': 293, 'aap': 130, 'inc': 208, 'bjp': 23, 'sad_votes': 293, 'sad_pct': 43.02, 'aap_votes': 130, 'aap_pct': 19.09, 'inc_votes': 208, 'inc_pct': 30.54, 'bjp_votes': 23, 'bjp_pct': 3.38, 'winner_party': 'SAD', 'margin': 85, 'winner_candidate': 'Ganieve Kaur Majithia'}","{'total': 729, 'sad': 212, 'aap': 369, 'inc': 80, 'bjp': 10, 'sada': 27, 'bsp': 8, 'others': 20, 'sad_votes': 212, 'sad_pct': 29.08, 'aap_votes': 369, 'aap_pct': 50.62, 'inc_votes': 80, 'inc_pct': 10.97, 'bjp_votes': 10, 'bjp_pct': 1.37, 'sada_votes': 27, 'sada_pct': 3.7, 'winner_party': 'AAP', 'margin': 157, 'winner_candidate': 'Kuldeep Singh Dhaliwal'}","{'turnout_diff': 48, 'turnout_pct': 7.05, 'sad_shift': -81, 'sad_swing': -13.94, 'aap_shift': 239, 'aap_swing': 31.53, 'inc_shift': -128, 'inc_swing': -19.57, 'bjp_shift': -13, 'bjp_swing': -2.01}",Historic Breakthrough: AAP Flipped Stronghold,ਇਤਿਹਾਸਕ ਪ੍ਰਾਪਤੀ: ਅਕਾਲੀ ਗੜ੍ਹ ਵਿੱਚ ਆਪ ਦੀ ਜਿੱਤ ਜ਼ੋਨ,"Major breakthrough in Veeram previously held by SAD. Formally induct local village swing leaders and youth volunteers who backed AAP in 2024. Resolve local village infrastructure, canal tail issues, and cement +157 lead.","ਵੀਰਮ ਵਿੱਚ ਵੱਡੀ ਇਤਿਹਾਸਕ ਸਫ਼ਲਤਾ, ਜਿੱਥੇ SAD ਦਾ ਪੁਰਾਣਾ ਦਬਦਬਾ ਟੁੱਟਿਆ। 2024 ਵਿੱਚ ਆਪ ਨਾਲ ਜੁੜੇ ਨੌਜਵਾਨਾਂ ਅਤੇ ਪੰਚਾਇਤੀ ਆਗੂਆਂ ਨੂੰ ਜਥੇਬੰਦਕ ਜ਼ਿੰਮੇਵਾਰੀਆਂ ਦਿਓ ਅਤੇ +157 ਵੋਟਾਂ ਦੀ ਲੀਡ ਨੂੰ ਸਥਾਈ ਵੋਟ ਬੈਂਕ ਵਿੱਚ ਬਦਲੋ।","{'booth_no': '96', 'village_en': 'Veeram', 'village_pa': 'ਵੀਰਮ', 'zone_en': 'Historic Breakthrough: AAP Flipped Stronghold', 'zone_pa': 'ਇਤਿਹਾਸਕ ਪ੍ਰਾਪਤੀ: ਅਕਾਲੀ ਗੜ੍ਹ ਵਿੱਚ ਆਪ ਦੀ ਜਿੱਤ ਜ਼ੋਨ', 'action_en': 'Major breakthrough in Veeram previously held by SAD. Formally induct local village swing leaders and youth volunteers who backed AAP in 2024. Resolve local village infrastructure, canal tail issues, and cement +157 lead.', 'action_pa': 'ਵੀਰਮ ਵਿੱਚ ਵੱਡੀ ਇਤਿਹਾਸਕ ਸਫ਼ਲਤਾ, ਜਿੱਥੇ SAD ਦਾ ਪੁਰਾਣਾ ਦਬਦਬਾ ਟੁੱਟਿਆ। 2024 ਵਿੱਚ ਆਪ ਨਾਲ ਜੁੜੇ ਨੌਜਵਾਨਾਂ ਅਤੇ ਪੰਚਾਇਤੀ ਆਗੂਆਂ ਨੂੰ ਜਥੇਬੰਦਕ ਜ਼ਿੰਮੇਵਾਰੀਆਂ ਦਿਓ ਅਤੇ +157 ਵੋਟਾਂ ਦੀ ਲੀਡ ਨੂੰ ਸਥਾਈ ਵੋਟ ਬੈਂਕ ਵਿੱਚ ਬਦਲੋ।', 'action_steps_en': ['Days 1-30: Onboard dynamic swing workers who crossed over from SAD into the formal AAP booth structure.', 'Days 31-60: Prioritize village link road and street light repairs in Veeram through rural development grants.', 'Days 61-90: Convert current +157 vote lead into permanent party loyalty before 2027.'], 'action_steps_pa': ['ਦਿਨ 1-30: SAD ਛੱਡ ਕੇ ਆਪ ਵਿੱਚ ਸ਼ਾਮਲ ਹੋਏ ਆਗੂਆਂ ਨੂੰ ਬੂਥ ਕਮੇਟੀ ਵਿੱਚ ਅਹਿਮ ਜ਼ਿੰਮੇਵਾਰੀਆਂ ਦਿਓ।', ""ਦਿਨ 31-60: ਵੀਰਮ ਵਿੱਚ ਪਿੰਡ ਦੀਆਂ ਫਿਰਨੀਆਂ, ਗਲੀਆਂ ਅਤੇ ਲਿੰਕ ਸੜਕਾਂ ਦੇ ਕੰਮ ਤਰਜੀਹ 'ਤੇ ਕਰਵਾਓ।"", 'ਦਿਨ 61-90: +157 ਵੋਟਾਂ ਦੀ ਲੀਡ ਨੂੰ ਪੱਕੇ ਵੋਟ ਬੈਂਕ ਵਿੱਚ ਤਬਦੀਲ ਕਰੋ।'], 'action_steps': ['ਦਿਨ 1-30: SAD ਛੱਡ ਕੇ ਆਪ ਵਿੱਚ ਸ਼ਾਮਲ ਹੋਏ ਆਗੂਆਂ ਨੂੰ ਬੂਥ ਕਮੇਟੀ ਵਿੱਚ ਅਹਿਮ ਜ਼ਿੰਮੇਵਾਰੀਆਂ ਦਿਓ।', ""ਦਿਨ 31-60: ਵੀਰਮ ਵਿੱਚ ਪਿੰਡ ਦੀਆਂ ਫਿਰਨੀਆਂ, ਗਲੀਆਂ ਅਤੇ ਲਿੰਕ ਸੜਕਾਂ ਦੇ ਕੰਮ ਤਰਜੀਹ 'ਤੇ ਕਰਵਾਓ।"", 'ਦਿਨ 61-90: +157 ਵੋਟਾਂ ਦੀ ਲੀਡ ਨੂੰ ਪੱਕੇ ਵੋਟ ਬੈਂਕ ਵਿੱਚ ਤਬਦੀਲ ਕਰੋ।']}"
98,97,Majitha Ward 1 / Urban Core (Part 2),ਮਜੀਠਾ ਵਾਰਡ 1 / ਸ਼ਹਿਰੀ ਕੋਰ (ਭਾਗ 2),ਮਜੀਠਾ ਵਾਰਡ 1 / ਸ਼ਹਿਰੀ ਕੋਰ (ਭਾਗ 2),Majitha Ward 1 / Urban Core (Part 2),ਮਜੀਠਾ ਵਾਰਡ 1 / ਸ਼ਹਿਰੀ ਕੋਰ (ਭਾਗ 2),SAD,BJP,88,82,SAD → BJP,SAD → BJP,AAP Deficit,ਆਪ ਘਾਟ,INC Deficit,"{'AAP': 'LOST_BOTH', 'SAD': 'LOST_24', 'INC': 'WEAK', 'BJP': 'GAINED'}",True,"{'is_flip': True, 'status_label': 'SAD → BJP', 'turnout_diff': 77, 'turnout_pct': 18.97, 'sad_swing': -29.9, 'aap_swing': -5.12, 'inc_swing': -10.74, 'bjp_swing': 36.73}",406,483,77,18.97,192,84,-108,47.29,17.39,-29.9,104,99,-5,25.62,20.5,-5.12,89,54,-35,21.92,11.18,-10.74,3,181,178,0.74,37.47,36.73,20,4.14,"{'total': 406, 'sad': 192, 'aap': 104, 'inc': 89, 'bjp': 3, 'sad_votes': 192, 'sad_pct': 47.29, 'aap_votes': 104, 'aap_pct': 25.62, 'inc_votes': 89, 'inc_pct': 21.92, 'bjp_votes': 3, 'bjp_pct': 0.74, 'winner_party': 'SAD', 'margin': 88, 'winner_candidate': 'Ganieve Kaur Majithia'}","{'total': 483, 'sad': 84, 'aap': 99, 'inc': 54, 'bjp': 181, 'sada': 20, 'bsp': 9, 'others': 31, 'sad_votes': 84, 'sad_pct': 17.39, 'aap_votes': 99, 'aap_pct': 20.5, 'inc_votes': 54, 'inc_pct': 11.18, 'bjp_votes': 181, 'bjp_pct': 37.47, 'sada_votes': 20, 'sada_pct': 4.14, 'winner_party': 'BJP', 'margin': 82, 'winner_candidate': 'Taranjit Singh Sandhu Samundri'}","{'turnout_diff': 77, 'turnout_pct': 18.97, 'sad_shift': -108, 'sad_swing': -29.9, 'aap_shift': -5, 'aap_swing': -5.12, 'inc_shift': -35, 'inc_swing': -10.74, 'bjp_shift': 178, 'bjp_swing': 36.73}",Urban Infiltration: BJP Containment & Counter-Offensive,ਸ਼ਹਿਰੀ ਸੰਵੇਦਨਸ਼ੀਲ ਖੇਤਰ: ਭਾਜਪਾ ਕਾਊਂਟਰ-ਮੁਹਿੰਮ ਜ਼ੋਨ,"BJP led here by +82 votes with 37.5% vote share in urban pockets of Majitha Ward 1 / Urban Core (Part 2). Conduct structured dialogues with local shopkeepers, commission agents, and urban families. Emphasize state guarantees vs central economic policies.","ਭਾਜਪਾ ਨੇ ਮਜੀਠਾ ਵਾਰਡ 1 / ਸ਼ਹਿਰੀ ਕੋਰ (ਭਾਗ 2) ਦੇ ਸ਼ਹਿਰੀ ਹਿੱਸਿਆਂ ਵਿੱਚ +82 ਵੋਟਾਂ (37.5%) ਹਾਸਲ ਕੀਤੇ ਹਨ। ਵਪਾਰੀਆਂ, ਦੁਕਾਨਦਾਰਾਂ ਅਤੇ ਮੁਹੱਲਾ ਕਮੇਟੀਆਂ ਨਾਲ ਮੀਟਿੰਗਾਂ ਕਰਕੇ ਸਿੱਧਾ ਸੰਵਾਦ ਕਰੋ ਅਤੇ ਲੋਕ-ਪੱਖੀ ਨੀਤੀਆਂ ਬਾਰੇ ਜਾਗਰੂਕ ਕਰੋ।","{'booth_no': '97', 'village_en': 'Majitha Ward 1 / Urban Core (Part 2)', 'village_pa': 'ਮਜੀਠਾ ਵਾਰਡ 1 / ਸ਼ਹਿਰੀ ਕੋਰ (ਭਾਗ 2)', 'zone_en': 'Urban Infiltration: BJP Containment & Counter-Offensive', 'zone_pa': 'ਸ਼ਹਿਰੀ ਸੰਵੇਦਨਸ਼ੀਲ ਖੇਤਰ: ਭਾਜਪਾ ਕਾਊਂਟਰ-ਮੁਹਿੰਮ ਜ਼ੋਨ', 'action_en': 'BJP led here by +82 votes with 37.5% vote share in urban pockets of Majitha Ward 1 / Urban Core (Part 2). Conduct structured dialogues with local shopkeepers, commission agents, and urban families. Emphasize state guarantees vs central economic policies.', 'action_pa': 'ਭਾਜਪਾ ਨੇ ਮਜੀਠਾ ਵਾਰਡ 1 / ਸ਼ਹਿਰੀ ਕੋਰ (ਭਾਗ 2) ਦੇ ਸ਼ਹਿਰੀ ਹਿੱਸਿਆਂ ਵਿੱਚ +82 ਵੋਟਾਂ (37.5%) ਹਾਸਲ ਕੀਤੇ ਹਨ। ਵਪਾਰੀਆਂ, ਦੁਕਾਨਦਾਰਾਂ ਅਤੇ ਮੁਹੱਲਾ ਕਮੇਟੀਆਂ ਨਾਲ ਮੀਟਿੰਗਾਂ ਕਰਕੇ ਸਿੱਧਾ ਸੰਵਾਦ ਕਰੋ ਅਤੇ ਲੋਕ-ਪੱਖੀ ਨੀਤੀਆਂ ਬਾਰੇ ਜਾਗਰੂਕ ਕਰੋ।', 'action_steps_en': ['Days 1-30: Organize urban merchant and shopkeeper roundtables in Majitha Ward 1 / Urban Core (Part 2).', 'Days 31-60: Counter central economic propaganda with Punjab business facilitation policies.', ""Days 61-90: Establish active urban ward cell to dismantle BJP's +82 vote pocket.""], 'action_steps_pa': ['ਦਿਨ 1-30: ਮਜੀਠਾ ਵਾਰਡ 1 / ਸ਼ਹਿਰੀ ਕੋਰ (ਭਾਗ 2) ਦੇ ਦੁਕਾਨਦਾਰਾਂ ਅਤੇ ਵਪਾਰੀ ਭਾਈਚਾਰੇ ਨਾਲ ਮੀਟਿੰਗਾਂ ਦਾ ਸਿਲਸਿਲਾ ਸ਼ੁਰੂ ਕਰੋ।', 'ਦਿਨ 31-60: ਕੇਂਦਰ ਸਰਕਾਰ ਦੀਆਂ ਆਰਥਿਕ ਨੀਤੀਆਂ ਬਨਾਮ ਪੰਜਾਬ ਸਰਕਾਰ ਦੀ ਵਪਾਰੀ ਪੱਖੀ ਪਹੁੰਚ ਬਾਰੇ ਦੱਸੋ।', 'ਦਿਨ 61-90: ਸ਼ਹਿਰੀ ਵਾਰਡਾਂ ਵਿੱਚ ਆਪ ਦਾ ਮਜ਼ਬੂਤ ਯੂਨਿਟ ਸਥਾਪਿਤ ਕਰੋ।'], 'action_steps': ['ਦਿਨ 1-30: ਮਜੀਠਾ ਵਾਰਡ 1 / ਸ਼ਹਿਰੀ ਕੋਰ (ਭਾਗ 2) ਦੇ ਦੁਕਾਨਦਾਰਾਂ ਅਤੇ ਵਪਾਰੀ ਭਾਈਚਾਰੇ ਨਾਲ ਮੀਟਿੰਗਾਂ ਦਾ ਸਿਲਸਿਲਾ ਸ਼ੁਰੂ ਕਰੋ।', 'ਦਿਨ 31-60: ਕੇਂਦਰ ਸਰਕਾਰ ਦੀਆਂ ਆਰਥਿਕ ਨੀਤੀਆਂ ਬਨਾਮ ਪੰਜਾਬ ਸਰਕਾਰ ਦੀ ਵਪਾਰੀ ਪੱਖੀ ਪਹੁੰਚ ਬਾਰੇ ਦੱਸੋ।', 'ਦਿਨ 61-90: ਸ਼ਹਿਰੀ ਵਾਰਡਾਂ ਵਿੱਚ ਆਪ ਦਾ ਮਜ਼ਬੂਤ ਯੂਨਿਟ ਸਥਾਪਿਤ ਕਰੋ।']}"
99,98,Majitha Ward 2 / Main Bazaar (Part 2),ਮਜੀਠਾ ਵਾਰਡ 2 / ਮੁੱਖ ਬਾਜ਼ਾਰ (ਭਾਗ 2),ਮਜੀਠਾ ਵਾਰਡ 2 / ਮੁੱਖ ਬਾਜ਼ਾਰ (ਭਾਗ 2),Majitha Ward 2 / Main Bazaar (Part 2),ਮਜੀਠਾ ਵਾਰਡ 2 / ਮੁੱਖ ਬਾਜ਼ਾਰ (ਭਾਗ 2),SAD,SAD,181,39,SAD Retained,SAD Retained,AAP Deficit,ਆਪ ਘਾਟ,INC Deficit,"{'AAP': 'LOST_BOTH', 'SAD': 'WON_BOTH', 'INC': 'WEAK', 'BJP': 'LOST_BOTH'}",False,"{'is_flip': False, 'status_label': 'SAD Retained', 'turnout_diff': -142, 'turnout_pct': -26.39, 'sad_swing': -24.08, 'aap_swing': -0.29, 'inc_swing': -5.53, 'bjp_swing': 17.76}",538,396,-142,-26.39,298,124,-174,55.39,31.31,-24.08,117,85,-32,21.75,21.46,-0.29,80,37,-43,14.87,9.34,-5.53,5,74,69,0.93,18.69,17.76,55,13.89,"{'total': 538, 'sad': 298, 'aap': 117, 'inc': 80, 'bjp': 5, 'sad_votes': 298, 'sad_pct': 55.39, 'aap_votes': 117, 'aap_pct': 21.75, 'inc_votes': 80, 'inc_pct': 14.87, 'bjp_votes': 5, 'bjp_pct': 0.93, 'winner_party': 'SAD', 'margin': 181, 'winner_candidate': 'Ganieve Kaur Majithia'}","{'total': 396, 'sad': 124, 'aap': 85, 'inc': 37, 'bjp': 74, 'sada': 55, 'bsp': 1, 'others': 17, 'sad_votes': 124, 'sad_pct': 31.31, 'aap_votes': 85, 'aap_pct': 21.46, 'inc_votes': 37, 'inc_pct': 9.34, 'bjp_votes': 74, 'bjp_pct': 18.69, 'sada_votes': 55, 'sada_pct': 13.89, 'winner_party': 'SAD', 'margin': 39, 'winner_candidate': 'Anil Joshi'}","{'turnout_diff': -142, 'turnout_pct': -26.39, 'sad_shift': -174, 'sad_swing': -24.08, 'aap_shift': -32, 'aap_swing': -0.29, 'inc_shift': -43, 'inc_swing': -5.53, 'bjp_shift': 69, 'bjp_swing': 17.76}",Akali Bastion: Strategic Penetration & Demolition Zone,ਅਕਾਲੀ ਦਲ ਦਾ ਪ੍ਰਭਾਵਿਤ ਖੇਤਰ: ਵਿਸ਼ੇਸ਼ ਘੇਰਾਬੰਦੀ ਜ਼ੋਨ,SAD retained lead here by +39 votes (31.3% share). Target moderate Panthic and farming families in Majitha Ward 2 / Main Bazaar (Part 2) disillusioned with traditional leadership. Appoint dedicated block coordinators and highlight direct government procurement and village development works.,ਅਕਾਲੀ ਦਲ ਨੇ ਇੱਥੇ +39 ਵੋਟਾਂ (31.3%) ਨਾਲ ਲੀਡ ਬਣਾਈ ਹੈ। ਮਜੀਠਾ ਵਾਰਡ 2 / ਮੁੱਖ ਬਾਜ਼ਾਰ (ਭਾਗ 2) ਵਿੱਚ ਰਵਾਇਤੀ ਲੀਡਰਸ਼ਿਪ ਤੋਂ ਨਿਰਾਸ਼ ਕਿਸਾਨ ਅਤੇ ਪੰਥਕ ਪਰਿਵਾਰਾਂ ਨਾਲ ਸੰਵਾਦ ਕਰੋ। ਪਿੰਡਾਂ ਵਿੱਚ ਪੰਜਾਬ ਸਰਕਾਰ ਦੇ ਵਿਕਾਸ ਕਾਰਜਾਂ ਅਤੇ ਨਿਰਪੱਖ ਭਰਤੀਆਂ ਦੇ ਸੁਨੇਹੇ ਨਾਲ ਸੰਨ੍ਹ ਲਗਾਓ।,"{'booth_no': '98', 'village_en': 'Majitha Ward 2 / Main Bazaar (Part 2)', 'village_pa': 'ਮਜੀਠਾ ਵਾਰਡ 2 / ਮੁੱਖ ਬਾਜ਼ਾਰ (ਭਾਗ 2)', 'zone_en': 'Akali Bastion: Strategic Penetration & Demolition Zone', 'zone_pa': 'ਅਕਾਲੀ ਦਲ ਦਾ ਪ੍ਰਭਾਵਿਤ ਖੇਤਰ: ਵਿਸ਼ੇਸ਼ ਘੇਰਾਬੰਦੀ ਜ਼ੋਨ', 'action_en': 'SAD retained lead here by +39 votes (31.3% share). Target moderate Panthic and farming families in Majitha Ward 2 / Main Bazaar (Part 2) disillusioned with traditional leadership. Appoint dedicated block coordinators and highlight direct government procurement and village development works.', 'action_pa': 'ਅਕਾਲੀ ਦਲ ਨੇ ਇੱਥੇ +39 ਵੋਟਾਂ (31.3%) ਨਾਲ ਲੀਡ ਬਣਾਈ ਹੈ। ਮਜੀਠਾ ਵਾਰਡ 2 / ਮੁੱਖ ਬਾਜ਼ਾਰ (ਭਾਗ 2) ਵਿੱਚ ਰਵਾਇਤੀ ਲੀਡਰਸ਼ਿਪ ਤੋਂ ਨਿਰਾਸ਼ ਕਿਸਾਨ ਅਤੇ ਪੰਥਕ ਪਰਿਵਾਰਾਂ ਨਾਲ ਸੰਵਾਦ ਕਰੋ। ਪਿੰਡਾਂ ਵਿੱਚ ਪੰਜਾਬ ਸਰਕਾਰ ਦੇ ਵਿਕਾਸ ਕਾਰਜਾਂ ਅਤੇ ਨਿਰਪੱਖ ਭਰਤੀਆਂ ਦੇ ਸੁਨੇਹੇ ਨਾਲ ਸੰਨ੍ਹ ਲਗਾਓ।', 'action_steps_en': ['Days 1-30: Map the top 30 influential non-committed Panthic families in Majitha Ward 2 / Main Bazaar (Part 2).', 'Days 31-60: Deploy senior constituency leaders for direct home visits to address local disgruntlement.', ""Days 61-90: Neutralize SAD's +39 vote cushion by winning over agricultural youth.""], 'action_steps_pa': ['ਦਿਨ 1-30: ਮਜੀਠਾ ਵਾਰਡ 2 / ਮੁੱਖ ਬਾਜ਼ਾਰ (ਭਾਗ 2) ਦੇ 30 ਨਿਰਪੱਖ ਅਤੇ ਪ੍ਰਭਾਵਸ਼ਾਲੀ ਪਰਿਵਾਰਾਂ ਦੀ ਸ਼ਨਾਖਤ ਕਰੋ।', 'ਦਿਨ 31-60: ਸੀਨੀਅਰ ਲੀਡਰਸ਼ਿਪ ਰਾਹੀਂ ਘਰ-ਘਰ ਜਾ ਕੇ ਸਰਕਾਰ ਦੀਆਂ ਨਿਰਪੱਖ ਨੀਤੀਆਂ ਸਾਂਝੀਆਂ ਕਰੋ।', 'ਦਿਨ 61-90: ਨੌਜਵਾਨ ਵਰਗ ਨੂੰ ਸਰਕਾਰੀ ਨੌਕਰੀਆਂ ਅਤੇ ਖੇਡ ਕਿੱਟਾਂ ਰਾਹੀਂ ਪਾਰਟੀ ਨਾਲ ਜੋੜ ਕੇ ਲੀਡ ਘਟਾਓ।'], 'action_steps': ['ਦਿਨ 1-30: ਮਜੀਠਾ ਵਾਰਡ 2 / ਮੁੱਖ ਬਾਜ਼ਾਰ (ਭਾਗ 2) ਦੇ 30 ਨਿਰਪੱਖ ਅਤੇ ਪ੍ਰਭਾਵਸ਼ਾਲੀ ਪਰਿਵਾਰਾਂ ਦੀ ਸ਼ਨਾਖਤ ਕਰੋ।', 'ਦਿਨ 31-60: ਸੀਨੀਅਰ ਲੀਡਰਸ਼ਿਪ ਰਾਹੀਂ ਘਰ-ਘਰ ਜਾ ਕੇ ਸਰਕਾਰ ਦੀਆਂ ਨਿਰਪੱਖ ਨੀਤੀਆਂ ਸਾਂਝੀਆਂ ਕਰੋ।', 'ਦਿਨ 61-90: ਨੌਜਵਾਨ ਵਰਗ ਨੂੰ ਸਰਕਾਰੀ ਨੌਕਰੀਆਂ ਅਤੇ ਖੇਡ ਕਿੱਟਾਂ ਰਾਹੀਂ ਪਾਰਟੀ ਨਾਲ ਜੋੜ ਕੇ ਲੀਡ ਘਟਾਓ।']}"
100,99,Majitha Ward 3 / Qila Patti (Part 2),ਮਜੀਠਾ ਵਾਰਡ 3 / ਕਿਲਾ ਪੱਤੀ (ਭਾਗ 2),ਮਜੀਠਾ ਵਾਰਡ 3 / ਕਿਲਾ ਪੱਤੀ (ਭਾਗ 2),Majitha Ward 3 / Qila Patti (Part 2),ਮਜੀਠਾ ਵਾਰਡ 3 / ਕਿਲਾ ਪੱਤੀ (ਭਾਗ 2),INC,SAD,24,95,INC → SAD,INC → SAD,AAP Deficit,ਆਪ ਘਾਟ,INC Loss,"{'AAP': 'LOST_BOTH', 'SAD': 'GAINED', 'INC': 'LOST_24', 'BJP': 'WEAK'}",True,"{'is_flip': True, 'status_label': 'INC → SAD', 'turnout_diff': 207, 'turnout_pct': 50.12, 'sad_swing': 7.15, 'aap_swing': 7.56, 'inc_swing': -29.95, 'bjp_swing': 4.2}",413,620,207,50.12,149,268,119,36.08,43.23,7.15,84,173,89,20.34,27.9,7.56,173,74,-99,41.89,11.94,-29.95,2,29,27,0.48,4.68,4.2,45,7.26,"{'total': 413, 'sad': 149, 'aap': 84, 'inc': 173, 'bjp': 2, 'sad_votes': 149, 'sad_pct': 36.08, 'aap_votes': 84, 'aap_pct': 20.34, 'inc_votes': 173, 'inc_pct': 41.89, 'bjp_votes': 2, 'bjp_pct': 0.48, 'winner_party': 'INC', 'margin': 24, 'winner_candidate': 'Jagwinder Pal Singh (Jagga)'}","{'total': 620, 'sad': 268, 'aap': 173, 'inc': 74, 'bjp': 29, 'sada': 45, 'bsp': 5, 'others': 25, 'sad_votes': 268, 'sad_pct': 43.23, 'aap_votes': 173, 'aap_pct': 27.9, 'inc_votes': 74, 'inc_pct': 11.94, 'bjp_votes': 29, 'bjp_pct': 4.68, 'sada_votes': 45, 'sada_pct': 7.26, 'winner_party': 'SAD', 'margin': 95, 'winner_candidate': 'Anil Joshi'}","{'turnout_diff': 207, 'turnout_pct': 50.12, 'sad_shift': 119, 'sad_swing': 7.15, 'aap_shift': 89, 'aap_swing': 7.56, 'inc_shift': -99, 'inc_swing': -29.95, 'bjp_shift': 27, 'bjp_swing': 4.2}",Akali Bastion: Strategic Penetration & Demolition Zone,ਅਕਾਲੀ ਦਲ ਦਾ ਪ੍ਰਭਾਵਿਤ ਖੇਤਰ: ਵਿਸ਼ੇਸ਼ ਘੇਰਾਬੰਦੀ ਜ਼ੋਨ,SAD retained lead here by +95 votes (43.2% share). Target moderate Panthic and farming families in Majitha Ward 3 / Qila Patti (Part 2) disillusioned with traditional leadership. Appoint dedicated block coordinators and highlight direct government procurement and village development works.,ਅਕਾਲੀ ਦਲ ਨੇ ਇੱਥੇ +95 ਵੋਟਾਂ (43.2%) ਨਾਲ ਲੀਡ ਬਣਾਈ ਹੈ। ਮਜੀਠਾ ਵਾਰਡ 3 / ਕਿਲਾ ਪੱਤੀ (ਭਾਗ 2) ਵਿੱਚ ਰਵਾਇਤੀ ਲੀਡਰਸ਼ਿਪ ਤੋਂ ਨਿਰਾਸ਼ ਕਿਸਾਨ ਅਤੇ ਪੰਥਕ ਪਰਿਵਾਰਾਂ ਨਾਲ ਸੰਵਾਦ ਕਰੋ। ਪਿੰਡਾਂ ਵਿੱਚ ਪੰਜਾਬ ਸਰਕਾਰ ਦੇ ਵਿਕਾਸ ਕਾਰਜਾਂ ਅਤੇ ਨਿਰਪੱਖ ਭਰਤੀਆਂ ਦੇ ਸੁਨੇਹੇ ਨਾਲ ਸੰਨ੍ਹ ਲਗਾਓ।,"{'booth_no': '99', 'village_en': 'Majitha Ward 3 / Qila Patti (Part 2)', 'village_pa': 'ਮਜੀਠਾ ਵਾਰਡ 3 / ਕਿਲਾ ਪੱਤੀ (ਭਾਗ 2)', 'zone_en': 'Akali Bastion: Strategic Penetration & Demolition Zone', 'zone_pa': 'ਅਕਾਲੀ ਦਲ ਦਾ ਪ੍ਰਭਾਵਿਤ ਖੇਤਰ: ਵਿਸ਼ੇਸ਼ ਘੇਰਾਬੰਦੀ ਜ਼ੋਨ', 'action_en': 'SAD retained lead here by +95 votes (43.2% share). Target moderate Panthic and farming families in Majitha Ward 3 / Qila Patti (Part 2) disillusioned with traditional leadership. Appoint dedicated block coordinators and highlight direct government procurement and village development works.', 'action_pa': 'ਅਕਾਲੀ ਦਲ ਨੇ ਇੱਥੇ +95 ਵੋਟਾਂ (43.2%) ਨਾਲ ਲੀਡ ਬਣਾਈ ਹੈ। ਮਜੀਠਾ ਵਾਰਡ 3 / ਕਿਲਾ ਪੱਤੀ (ਭਾਗ 2) ਵਿੱਚ ਰਵਾਇਤੀ ਲੀਡਰਸ਼ਿਪ ਤੋਂ ਨਿਰਾਸ਼ ਕਿਸਾਨ ਅਤੇ ਪੰਥਕ ਪਰਿਵਾਰਾਂ ਨਾਲ ਸੰਵਾਦ ਕਰੋ। ਪਿੰਡਾਂ ਵਿੱਚ ਪੰਜਾਬ ਸਰਕਾਰ ਦੇ ਵਿਕਾਸ ਕਾਰਜਾਂ ਅਤੇ ਨਿਰਪੱਖ ਭਰਤੀਆਂ ਦੇ ਸੁਨੇਹੇ ਨਾਲ ਸੰਨ੍ਹ ਲਗਾਓ।', 'action_steps_en': ['Days 1-30: Map the top 30 influential non-committed Panthic families in Majitha Ward 3 / Qila Patti (Part 2).', 'Days 31-60: Deploy senior constituency leaders for direct home visits to address local disgruntlement.', ""Days 61-90: Neutralize SAD's +95 vote cushion by winning over agricultural youth.""], 'action_steps_pa': ['ਦਿਨ 1-30: ਮਜੀਠਾ ਵਾਰਡ 3 / ਕਿਲਾ ਪੱਤੀ (ਭਾਗ 2) ਦੇ 30 ਨਿਰਪੱਖ ਅਤੇ ਪ੍ਰਭਾਵਸ਼ਾਲੀ ਪਰਿਵਾਰਾਂ ਦੀ ਸ਼ਨਾਖਤ ਕਰੋ।', 'ਦਿਨ 31-60: ਸੀਨੀਅਰ ਲੀਡਰਸ਼ਿਪ ਰਾਹੀਂ ਘਰ-ਘਰ ਜਾ ਕੇ ਸਰਕਾਰ ਦੀਆਂ ਨਿਰਪੱਖ ਨੀਤੀਆਂ ਸਾਂਝੀਆਂ ਕਰੋ।', 'ਦਿਨ 61-90: ਨੌਜਵਾਨ ਵਰਗ ਨੂੰ ਸਰਕਾਰੀ ਨੌਕਰੀਆਂ ਅਤੇ ਖੇਡ ਕਿੱਟਾਂ ਰਾਹੀਂ ਪਾਰਟੀ ਨਾਲ ਜੋੜ ਕੇ ਲੀਡ ਘਟਾਓ।'], 'action_steps': ['ਦਿਨ 1-30: ਮਜੀਠਾ ਵਾਰਡ 3 / ਕਿਲਾ ਪੱਤੀ (ਭਾਗ 2) ਦੇ 30 ਨਿਰਪੱਖ ਅਤੇ ਪ੍ਰਭਾਵਸ਼ਾਲੀ ਪਰਿਵਾਰਾਂ ਦੀ ਸ਼ਨਾਖਤ ਕਰੋ।', 'ਦਿਨ 31-60: ਸੀਨੀਅਰ ਲੀਡਰਸ਼ਿਪ ਰਾਹੀਂ ਘਰ-ਘਰ ਜਾ ਕੇ ਸਰਕਾਰ ਦੀਆਂ ਨਿਰਪੱਖ ਨੀਤੀਆਂ ਸਾਂਝੀਆਂ ਕਰੋ।', 'ਦਿਨ 61-90: ਨੌਜਵਾਨ ਵਰਗ ਨੂੰ ਸਰਕਾਰੀ ਨੌਕਰੀਆਂ ਅਤੇ ਖੇਡ ਕਿੱਟਾਂ ਰਾਹੀਂ ਪਾਰਟੀ ਨਾਲ ਜੋੜ ਕੇ ਲੀਡ ਘਟਾਓ।']}"
101,100,Majitha Ward 4 / Railway Road (Part 2),ਮਜੀਠਾ ਵਾਰਡ 4 / ਰੇਲਵੇ ਰੋਡ (ਭਾਗ 2),ਮਜੀਠਾ ਵਾਰਡ 4 / ਰੇਲਵੇ ਰੋਡ (ਭਾਗ 2),Majitha Ward 4 / Railway Road (Part 2),ਮਜੀਠਾ ਵਾਰਡ 4 / ਰੇਲਵੇ ਰੋਡ (ਭਾਗ 2),SAD,SAD,65,156,SAD Retained,SAD Retained,AAP Deficit,ਆਪ ਘਾਟ,INC Deficit,"{'AAP': 'LOST_BOTH', 'SAD': 'WON_BOTH', 'INC': 'WEAK', 'BJP': 'WEAK'}",False,"{'is_flip': False, 'status_label': 'SAD Retained', 'turnout_diff': -103, 'turnout_pct': -17.37, 'sad_swing': 19.04, 'aap_swing': 11.48, 'inc_swing': -31.63, 'bjp_swing': -0.87}",593,490,-103,-17.37,255,304,49,43.0,62.04,19.04,111,148,37,18.72,30.2,11.48,190,2,-188,32.04,0.41,-31.63,10,4,-6,1.69,0.82,-0.87,14,2.86,"{'total': 593, 'sad': 255, 'aap': 111, 'inc': 190, 'bjp': 10, 'sad_votes': 255, 'sad_pct': 43.0, 'aap_votes': 111, 'aap_pct': 18.72, 'inc_votes': 190, 'inc_pct': 32.04, 'bjp_votes': 10, 'bjp_pct': 1.69, 'winner_party': 'SAD', 'margin': 65, 'winner_candidate': 'Ganieve Kaur Majithia'}","{'total': 490, 'sad': 304, 'aap': 148, 'inc': 2, 'bjp': 4, 'sada': 14, 'bsp': 0, 'others': 17, 'sad_votes': 304, 'sad_pct': 62.04, 'aap_votes': 148, 'aap_pct': 30.2, 'inc_votes': 2, 'inc_pct': 0.41, 'bjp_votes': 4, 'bjp_pct': 0.82, 'sada_votes': 14, 'sada_pct': 2.86, 'winner_party': 'SAD', 'margin': 156, 'winner_candidate': 'Anil Joshi'}","{'turnout_diff': -103, 'turnout_pct': -17.37, 'sad_shift': 49, 'sad_swing': 19.04, 'aap_shift': 37, 'aap_swing': 11.48, 'inc_shift': -188, 'inc_swing': -31.63, 'bjp_shift': -6, 'bjp_swing': -0.87}",Akali Bastion: Strategic Penetration & Demolition Zone,ਅਕਾਲੀ ਦਲ ਦਾ ਪ੍ਰਭਾਵਿਤ ਖੇਤਰ: ਵਿਸ਼ੇਸ਼ ਘੇਰਾਬੰਦੀ ਜ਼ੋਨ,SAD retained lead here by +156 votes (62.0% share). Target moderate Panthic and farming families in Majitha Ward 4 / Railway Road (Part 2) disillusioned with traditional leadership. Appoint dedicated block coordinators and highlight direct government procurement and village development works.,ਅਕਾਲੀ ਦਲ ਨੇ ਇੱਥੇ +156 ਵੋਟਾਂ (62.0%) ਨਾਲ ਲੀਡ ਬਣਾਈ ਹੈ। ਮਜੀਠਾ ਵਾਰਡ 4 / ਰੇਲਵੇ ਰੋਡ (ਭਾਗ 2) ਵਿੱਚ ਰਵਾਇਤੀ ਲੀਡਰਸ਼ਿਪ ਤੋਂ ਨਿਰਾਸ਼ ਕਿਸਾਨ ਅਤੇ ਪੰਥਕ ਪਰਿਵਾਰਾਂ ਨਾਲ ਸੰਵਾਦ ਕਰੋ। ਪਿੰਡਾਂ ਵਿੱਚ ਪੰਜਾਬ ਸਰਕਾਰ ਦੇ ਵਿਕਾਸ ਕਾਰਜਾਂ ਅਤੇ ਨਿਰਪੱਖ ਭਰਤੀਆਂ ਦੇ ਸੁਨੇਹੇ ਨਾਲ ਸੰਨ੍ਹ ਲਗਾਓ।,"{'booth_no': '100', 'village_en': 'Majitha Ward 4 / Railway Road (Part 2)', 'village_pa': 'ਮਜੀਠਾ ਵਾਰਡ 4 / ਰੇਲਵੇ ਰੋਡ (ਭਾਗ 2)', 'zone_en': 'Akali Bastion: Strategic Penetration & Demolition Zone', 'zone_pa': 'ਅਕਾਲੀ ਦਲ ਦਾ ਪ੍ਰਭਾਵਿਤ ਖੇਤਰ: ਵਿਸ਼ੇਸ਼ ਘੇਰਾਬੰਦੀ ਜ਼ੋਨ', 'action_en': 'SAD retained lead here by +156 votes (62.0% share). Target moderate Panthic and farming families in Majitha Ward 4 / Railway Road (Part 2) disillusioned with traditional leadership. Appoint dedicated block coordinators and highlight direct government procurement and village development works.', 'action_pa': 'ਅਕਾਲੀ ਦਲ ਨੇ ਇੱਥੇ +156 ਵੋਟਾਂ (62.0%) ਨਾਲ ਲੀਡ ਬਣਾਈ ਹੈ। ਮਜੀਠਾ ਵਾਰਡ 4 / ਰੇਲਵੇ ਰੋਡ (ਭਾਗ 2) ਵਿੱਚ ਰਵਾਇਤੀ ਲੀਡਰਸ਼ਿਪ ਤੋਂ ਨਿਰਾਸ਼ ਕਿਸਾਨ ਅਤੇ ਪੰਥਕ ਪਰਿਵਾਰਾਂ ਨਾਲ ਸੰਵਾਦ ਕਰੋ। ਪਿੰਡਾਂ ਵਿੱਚ ਪੰਜਾਬ ਸਰਕਾਰ ਦੇ ਵਿਕਾਸ ਕਾਰਜਾਂ ਅਤੇ ਨਿਰਪੱਖ ਭਰਤੀਆਂ ਦੇ ਸੁਨੇਹੇ ਨਾਲ ਸੰਨ੍ਹ ਲਗਾਓ।', 'action_steps_en': ['Days 1-30: Map the top 30 influential non-committed Panthic families in Majitha Ward 4 / Railway Road (Part 2).', 'Days 31-60: Deploy senior constituency leaders for direct home visits to address local disgruntlement.', ""Days 61-90: Neutralize SAD's +156 vote cushion by winning over agricultural youth.""], 'action_steps_pa': ['ਦਿਨ 1-30: ਮਜੀਠਾ ਵਾਰਡ 4 / ਰੇਲਵੇ ਰੋਡ (ਭਾਗ 2) ਦੇ 30 ਨਿਰਪੱਖ ਅਤੇ ਪ੍ਰਭਾਵਸ਼ਾਲੀ ਪਰਿਵਾਰਾਂ ਦੀ ਸ਼ਨਾਖਤ ਕਰੋ।', 'ਦਿਨ 31-60: ਸੀਨੀਅਰ ਲੀਡਰਸ਼ਿਪ ਰਾਹੀਂ ਘਰ-ਘਰ ਜਾ ਕੇ ਸਰਕਾਰ ਦੀਆਂ ਨਿਰਪੱਖ ਨੀਤੀਆਂ ਸਾਂਝੀਆਂ ਕਰੋ।', 'ਦਿਨ 61-90: ਨੌਜਵਾਨ ਵਰਗ ਨੂੰ ਸਰਕਾਰੀ ਨੌਕਰੀਆਂ ਅਤੇ ਖੇਡ ਕਿੱਟਾਂ ਰਾਹੀਂ ਪਾਰਟੀ ਨਾਲ ਜੋੜ ਕੇ ਲੀਡ ਘਟਾਓ।'], 'action_steps': ['ਦਿਨ 1-30: ਮਜੀਠਾ ਵਾਰਡ 4 / ਰੇਲਵੇ ਰੋਡ (ਭਾਗ 2) ਦੇ 30 ਨਿਰਪੱਖ ਅਤੇ ਪ੍ਰਭਾਵਸ਼ਾਲੀ ਪਰਿਵਾਰਾਂ ਦੀ ਸ਼ਨਾਖਤ ਕਰੋ।', 'ਦਿਨ 31-60: ਸੀਨੀਅਰ ਲੀਡਰਸ਼ਿਪ ਰਾਹੀਂ ਘਰ-ਘਰ ਜਾ ਕੇ ਸਰਕਾਰ ਦੀਆਂ ਨਿਰਪੱਖ ਨੀਤੀਆਂ ਸਾਂਝੀਆਂ ਕਰੋ।', 'ਦਿਨ 61-90: ਨੌਜਵਾਨ ਵਰਗ ਨੂੰ ਸਰਕਾਰੀ ਨੌਕਰੀਆਂ ਅਤੇ ਖੇਡ ਕਿੱਟਾਂ ਰਾਹੀਂ ਪਾਰਟੀ ਨਾਲ ਜੋੜ ਕੇ ਲੀਡ ਘਟਾਓ।']}"
102,101,Majitha Ward 5 / Dana Mandi (Part 2),ਮਜੀਠਾ ਵਾਰਡ 5 / ਦਾਣਾ ਮੰਡੀ (ਭਾਗ 2),ਮਜੀਠਾ ਵਾਰਡ 5 / ਦਾਣਾ ਮੰਡੀ (ਭਾਗ 2),Majitha Ward 5 / Dana Mandi (Part 2),ਮਜੀਠਾ ਵਾਰਡ 5 / ਦਾਣਾ ਮੰਡੀ (ਭਾਗ 2),SAD,SAD,62,199,SAD Retained,SAD Retained,AAP Deficit,ਆਪ ਘਾਟ,INC Deficit,"{'AAP': 'LOST_BOTH', 'SAD': 'WON_BOTH', 'INC': 'WEAK', 'BJP': 'LOST_BOTH'}",False,"{'is_flip': False, 'status_label': 'SAD Retained', 'turnout_diff': 235, 'turnout_pct': 49.68, 'sad_swing': 9.77, 'aap_swing': -1.22, 'inc_swing': -21.9, 'bjp_swing': 11.94}",473,708,235,49.68,199,367,168,42.07,51.84,9.77,118,168,50,24.95,23.73,-1.22,137,50,-87,28.96,7.06,-21.9,3,89,86,0.63,12.57,11.94,11,1.55,"{'total': 473, 'sad': 199, 'aap': 118, 'inc': 137, 'bjp': 3, 'sad_votes': 199, 'sad_pct': 42.07, 'aap_votes': 118, 'aap_pct': 24.95, 'inc_votes': 137, 'inc_pct': 28.96, 'bjp_votes': 3, 'bjp_pct': 0.63, 'winner_party': 'SAD', 'margin': 62, 'winner_candidate': 'Ganieve Kaur Majithia'}","{'total': 708, 'sad': 367, 'aap': 168, 'inc': 50, 'bjp': 89, 'sada': 11, 'bsp': 2, 'others': 19, 'sad_votes': 367, 'sad_pct': 51.84, 'aap_votes': 168, 'aap_pct': 23.73, 'inc_votes': 50, 'inc_pct': 7.06, 'bjp_votes': 89, 'bjp_pct': 12.57, 'sada_votes': 11, 'sada_pct': 1.55, 'winner_party': 'SAD', 'margin': 199, 'winner_candidate': 'Anil Joshi'}","{'turnout_diff': 235, 'turnout_pct': 49.68, 'sad_shift': 168, 'sad_swing': 9.77, 'aap_shift': 50, 'aap_swing': -1.22, 'inc_shift': -87, 'inc_swing': -21.9, 'bjp_shift': 86, 'bjp_swing': 11.94}",Akali Bastion: Strategic Penetration & Demolition Zone,ਅਕਾਲੀ ਦਲ ਦਾ ਪ੍ਰਭਾਵਿਤ ਖੇਤਰ: ਵਿਸ਼ੇਸ਼ ਘੇਰਾਬੰਦੀ ਜ਼ੋਨ,SAD retained lead here by +199 votes (51.8% share). Target moderate Panthic and farming families in Majitha Ward 5 / Dana Mandi (Part 2) disillusioned with traditional leadership. Appoint dedicated block coordinators and highlight direct government procurement and village development works.,ਅਕਾਲੀ ਦਲ ਨੇ ਇੱਥੇ +199 ਵੋਟਾਂ (51.8%) ਨਾਲ ਲੀਡ ਬਣਾਈ ਹੈ। ਮਜੀਠਾ ਵਾਰਡ 5 / ਦਾਣਾ ਮੰਡੀ (ਭਾਗ 2) ਵਿੱਚ ਰਵਾਇਤੀ ਲੀਡਰਸ਼ਿਪ ਤੋਂ ਨਿਰਾਸ਼ ਕਿਸਾਨ ਅਤੇ ਪੰਥਕ ਪਰਿਵਾਰਾਂ ਨਾਲ ਸੰਵਾਦ ਕਰੋ। ਪਿੰਡਾਂ ਵਿੱਚ ਪੰਜਾਬ ਸਰਕਾਰ ਦੇ ਵਿਕਾਸ ਕਾਰਜਾਂ ਅਤੇ ਨਿਰਪੱਖ ਭਰਤੀਆਂ ਦੇ ਸੁਨੇਹੇ ਨਾਲ ਸੰਨ੍ਹ ਲਗਾਓ।,"{'booth_no': '101', 'village_en': 'Majitha Ward 5 / Dana Mandi (Part 2)', 'village_pa': 'ਮਜੀਠਾ ਵਾਰਡ 5 / ਦਾਣਾ ਮੰਡੀ (ਭਾਗ 2)', 'zone_en': 'Akali Bastion: Strategic Penetration & Demolition Zone', 'zone_pa': 'ਅਕਾਲੀ ਦਲ ਦਾ ਪ੍ਰਭਾਵਿਤ ਖੇਤਰ: ਵਿਸ਼ੇਸ਼ ਘੇਰਾਬੰਦੀ ਜ਼ੋਨ', 'action_en': 'SAD retained lead here by +199 votes (51.8% share). Target moderate Panthic and farming families in Majitha Ward 5 / Dana Mandi (Part 2) disillusioned with traditional leadership. Appoint dedicated block coordinators and highlight direct government procurement and village development works.', 'action_pa': 'ਅਕਾਲੀ ਦਲ ਨੇ ਇੱਥੇ +199 ਵੋਟਾਂ (51.8%) ਨਾਲ ਲੀਡ ਬਣਾਈ ਹੈ। ਮਜੀਠਾ ਵਾਰਡ 5 / ਦਾਣਾ ਮੰਡੀ (ਭਾਗ 2) ਵਿੱਚ ਰਵਾਇਤੀ ਲੀਡਰਸ਼ਿਪ ਤੋਂ ਨਿਰਾਸ਼ ਕਿਸਾਨ ਅਤੇ ਪੰਥਕ ਪਰਿਵਾਰਾਂ ਨਾਲ ਸੰਵਾਦ ਕਰੋ। ਪਿੰਡਾਂ ਵਿੱਚ ਪੰਜਾਬ ਸਰਕਾਰ ਦੇ ਵਿਕਾਸ ਕਾਰਜਾਂ ਅਤੇ ਨਿਰਪੱਖ ਭਰਤੀਆਂ ਦੇ ਸੁਨੇਹੇ ਨਾਲ ਸੰਨ੍ਹ ਲਗਾਓ।', 'action_steps_en': ['Days 1-30: Map the top 30 influential non-committed Panthic families in Majitha Ward 5 / Dana Mandi (Part 2).', 'Days 31-60: Deploy senior constituency leaders for direct home visits to address local disgruntlement.', ""Days 61-90: Neutralize SAD's +199 vote cushion by winning over agricultural youth.""], 'action_steps_pa': ['ਦਿਨ 1-30: ਮਜੀਠਾ ਵਾਰਡ 5 / ਦਾਣਾ ਮੰਡੀ (ਭਾਗ 2) ਦੇ 30 ਨਿਰਪੱਖ ਅਤੇ ਪ੍ਰਭਾਵਸ਼ਾਲੀ ਪਰਿਵਾਰਾਂ ਦੀ ਸ਼ਨਾਖਤ ਕਰੋ।', 'ਦਿਨ 31-60: ਸੀਨੀਅਰ ਲੀਡਰਸ਼ਿਪ ਰਾਹੀਂ ਘਰ-ਘਰ ਜਾ ਕੇ ਸਰਕਾਰ ਦੀਆਂ ਨਿਰਪੱਖ ਨੀਤੀਆਂ ਸਾਂਝੀਆਂ ਕਰੋ।', 'ਦਿਨ 61-90: ਨੌਜਵਾਨ ਵਰਗ ਨੂੰ ਸਰਕਾਰੀ ਨੌਕਰੀਆਂ ਅਤੇ ਖੇਡ ਕਿੱਟਾਂ ਰਾਹੀਂ ਪਾਰਟੀ ਨਾਲ ਜੋੜ ਕੇ ਲੀਡ ਘਟਾਓ।'], 'action_steps': ['ਦਿਨ 1-30: ਮਜੀਠਾ ਵਾਰਡ 5 / ਦਾਣਾ ਮੰਡੀ (ਭਾਗ 2) ਦੇ 30 ਨਿਰਪੱਖ ਅਤੇ ਪ੍ਰਭਾਵਸ਼ਾਲੀ ਪਰਿਵਾਰਾਂ ਦੀ ਸ਼ਨਾਖਤ ਕਰੋ।', 'ਦਿਨ 31-60: ਸੀਨੀਅਰ ਲੀਡਰਸ਼ਿਪ ਰਾਹੀਂ ਘਰ-ਘਰ ਜਾ ਕੇ ਸਰਕਾਰ ਦੀਆਂ ਨਿਰਪੱਖ ਨੀਤੀਆਂ ਸਾਂਝੀਆਂ ਕਰੋ।', 'ਦਿਨ 61-90: ਨੌਜਵਾਨ ਵਰਗ ਨੂੰ ਸਰਕਾਰੀ ਨੌਕਰੀਆਂ ਅਤੇ ਖੇਡ ਕਿੱਟਾਂ ਰਾਹੀਂ ਪਾਰਟੀ ਨਾਲ ਜੋੜ ਕੇ ਲੀਡ ਘਟਾਓ।']}"
103,102,Majitha Ward 6 / Fatehgarh Churian Road (Part 2),ਮਜੀਠਾ ਵਾਰਡ 6 / ਫ਼ਤਿਹਗੜ੍ਹ ਚੂੜੀਆਂ ਰੋਡ (ਭਾਗ 2),ਮਜੀਠਾ ਵਾਰਡ 6 / ਫ਼ਤਿਹਗੜ੍ਹ ਚੂੜੀਆਂ ਰੋਡ (ਭਾਗ 2),Majitha Ward 6 / Fatehgarh Churian Road (Part 2),ਮਜੀਠਾ ਵਾਰਡ 6 / ਫ਼ਤਿਹਗੜ੍ਹ ਚੂੜੀਆਂ ਰੋਡ (ਭਾਗ 2),SAD,SAD,13,67,SAD Retained,SAD Retained,AAP Deficit,ਆਪ ਘਾਟ,INC Deficit,"{'AAP': 'WEAK', 'SAD': 'WON_BOTH', 'INC': 'LOST_BOTH', 'BJP': 'WEAK'}",False,"{'is_flip': False, 'status_label': 'SAD Retained', 'turnout_diff': 303, 'turnout_pct': 59.06, 'sad_swing': 6.17, 'aap_swing': -9.8, 'inc_swing': 0.49, 'bjp_swing': -1.33}",513,816,303,59.06,189,351,162,36.84,43.01,6.17,110,95,-15,21.44,11.64,-9.8,176,284,108,34.31,34.8,0.49,20,21,1,3.9,2.57,-1.33,34,4.17,"{'total': 513, 'sad': 189, 'aap': 110, 'inc': 176, 'bjp': 20, 'sad_votes': 189, 'sad_pct': 36.84, 'aap_votes': 110, 'aap_pct': 21.44, 'inc_votes': 176, 'inc_pct': 34.31, 'bjp_votes': 20, 'bjp_pct': 3.9, 'winner_party': 'SAD', 'margin': 13, 'winner_candidate': 'Ganieve Kaur Majithia'}","{'total': 816, 'sad': 351, 'aap': 95, 'inc': 284, 'bjp': 21, 'sada': 34, 'bsp': 4, 'others': 24, 'sad_votes': 351, 'sad_pct': 43.01, 'aap_votes': 95, 'aap_pct': 11.64, 'inc_votes': 284, 'inc_pct': 34.8, 'bjp_votes': 21, 'bjp_pct': 2.57, 'sada_votes': 34, 'sada_pct': 4.17, 'winner_party': 'SAD', 'margin': 67, 'winner_candidate': 'Anil Joshi'}","{'turnout_diff': 303, 'turnout_pct': 59.06, 'sad_shift': 162, 'sad_swing': 6.17, 'aap_shift': -15, 'aap_swing': -9.8, 'inc_shift': 108, 'inc_swing': 0.49, 'bjp_shift': 1, 'bjp_swing': -1.33}",Akali Bastion: Strategic Penetration & Demolition Zone,ਅਕਾਲੀ ਦਲ ਦਾ ਪ੍ਰਭਾਵਿਤ ਖੇਤਰ: ਵਿਸ਼ੇਸ਼ ਘੇਰਾਬੰਦੀ ਜ਼ੋਨ,SAD retained lead here by +67 votes (43.0% share). Target moderate Panthic and farming families in Majitha Ward 6 / Fatehgarh Churian Road (Part 2) disillusioned with traditional leadership. Appoint dedicated block coordinators and highlight direct government procurement and village development works.,ਅਕਾਲੀ ਦਲ ਨੇ ਇੱਥੇ +67 ਵੋਟਾਂ (43.0%) ਨਾਲ ਲੀਡ ਬਣਾਈ ਹੈ। ਮਜੀਠਾ ਵਾਰਡ 6 / ਫ਼ਤਿਹਗੜ੍ਹ ਚੂੜੀਆਂ ਰੋਡ (ਭਾਗ 2) ਵਿੱਚ ਰਵਾਇਤੀ ਲੀਡਰਸ਼ਿਪ ਤੋਂ ਨਿਰਾਸ਼ ਕਿਸਾਨ ਅਤੇ ਪੰਥਕ ਪਰਿਵਾਰਾਂ ਨਾਲ ਸੰਵਾਦ ਕਰੋ। ਪਿੰਡਾਂ ਵਿੱਚ ਪੰਜਾਬ ਸਰਕਾਰ ਦੇ ਵਿਕਾਸ ਕਾਰਜਾਂ ਅਤੇ ਨਿਰਪੱਖ ਭਰਤੀਆਂ ਦੇ ਸੁਨੇਹੇ ਨਾਲ ਸੰਨ੍ਹ ਲਗਾਓ।,"{'booth_no': '102', 'village_en': 'Majitha Ward 6 / Fatehgarh Churian Road (Part 2)', 'village_pa': 'ਮਜੀਠਾ ਵਾਰਡ 6 / ਫ਼ਤਿਹਗੜ੍ਹ ਚੂੜੀਆਂ ਰੋਡ (ਭਾਗ 2)', 'zone_en': 'Akali Bastion: Strategic Penetration & Demolition Zone', 'zone_pa': 'ਅਕਾਲੀ ਦਲ ਦਾ ਪ੍ਰਭਾਵਿਤ ਖੇਤਰ: ਵਿਸ਼ੇਸ਼ ਘੇਰਾਬੰਦੀ ਜ਼ੋਨ', 'action_en': 'SAD retained lead here by +67 votes (43.0% share). Target moderate Panthic and farming families in Majitha Ward 6 / Fatehgarh Churian Road (Part 2) disillusioned with traditional leadership. Appoint dedicated block coordinators and highlight direct government procurement and village development works.', 'action_pa': 'ਅਕਾਲੀ ਦਲ ਨੇ ਇੱਥੇ +67 ਵੋਟਾਂ (43.0%) ਨਾਲ ਲੀਡ ਬਣਾਈ ਹੈ। ਮਜੀਠਾ ਵਾਰਡ 6 / ਫ਼ਤਿਹਗੜ੍ਹ ਚੂੜੀਆਂ ਰੋਡ (ਭਾਗ 2) ਵਿੱਚ ਰਵਾਇਤੀ ਲੀਡਰਸ਼ਿਪ ਤੋਂ ਨਿਰਾਸ਼ ਕਿਸਾਨ ਅਤੇ ਪੰਥਕ ਪਰਿਵਾਰਾਂ ਨਾਲ ਸੰਵਾਦ ਕਰੋ। ਪਿੰਡਾਂ ਵਿੱਚ ਪੰਜਾਬ ਸਰਕਾਰ ਦੇ ਵਿਕਾਸ ਕਾਰਜਾਂ ਅਤੇ ਨਿਰਪੱਖ ਭਰਤੀਆਂ ਦੇ ਸੁਨੇਹੇ ਨਾਲ ਸੰਨ੍ਹ ਲਗਾਓ।', 'action_steps_en': ['Days 1-30: Map the top 30 influential non-committed Panthic families in Majitha Ward 6 / Fatehgarh Churian Road (Part 2).', 'Days 31-60: Deploy senior constituency leaders for direct home visits to address local disgruntlement.', ""Days 61-90: Neutralize SAD's +67 vote cushion by winning over agricultural youth.""], 'action_steps_pa': ['ਦਿਨ 1-30: ਮਜੀਠਾ ਵਾਰਡ 6 / ਫ਼ਤਿਹਗੜ੍ਹ ਚੂੜੀਆਂ ਰੋਡ (ਭਾਗ 2) ਦੇ 30 ਨਿਰਪੱਖ ਅਤੇ ਪ੍ਰਭਾਵਸ਼ਾਲੀ ਪਰਿਵਾਰਾਂ ਦੀ ਸ਼ਨਾਖਤ ਕਰੋ।', 'ਦਿਨ 31-60: ਸੀਨੀਅਰ ਲੀਡਰਸ਼ਿਪ ਰਾਹੀਂ ਘਰ-ਘਰ ਜਾ ਕੇ ਸਰਕਾਰ ਦੀਆਂ ਨਿਰਪੱਖ ਨੀਤੀਆਂ ਸਾਂਝੀਆਂ ਕਰੋ।', 'ਦਿਨ 61-90: ਨੌਜਵਾਨ ਵਰਗ ਨੂੰ ਸਰਕਾਰੀ ਨੌਕਰੀਆਂ ਅਤੇ ਖੇਡ ਕਿੱਟਾਂ ਰਾਹੀਂ ਪਾਰਟੀ ਨਾਲ ਜੋੜ ਕੇ ਲੀਡ ਘਟਾਓ।'], 'action_steps': ['ਦਿਨ 1-30: ਮਜੀਠਾ ਵਾਰਡ 6 / ਫ਼ਤਿਹਗੜ੍ਹ ਚੂੜੀਆਂ ਰੋਡ (ਭਾਗ 2) ਦੇ 30 ਨਿਰਪੱਖ ਅਤੇ ਪ੍ਰਭਾਵਸ਼ਾਲੀ ਪਰਿਵਾਰਾਂ ਦੀ ਸ਼ਨਾਖਤ ਕਰੋ।', 'ਦਿਨ 31-60: ਸੀਨੀਅਰ ਲੀਡਰਸ਼ਿਪ ਰਾਹੀਂ ਘਰ-ਘਰ ਜਾ ਕੇ ਸਰਕਾਰ ਦੀਆਂ ਨਿਰਪੱਖ ਨੀਤੀਆਂ ਸਾਂਝੀਆਂ ਕਰੋ।', 'ਦਿਨ 61-90: ਨੌਜਵਾਨ ਵਰਗ ਨੂੰ ਸਰਕਾਰੀ ਨੌਕਰੀਆਂ ਅਤੇ ਖੇਡ ਕਿੱਟਾਂ ਰਾਹੀਂ ਪਾਰਟੀ ਨਾਲ ਜੋੜ ਕੇ ਲੀਡ ਘਟਾਓ।']}"
104,103,Majitha Ward 7 / Old Tehsil (Part 2),ਮਜੀਠਾ ਵਾਰਡ 7 / ਪੁਰਾਣੀ ਤਹਿਸੀਲ (ਭਾਗ 2),ਮਜੀਠਾ ਵਾਰਡ 7 / ਪੁਰਾਣੀ ਤਹਿਸੀਲ (ਭਾਗ 2),Majitha Ward 7 / Old Tehsil (Part 2),ਮਜੀਠਾ ਵਾਰਡ 7 / ਪੁਰਾਣੀ ਤਹਿਸੀਲ (ਭਾਗ 2),SAD,SAD,98,240,SAD Retained,SAD Retained,AAP Deficit,ਆਪ ਘਾਟ,INC Deficit,"{'AAP': 'WEAK', 'SAD': 'WON_BOTH', 'INC': 'WEAK', 'BJP': 'WEAK'}",False,"{'is_flip': False, 'status_label': 'SAD Retained', 'turnout_diff': 123, 'turnout_pct': 23.79, 'sad_swing': 6.32, 'aap_swing': 6.54, 'inc_swing': -21.44, 'bjp_swing': 1.76}",517,640,123,23.79,263,366,103,50.87,57.19,6.32,68,126,58,13.15,19.69,6.54,165,67,-98,31.91,10.47,-21.44,3,15,12,0.58,2.34,1.76,43,6.72,"{'total': 517, 'sad': 263, 'aap': 68, 'inc': 165, 'bjp': 3, 'sad_votes': 263, 'sad_pct': 50.87, 'aap_votes': 68, 'aap_pct': 13.15, 'inc_votes': 165, 'inc_pct': 31.91, 'bjp_votes': 3, 'bjp_pct': 0.58, 'winner_party': 'SAD', 'margin': 98, 'winner_candidate': 'Ganieve Kaur Majithia'}","{'total': 640, 'sad': 366, 'aap': 126, 'inc': 67, 'bjp': 15, 'sada': 43, 'bsp': 0, 'others': 20, 'sad_votes': 366, 'sad_pct': 57.19, 'aap_votes': 126, 'aap_pct': 19.69, 'inc_votes': 67, 'inc_pct': 10.47, 'bjp_votes': 15, 'bjp_pct': 2.34, 'sada_votes': 43, 'sada_pct': 6.72, 'winner_party': 'SAD', 'margin': 240, 'winner_candidate': 'Anil Joshi'}","{'turnout_diff': 123, 'turnout_pct': 23.79, 'sad_shift': 103, 'sad_swing': 6.32, 'aap_shift': 58, 'aap_swing': 6.54, 'inc_shift': -98, 'inc_swing': -21.44, 'bjp_shift': 12, 'bjp_swing': 1.76}",Akali Bastion: Strategic Penetration & Demolition Zone,ਅਕਾਲੀ ਦਲ ਦਾ ਪ੍ਰਭਾਵਿਤ ਖੇਤਰ: ਵਿਸ਼ੇਸ਼ ਘੇਰਾਬੰਦੀ ਜ਼ੋਨ,SAD retained lead here by +240 votes (57.2% share). Target moderate Panthic and farming families in Majitha Ward 7 / Old Tehsil (Part 2) disillusioned with traditional leadership. Appoint dedicated block coordinators and highlight direct government procurement and village development works.,ਅਕਾਲੀ ਦਲ ਨੇ ਇੱਥੇ +240 ਵੋਟਾਂ (57.2%) ਨਾਲ ਲੀਡ ਬਣਾਈ ਹੈ। ਮਜੀਠਾ ਵਾਰਡ 7 / ਪੁਰਾਣੀ ਤਹਿਸੀਲ (ਭਾਗ 2) ਵਿੱਚ ਰਵਾਇਤੀ ਲੀਡਰਸ਼ਿਪ ਤੋਂ ਨਿਰਾਸ਼ ਕਿਸਾਨ ਅਤੇ ਪੰਥਕ ਪਰਿਵਾਰਾਂ ਨਾਲ ਸੰਵਾਦ ਕਰੋ। ਪਿੰਡਾਂ ਵਿੱਚ ਪੰਜਾਬ ਸਰਕਾਰ ਦੇ ਵਿਕਾਸ ਕਾਰਜਾਂ ਅਤੇ ਨਿਰਪੱਖ ਭਰਤੀਆਂ ਦੇ ਸੁਨੇਹੇ ਨਾਲ ਸੰਨ੍ਹ ਲਗਾਓ।,"{'booth_no': '103', 'village_en': 'Majitha Ward 7 / Old Tehsil (Part 2)', 'village_pa': 'ਮਜੀਠਾ ਵਾਰਡ 7 / ਪੁਰਾਣੀ ਤਹਿਸੀਲ (ਭਾਗ 2)', 'zone_en': 'Akali Bastion: Strategic Penetration & Demolition Zone', 'zone_pa': 'ਅਕਾਲੀ ਦਲ ਦਾ ਪ੍ਰਭਾਵਿਤ ਖੇਤਰ: ਵਿਸ਼ੇਸ਼ ਘੇਰਾਬੰਦੀ ਜ਼ੋਨ', 'action_en': 'SAD retained lead here by +240 votes (57.2% share). Target moderate Panthic and farming families in Majitha Ward 7 / Old Tehsil (Part 2) disillusioned with traditional leadership. Appoint dedicated block coordinators and highlight direct government procurement and village development works.', 'action_pa': 'ਅਕਾਲੀ ਦਲ ਨੇ ਇੱਥੇ +240 ਵੋਟਾਂ (57.2%) ਨਾਲ ਲੀਡ ਬਣਾਈ ਹੈ। ਮਜੀਠਾ ਵਾਰਡ 7 / ਪੁਰਾਣੀ ਤਹਿਸੀਲ (ਭਾਗ 2) ਵਿੱਚ ਰਵਾਇਤੀ ਲੀਡਰਸ਼ਿਪ ਤੋਂ ਨਿਰਾਸ਼ ਕਿਸਾਨ ਅਤੇ ਪੰਥਕ ਪਰਿਵਾਰਾਂ ਨਾਲ ਸੰਵਾਦ ਕਰੋ। ਪਿੰਡਾਂ ਵਿੱਚ ਪੰਜਾਬ ਸਰਕਾਰ ਦੇ ਵਿਕਾਸ ਕਾਰਜਾਂ ਅਤੇ ਨਿਰਪੱਖ ਭਰਤੀਆਂ ਦੇ ਸੁਨੇਹੇ ਨਾਲ ਸੰਨ੍ਹ ਲਗਾਓ।', 'action_steps_en': ['Days 1-30: Map the top 30 influential non-committed Panthic families in Majitha Ward 7 / Old Tehsil (Part 2).', 'Days 31-60: Deploy senior constituency leaders for direct home visits to address local disgruntlement.', ""Days 61-90: Neutralize SAD's +240 vote cushion by winning over agricultural youth.""], 'action_steps_pa': ['ਦਿਨ 1-30: ਮਜੀਠਾ ਵਾਰਡ 7 / ਪੁਰਾਣੀ ਤਹਿਸੀਲ (ਭਾਗ 2) ਦੇ 30 ਨਿਰਪੱਖ ਅਤੇ ਪ੍ਰਭਾਵਸ਼ਾਲੀ ਪਰਿਵਾਰਾਂ ਦੀ ਸ਼ਨਾਖਤ ਕਰੋ।', 'ਦਿਨ 31-60: ਸੀਨੀਅਰ ਲੀਡਰਸ਼ਿਪ ਰਾਹੀਂ ਘਰ-ਘਰ ਜਾ ਕੇ ਸਰਕਾਰ ਦੀਆਂ ਨਿਰਪੱਖ ਨੀਤੀਆਂ ਸਾਂਝੀਆਂ ਕਰੋ।', 'ਦਿਨ 61-90: ਨੌਜਵਾਨ ਵਰਗ ਨੂੰ ਸਰਕਾਰੀ ਨੌਕਰੀਆਂ ਅਤੇ ਖੇਡ ਕਿੱਟਾਂ ਰਾਹੀਂ ਪਾਰਟੀ ਨਾਲ ਜੋੜ ਕੇ ਲੀਡ ਘਟਾਓ।'], 'action_steps': ['ਦਿਨ 1-30: ਮਜੀਠਾ ਵਾਰਡ 7 / ਪੁਰਾਣੀ ਤਹਿਸੀਲ (ਭਾਗ 2) ਦੇ 30 ਨਿਰਪੱਖ ਅਤੇ ਪ੍ਰਭਾਵਸ਼ਾਲੀ ਪਰਿਵਾਰਾਂ ਦੀ ਸ਼ਨਾਖਤ ਕਰੋ।', 'ਦਿਨ 31-60: ਸੀਨੀਅਰ ਲੀਡਰਸ਼ਿਪ ਰਾਹੀਂ ਘਰ-ਘਰ ਜਾ ਕੇ ਸਰਕਾਰ ਦੀਆਂ ਨਿਰਪੱਖ ਨੀਤੀਆਂ ਸਾਂਝੀਆਂ ਕਰੋ।', 'ਦਿਨ 61-90: ਨੌਜਵਾਨ ਵਰਗ ਨੂੰ ਸਰਕਾਰੀ ਨੌਕਰੀਆਂ ਅਤੇ ਖੇਡ ਕਿੱਟਾਂ ਰਾਹੀਂ ਪਾਰਟੀ ਨਾਲ ਜੋੜ ਕੇ ਲੀਡ ਘਟਾਓ।']}"
105,104,Majitha Ward 8 / Gurdwara Sahib Road (Part 2),ਮਜੀਠਾ ਵਾਰਡ 8 / ਗੁਰਦੁਆਰਾ ਸਾਹਿਬ ਰੋਡ (ਭਾਗ 2),ਮਜੀਠਾ ਵਾਰਡ 8 / ਗੁਰਦੁਆਰਾ ਸਾਹਿਬ ਰੋਡ (ਭਾਗ 2),Majitha Ward 8 / Gurdwara Sahib Road (Part 2),ਮਜੀਠਾ ਵਾਰਡ 8 / ਗੁਰਦੁਆਰਾ ਸਾਹਿਬ ਰੋਡ (ਭਾਗ 2),SAD,INC,0,60,SAD → INC,SAD → INC,AAP Deficit,ਆਪ ਘਾਟ,INC Gain,"{'AAP': 'WEAK', 'SAD': 'LOST_24', 'INC': 'GAINED', 'BJP': 'WEAK'}",True,"{'is_flip': True, 'status_label': 'SAD → INC', 'turnout_diff': 18, 'turnout_pct': 2.78, 'sad_swing': -5.68, 'aap_swing': -21.32, 'inc_swing': 22.66, 'bjp_swing': 3.14}",647,665,18,2.78,244,213,-31,37.71,32.03,-5.68,244,109,-135,37.71,16.39,-21.32,119,273,154,18.39,41.05,22.66,5,26,21,0.77,3.91,3.14,26,3.91,"{'total': 647, 'sad': 244, 'aap': 244, 'inc': 119, 'bjp': 5, 'sad_votes': 244, 'sad_pct': 37.71, 'aap_votes': 244, 'aap_pct': 37.71, 'inc_votes': 119, 'inc_pct': 18.39, 'bjp_votes': 5, 'bjp_pct': 0.77, 'winner_party': 'SAD', 'margin': 0, 'winner_candidate': 'Ganieve Kaur Majithia'}","{'total': 665, 'sad': 213, 'aap': 109, 'inc': 273, 'bjp': 26, 'sada': 26, 'bsp': 0, 'others': 16, 'sad_votes': 213, 'sad_pct': 32.03, 'aap_votes': 109, 'aap_pct': 16.39, 'inc_votes': 273, 'inc_pct': 41.05, 'bjp_votes': 26, 'bjp_pct': 3.91, 'sada_votes': 26, 'sada_pct': 3.91, 'winner_party': 'INC', 'margin': 60, 'winner_candidate': 'Gurjeet Singh Aujla'}","{'turnout_diff': 18, 'turnout_pct': 2.78, 'sad_shift': -31, 'sad_swing': -5.68, 'aap_shift': -135, 'aap_swing': -21.32, 'inc_shift': 154, 'inc_swing': 22.66, 'bjp_shift': 21, 'bjp_swing': 3.14}",Congress Belt: High-Intensity Reclamation Zone,ਕਾਂਗਰਸੀ ਪ੍ਰਭਾਵ ਵਾਲਾ ਹਲਕਾ: ਮੁੜ-ਬਹਾਲੀ ਜ਼ੋਨ,INC led by +60 votes with 41.0% vote share in Majitha Ward 8 / Gurdwara Sahib Road (Part 2). Neutralize traditional Congress sarpanch networks. Appoint 2 booth captains and directly onboard dynamic rural youth.,ਕਾਂਗਰਸ ਨੇ ਇੱਥੇ +60 ਵੋਟਾਂ (41.0%) ਦੀ ਲੀਡ ਲਈ ਹੈ। ਮਜੀਠਾ ਵਾਰਡ 8 / ਗੁਰਦੁਆਰਾ ਸਾਹਿਬ ਰੋਡ (ਭਾਗ 2) ਵਿੱਚ ਪੁਰਾਣੇ ਸਰਪੰਚੀ ਪ੍ਰਭਾਵ ਨੂੰ ਘਟਾਉਣ ਲਈ ਦੋ ਨਵੇਂ ਯੂਥ ਬੂਥ ਇੰਚਾਰਜ ਲਗਾਓ ਅਤੇ ਘਰ-ਘਰ ਸੰਪਰਕ ਮੁਹਿੰਮ ਚਲਾਓ।,"{'booth_no': '104', 'village_en': 'Majitha Ward 8 / Gurdwara Sahib Road (Part 2)', 'village_pa': 'ਮਜੀਠਾ ਵਾਰਡ 8 / ਗੁਰਦੁਆਰਾ ਸਾਹਿਬ ਰੋਡ (ਭਾਗ 2)', 'zone_en': 'Congress Belt: High-Intensity Reclamation Zone', 'zone_pa': 'ਕਾਂਗਰਸੀ ਪ੍ਰਭਾਵ ਵਾਲਾ ਹਲਕਾ: ਮੁੜ-ਬਹਾਲੀ ਜ਼ੋਨ', 'action_en': 'INC led by +60 votes with 41.0% vote share in Majitha Ward 8 / Gurdwara Sahib Road (Part 2). Neutralize traditional Congress sarpanch networks. Appoint 2 booth captains and directly onboard dynamic rural youth.', 'action_pa': 'ਕਾਂਗਰਸ ਨੇ ਇੱਥੇ +60 ਵੋਟਾਂ (41.0%) ਦੀ ਲੀਡ ਲਈ ਹੈ। ਮਜੀਠਾ ਵਾਰਡ 8 / ਗੁਰਦੁਆਰਾ ਸਾਹਿਬ ਰੋਡ (ਭਾਗ 2) ਵਿੱਚ ਪੁਰਾਣੇ ਸਰਪੰਚੀ ਪ੍ਰਭਾਵ ਨੂੰ ਘਟਾਉਣ ਲਈ ਦੋ ਨਵੇਂ ਯੂਥ ਬੂਥ ਇੰਚਾਰਜ ਲਗਾਓ ਅਤੇ ਘਰ-ਘਰ ਸੰਪਰਕ ਮੁਹਿੰਮ ਚਲਾਓ।', 'action_steps_en': ['Days 1-30: Identify active vs inactive Congress booth workers in Majitha Ward 8 / Gurdwara Sahib Road (Part 2).', 'Days 31-60: Form rural welfare monitoring committee to connect village elders with state pensions.', ""Days 61-90: Overcome Congress's +60 vote lead through door-to-door cadre contact.""], 'action_steps_pa': ['ਦਿਨ 1-30: ਮਜੀਠਾ ਵਾਰਡ 8 / ਗੁਰਦੁਆਰਾ ਸਾਹਿਬ ਰੋਡ (ਭਾਗ 2) ਵਿੱਚ ਕਾਂਗਰਸੀ ਸਰਪੰਚਾਂ ਅਤੇ ਆਗੂਆਂ ਦੇ ਪ੍ਰਭਾਵ ਦਾ ਵਿਸ਼ਲੇਸ਼ਣ ਕਰੋ।', 'ਦਿਨ 31-60: ਬਜ਼ੁਰਗਾਂ ਅਤੇ ਔਰਤਾਂ ਨੂੰ ਪੈਨਸ਼ਨਾਂ ਤੇ ਭਲਾਈ ਸਕੀਮਾਂ ਨਾਲ ਜੋੜਨ ਲਈ ਕੈਂਪ ਲਗਾਓ।', 'ਦਿਨ 61-90: ਨੌਜਵਾਨਾਂ ਦੀ ਟੀਮ ਰਾਹੀਂ ਕਾਂਗਰਸ ਦੀ +60 ਵੋਟਾਂ ਦੀ ਲੀਡ ਖ਼ਤਮ ਕਰੋ।'], 'action_steps': ['ਦਿਨ 1-30: ਮਜੀਠਾ ਵਾਰਡ 8 / ਗੁਰਦੁਆਰਾ ਸਾਹਿਬ ਰੋਡ (ਭਾਗ 2) ਵਿੱਚ ਕਾਂਗਰਸੀ ਸਰਪੰਚਾਂ ਅਤੇ ਆਗੂਆਂ ਦੇ ਪ੍ਰਭਾਵ ਦਾ ਵਿਸ਼ਲੇਸ਼ਣ ਕਰੋ।', 'ਦਿਨ 31-60: ਬਜ਼ੁਰਗਾਂ ਅਤੇ ਔਰਤਾਂ ਨੂੰ ਪੈਨਸ਼ਨਾਂ ਤੇ ਭਲਾਈ ਸਕੀਮਾਂ ਨਾਲ ਜੋੜਨ ਲਈ ਕੈਂਪ ਲਗਾਓ।', 'ਦਿਨ 61-90: ਨੌਜਵਾਨਾਂ ਦੀ ਟੀਮ ਰਾਹੀਂ ਕਾਂਗਰਸ ਦੀ +60 ਵੋਟਾਂ ਦੀ ਲੀਡ ਖ਼ਤਮ ਕਰੋ।']}"
106,105,Kathu Nangal (Part 2),ਕੱਥੂਨੰਗਲ (ਭਾਗ 2),ਕੱਥੂਨੰਗਲ (ਭਾਗ 2),Kathu Nangal (Part 2),ਕੱਥੂਨੰਗਲ (ਭਾਗ 2),SAD,INC,1,171,SAD → INC,SAD → INC,AAP Deficit,ਆਪ ਘਾਟ,INC Gain,"{'AAP': 'WEAK', 'SAD': 'LOST_24', 'INC': 'GAINED', 'BJP': 'WEAK'}",True,"{'is_flip': True, 'status_label': 'SAD → INC', 'turnout_diff': 19, 'turnout_pct': 3.23, 'sad_swing': -11.29, 'aap_swing': -8.69, 'inc_swing': 17.0, 'bjp_swing': 0.11}",589,608,19,3.23,207,145,-62,35.14,23.85,-11.29,149,101,-48,25.3,16.61,-8.69,206,316,110,34.97,51.97,17.0,9,10,1,1.53,1.64,0.11,9,1.48,"{'total': 589, 'sad': 207, 'aap': 149, 'inc': 206, 'bjp': 9, 'sad_votes': 207, 'sad_pct': 35.14, 'aap_votes': 149, 'aap_pct': 25.3, 'inc_votes': 206, 'inc_pct': 34.97, 'bjp_votes': 9, 'bjp_pct': 1.53, 'winner_party': 'SAD', 'margin': 1, 'winner_candidate': 'Ganieve Kaur Majithia'}","{'total': 608, 'sad': 145, 'aap': 101, 'inc': 316, 'bjp': 10, 'sada': 9, 'bsp': 0, 'others': 24, 'sad_votes': 145, 'sad_pct': 23.85, 'aap_votes': 101, 'aap_pct': 16.61, 'inc_votes': 316, 'inc_pct': 51.97, 'bjp_votes': 10, 'bjp_pct': 1.64, 'sada_votes': 9, 'sada_pct': 1.48, 'winner_party': 'INC', 'margin': 171, 'winner_candidate': 'Gurjeet Singh Aujla'}","{'turnout_diff': 19, 'turnout_pct': 3.23, 'sad_shift': -62, 'sad_swing': -11.29, 'aap_shift': -48, 'aap_swing': -8.69, 'inc_shift': 110, 'inc_swing': 17.0, 'bjp_shift': 1, 'bjp_swing': 0.11}",Congress Belt: High-Intensity Reclamation Zone,ਕਾਂਗਰਸੀ ਪ੍ਰਭਾਵ ਵਾਲਾ ਹਲਕਾ: ਮੁੜ-ਬਹਾਲੀ ਜ਼ੋਨ,INC led by +171 votes with 52.0% vote share in Kathu Nangal (Part 2). Neutralize traditional Congress sarpanch networks. Appoint 2 booth captains and directly onboard dynamic rural youth.,ਕਾਂਗਰਸ ਨੇ ਇੱਥੇ +171 ਵੋਟਾਂ (52.0%) ਦੀ ਲੀਡ ਲਈ ਹੈ। ਕੱਥੂਨੰਗਲ (ਭਾਗ 2) ਵਿੱਚ ਪੁਰਾਣੇ ਸਰਪੰਚੀ ਪ੍ਰਭਾਵ ਨੂੰ ਘਟਾਉਣ ਲਈ ਦੋ ਨਵੇਂ ਯੂਥ ਬੂਥ ਇੰਚਾਰਜ ਲਗਾਓ ਅਤੇ ਘਰ-ਘਰ ਸੰਪਰਕ ਮੁਹਿੰਮ ਚਲਾਓ।,"{'booth_no': '105', 'village_en': 'Kathu Nangal (Part 2)', 'village_pa': 'ਕੱਥੂਨੰਗਲ (ਭਾਗ 2)', 'zone_en': 'Congress Belt: High-Intensity Reclamation Zone', 'zone_pa': 'ਕਾਂਗਰਸੀ ਪ੍ਰਭਾਵ ਵਾਲਾ ਹਲਕਾ: ਮੁੜ-ਬਹਾਲੀ ਜ਼ੋਨ', 'action_en': 'INC led by +171 votes with 52.0% vote share in Kathu Nangal (Part 2). Neutralize traditional Congress sarpanch networks. Appoint 2 booth captains and directly onboard dynamic rural youth.', 'action_pa': 'ਕਾਂਗਰਸ ਨੇ ਇੱਥੇ +171 ਵੋਟਾਂ (52.0%) ਦੀ ਲੀਡ ਲਈ ਹੈ। ਕੱਥੂਨੰਗਲ (ਭਾਗ 2) ਵਿੱਚ ਪੁਰਾਣੇ ਸਰਪੰਚੀ ਪ੍ਰਭਾਵ ਨੂੰ ਘਟਾਉਣ ਲਈ ਦੋ ਨਵੇਂ ਯੂਥ ਬੂਥ ਇੰਚਾਰਜ ਲਗਾਓ ਅਤੇ ਘਰ-ਘਰ ਸੰਪਰਕ ਮੁਹਿੰਮ ਚਲਾਓ।', 'action_steps_en': ['Days 1-30: Identify active vs inactive Congress booth workers in Kathu Nangal (Part 2).', 'Days 31-60: Form rural welfare monitoring committee to connect village elders with state pensions.', ""Days 61-90: Overcome Congress's +171 vote lead through door-to-door cadre contact.""], 'action_steps_pa': ['ਦਿਨ 1-30: ਕੱਥੂਨੰਗਲ (ਭਾਗ 2) ਵਿੱਚ ਕਾਂਗਰਸੀ ਸਰਪੰਚਾਂ ਅਤੇ ਆਗੂਆਂ ਦੇ ਪ੍ਰਭਾਵ ਦਾ ਵਿਸ਼ਲੇਸ਼ਣ ਕਰੋ।', 'ਦਿਨ 31-60: ਬਜ਼ੁਰਗਾਂ ਅਤੇ ਔਰਤਾਂ ਨੂੰ ਪੈਨਸ਼ਨਾਂ ਤੇ ਭਲਾਈ ਸਕੀਮਾਂ ਨਾਲ ਜੋੜਨ ਲਈ ਕੈਂਪ ਲਗਾਓ।', 'ਦਿਨ 61-90: ਨੌਜਵਾਨਾਂ ਦੀ ਟੀਮ ਰਾਹੀਂ ਕਾਂਗਰਸ ਦੀ +171 ਵੋਟਾਂ ਦੀ ਲੀਡ ਖ਼ਤਮ ਕਰੋ।'], 'action_steps': ['ਦਿਨ 1-30: ਕੱਥੂਨੰਗਲ (ਭਾਗ 2) ਵਿੱਚ ਕਾਂਗਰਸੀ ਸਰਪੰਚਾਂ ਅਤੇ ਆਗੂਆਂ ਦੇ ਪ੍ਰਭਾਵ ਦਾ ਵਿਸ਼ਲੇਸ਼ਣ ਕਰੋ।', 'ਦਿਨ 31-60: ਬਜ਼ੁਰਗਾਂ ਅਤੇ ਔਰਤਾਂ ਨੂੰ ਪੈਨਸ਼ਨਾਂ ਤੇ ਭਲਾਈ ਸਕੀਮਾਂ ਨਾਲ ਜੋੜਨ ਲਈ ਕੈਂਪ ਲਗਾਓ।', 'ਦਿਨ 61-90: ਨੌਜਵਾਨਾਂ ਦੀ ਟੀਮ ਰਾਹੀਂ ਕਾਂਗਰਸ ਦੀ +171 ਵੋਟਾਂ ਦੀ ਲੀਡ ਖ਼ਤਮ ਕਰੋ।']}"
107,106,Kathu Nangal Khurd (Part 2),ਕੱਥੂਨੰਗਲ ਖੁਰਦ (ਭਾਗ 2),ਕੱਥੂਨੰਗਲ ਖੁਰਦ (ਭਾਗ 2),Kathu Nangal Khurd (Part 2),ਕੱਥੂਨੰਗਲ ਖੁਰਦ (ਭਾਗ 2),AAP,SAD,32,130,AAP → SAD,AAP → SAD,AAP Loss,ਆਪ ਨੁਕਸਾਨ,INC Deficit,"{'AAP': 'LOST_24', 'SAD': 'GAINED', 'INC': 'LOST_BOTH', 'BJP': 'LOST_BOTH'}",True,"{'is_flip': True, 'status_label': 'AAP → SAD', 'turnout_diff': 359, 'turnout_pct': 73.12, 'sad_swing': 3.48, 'aap_swing': -18.33, 'inc_swing': -0.27, 'bjp_swing': 17.42}",491,850,359,73.12,166,317,151,33.81,37.29,3.48,198,187,-11,40.33,22.0,-18.33,77,131,54,15.68,15.41,-0.27,15,174,159,3.05,20.47,17.42,14,1.65,"{'total': 491, 'sad': 166, 'aap': 198, 'inc': 77, 'bjp': 15, 'sad_votes': 166, 'sad_pct': 33.81, 'aap_votes': 198, 'aap_pct': 40.33, 'inc_votes': 77, 'inc_pct': 15.68, 'bjp_votes': 15, 'bjp_pct': 3.05, 'winner_party': 'AAP', 'margin': 32, 'winner_candidate': 'Sukhjinder Raj Singh (Lalli)'}","{'total': 850, 'sad': 317, 'aap': 187, 'inc': 131, 'bjp': 174, 'sada': 14, 'bsp': 5, 'others': 22, 'sad_votes': 317, 'sad_pct': 37.29, 'aap_votes': 187, 'aap_pct': 22.0, 'inc_votes': 131, 'inc_pct': 15.41, 'bjp_votes': 174, 'bjp_pct': 20.47, 'sada_votes': 14, 'sada_pct': 1.65, 'winner_party': 'SAD', 'margin': 130, 'winner_candidate': 'Anil Joshi'}","{'turnout_diff': 359, 'turnout_pct': 73.12, 'sad_shift': 151, 'sad_swing': 3.48, 'aap_shift': -11, 'aap_swing': -18.33, 'inc_shift': 54, 'inc_swing': -0.27, 'bjp_shift': 159, 'bjp_swing': 17.42}",Akali Bastion: Strategic Penetration & Demolition Zone,ਅਕਾਲੀ ਦਲ ਦਾ ਪ੍ਰਭਾਵਿਤ ਖੇਤਰ: ਵਿਸ਼ੇਸ਼ ਘੇਰਾਬੰਦੀ ਜ਼ੋਨ,SAD retained lead here by +130 votes (37.3% share). Target moderate Panthic and farming families in Kathu Nangal Khurd (Part 2) disillusioned with traditional leadership. Appoint dedicated block coordinators and highlight direct government procurement and village development works.,ਅਕਾਲੀ ਦਲ ਨੇ ਇੱਥੇ +130 ਵੋਟਾਂ (37.3%) ਨਾਲ ਲੀਡ ਬਣਾਈ ਹੈ। ਕੱਥੂਨੰਗਲ ਖੁਰਦ (ਭਾਗ 2) ਵਿੱਚ ਰਵਾਇਤੀ ਲੀਡਰਸ਼ਿਪ ਤੋਂ ਨਿਰਾਸ਼ ਕਿਸਾਨ ਅਤੇ ਪੰਥਕ ਪਰਿਵਾਰਾਂ ਨਾਲ ਸੰਵਾਦ ਕਰੋ। ਪਿੰਡਾਂ ਵਿੱਚ ਪੰਜਾਬ ਸਰਕਾਰ ਦੇ ਵਿਕਾਸ ਕਾਰਜਾਂ ਅਤੇ ਨਿਰਪੱਖ ਭਰਤੀਆਂ ਦੇ ਸੁਨੇਹੇ ਨਾਲ ਸੰਨ੍ਹ ਲਗਾਓ।,"{'booth_no': '106', 'village_en': 'Kathu Nangal Khurd (Part 2)', 'village_pa': 'ਕੱਥੂਨੰਗਲ ਖੁਰਦ (ਭਾਗ 2)', 'zone_en': 'Akali Bastion: Strategic Penetration & Demolition Zone', 'zone_pa': 'ਅਕਾਲੀ ਦਲ ਦਾ ਪ੍ਰਭਾਵਿਤ ਖੇਤਰ: ਵਿਸ਼ੇਸ਼ ਘੇਰਾਬੰਦੀ ਜ਼ੋਨ', 'action_en': 'SAD retained lead here by +130 votes (37.3% share). Target moderate Panthic and farming families in Kathu Nangal Khurd (Part 2) disillusioned with traditional leadership. Appoint dedicated block coordinators and highlight direct government procurement and village development works.', 'action_pa': 'ਅਕਾਲੀ ਦਲ ਨੇ ਇੱਥੇ +130 ਵੋਟਾਂ (37.3%) ਨਾਲ ਲੀਡ ਬਣਾਈ ਹੈ। ਕੱਥੂਨੰਗਲ ਖੁਰਦ (ਭਾਗ 2) ਵਿੱਚ ਰਵਾਇਤੀ ਲੀਡਰਸ਼ਿਪ ਤੋਂ ਨਿਰਾਸ਼ ਕਿਸਾਨ ਅਤੇ ਪੰਥਕ ਪਰਿਵਾਰਾਂ ਨਾਲ ਸੰਵਾਦ ਕਰੋ। ਪਿੰਡਾਂ ਵਿੱਚ ਪੰਜਾਬ ਸਰਕਾਰ ਦੇ ਵਿਕਾਸ ਕਾਰਜਾਂ ਅਤੇ ਨਿਰਪੱਖ ਭਰਤੀਆਂ ਦੇ ਸੁਨੇਹੇ ਨਾਲ ਸੰਨ੍ਹ ਲਗਾਓ।', 'action_steps_en': ['Days 1-30: Map the top 30 influential non-committed Panthic families in Kathu Nangal Khurd (Part 2).', 'Days 31-60: Deploy senior constituency leaders for direct home visits to address local disgruntlement.', ""Days 61-90: Neutralize SAD's +130 vote cushion by winning over agricultural youth.""], 'action_steps_pa': ['ਦਿਨ 1-30: ਕੱਥੂਨੰਗਲ ਖੁਰਦ (ਭਾਗ 2) ਦੇ 30 ਨਿਰਪੱਖ ਅਤੇ ਪ੍ਰਭਾਵਸ਼ਾਲੀ ਪਰਿਵਾਰਾਂ ਦੀ ਸ਼ਨਾਖਤ ਕਰੋ।', 'ਦਿਨ 31-60: ਸੀਨੀਅਰ ਲੀਡਰਸ਼ਿਪ ਰਾਹੀਂ ਘਰ-ਘਰ ਜਾ ਕੇ ਸਰਕਾਰ ਦੀਆਂ ਨਿਰਪੱਖ ਨੀਤੀਆਂ ਸਾਂਝੀਆਂ ਕਰੋ।', 'ਦਿਨ 61-90: ਨੌਜਵਾਨ ਵਰਗ ਨੂੰ ਸਰਕਾਰੀ ਨੌਕਰੀਆਂ ਅਤੇ ਖੇਡ ਕਿੱਟਾਂ ਰਾਹੀਂ ਪਾਰਟੀ ਨਾਲ ਜੋੜ ਕੇ ਲੀਡ ਘਟਾਓ।'], 'action_steps': ['ਦਿਨ 1-30: ਕੱਥੂਨੰਗਲ ਖੁਰਦ (ਭਾਗ 2) ਦੇ 30 ਨਿਰਪੱਖ ਅਤੇ ਪ੍ਰਭਾਵਸ਼ਾਲੀ ਪਰਿਵਾਰਾਂ ਦੀ ਸ਼ਨਾਖਤ ਕਰੋ।', 'ਦਿਨ 31-60: ਸੀਨੀਅਰ ਲੀਡਰਸ਼ਿਪ ਰਾਹੀਂ ਘਰ-ਘਰ ਜਾ ਕੇ ਸਰਕਾਰ ਦੀਆਂ ਨਿਰਪੱਖ ਨੀਤੀਆਂ ਸਾਂਝੀਆਂ ਕਰੋ।', 'ਦਿਨ 61-90: ਨੌਜਵਾਨ ਵਰਗ ਨੂੰ ਸਰਕਾਰੀ ਨੌਕਰੀਆਂ ਅਤੇ ਖੇਡ ਕਿੱਟਾਂ ਰਾਹੀਂ ਪਾਰਟੀ ਨਾਲ ਜੋੜ ਕੇ ਲੀਡ ਘਟਾਓ।']}"
108,107,Jaintipura (Part 2),ਜੈੰਤੀਪੁਰਾ (ਭਾਗ 2),ਜੈੰਤੀਪੁਰਾ (ਭਾਗ 2),Jaintipura (Part 2),ਜੈੰਤੀਪੁਰਾ (ਭਾਗ 2),SAD,INC,106,44,SAD → INC,SAD → INC,AAP Deficit,ਆਪ ਘਾਟ,INC Gain,"{'AAP': 'WEAK', 'SAD': 'LOST_24', 'INC': 'GAINED', 'BJP': 'WEAK'}",True,"{'is_flip': True, 'status_label': 'SAD → INC', 'turnout_diff': 164, 'turnout_pct': 19.85, 'sad_swing': -0.51, 'aap_swing': -9.3, 'inc_swing': 16.77, 'bjp_swing': -0.04}",826,990,164,19.85,393,466,73,47.58,47.07,-0.51,81,5,-76,9.81,0.51,-9.3,287,510,223,34.75,51.52,16.77,7,8,1,0.85,0.81,-0.04,0,0.0,"{'total': 826, 'sad': 393, 'aap': 81, 'inc': 287, 'bjp': 7, 'sad_votes': 393, 'sad_pct': 47.58, 'aap_votes': 81, 'aap_pct': 9.81, 'inc_votes': 287, 'inc_pct': 34.75, 'bjp_votes': 7, 'bjp_pct': 0.85, 'winner_party': 'SAD', 'margin': 106, 'winner_candidate': 'Ganieve Kaur Majithia'}","{'total': 990, 'sad': 466, 'aap': 5, 'inc': 510, 'bjp': 8, 'sada': 0, 'bsp': 0, 'others': 1, 'sad_votes': 466, 'sad_pct': 47.07, 'aap_votes': 5, 'aap_pct': 0.51, 'inc_votes': 510, 'inc_pct': 51.52, 'bjp_votes': 8, 'bjp_pct': 0.81, 'sada_votes': 0, 'sada_pct': 0.0, 'winner_party': 'INC', 'margin': 44, 'winner_candidate': 'Gurjeet Singh Aujla'}","{'turnout_diff': 164, 'turnout_pct': 19.85, 'sad_shift': 73, 'sad_swing': -0.51, 'aap_shift': -76, 'aap_swing': -9.3, 'inc_shift': 223, 'inc_swing': 16.77, 'bjp_shift': 1, 'bjp_swing': -0.04}",Congress Belt: High-Intensity Reclamation Zone,ਕਾਂਗਰਸੀ ਪ੍ਰਭਾਵ ਵਾਲਾ ਹਲਕਾ: ਮੁੜ-ਬਹਾਲੀ ਜ਼ੋਨ,INC led by +44 votes with 51.5% vote share in Jaintipura (Part 2). Neutralize traditional Congress sarpanch networks. Appoint 2 booth captains and directly onboard dynamic rural youth.,ਕਾਂਗਰਸ ਨੇ ਇੱਥੇ +44 ਵੋਟਾਂ (51.5%) ਦੀ ਲੀਡ ਲਈ ਹੈ। ਜੈੰਤੀਪੁਰਾ (ਭਾਗ 2) ਵਿੱਚ ਪੁਰਾਣੇ ਸਰਪੰਚੀ ਪ੍ਰਭਾਵ ਨੂੰ ਘਟਾਉਣ ਲਈ ਦੋ ਨਵੇਂ ਯੂਥ ਬੂਥ ਇੰਚਾਰਜ ਲਗਾਓ ਅਤੇ ਘਰ-ਘਰ ਸੰਪਰਕ ਮੁਹਿੰਮ ਚਲਾਓ।,"{'booth_no': '107', 'village_en': 'Jaintipura (Part 2)', 'village_pa': 'ਜੈੰਤੀਪੁਰਾ (ਭਾਗ 2)', 'zone_en': 'Congress Belt: High-Intensity Reclamation Zone', 'zone_pa': 'ਕਾਂਗਰਸੀ ਪ੍ਰਭਾਵ ਵਾਲਾ ਹਲਕਾ: ਮੁੜ-ਬਹਾਲੀ ਜ਼ੋਨ', 'action_en': 'INC led by +44 votes with 51.5% vote share in Jaintipura (Part 2). Neutralize traditional Congress sarpanch networks. Appoint 2 booth captains and directly onboard dynamic rural youth.', 'action_pa': 'ਕਾਂਗਰਸ ਨੇ ਇੱਥੇ +44 ਵੋਟਾਂ (51.5%) ਦੀ ਲੀਡ ਲਈ ਹੈ। ਜੈੰਤੀਪੁਰਾ (ਭਾਗ 2) ਵਿੱਚ ਪੁਰਾਣੇ ਸਰਪੰਚੀ ਪ੍ਰਭਾਵ ਨੂੰ ਘਟਾਉਣ ਲਈ ਦੋ ਨਵੇਂ ਯੂਥ ਬੂਥ ਇੰਚਾਰਜ ਲਗਾਓ ਅਤੇ ਘਰ-ਘਰ ਸੰਪਰਕ ਮੁਹਿੰਮ ਚਲਾਓ।', 'action_steps_en': ['Days 1-30: Identify active vs inactive Congress booth workers in Jaintipura (Part 2).', 'Days 31-60: Form rural welfare monitoring committee to connect village elders with state pensions.', ""Days 61-90: Overcome Congress's +44 vote lead through door-to-door cadre contact.""], 'action_steps_pa': ['ਦਿਨ 1-30: ਜੈੰਤੀਪੁਰਾ (ਭਾਗ 2) ਵਿੱਚ ਕਾਂਗਰਸੀ ਸਰਪੰਚਾਂ ਅਤੇ ਆਗੂਆਂ ਦੇ ਪ੍ਰਭਾਵ ਦਾ ਵਿਸ਼ਲੇਸ਼ਣ ਕਰੋ।', 'ਦਿਨ 31-60: ਬਜ਼ੁਰਗਾਂ ਅਤੇ ਔਰਤਾਂ ਨੂੰ ਪੈਨਸ਼ਨਾਂ ਤੇ ਭਲਾਈ ਸਕੀਮਾਂ ਨਾਲ ਜੋੜਨ ਲਈ ਕੈਂਪ ਲਗਾਓ।', 'ਦਿਨ 61-90: ਨੌਜਵਾਨਾਂ ਦੀ ਟੀਮ ਰਾਹੀਂ ਕਾਂਗਰਸ ਦੀ +44 ਵੋਟਾਂ ਦੀ ਲੀਡ ਖ਼ਤਮ ਕਰੋ।'], 'action_steps': ['ਦਿਨ 1-30: ਜੈੰਤੀਪੁਰਾ (ਭਾਗ 2) ਵਿੱਚ ਕਾਂਗਰਸੀ ਸਰਪੰਚਾਂ ਅਤੇ ਆਗੂਆਂ ਦੇ ਪ੍ਰਭਾਵ ਦਾ ਵਿਸ਼ਲੇਸ਼ਣ ਕਰੋ।', 'ਦਿਨ 31-60: ਬਜ਼ੁਰਗਾਂ ਅਤੇ ਔਰਤਾਂ ਨੂੰ ਪੈਨਸ਼ਨਾਂ ਤੇ ਭਲਾਈ ਸਕੀਮਾਂ ਨਾਲ ਜੋੜਨ ਲਈ ਕੈਂਪ ਲਗਾਓ।', 'ਦਿਨ 61-90: ਨੌਜਵਾਨਾਂ ਦੀ ਟੀਮ ਰਾਹੀਂ ਕਾਂਗਰਸ ਦੀ +44 ਵੋਟਾਂ ਦੀ ਲੀਡ ਖ਼ਤਮ ਕਰੋ।']}"
109,108A,Kotli Dhole Shah (Auxiliary Booth 108A),ਕੋਟਲੀ ਢੋਲੇ ਸ਼ਾਹ (ਸਹਾਇਕ ਬੂਥ 108A),ਕੋਟਲੀ ਢੋਲੇ ਸ਼ਾਹ (ਸਹਾਇਕ ਬੂਥ 108A),Kotli Dhole Shah (Auxiliary Booth 108A),ਕੋਟਲੀ ਢੋਲੇ ਸ਼ਾਹ (ਸਹਾਇਕ ਬੂਥ 108A),SAD,SAD,12,25,SAD Retained,SAD Retained,AAP Deficit,ਆਪ ਘਾਟ,INC Deficit,"{'AAP': 'LOST_BOTH', 'SAD': 'WON_BOTH', 'INC': 'LOST_BOTH', 'BJP': 'WEAK'}",False,"{'is_flip': False, 'status_label': 'SAD Retained', 'turnout_diff': -59, 'turnout_pct': -10.48, 'sad_swing': -5.55, 'aap_swing': -8.37, 'inc_swing': 11.35, 'bjp_swing': -0.1}",563,504,-59,-10.48,258,203,-55,45.83,40.28,-5.55,246,178,-68,43.69,35.32,-8.37,21,76,55,3.73,15.08,11.35,5,4,-1,0.89,0.79,-0.1,24,4.76,"{'total': 563, 'sad': 258, 'aap': 246, 'inc': 21, 'bjp': 5, 'sad_votes': 258, 'sad_pct': 45.83, 'aap_votes': 246, 'aap_pct': 43.69, 'inc_votes': 21, 'inc_pct': 3.73, 'bjp_votes': 5, 'bjp_pct': 0.89, 'winner_party': 'SAD', 'margin': 12, 'winner_candidate': 'Ganieve Kaur Majithia'}","{'total': 504, 'sad': 203, 'aap': 178, 'inc': 76, 'bjp': 4, 'sada': 24, 'bsp': 2, 'others': 14, 'sad_votes': 203, 'sad_pct': 40.28, 'aap_votes': 178, 'aap_pct': 35.32, 'inc_votes': 76, 'inc_pct': 15.08, 'bjp_votes': 4, 'bjp_pct': 0.79, 'sada_votes': 24, 'sada_pct': 4.76, 'winner_party': 'SAD', 'margin': 25, 'winner_candidate': 'Anil Joshi'}","{'turnout_diff': -59, 'turnout_pct': -10.48, 'sad_shift': -55, 'sad_swing': -5.55, 'aap_shift': -68, 'aap_swing': -8.37, 'inc_shift': 55, 'inc_swing': 11.35, 'bjp_shift': -1, 'bjp_swing': -0.1}",Akali Bastion: Strategic Penetration & Demolition Zone,ਅਕਾਲੀ ਦਲ ਦਾ ਪ੍ਰਭਾਵਿਤ ਖੇਤਰ: ਵਿਸ਼ੇਸ਼ ਘੇਰਾਬੰਦੀ ਜ਼ੋਨ,SAD retained lead here by +25 votes (40.3% share). Target moderate Panthic and farming families in Kotli Dhole Shah (Auxiliary Booth 108A) disillusioned with traditional leadership. Appoint dedicated block coordinators and highlight direct government procurement and village development works.,ਅਕਾਲੀ ਦਲ ਨੇ ਇੱਥੇ +25 ਵੋਟਾਂ (40.3%) ਨਾਲ ਲੀਡ ਬਣਾਈ ਹੈ। ਕੋਟਲੀ ਢੋਲੇ ਸ਼ਾਹ (ਸਹਾਇਕ ਬੂਥ 108A) ਵਿੱਚ ਰਵਾਇਤੀ ਲੀਡਰਸ਼ਿਪ ਤੋਂ ਨਿਰਾਸ਼ ਕਿਸਾਨ ਅਤੇ ਪੰਥਕ ਪਰਿਵਾਰਾਂ ਨਾਲ ਸੰਵਾਦ ਕਰੋ। ਪਿੰਡਾਂ ਵਿੱਚ ਪੰਜਾਬ ਸਰਕਾਰ ਦੇ ਵਿਕਾਸ ਕਾਰਜਾਂ ਅਤੇ ਨਿਰਪੱਖ ਭਰਤੀਆਂ ਦੇ ਸੁਨੇਹੇ ਨਾਲ ਸੰਨ੍ਹ ਲਗਾਓ।,"{'booth_no': '108A', 'village_en': 'Kotli Dhole Shah (Auxiliary Booth 108A)', 'village_pa': 'ਕੋਟਲੀ ਢੋਲੇ ਸ਼ਾਹ (ਸਹਾਇਕ ਬੂਥ 108A)', 'zone_en': 'Akali Bastion: Strategic Penetration & Demolition Zone', 'zone_pa': 'ਅਕਾਲੀ ਦਲ ਦਾ ਪ੍ਰਭਾਵਿਤ ਖੇਤਰ: ਵਿਸ਼ੇਸ਼ ਘੇਰਾਬੰਦੀ ਜ਼ੋਨ', 'action_en': 'SAD retained lead here by +25 votes (40.3% share). Target moderate Panthic and farming families in Kotli Dhole Shah (Auxiliary Booth 108A) disillusioned with traditional leadership. Appoint dedicated block coordinators and highlight direct government procurement and village development works.', 'action_pa': 'ਅਕਾਲੀ ਦਲ ਨੇ ਇੱਥੇ +25 ਵੋਟਾਂ (40.3%) ਨਾਲ ਲੀਡ ਬਣਾਈ ਹੈ। ਕੋਟਲੀ ਢੋਲੇ ਸ਼ਾਹ (ਸਹਾਇਕ ਬੂਥ 108A) ਵਿੱਚ ਰਵਾਇਤੀ ਲੀਡਰਸ਼ਿਪ ਤੋਂ ਨਿਰਾਸ਼ ਕਿਸਾਨ ਅਤੇ ਪੰਥਕ ਪਰਿਵਾਰਾਂ ਨਾਲ ਸੰਵਾਦ ਕਰੋ। ਪਿੰਡਾਂ ਵਿੱਚ ਪੰਜਾਬ ਸਰਕਾਰ ਦੇ ਵਿਕਾਸ ਕਾਰਜਾਂ ਅਤੇ ਨਿਰਪੱਖ ਭਰਤੀਆਂ ਦੇ ਸੁਨੇਹੇ ਨਾਲ ਸੰਨ੍ਹ ਲਗਾਓ।', 'action_steps_en': ['Days 1-30: Map the top 30 influential non-committed Panthic families in Kotli Dhole Shah (Auxiliary Booth 108A).', 'Days 31-60: Deploy senior constituency leaders for direct home visits to address local disgruntlement.', ""Days 61-90: Neutralize SAD's +25 vote cushion by winning over agricultural youth.""], 'action_steps_pa': ['ਦਿਨ 1-30: ਕੋਟਲੀ ਢੋਲੇ ਸ਼ਾਹ (ਸਹਾਇਕ ਬੂਥ 108A) ਦੇ 30 ਨਿਰਪੱਖ ਅਤੇ ਪ੍ਰਭਾਵਸ਼ਾਲੀ ਪਰਿਵਾਰਾਂ ਦੀ ਸ਼ਨਾਖਤ ਕਰੋ।', 'ਦਿਨ 31-60: ਸੀਨੀਅਰ ਲੀਡਰਸ਼ਿਪ ਰਾਹੀਂ ਘਰ-ਘਰ ਜਾ ਕੇ ਸਰਕਾਰ ਦੀਆਂ ਨਿਰਪੱਖ ਨੀਤੀਆਂ ਸਾਂਝੀਆਂ ਕਰੋ।', 'ਦਿਨ 61-90: ਨੌਜਵਾਨ ਵਰਗ ਨੂੰ ਸਰਕਾਰੀ ਨੌਕਰੀਆਂ ਅਤੇ ਖੇਡ ਕਿੱਟਾਂ ਰਾਹੀਂ ਪਾਰਟੀ ਨਾਲ ਜੋੜ ਕੇ ਲੀਡ ਘਟਾਓ।'], 'action_steps': ['ਦਿਨ 1-30: ਕੋਟਲੀ ਢੋਲੇ ਸ਼ਾਹ (ਸਹਾਇਕ ਬੂਥ 108A) ਦੇ 30 ਨਿਰਪੱਖ ਅਤੇ ਪ੍ਰਭਾਵਸ਼ਾਲੀ ਪਰਿਵਾਰਾਂ ਦੀ ਸ਼ਨਾਖਤ ਕਰੋ।', 'ਦਿਨ 31-60: ਸੀਨੀਅਰ ਲੀਡਰਸ਼ਿਪ ਰਾਹੀਂ ਘਰ-ਘਰ ਜਾ ਕੇ ਸਰਕਾਰ ਦੀਆਂ ਨਿਰਪੱਖ ਨੀਤੀਆਂ ਸਾਂਝੀਆਂ ਕਰੋ।', 'ਦਿਨ 61-90: ਨੌਜਵਾਨ ਵਰਗ ਨੂੰ ਸਰਕਾਰੀ ਨੌਕਰੀਆਂ ਅਤੇ ਖੇਡ ਕਿੱਟਾਂ ਰਾਹੀਂ ਪਾਰਟੀ ਨਾਲ ਜੋੜ ਕੇ ਲੀਡ ਘਟਾਓ।']}"
110,108,Chawinda Devi (Part 2),ਚਾਵਿੰਡਾ ਦੇਵੀ (ਭਾਗ 2),ਚਾਵਿੰਡਾ ਦੇਵੀ (ਭਾਗ 2),Chawinda Devi (Part 2),ਚਾਵਿੰਡਾ ਦੇਵੀ (ਭਾਗ 2),SAD,SAD,12,43,SAD Retained,SAD Retained,AAP Deficit,ਆਪ ਘਾਟ,INC Deficit,"{'AAP': 'LOST_BOTH', 'SAD': 'WON_BOTH', 'INC': 'WEAK', 'BJP': 'WEAK'}",False,"{'is_flip': False, 'status_label': 'SAD Retained', 'turnout_diff': -76, 'turnout_pct': -13.5, 'sad_swing': -0.45, 'aap_swing': -7.14, 'inc_swing': 6.95, 'bjp_swing': 0.14}",563,487,-76,-13.5,258,221,-37,45.83,45.38,-0.45,246,178,-68,43.69,36.55,-7.14,21,52,31,3.73,10.68,6.95,5,5,0,0.89,1.03,0.14,4,0.82,"{'total': 563, 'sad': 258, 'aap': 246, 'inc': 21, 'bjp': 5, 'sad_votes': 258, 'sad_pct': 45.83, 'aap_votes': 246, 'aap_pct': 43.69, 'inc_votes': 21, 'inc_pct': 3.73, 'bjp_votes': 5, 'bjp_pct': 0.89, 'winner_party': 'SAD', 'margin': 12, 'winner_candidate': 'Ganieve Kaur Majithia'}","{'total': 487, 'sad': 221, 'aap': 178, 'inc': 52, 'bjp': 5, 'sada': 4, 'bsp': 3, 'others': 22, 'sad_votes': 221, 'sad_pct': 45.38, 'aap_votes': 178, 'aap_pct': 36.55, 'inc_votes': 52, 'inc_pct': 10.68, 'bjp_votes': 5, 'bjp_pct': 1.03, 'sada_votes': 4, 'sada_pct': 0.82, 'winner_party': 'SAD', 'margin': 43, 'winner_candidate': 'Anil Joshi'}","{'turnout_diff': -76, 'turnout_pct': -13.5, 'sad_shift': -37, 'sad_swing': -0.45, 'aap_shift': -68, 'aap_swing': -7.14, 'inc_shift': 31, 'inc_swing': 6.95, 'bjp_shift': 0, 'bjp_swing': 0.14}",Akali Bastion: Strategic Penetration & Demolition Zone,ਅਕਾਲੀ ਦਲ ਦਾ ਪ੍ਰਭਾਵਿਤ ਖੇਤਰ: ਵਿਸ਼ੇਸ਼ ਘੇਰਾਬੰਦੀ ਜ਼ੋਨ,SAD retained lead here by +43 votes (45.4% share). Target moderate Panthic and farming families in Chawinda Devi (Part 2) disillusioned with traditional leadership. Appoint dedicated block coordinators and highlight direct government procurement and village development works.,ਅਕਾਲੀ ਦਲ ਨੇ ਇੱਥੇ +43 ਵੋਟਾਂ (45.4%) ਨਾਲ ਲੀਡ ਬਣਾਈ ਹੈ। ਚਾਵਿੰਡਾ ਦੇਵੀ (ਭਾਗ 2) ਵਿੱਚ ਰਵਾਇਤੀ ਲੀਡਰਸ਼ਿਪ ਤੋਂ ਨਿਰਾਸ਼ ਕਿਸਾਨ ਅਤੇ ਪੰਥਕ ਪਰਿਵਾਰਾਂ ਨਾਲ ਸੰਵਾਦ ਕਰੋ। ਪਿੰਡਾਂ ਵਿੱਚ ਪੰਜਾਬ ਸਰਕਾਰ ਦੇ ਵਿਕਾਸ ਕਾਰਜਾਂ ਅਤੇ ਨਿਰਪੱਖ ਭਰਤੀਆਂ ਦੇ ਸੁਨੇਹੇ ਨਾਲ ਸੰਨ੍ਹ ਲਗਾਓ।,"{'booth_no': '108', 'village_en': 'Chawinda Devi (Part 2)', 'village_pa': 'ਚਾਵਿੰਡਾ ਦੇਵੀ (ਭਾਗ 2)', 'zone_en': 'Akali Bastion: Strategic Penetration & Demolition Zone', 'zone_pa': 'ਅਕਾਲੀ ਦਲ ਦਾ ਪ੍ਰਭਾਵਿਤ ਖੇਤਰ: ਵਿਸ਼ੇਸ਼ ਘੇਰਾਬੰਦੀ ਜ਼ੋਨ', 'action_en': 'SAD retained lead here by +43 votes (45.4% share). Target moderate Panthic and farming families in Chawinda Devi (Part 2) disillusioned with traditional leadership. Appoint dedicated block coordinators and highlight direct government procurement and village development works.', 'action_pa': 'ਅਕਾਲੀ ਦਲ ਨੇ ਇੱਥੇ +43 ਵੋਟਾਂ (45.4%) ਨਾਲ ਲੀਡ ਬਣਾਈ ਹੈ। ਚਾਵਿੰਡਾ ਦੇਵੀ (ਭਾਗ 2) ਵਿੱਚ ਰਵਾਇਤੀ ਲੀਡਰਸ਼ਿਪ ਤੋਂ ਨਿਰਾਸ਼ ਕਿਸਾਨ ਅਤੇ ਪੰਥਕ ਪਰਿਵਾਰਾਂ ਨਾਲ ਸੰਵਾਦ ਕਰੋ। ਪਿੰਡਾਂ ਵਿੱਚ ਪੰਜਾਬ ਸਰਕਾਰ ਦੇ ਵਿਕਾਸ ਕਾਰਜਾਂ ਅਤੇ ਨਿਰਪੱਖ ਭਰਤੀਆਂ ਦੇ ਸੁਨੇਹੇ ਨਾਲ ਸੰਨ੍ਹ ਲਗਾਓ।', 'action_steps_en': ['Days 1-30: Map the top 30 influential non-committed Panthic families in Chawinda Devi (Part 2).', 'Days 31-60: Deploy senior constituency leaders for direct home visits to address local disgruntlement.', ""Days 61-90: Neutralize SAD's +43 vote cushion by winning over agricultural youth.""], 'action_steps_pa': ['ਦਿਨ 1-30: ਚਾਵਿੰਡਾ ਦੇਵੀ (ਭਾਗ 2) ਦੇ 30 ਨਿਰਪੱਖ ਅਤੇ ਪ੍ਰਭਾਵਸ਼ਾਲੀ ਪਰਿਵਾਰਾਂ ਦੀ ਸ਼ਨਾਖਤ ਕਰੋ।', 'ਦਿਨ 31-60: ਸੀਨੀਅਰ ਲੀਡਰਸ਼ਿਪ ਰਾਹੀਂ ਘਰ-ਘਰ ਜਾ ਕੇ ਸਰਕਾਰ ਦੀਆਂ ਨਿਰਪੱਖ ਨੀਤੀਆਂ ਸਾਂਝੀਆਂ ਕਰੋ।', 'ਦਿਨ 61-90: ਨੌਜਵਾਨ ਵਰਗ ਨੂੰ ਸਰਕਾਰੀ ਨੌਕਰੀਆਂ ਅਤੇ ਖੇਡ ਕਿੱਟਾਂ ਰਾਹੀਂ ਪਾਰਟੀ ਨਾਲ ਜੋੜ ਕੇ ਲੀਡ ਘਟਾਓ।'], 'action_steps': ['ਦਿਨ 1-30: ਚਾਵਿੰਡਾ ਦੇਵੀ (ਭਾਗ 2) ਦੇ 30 ਨਿਰਪੱਖ ਅਤੇ ਪ੍ਰਭਾਵਸ਼ਾਲੀ ਪਰਿਵਾਰਾਂ ਦੀ ਸ਼ਨਾਖਤ ਕਰੋ।', 'ਦਿਨ 31-60: ਸੀਨੀਅਰ ਲੀਡਰਸ਼ਿਪ ਰਾਹੀਂ ਘਰ-ਘਰ ਜਾ ਕੇ ਸਰਕਾਰ ਦੀਆਂ ਨਿਰਪੱਖ ਨੀਤੀਆਂ ਸਾਂਝੀਆਂ ਕਰੋ।', 'ਦਿਨ 61-90: ਨੌਜਵਾਨ ਵਰਗ ਨੂੰ ਸਰਕਾਰੀ ਨੌਕਰੀਆਂ ਅਤੇ ਖੇਡ ਕਿੱਟਾਂ ਰਾਹੀਂ ਪਾਰਟੀ ਨਾਲ ਜੋੜ ਕੇ ਲੀਡ ਘਟਾਓ।']}"
111,109,Chawinda Devi East (Part 2),ਚਾਵਿੰਡਾ ਦੇਵੀ ਪੂਰਬੀ (ਭਾਗ 2),ਚਾਵਿੰਡਾ ਦੇਵੀ ਪੂਰਬੀ (ਭਾਗ 2),Chawinda Devi East (Part 2),ਚਾਵਿੰਡਾ ਦੇਵੀ ਪੂਰਬੀ (ਭਾਗ 2),SAD,SAD,4,21,SAD Retained,SAD Retained,AAP Deficit,ਆਪ ਘਾਟ,INC Deficit,"{'AAP': 'LOST_BOTH', 'SAD': 'WON_BOTH', 'INC': 'WEAK', 'BJP': 'WEAK'}",False,"{'is_flip': False, 'status_label': 'SAD Retained', 'turnout_diff': 233, 'turnout_pct': 49.16, 'sad_swing': -2.16, 'aap_swing': -4.29, 'inc_swing': 8.65, 'bjp_swing': 2.05}",474,707,233,49.16,200,283,83,42.19,40.03,-2.16,196,262,66,41.35,37.06,-4.29,18,88,70,3.8,12.45,8.65,1,16,15,0.21,2.26,2.05,20,2.83,"{'total': 474, 'sad': 200, 'aap': 196, 'inc': 18, 'bjp': 1, 'sad_votes': 200, 'sad_pct': 42.19, 'aap_votes': 196, 'aap_pct': 41.35, 'inc_votes': 18, 'inc_pct': 3.8, 'bjp_votes': 1, 'bjp_pct': 0.21, 'winner_party': 'SAD', 'margin': 4, 'winner_candidate': 'Ganieve Kaur Majithia'}","{'total': 707, 'sad': 283, 'aap': 262, 'inc': 88, 'bjp': 16, 'sada': 20, 'bsp': 15, 'others': 21, 'sad_votes': 283, 'sad_pct': 40.03, 'aap_votes': 262, 'aap_pct': 37.06, 'inc_votes': 88, 'inc_pct': 12.45, 'bjp_votes': 16, 'bjp_pct': 2.26, 'sada_votes': 20, 'sada_pct': 2.83, 'winner_party': 'SAD', 'margin': 21, 'winner_candidate': 'Anil Joshi'}","{'turnout_diff': 233, 'turnout_pct': 49.16, 'sad_shift': 83, 'sad_swing': -2.16, 'aap_shift': 66, 'aap_swing': -4.29, 'inc_shift': 70, 'inc_swing': 8.65, 'bjp_shift': 15, 'bjp_swing': 2.05}",Akali Bastion: Strategic Penetration & Demolition Zone,ਅਕਾਲੀ ਦਲ ਦਾ ਪ੍ਰਭਾਵਿਤ ਖੇਤਰ: ਵਿਸ਼ੇਸ਼ ਘੇਰਾਬੰਦੀ ਜ਼ੋਨ,SAD retained lead here by +21 votes (40.0% share). Target moderate Panthic and farming families in Chawinda Devi East (Part 2) disillusioned with traditional leadership. Appoint dedicated block coordinators and highlight direct government procurement and village development works.,ਅਕਾਲੀ ਦਲ ਨੇ ਇੱਥੇ +21 ਵੋਟਾਂ (40.0%) ਨਾਲ ਲੀਡ ਬਣਾਈ ਹੈ। ਚਾਵਿੰਡਾ ਦੇਵੀ ਪੂਰਬੀ (ਭਾਗ 2) ਵਿੱਚ ਰਵਾਇਤੀ ਲੀਡਰਸ਼ਿਪ ਤੋਂ ਨਿਰਾਸ਼ ਕਿਸਾਨ ਅਤੇ ਪੰਥਕ ਪਰਿਵਾਰਾਂ ਨਾਲ ਸੰਵਾਦ ਕਰੋ। ਪਿੰਡਾਂ ਵਿੱਚ ਪੰਜਾਬ ਸਰਕਾਰ ਦੇ ਵਿਕਾਸ ਕਾਰਜਾਂ ਅਤੇ ਨਿਰਪੱਖ ਭਰਤੀਆਂ ਦੇ ਸੁਨੇਹੇ ਨਾਲ ਸੰਨ੍ਹ ਲਗਾਓ।,"{'booth_no': '109', 'village_en': 'Chawinda Devi East (Part 2)', 'village_pa': 'ਚਾਵਿੰਡਾ ਦੇਵੀ ਪੂਰਬੀ (ਭਾਗ 2)', 'zone_en': 'Akali Bastion: Strategic Penetration & Demolition Zone', 'zone_pa': 'ਅਕਾਲੀ ਦਲ ਦਾ ਪ੍ਰਭਾਵਿਤ ਖੇਤਰ: ਵਿਸ਼ੇਸ਼ ਘੇਰਾਬੰਦੀ ਜ਼ੋਨ', 'action_en': 'SAD retained lead here by +21 votes (40.0% share). Target moderate Panthic and farming families in Chawinda Devi East (Part 2) disillusioned with traditional leadership. Appoint dedicated block coordinators and highlight direct government procurement and village development works.', 'action_pa': 'ਅਕਾਲੀ ਦਲ ਨੇ ਇੱਥੇ +21 ਵੋਟਾਂ (40.0%) ਨਾਲ ਲੀਡ ਬਣਾਈ ਹੈ। ਚਾਵਿੰਡਾ ਦੇਵੀ ਪੂਰਬੀ (ਭਾਗ 2) ਵਿੱਚ ਰਵਾਇਤੀ ਲੀਡਰਸ਼ਿਪ ਤੋਂ ਨਿਰਾਸ਼ ਕਿਸਾਨ ਅਤੇ ਪੰਥਕ ਪਰਿਵਾਰਾਂ ਨਾਲ ਸੰਵਾਦ ਕਰੋ। ਪਿੰਡਾਂ ਵਿੱਚ ਪੰਜਾਬ ਸਰਕਾਰ ਦੇ ਵਿਕਾਸ ਕਾਰਜਾਂ ਅਤੇ ਨਿਰਪੱਖ ਭਰਤੀਆਂ ਦੇ ਸੁਨੇਹੇ ਨਾਲ ਸੰਨ੍ਹ ਲਗਾਓ।', 'action_steps_en': ['Days 1-30: Map the top 30 influential non-committed Panthic families in Chawinda Devi East (Part 2).', 'Days 31-60: Deploy senior constituency leaders for direct home visits to address local disgruntlement.', ""Days 61-90: Neutralize SAD's +21 vote cushion by winning over agricultural youth.""], 'action_steps_pa': ['ਦਿਨ 1-30: ਚਾਵਿੰਡਾ ਦੇਵੀ ਪੂਰਬੀ (ਭਾਗ 2) ਦੇ 30 ਨਿਰਪੱਖ ਅਤੇ ਪ੍ਰਭਾਵਸ਼ਾਲੀ ਪਰਿਵਾਰਾਂ ਦੀ ਸ਼ਨਾਖਤ ਕਰੋ।', 'ਦਿਨ 31-60: ਸੀਨੀਅਰ ਲੀਡਰਸ਼ਿਪ ਰਾਹੀਂ ਘਰ-ਘਰ ਜਾ ਕੇ ਸਰਕਾਰ ਦੀਆਂ ਨਿਰਪੱਖ ਨੀਤੀਆਂ ਸਾਂਝੀਆਂ ਕਰੋ।', 'ਦਿਨ 61-90: ਨੌਜਵਾਨ ਵਰਗ ਨੂੰ ਸਰਕਾਰੀ ਨੌਕਰੀਆਂ ਅਤੇ ਖੇਡ ਕਿੱਟਾਂ ਰਾਹੀਂ ਪਾਰਟੀ ਨਾਲ ਜੋੜ ਕੇ ਲੀਡ ਘਟਾਓ।'], 'action_steps': ['ਦਿਨ 1-30: ਚਾਵਿੰਡਾ ਦੇਵੀ ਪੂਰਬੀ (ਭਾਗ 2) ਦੇ 30 ਨਿਰਪੱਖ ਅਤੇ ਪ੍ਰਭਾਵਸ਼ਾਲੀ ਪਰਿਵਾਰਾਂ ਦੀ ਸ਼ਨਾਖਤ ਕਰੋ।', 'ਦਿਨ 31-60: ਸੀਨੀਅਰ ਲੀਡਰਸ਼ਿਪ ਰਾਹੀਂ ਘਰ-ਘਰ ਜਾ ਕੇ ਸਰਕਾਰ ਦੀਆਂ ਨਿਰਪੱਖ ਨੀਤੀਆਂ ਸਾਂਝੀਆਂ ਕਰੋ।', 'ਦਿਨ 61-90: ਨੌਜਵਾਨ ਵਰਗ ਨੂੰ ਸਰਕਾਰੀ ਨੌਕਰੀਆਂ ਅਤੇ ਖੇਡ ਕਿੱਟਾਂ ਰਾਹੀਂ ਪਾਰਟੀ ਨਾਲ ਜੋੜ ਕੇ ਲੀਡ ਘਟਾਓ।']}"
112,110,Kotla Gujjran (Part 2),ਕੋਟਲਾ ਗੁੱਜਰਾਂ (ਭਾਗ 2),ਕੋਟਲਾ ਗੁੱਜਰਾਂ (ਭਾਗ 2),Kotla Gujjran (Part 2),ਕੋਟਲਾ ਗੁੱਜਰਾਂ (ਭਾਗ 2),SAD,SAD,65,53,SAD Retained,SAD Retained,AAP Deficit,ਆਪ ਘਾਟ,INC Deficit,"{'AAP': 'LOST_BOTH', 'SAD': 'WON_BOTH', 'INC': 'WEAK', 'BJP': 'WEAK'}",False,"{'is_flip': False, 'status_label': 'SAD Retained', 'turnout_diff': -187, 'turnout_pct': -23.88, 'sad_swing': 2.51, 'aap_swing': 1.92, 'inc_swing': -8.18, 'bjp_swing': 1.84}",783,596,-187,-23.88,318,257,-61,40.61,43.12,2.51,253,204,-49,32.31,34.23,1.92,156,70,-86,19.92,11.74,-8.18,4,14,10,0.51,2.35,1.84,21,3.52,"{'total': 783, 'sad': 318, 'aap': 253, 'inc': 156, 'bjp': 4, 'sad_votes': 318, 'sad_pct': 40.61, 'aap_votes': 253, 'aap_pct': 32.31, 'inc_votes': 156, 'inc_pct': 19.92, 'bjp_votes': 4, 'bjp_pct': 0.51, 'winner_party': 'SAD', 'margin': 65, 'winner_candidate': 'Ganieve Kaur Majithia'}","{'total': 596, 'sad': 257, 'aap': 204, 'inc': 70, 'bjp': 14, 'sada': 21, 'bsp': 8, 'others': 21, 'sad_votes': 257, 'sad_pct': 43.12, 'aap_votes': 204, 'aap_pct': 34.23, 'inc_votes': 70, 'inc_pct': 11.74, 'bjp_votes': 14, 'bjp_pct': 2.35, 'sada_votes': 21, 'sada_pct': 3.52, 'winner_party': 'SAD', 'margin': 53, 'winner_candidate': 'Anil Joshi'}","{'turnout_diff': -187, 'turnout_pct': -23.88, 'sad_shift': -61, 'sad_swing': 2.51, 'aap_shift': -49, 'aap_swing': 1.92, 'inc_shift': -86, 'inc_swing': -8.18, 'bjp_shift': 10, 'bjp_swing': 1.84}",Akali Bastion: Strategic Penetration & Demolition Zone,ਅਕਾਲੀ ਦਲ ਦਾ ਪ੍ਰਭਾਵਿਤ ਖੇਤਰ: ਵਿਸ਼ੇਸ਼ ਘੇਰਾਬੰਦੀ ਜ਼ੋਨ,SAD retained lead here by +53 votes (43.1% share). Target moderate Panthic and farming families in Kotla Gujjran (Part 2) disillusioned with traditional leadership. Appoint dedicated block coordinators and highlight direct government procurement and village development works.,ਅਕਾਲੀ ਦਲ ਨੇ ਇੱਥੇ +53 ਵੋਟਾਂ (43.1%) ਨਾਲ ਲੀਡ ਬਣਾਈ ਹੈ। ਕੋਟਲਾ ਗੁੱਜਰਾਂ (ਭਾਗ 2) ਵਿੱਚ ਰਵਾਇਤੀ ਲੀਡਰਸ਼ਿਪ ਤੋਂ ਨਿਰਾਸ਼ ਕਿਸਾਨ ਅਤੇ ਪੰਥਕ ਪਰਿਵਾਰਾਂ ਨਾਲ ਸੰਵਾਦ ਕਰੋ। ਪਿੰਡਾਂ ਵਿੱਚ ਪੰਜਾਬ ਸਰਕਾਰ ਦੇ ਵਿਕਾਸ ਕਾਰਜਾਂ ਅਤੇ ਨਿਰਪੱਖ ਭਰਤੀਆਂ ਦੇ ਸੁਨੇਹੇ ਨਾਲ ਸੰਨ੍ਹ ਲਗਾਓ।,"{'booth_no': '110', 'village_en': 'Kotla Gujjran (Part 2)', 'village_pa': 'ਕੋਟਲਾ ਗੁੱਜਰਾਂ (ਭਾਗ 2)', 'zone_en': 'Akali Bastion: Strategic Penetration & Demolition Zone', 'zone_pa': 'ਅਕਾਲੀ ਦਲ ਦਾ ਪ੍ਰਭਾਵਿਤ ਖੇਤਰ: ਵਿਸ਼ੇਸ਼ ਘੇਰਾਬੰਦੀ ਜ਼ੋਨ', 'action_en': 'SAD retained lead here by +53 votes (43.1% share). Target moderate Panthic and farming families in Kotla Gujjran (Part 2) disillusioned with traditional leadership. Appoint dedicated block coordinators and highlight direct government procurement and village development works.', 'action_pa': 'ਅਕਾਲੀ ਦਲ ਨੇ ਇੱਥੇ +53 ਵੋਟਾਂ (43.1%) ਨਾਲ ਲੀਡ ਬਣਾਈ ਹੈ। ਕੋਟਲਾ ਗੁੱਜਰਾਂ (ਭਾਗ 2) ਵਿੱਚ ਰਵਾਇਤੀ ਲੀਡਰਸ਼ਿਪ ਤੋਂ ਨਿਰਾਸ਼ ਕਿਸਾਨ ਅਤੇ ਪੰਥਕ ਪਰਿਵਾਰਾਂ ਨਾਲ ਸੰਵਾਦ ਕਰੋ। ਪਿੰਡਾਂ ਵਿੱਚ ਪੰਜਾਬ ਸਰਕਾਰ ਦੇ ਵਿਕਾਸ ਕਾਰਜਾਂ ਅਤੇ ਨਿਰਪੱਖ ਭਰਤੀਆਂ ਦੇ ਸੁਨੇਹੇ ਨਾਲ ਸੰਨ੍ਹ ਲਗਾਓ।', 'action_steps_en': ['Days 1-30: Map the top 30 influential non-committed Panthic families in Kotla Gujjran (Part 2).', 'Days 31-60: Deploy senior constituency leaders for direct home visits to address local disgruntlement.', ""Days 61-90: Neutralize SAD's +53 vote cushion by winning over agricultural youth.""], 'action_steps_pa': ['ਦਿਨ 1-30: ਕੋਟਲਾ ਗੁੱਜਰਾਂ (ਭਾਗ 2) ਦੇ 30 ਨਿਰਪੱਖ ਅਤੇ ਪ੍ਰਭਾਵਸ਼ਾਲੀ ਪਰਿਵਾਰਾਂ ਦੀ ਸ਼ਨਾਖਤ ਕਰੋ।', 'ਦਿਨ 31-60: ਸੀਨੀਅਰ ਲੀਡਰਸ਼ਿਪ ਰਾਹੀਂ ਘਰ-ਘਰ ਜਾ ਕੇ ਸਰਕਾਰ ਦੀਆਂ ਨਿਰਪੱਖ ਨੀਤੀਆਂ ਸਾਂਝੀਆਂ ਕਰੋ।', 'ਦਿਨ 61-90: ਨੌਜਵਾਨ ਵਰਗ ਨੂੰ ਸਰਕਾਰੀ ਨੌਕਰੀਆਂ ਅਤੇ ਖੇਡ ਕਿੱਟਾਂ ਰਾਹੀਂ ਪਾਰਟੀ ਨਾਲ ਜੋੜ ਕੇ ਲੀਡ ਘਟਾਓ।'], 'action_steps': ['ਦਿਨ 1-30: ਕੋਟਲਾ ਗੁੱਜਰਾਂ (ਭਾਗ 2) ਦੇ 30 ਨਿਰਪੱਖ ਅਤੇ ਪ੍ਰਭਾਵਸ਼ਾਲੀ ਪਰਿਵਾਰਾਂ ਦੀ ਸ਼ਨਾਖਤ ਕਰੋ।', 'ਦਿਨ 31-60: ਸੀਨੀਅਰ ਲੀਡਰਸ਼ਿਪ ਰਾਹੀਂ ਘਰ-ਘਰ ਜਾ ਕੇ ਸਰਕਾਰ ਦੀਆਂ ਨਿਰਪੱਖ ਨੀਤੀਆਂ ਸਾਂਝੀਆਂ ਕਰੋ।', 'ਦਿਨ 61-90: ਨੌਜਵਾਨ ਵਰਗ ਨੂੰ ਸਰਕਾਰੀ ਨੌਕਰੀਆਂ ਅਤੇ ਖੇਡ ਕਿੱਟਾਂ ਰਾਹੀਂ ਪਾਰਟੀ ਨਾਲ ਜੋੜ ਕੇ ਲੀਡ ਘਟਾਓ।']}"
113,111,Kotla Sultan Singh (Part 2),ਕੋਟਲਾ ਸੁਲਤਾਨ ਸਿੰਘ (ਭਾਗ 2),ਕੋਟਲਾ ਸੁਲਤਾਨ ਸਿੰਘ (ਭਾਗ 2),Kotla Sultan Singh (Part 2),ਕੋਟਲਾ ਸੁਲਤਾਨ ਸਿੰਘ (ਭਾਗ 2),SAD,SAD,155,54,SAD Retained,SAD Retained,AAP Deficit,ਆਪ ਘਾਟ,INC Deficit,"{'AAP': 'WEAK', 'SAD': 'WON_BOTH', 'INC': 'LOST_BOTH', 'BJP': 'WEAK'}",False,"{'is_flip': False, 'status_label': 'SAD Retained', 'turnout_diff': 32, 'turnout_pct': 6.24, 'sad_swing': -19.28, 'aap_swing': 14.22, 'inc_swing': 1.03, 'bjp_swing': 3.62}",513,545,32,6.24,306,220,-86,59.65,40.37,-19.28,24,103,79,4.68,18.9,14.22,151,166,15,29.43,30.46,1.03,4,24,20,0.78,4.4,3.62,8,1.47,"{'total': 513, 'sad': 306, 'aap': 24, 'inc': 151, 'bjp': 4, 'sad_votes': 306, 'sad_pct': 59.65, 'aap_votes': 24, 'aap_pct': 4.68, 'inc_votes': 151, 'inc_pct': 29.43, 'bjp_votes': 4, 'bjp_pct': 0.78, 'winner_party': 'SAD', 'margin': 155, 'winner_candidate': 'Ganieve Kaur Majithia'}","{'total': 545, 'sad': 220, 'aap': 103, 'inc': 166, 'bjp': 24, 'sada': 8, 'bsp': 0, 'others': 21, 'sad_votes': 220, 'sad_pct': 40.37, 'aap_votes': 103, 'aap_pct': 18.9, 'inc_votes': 166, 'inc_pct': 30.46, 'bjp_votes': 24, 'bjp_pct': 4.4, 'sada_votes': 8, 'sada_pct': 1.47, 'winner_party': 'SAD', 'margin': 54, 'winner_candidate': 'Anil Joshi'}","{'turnout_diff': 32, 'turnout_pct': 6.24, 'sad_shift': -86, 'sad_swing': -19.28, 'aap_shift': 79, 'aap_swing': 14.22, 'inc_shift': 15, 'inc_swing': 1.03, 'bjp_shift': 20, 'bjp_swing': 3.62}",Akali Bastion: Strategic Penetration & Demolition Zone,ਅਕਾਲੀ ਦਲ ਦਾ ਪ੍ਰਭਾਵਿਤ ਖੇਤਰ: ਵਿਸ਼ੇਸ਼ ਘੇਰਾਬੰਦੀ ਜ਼ੋਨ,SAD retained lead here by +54 votes (40.4% share). Target moderate Panthic and farming families in Kotla Sultan Singh (Part 2) disillusioned with traditional leadership. Appoint dedicated block coordinators and highlight direct government procurement and village development works.,ਅਕਾਲੀ ਦਲ ਨੇ ਇੱਥੇ +54 ਵੋਟਾਂ (40.4%) ਨਾਲ ਲੀਡ ਬਣਾਈ ਹੈ। ਕੋਟਲਾ ਸੁਲਤਾਨ ਸਿੰਘ (ਭਾਗ 2) ਵਿੱਚ ਰਵਾਇਤੀ ਲੀਡਰਸ਼ਿਪ ਤੋਂ ਨਿਰਾਸ਼ ਕਿਸਾਨ ਅਤੇ ਪੰਥਕ ਪਰਿਵਾਰਾਂ ਨਾਲ ਸੰਵਾਦ ਕਰੋ। ਪਿੰਡਾਂ ਵਿੱਚ ਪੰਜਾਬ ਸਰਕਾਰ ਦੇ ਵਿਕਾਸ ਕਾਰਜਾਂ ਅਤੇ ਨਿਰਪੱਖ ਭਰਤੀਆਂ ਦੇ ਸੁਨੇਹੇ ਨਾਲ ਸੰਨ੍ਹ ਲਗਾਓ।,"{'booth_no': '111', 'village_en': 'Kotla Sultan Singh (Part 2)', 'village_pa': 'ਕੋਟਲਾ ਸੁਲਤਾਨ ਸਿੰਘ (ਭਾਗ 2)', 'zone_en': 'Akali Bastion: Strategic Penetration & Demolition Zone', 'zone_pa': 'ਅਕਾਲੀ ਦਲ ਦਾ ਪ੍ਰਭਾਵਿਤ ਖੇਤਰ: ਵਿਸ਼ੇਸ਼ ਘੇਰਾਬੰਦੀ ਜ਼ੋਨ', 'action_en': 'SAD retained lead here by +54 votes (40.4% share). Target moderate Panthic and farming families in Kotla Sultan Singh (Part 2) disillusioned with traditional leadership. Appoint dedicated block coordinators and highlight direct government procurement and village development works.', 'action_pa': 'ਅਕਾਲੀ ਦਲ ਨੇ ਇੱਥੇ +54 ਵੋਟਾਂ (40.4%) ਨਾਲ ਲੀਡ ਬਣਾਈ ਹੈ। ਕੋਟਲਾ ਸੁਲਤਾਨ ਸਿੰਘ (ਭਾਗ 2) ਵਿੱਚ ਰਵਾਇਤੀ ਲੀਡਰਸ਼ਿਪ ਤੋਂ ਨਿਰਾਸ਼ ਕਿਸਾਨ ਅਤੇ ਪੰਥਕ ਪਰਿਵਾਰਾਂ ਨਾਲ ਸੰਵਾਦ ਕਰੋ। ਪਿੰਡਾਂ ਵਿੱਚ ਪੰਜਾਬ ਸਰਕਾਰ ਦੇ ਵਿਕਾਸ ਕਾਰਜਾਂ ਅਤੇ ਨਿਰਪੱਖ ਭਰਤੀਆਂ ਦੇ ਸੁਨੇਹੇ ਨਾਲ ਸੰਨ੍ਹ ਲਗਾਓ।', 'action_steps_en': ['Days 1-30: Map the top 30 influential non-committed Panthic families in Kotla Sultan Singh (Part 2).', 'Days 31-60: Deploy senior constituency leaders for direct home visits to address local disgruntlement.', ""Days 61-90: Neutralize SAD's +54 vote cushion by winning over agricultural youth.""], 'action_steps_pa': ['ਦਿਨ 1-30: ਕੋਟਲਾ ਸੁਲਤਾਨ ਸਿੰਘ (ਭਾਗ 2) ਦੇ 30 ਨਿਰਪੱਖ ਅਤੇ ਪ੍ਰਭਾਵਸ਼ਾਲੀ ਪਰਿਵਾਰਾਂ ਦੀ ਸ਼ਨਾਖਤ ਕਰੋ।', 'ਦਿਨ 31-60: ਸੀਨੀਅਰ ਲੀਡਰਸ਼ਿਪ ਰਾਹੀਂ ਘਰ-ਘਰ ਜਾ ਕੇ ਸਰਕਾਰ ਦੀਆਂ ਨਿਰਪੱਖ ਨੀਤੀਆਂ ਸਾਂਝੀਆਂ ਕਰੋ।', 'ਦਿਨ 61-90: ਨੌਜਵਾਨ ਵਰਗ ਨੂੰ ਸਰਕਾਰੀ ਨੌਕਰੀਆਂ ਅਤੇ ਖੇਡ ਕਿੱਟਾਂ ਰਾਹੀਂ ਪਾਰਟੀ ਨਾਲ ਜੋੜ ਕੇ ਲੀਡ ਘਟਾਓ।'], 'action_steps': ['ਦਿਨ 1-30: ਕੋਟਲਾ ਸੁਲਤਾਨ ਸਿੰਘ (ਭਾਗ 2) ਦੇ 30 ਨਿਰਪੱਖ ਅਤੇ ਪ੍ਰਭਾਵਸ਼ਾਲੀ ਪਰਿਵਾਰਾਂ ਦੀ ਸ਼ਨਾਖਤ ਕਰੋ।', 'ਦਿਨ 31-60: ਸੀਨੀਅਰ ਲੀਡਰਸ਼ਿਪ ਰਾਹੀਂ ਘਰ-ਘਰ ਜਾ ਕੇ ਸਰਕਾਰ ਦੀਆਂ ਨਿਰਪੱਖ ਨੀਤੀਆਂ ਸਾਂਝੀਆਂ ਕਰੋ।', 'ਦਿਨ 61-90: ਨੌਜਵਾਨ ਵਰਗ ਨੂੰ ਸਰਕਾਰੀ ਨੌਕਰੀਆਂ ਅਤੇ ਖੇਡ ਕਿੱਟਾਂ ਰਾਹੀਂ ਪਾਰਟੀ ਨਾਲ ਜੋੜ ਕੇ ਲੀਡ ਘਟਾਓ।']}"
114,111A,Kuralian (Auxiliary Booth 111A),ਕੁਰਾਲੀਆਂ (ਸਹਾਇਕ ਬੂਥ 111A),ਕੁਰਾਲੀਆਂ (ਸਹਾਇਕ ਬੂਥ 111A),Kuralian (Auxiliary Booth 111A),ਕੁਰਾਲੀਆਂ (ਸਹਾਇਕ ਬੂਥ 111A),SAD,AAP,155,8,SAD → AAP,SAD → AAP,AAP Gain,ਆਪ ਲਾਭ,INC Deficit,"{'AAP': 'GAINED', 'SAD': 'LOST_24', 'INC': 'LOST_BOTH', 'BJP': 'WEAK'}",True,"{'is_flip': True, 'status_label': 'SAD → AAP', 'turnout_diff': -115, 'turnout_pct': -22.42, 'sad_swing': -27.74, 'aap_swing': 29.24, 'inc_swing': -9.58, 'bjp_swing': 6.26}",513,398,-115,-22.42,306,127,-179,59.65,31.91,-27.74,24,135,111,4.68,33.92,29.24,151,79,-72,29.43,19.85,-9.58,4,28,24,0.78,7.04,6.26,12,3.02,"{'total': 513, 'sad': 306, 'aap': 24, 'inc': 151, 'bjp': 4, 'sad_votes': 306, 'sad_pct': 59.65, 'aap_votes': 24, 'aap_pct': 4.68, 'inc_votes': 151, 'inc_pct': 29.43, 'bjp_votes': 4, 'bjp_pct': 0.78, 'winner_party': 'SAD', 'margin': 155, 'winner_candidate': 'Ganieve Kaur Majithia'}","{'total': 398, 'sad': 127, 'aap': 135, 'inc': 79, 'bjp': 28, 'sada': 12, 'bsp': 1, 'others': 12, 'sad_votes': 127, 'sad_pct': 31.91, 'aap_votes': 135, 'aap_pct': 33.92, 'inc_votes': 79, 'inc_pct': 19.85, 'bjp_votes': 28, 'bjp_pct': 7.04, 'sada_votes': 12, 'sada_pct': 3.02, 'winner_party': 'AAP', 'margin': 8, 'winner_candidate': 'Kuldeep Singh Dhaliwal'}","{'turnout_diff': -115, 'turnout_pct': -22.42, 'sad_shift': -179, 'sad_swing': -27.74, 'aap_shift': 111, 'aap_swing': 29.24, 'inc_shift': -72, 'inc_swing': -9.58, 'bjp_shift': 24, 'bjp_swing': 6.26}",Historic Breakthrough: AAP Flipped Stronghold,ਇਤਿਹਾਸਕ ਪ੍ਰਾਪਤੀ: ਅਕਾਲੀ ਗੜ੍ਹ ਵਿੱਚ ਆਪ ਦੀ ਜਿੱਤ ਜ਼ੋਨ,"Major breakthrough in Kuralian (Auxiliary Booth 111A) previously held by SAD. Formally induct local village swing leaders and youth volunteers who backed AAP in 2024. Resolve local village infrastructure, canal tail issues, and cement +8 lead.","ਕੁਰਾਲੀਆਂ (ਸਹਾਇਕ ਬੂਥ 111A) ਵਿੱਚ ਵੱਡੀ ਇਤਿਹਾਸਕ ਸਫ਼ਲਤਾ, ਜਿੱਥੇ SAD ਦਾ ਪੁਰਾਣਾ ਦਬਦਬਾ ਟੁੱਟਿਆ। 2024 ਵਿੱਚ ਆਪ ਨਾਲ ਜੁੜੇ ਨੌਜਵਾਨਾਂ ਅਤੇ ਪੰਚਾਇਤੀ ਆਗੂਆਂ ਨੂੰ ਜਥੇਬੰਦਕ ਜ਼ਿੰਮੇਵਾਰੀਆਂ ਦਿਓ ਅਤੇ +8 ਵੋਟਾਂ ਦੀ ਲੀਡ ਨੂੰ ਸਥਾਈ ਵੋਟ ਬੈਂਕ ਵਿੱਚ ਬਦਲੋ।","{'booth_no': '111A', 'village_en': 'Kuralian (Auxiliary Booth 111A)', 'village_pa': 'ਕੁਰਾਲੀਆਂ (ਸਹਾਇਕ ਬੂਥ 111A)', 'zone_en': 'Historic Breakthrough: AAP Flipped Stronghold', 'zone_pa': 'ਇਤਿਹਾਸਕ ਪ੍ਰਾਪਤੀ: ਅਕਾਲੀ ਗੜ੍ਹ ਵਿੱਚ ਆਪ ਦੀ ਜਿੱਤ ਜ਼ੋਨ', 'action_en': 'Major breakthrough in Kuralian (Auxiliary Booth 111A) previously held by SAD. Formally induct local village swing leaders and youth volunteers who backed AAP in 2024. Resolve local village infrastructure, canal tail issues, and cement +8 lead.', 'action_pa': 'ਕੁਰਾਲੀਆਂ (ਸਹਾਇਕ ਬੂਥ 111A) ਵਿੱਚ ਵੱਡੀ ਇਤਿਹਾਸਕ ਸਫ਼ਲਤਾ, ਜਿੱਥੇ SAD ਦਾ ਪੁਰਾਣਾ ਦਬਦਬਾ ਟੁੱਟਿਆ। 2024 ਵਿੱਚ ਆਪ ਨਾਲ ਜੁੜੇ ਨੌਜਵਾਨਾਂ ਅਤੇ ਪੰਚਾਇਤੀ ਆਗੂਆਂ ਨੂੰ ਜਥੇਬੰਦਕ ਜ਼ਿੰਮੇਵਾਰੀਆਂ ਦਿਓ ਅਤੇ +8 ਵੋਟਾਂ ਦੀ ਲੀਡ ਨੂੰ ਸਥਾਈ ਵੋਟ ਬੈਂਕ ਵਿੱਚ ਬਦਲੋ।', 'action_steps_en': ['Days 1-30: Onboard dynamic swing workers who crossed over from SAD into the formal AAP booth structure.', 'Days 31-60: Prioritize village link road and street light repairs in Kuralian (Auxiliary Booth 111A) through rural development grants.', 'Days 61-90: Convert current +8 vote lead into permanent party loyalty before 2027.'], 'action_steps_pa': ['ਦਿਨ 1-30: SAD ਛੱਡ ਕੇ ਆਪ ਵਿੱਚ ਸ਼ਾਮਲ ਹੋਏ ਆਗੂਆਂ ਨੂੰ ਬੂਥ ਕਮੇਟੀ ਵਿੱਚ ਅਹਿਮ ਜ਼ਿੰਮੇਵਾਰੀਆਂ ਦਿਓ।', ""ਦਿਨ 31-60: ਕੁਰਾਲੀਆਂ (ਸਹਾਇਕ ਬੂਥ 111A) ਵਿੱਚ ਪਿੰਡ ਦੀਆਂ ਫਿਰਨੀਆਂ, ਗਲੀਆਂ ਅਤੇ ਲਿੰਕ ਸੜਕਾਂ ਦੇ ਕੰਮ ਤਰਜੀਹ 'ਤੇ ਕਰਵਾਓ।"", 'ਦਿਨ 61-90: +8 ਵੋਟਾਂ ਦੀ ਲੀਡ ਨੂੰ ਪੱਕੇ ਵੋਟ ਬੈਂਕ ਵਿੱਚ ਤਬਦੀਲ ਕਰੋ।'], 'action_steps': ['ਦਿਨ 1-30: SAD ਛੱਡ ਕੇ ਆਪ ਵਿੱਚ ਸ਼ਾਮਲ ਹੋਏ ਆਗੂਆਂ ਨੂੰ ਬੂਥ ਕਮੇਟੀ ਵਿੱਚ ਅਹਿਮ ਜ਼ਿੰਮੇਵਾਰੀਆਂ ਦਿਓ।', ""ਦਿਨ 31-60: ਕੁਰਾਲੀਆਂ (ਸਹਾਇਕ ਬੂਥ 111A) ਵਿੱਚ ਪਿੰਡ ਦੀਆਂ ਫਿਰਨੀਆਂ, ਗਲੀਆਂ ਅਤੇ ਲਿੰਕ ਸੜਕਾਂ ਦੇ ਕੰਮ ਤਰਜੀਹ 'ਤੇ ਕਰਵਾਓ।"", 'ਦਿਨ 61-90: +8 ਵੋਟਾਂ ਦੀ ਲੀਡ ਨੂੰ ਪੱਕੇ ਵੋਟ ਬੈਂਕ ਵਿੱਚ ਤਬਦੀਲ ਕਰੋ।']}"
115,112,Kotla Saidan (Part 2),ਕੋਟਲਾ ਸੈਦਾਂ (ਭਾਗ 2),ਕੋਟਲਾ ਸੈਦਾਂ (ਭਾਗ 2),Kotla Saidan (Part 2),ਕੋਟਲਾ ਸੈਦਾਂ (ਭਾਗ 2),SAD,AAP,196,135,SAD → AAP,SAD → AAP,AAP Gain,ਆਪ ਲਾਭ,INC Deficit,"{'AAP': 'GAINED', 'SAD': 'LOST_24', 'INC': 'LOST_BOTH', 'BJP': 'WEAK'}",True,"{'is_flip': True, 'status_label': 'SAD → AAP', 'turnout_diff': 22, 'turnout_pct': 3.18, 'sad_swing': -27.98, 'aap_swing': 19.25, 'inc_swing': 2.43, 'bjp_swing': 1.66}",692,714,22,3.18,371,183,-188,53.61,25.63,-27.98,175,318,143,25.29,44.54,19.25,116,137,21,16.76,19.19,2.43,4,16,12,0.58,2.24,1.66,11,1.54,"{'total': 692, 'sad': 371, 'aap': 175, 'inc': 116, 'bjp': 4, 'sad_votes': 371, 'sad_pct': 53.61, 'aap_votes': 175, 'aap_pct': 25.29, 'inc_votes': 116, 'inc_pct': 16.76, 'bjp_votes': 4, 'bjp_pct': 0.58, 'winner_party': 'SAD', 'margin': 196, 'winner_candidate': 'Ganieve Kaur Majithia'}","{'total': 714, 'sad': 183, 'aap': 318, 'inc': 137, 'bjp': 16, 'sada': 11, 'bsp': 7, 'others': 36, 'sad_votes': 183, 'sad_pct': 25.63, 'aap_votes': 318, 'aap_pct': 44.54, 'inc_votes': 137, 'inc_pct': 19.19, 'bjp_votes': 16, 'bjp_pct': 2.24, 'sada_votes': 11, 'sada_pct': 1.54, 'winner_party': 'AAP', 'margin': 135, 'winner_candidate': 'Kuldeep Singh Dhaliwal'}","{'turnout_diff': 22, 'turnout_pct': 3.18, 'sad_shift': -188, 'sad_swing': -27.98, 'aap_shift': 143, 'aap_swing': 19.25, 'inc_shift': 21, 'inc_swing': 2.43, 'bjp_shift': 12, 'bjp_swing': 1.66}",Historic Breakthrough: AAP Flipped Stronghold,ਇਤਿਹਾਸਕ ਪ੍ਰਾਪਤੀ: ਅਕਾਲੀ ਗੜ੍ਹ ਵਿੱਚ ਆਪ ਦੀ ਜਿੱਤ ਜ਼ੋਨ,"Major breakthrough in Kotla Saidan (Part 2) previously held by SAD. Formally induct local village swing leaders and youth volunteers who backed AAP in 2024. Resolve local village infrastructure, canal tail issues, and cement +135 lead.","ਕੋਟਲਾ ਸੈਦਾਂ (ਭਾਗ 2) ਵਿੱਚ ਵੱਡੀ ਇਤਿਹਾਸਕ ਸਫ਼ਲਤਾ, ਜਿੱਥੇ SAD ਦਾ ਪੁਰਾਣਾ ਦਬਦਬਾ ਟੁੱਟਿਆ। 2024 ਵਿੱਚ ਆਪ ਨਾਲ ਜੁੜੇ ਨੌਜਵਾਨਾਂ ਅਤੇ ਪੰਚਾਇਤੀ ਆਗੂਆਂ ਨੂੰ ਜਥੇਬੰਦਕ ਜ਼ਿੰਮੇਵਾਰੀਆਂ ਦਿਓ ਅਤੇ +135 ਵੋਟਾਂ ਦੀ ਲੀਡ ਨੂੰ ਸਥਾਈ ਵੋਟ ਬੈਂਕ ਵਿੱਚ ਬਦਲੋ।","{'booth_no': '112', 'village_en': 'Kotla Saidan (Part 2)', 'village_pa': 'ਕੋਟਲਾ ਸੈਦਾਂ (ਭਾਗ 2)', 'zone_en': 'Historic Breakthrough: AAP Flipped Stronghold', 'zone_pa': 'ਇਤਿਹਾਸਕ ਪ੍ਰਾਪਤੀ: ਅਕਾਲੀ ਗੜ੍ਹ ਵਿੱਚ ਆਪ ਦੀ ਜਿੱਤ ਜ਼ੋਨ', 'action_en': 'Major breakthrough in Kotla Saidan (Part 2) previously held by SAD. Formally induct local village swing leaders and youth volunteers who backed AAP in 2024. Resolve local village infrastructure, canal tail issues, and cement +135 lead.', 'action_pa': 'ਕੋਟਲਾ ਸੈਦਾਂ (ਭਾਗ 2) ਵਿੱਚ ਵੱਡੀ ਇਤਿਹਾਸਕ ਸਫ਼ਲਤਾ, ਜਿੱਥੇ SAD ਦਾ ਪੁਰਾਣਾ ਦਬਦਬਾ ਟੁੱਟਿਆ। 2024 ਵਿੱਚ ਆਪ ਨਾਲ ਜੁੜੇ ਨੌਜਵਾਨਾਂ ਅਤੇ ਪੰਚਾਇਤੀ ਆਗੂਆਂ ਨੂੰ ਜਥੇਬੰਦਕ ਜ਼ਿੰਮੇਵਾਰੀਆਂ ਦਿਓ ਅਤੇ +135 ਵੋਟਾਂ ਦੀ ਲੀਡ ਨੂੰ ਸਥਾਈ ਵੋਟ ਬੈਂਕ ਵਿੱਚ ਬਦਲੋ।', 'action_steps_en': ['Days 1-30: Onboard dynamic swing workers who crossed over from SAD into the formal AAP booth structure.', 'Days 31-60: Prioritize village link road and street light repairs in Kotla Saidan (Part 2) through rural development grants.', 'Days 61-90: Convert current +135 vote lead into permanent party loyalty before 2027.'], 'action_steps_pa': ['ਦਿਨ 1-30: SAD ਛੱਡ ਕੇ ਆਪ ਵਿੱਚ ਸ਼ਾਮਲ ਹੋਏ ਆਗੂਆਂ ਨੂੰ ਬੂਥ ਕਮੇਟੀ ਵਿੱਚ ਅਹਿਮ ਜ਼ਿੰਮੇਵਾਰੀਆਂ ਦਿਓ।', ""ਦਿਨ 31-60: ਕੋਟਲਾ ਸੈਦਾਂ (ਭਾਗ 2) ਵਿੱਚ ਪਿੰਡ ਦੀਆਂ ਫਿਰਨੀਆਂ, ਗਲੀਆਂ ਅਤੇ ਲਿੰਕ ਸੜਕਾਂ ਦੇ ਕੰਮ ਤਰਜੀਹ 'ਤੇ ਕਰਵਾਓ।"", 'ਦਿਨ 61-90: +135 ਵੋਟਾਂ ਦੀ ਲੀਡ ਨੂੰ ਪੱਕੇ ਵੋਟ ਬੈਂਕ ਵਿੱਚ ਤਬਦੀਲ ਕਰੋ।'], 'action_steps': ['ਦਿਨ 1-30: SAD ਛੱਡ ਕੇ ਆਪ ਵਿੱਚ ਸ਼ਾਮਲ ਹੋਏ ਆਗੂਆਂ ਨੂੰ ਬੂਥ ਕਮੇਟੀ ਵਿੱਚ ਅਹਿਮ ਜ਼ਿੰਮੇਵਾਰੀਆਂ ਦਿਓ।', ""ਦਿਨ 31-60: ਕੋਟਲਾ ਸੈਦਾਂ (ਭਾਗ 2) ਵਿੱਚ ਪਿੰਡ ਦੀਆਂ ਫਿਰਨੀਆਂ, ਗਲੀਆਂ ਅਤੇ ਲਿੰਕ ਸੜਕਾਂ ਦੇ ਕੰਮ ਤਰਜੀਹ 'ਤੇ ਕਰਵਾਓ।"", 'ਦਿਨ 61-90: +135 ਵੋਟਾਂ ਦੀ ਲੀਡ ਨੂੰ ਪੱਕੇ ਵੋਟ ਬੈਂਕ ਵਿੱਚ ਤਬਦੀਲ ਕਰੋ।']}"
116,113,Kotla Majhewala (Part 2),ਕੋਟਲਾ ਮਝੈਲਵਾਲਾ (ਭਾਗ 2),ਕੋਟਲਾ ਮਝੈਲਵਾਲਾ (ਭਾਗ 2),Kotla Majhewala (Part 2),ਕੋਟਲਾ ਮਝੈਲਵਾਲਾ (ਭਾਗ 2),SAD,SAD,203,51,SAD Retained,SAD Retained,AAP Deficit,ਆਪ ਘਾਟ,INC Deficit,"{'AAP': 'LOST_BOTH', 'SAD': 'WON_BOTH', 'INC': 'WEAK', 'BJP': 'LOST_BOTH'}",False,"{'is_flip': False, 'status_label': 'SAD Retained', 'turnout_diff': -342, 'turnout_pct': -37.01, 'sad_swing': -10.11, 'aap_swing': 3.2, 'inc_swing': -11.34, 'bjp_swing': 15.7}",924,582,-342,-37.01,430,212,-218,46.54,36.43,-10.11,226,161,-65,24.46,27.66,3.2,227,77,-150,24.57,13.23,-11.34,9,97,88,0.97,16.67,15.7,16,2.75,"{'total': 924, 'sad': 430, 'aap': 226, 'inc': 227, 'bjp': 9, 'sad_votes': 430, 'sad_pct': 46.54, 'aap_votes': 226, 'aap_pct': 24.46, 'inc_votes': 227, 'inc_pct': 24.57, 'bjp_votes': 9, 'bjp_pct': 0.97, 'winner_party': 'SAD', 'margin': 203, 'winner_candidate': 'Ganieve Kaur Majithia'}","{'total': 582, 'sad': 212, 'aap': 161, 'inc': 77, 'bjp': 97, 'sada': 16, 'bsp': 3, 'others': 12, 'sad_votes': 212, 'sad_pct': 36.43, 'aap_votes': 161, 'aap_pct': 27.66, 'inc_votes': 77, 'inc_pct': 13.23, 'bjp_votes': 97, 'bjp_pct': 16.67, 'sada_votes': 16, 'sada_pct': 2.75, 'winner_party': 'SAD', 'margin': 51, 'winner_candidate': 'Anil Joshi'}","{'turnout_diff': -342, 'turnout_pct': -37.01, 'sad_shift': -218, 'sad_swing': -10.11, 'aap_shift': -65, 'aap_swing': 3.2, 'inc_shift': -150, 'inc_swing': -11.34, 'bjp_shift': 88, 'bjp_swing': 15.7}",Akali Bastion: Strategic Penetration & Demolition Zone,ਅਕਾਲੀ ਦਲ ਦਾ ਪ੍ਰਭਾਵਿਤ ਖੇਤਰ: ਵਿਸ਼ੇਸ਼ ਘੇਰਾਬੰਦੀ ਜ਼ੋਨ,SAD retained lead here by +51 votes (36.4% share). Target moderate Panthic and farming families in Kotla Majhewala (Part 2) disillusioned with traditional leadership. Appoint dedicated block coordinators and highlight direct government procurement and village development works.,ਅਕਾਲੀ ਦਲ ਨੇ ਇੱਥੇ +51 ਵੋਟਾਂ (36.4%) ਨਾਲ ਲੀਡ ਬਣਾਈ ਹੈ। ਕੋਟਲਾ ਮਝੈਲਵਾਲਾ (ਭਾਗ 2) ਵਿੱਚ ਰਵਾਇਤੀ ਲੀਡਰਸ਼ਿਪ ਤੋਂ ਨਿਰਾਸ਼ ਕਿਸਾਨ ਅਤੇ ਪੰਥਕ ਪਰਿਵਾਰਾਂ ਨਾਲ ਸੰਵਾਦ ਕਰੋ। ਪਿੰਡਾਂ ਵਿੱਚ ਪੰਜਾਬ ਸਰਕਾਰ ਦੇ ਵਿਕਾਸ ਕਾਰਜਾਂ ਅਤੇ ਨਿਰਪੱਖ ਭਰਤੀਆਂ ਦੇ ਸੁਨੇਹੇ ਨਾਲ ਸੰਨ੍ਹ ਲਗਾਓ।,"{'booth_no': '113', 'village_en': 'Kotla Majhewala (Part 2)', 'village_pa': 'ਕੋਟਲਾ ਮਝੈਲਵਾਲਾ (ਭਾਗ 2)', 'zone_en': 'Akali Bastion: Strategic Penetration & Demolition Zone', 'zone_pa': 'ਅਕਾਲੀ ਦਲ ਦਾ ਪ੍ਰਭਾਵਿਤ ਖੇਤਰ: ਵਿਸ਼ੇਸ਼ ਘੇਰਾਬੰਦੀ ਜ਼ੋਨ', 'action_en': 'SAD retained lead here by +51 votes (36.4% share). Target moderate Panthic and farming families in Kotla Majhewala (Part 2) disillusioned with traditional leadership. Appoint dedicated block coordinators and highlight direct government procurement and village development works.', 'action_pa': 'ਅਕਾਲੀ ਦਲ ਨੇ ਇੱਥੇ +51 ਵੋਟਾਂ (36.4%) ਨਾਲ ਲੀਡ ਬਣਾਈ ਹੈ। ਕੋਟਲਾ ਮਝੈਲਵਾਲਾ (ਭਾਗ 2) ਵਿੱਚ ਰਵਾਇਤੀ ਲੀਡਰਸ਼ਿਪ ਤੋਂ ਨਿਰਾਸ਼ ਕਿਸਾਨ ਅਤੇ ਪੰਥਕ ਪਰਿਵਾਰਾਂ ਨਾਲ ਸੰਵਾਦ ਕਰੋ। ਪਿੰਡਾਂ ਵਿੱਚ ਪੰਜਾਬ ਸਰਕਾਰ ਦੇ ਵਿਕਾਸ ਕਾਰਜਾਂ ਅਤੇ ਨਿਰਪੱਖ ਭਰਤੀਆਂ ਦੇ ਸੁਨੇਹੇ ਨਾਲ ਸੰਨ੍ਹ ਲਗਾਓ।', 'action_steps_en': ['Days 1-30: Map the top 30 influential non-committed Panthic families in Kotla Majhewala (Part 2).', 'Days 31-60: Deploy senior constituency leaders for direct home visits to address local disgruntlement.', ""Days 61-90: Neutralize SAD's +51 vote cushion by winning over agricultural youth.""], 'action_steps_pa': ['ਦਿਨ 1-30: ਕੋਟਲਾ ਮਝੈਲਵਾਲਾ (ਭਾਗ 2) ਦੇ 30 ਨਿਰਪੱਖ ਅਤੇ ਪ੍ਰਭਾਵਸ਼ਾਲੀ ਪਰਿਵਾਰਾਂ ਦੀ ਸ਼ਨਾਖਤ ਕਰੋ।', 'ਦਿਨ 31-60: ਸੀਨੀਅਰ ਲੀਡਰਸ਼ਿਪ ਰਾਹੀਂ ਘਰ-ਘਰ ਜਾ ਕੇ ਸਰਕਾਰ ਦੀਆਂ ਨਿਰਪੱਖ ਨੀਤੀਆਂ ਸਾਂਝੀਆਂ ਕਰੋ।', 'ਦਿਨ 61-90: ਨੌਜਵਾਨ ਵਰਗ ਨੂੰ ਸਰਕਾਰੀ ਨੌਕਰੀਆਂ ਅਤੇ ਖੇਡ ਕਿੱਟਾਂ ਰਾਹੀਂ ਪਾਰਟੀ ਨਾਲ ਜੋੜ ਕੇ ਲੀਡ ਘਟਾਓ।'], 'action_steps': ['ਦਿਨ 1-30: ਕੋਟਲਾ ਮਝੈਲਵਾਲਾ (ਭਾਗ 2) ਦੇ 30 ਨਿਰਪੱਖ ਅਤੇ ਪ੍ਰਭਾਵਸ਼ਾਲੀ ਪਰਿਵਾਰਾਂ ਦੀ ਸ਼ਨਾਖਤ ਕਰੋ।', 'ਦਿਨ 31-60: ਸੀਨੀਅਰ ਲੀਡਰਸ਼ਿਪ ਰਾਹੀਂ ਘਰ-ਘਰ ਜਾ ਕੇ ਸਰਕਾਰ ਦੀਆਂ ਨਿਰਪੱਖ ਨੀਤੀਆਂ ਸਾਂਝੀਆਂ ਕਰੋ।', 'ਦਿਨ 61-90: ਨੌਜਵਾਨ ਵਰਗ ਨੂੰ ਸਰਕਾਰੀ ਨੌਕਰੀਆਂ ਅਤੇ ਖੇਡ ਕਿੱਟਾਂ ਰਾਹੀਂ ਪਾਰਟੀ ਨਾਲ ਜੋੜ ਕੇ ਲੀਡ ਘਟਾਓ।']}"
117,114,Kot Hride Ram (Part 2),ਕੋਟ ਹਰਦੇ ਰਾਮ (ਭਾਗ 2),ਕੋਟ ਹਰਦੇ ਰਾਮ (ਭਾਗ 2),Kot Hride Ram (Part 2),ਕੋਟ ਹਰਦੇ ਰਾਮ (ਭਾਗ 2),SAD,AAP,194,90,SAD → AAP,SAD → AAP,AAP Gain,ਆਪ ਲਾਭ,INC Deficit,"{'AAP': 'GAINED', 'SAD': 'LOST_24', 'INC': 'WEAK', 'BJP': 'WEAK'}",True,"{'is_flip': True, 'status_label': 'SAD → AAP', 'turnout_diff': -34, 'turnout_pct': -6.9, 'sad_swing': -29.84, 'aap_swing': 32.17, 'inc_swing': -8.35, 'bjp_swing': 1.99}",493,459,-34,-6.9,291,134,-157,59.03,29.19,-29.84,82,224,142,16.63,48.8,32.17,97,52,-45,19.68,11.33,-8.35,2,11,9,0.41,2.4,1.99,18,3.92,"{'total': 493, 'sad': 291, 'aap': 82, 'inc': 97, 'bjp': 2, 'sad_votes': 291, 'sad_pct': 59.03, 'aap_votes': 82, 'aap_pct': 16.63, 'inc_votes': 97, 'inc_pct': 19.68, 'bjp_votes': 2, 'bjp_pct': 0.41, 'winner_party': 'SAD', 'margin': 194, 'winner_candidate': 'Ganieve Kaur Majithia'}","{'total': 459, 'sad': 134, 'aap': 224, 'inc': 52, 'bjp': 11, 'sada': 18, 'bsp': 2, 'others': 17, 'sad_votes': 134, 'sad_pct': 29.19, 'aap_votes': 224, 'aap_pct': 48.8, 'inc_votes': 52, 'inc_pct': 11.33, 'bjp_votes': 11, 'bjp_pct': 2.4, 'sada_votes': 18, 'sada_pct': 3.92, 'winner_party': 'AAP', 'margin': 90, 'winner_candidate': 'Kuldeep Singh Dhaliwal'}","{'turnout_diff': -34, 'turnout_pct': -6.9, 'sad_shift': -157, 'sad_swing': -29.84, 'aap_shift': 142, 'aap_swing': 32.17, 'inc_shift': -45, 'inc_swing': -8.35, 'bjp_shift': 9, 'bjp_swing': 1.99}",Historic Breakthrough: AAP Flipped Stronghold,ਇਤਿਹਾਸਕ ਪ੍ਰਾਪਤੀ: ਅਕਾਲੀ ਗੜ੍ਹ ਵਿੱਚ ਆਪ ਦੀ ਜਿੱਤ ਜ਼ੋਨ,"Major breakthrough in Kot Hride Ram (Part 2) previously held by SAD. Formally induct local village swing leaders and youth volunteers who backed AAP in 2024. Resolve local village infrastructure, canal tail issues, and cement +90 lead.","ਕੋਟ ਹਰਦੇ ਰਾਮ (ਭਾਗ 2) ਵਿੱਚ ਵੱਡੀ ਇਤਿਹਾਸਕ ਸਫ਼ਲਤਾ, ਜਿੱਥੇ SAD ਦਾ ਪੁਰਾਣਾ ਦਬਦਬਾ ਟੁੱਟਿਆ। 2024 ਵਿੱਚ ਆਪ ਨਾਲ ਜੁੜੇ ਨੌਜਵਾਨਾਂ ਅਤੇ ਪੰਚਾਇਤੀ ਆਗੂਆਂ ਨੂੰ ਜਥੇਬੰਦਕ ਜ਼ਿੰਮੇਵਾਰੀਆਂ ਦਿਓ ਅਤੇ +90 ਵੋਟਾਂ ਦੀ ਲੀਡ ਨੂੰ ਸਥਾਈ ਵੋਟ ਬੈਂਕ ਵਿੱਚ ਬਦਲੋ।","{'booth_no': '114', 'village_en': 'Kot Hride Ram (Part 2)', 'village_pa': 'ਕੋਟ ਹਰਦੇ ਰਾਮ (ਭਾਗ 2)', 'zone_en': 'Historic Breakthrough: AAP Flipped Stronghold', 'zone_pa': 'ਇਤਿਹਾਸਕ ਪ੍ਰਾਪਤੀ: ਅਕਾਲੀ ਗੜ੍ਹ ਵਿੱਚ ਆਪ ਦੀ ਜਿੱਤ ਜ਼ੋਨ', 'action_en': 'Major breakthrough in Kot Hride Ram (Part 2) previously held by SAD. Formally induct local village swing leaders and youth volunteers who backed AAP in 2024. Resolve local village infrastructure, canal tail issues, and cement +90 lead.', 'action_pa': 'ਕੋਟ ਹਰਦੇ ਰਾਮ (ਭਾਗ 2) ਵਿੱਚ ਵੱਡੀ ਇਤਿਹਾਸਕ ਸਫ਼ਲਤਾ, ਜਿੱਥੇ SAD ਦਾ ਪੁਰਾਣਾ ਦਬਦਬਾ ਟੁੱਟਿਆ। 2024 ਵਿੱਚ ਆਪ ਨਾਲ ਜੁੜੇ ਨੌਜਵਾਨਾਂ ਅਤੇ ਪੰਚਾਇਤੀ ਆਗੂਆਂ ਨੂੰ ਜਥੇਬੰਦਕ ਜ਼ਿੰਮੇਵਾਰੀਆਂ ਦਿਓ ਅਤੇ +90 ਵੋਟਾਂ ਦੀ ਲੀਡ ਨੂੰ ਸਥਾਈ ਵੋਟ ਬੈਂਕ ਵਿੱਚ ਬਦਲੋ।', 'action_steps_en': ['Days 1-30: Onboard dynamic swing workers who crossed over from SAD into the formal AAP booth structure.', 'Days 31-60: Prioritize village link road and street light repairs in Kot Hride Ram (Part 2) through rural development grants.', 'Days 61-90: Convert current +90 vote lead into permanent party loyalty before 2027.'], 'action_steps_pa': ['ਦਿਨ 1-30: SAD ਛੱਡ ਕੇ ਆਪ ਵਿੱਚ ਸ਼ਾਮਲ ਹੋਏ ਆਗੂਆਂ ਨੂੰ ਬੂਥ ਕਮੇਟੀ ਵਿੱਚ ਅਹਿਮ ਜ਼ਿੰਮੇਵਾਰੀਆਂ ਦਿਓ।', ""ਦਿਨ 31-60: ਕੋਟ ਹਰਦੇ ਰਾਮ (ਭਾਗ 2) ਵਿੱਚ ਪਿੰਡ ਦੀਆਂ ਫਿਰਨੀਆਂ, ਗਲੀਆਂ ਅਤੇ ਲਿੰਕ ਸੜਕਾਂ ਦੇ ਕੰਮ ਤਰਜੀਹ 'ਤੇ ਕਰਵਾਓ।"", 'ਦਿਨ 61-90: +90 ਵੋਟਾਂ ਦੀ ਲੀਡ ਨੂੰ ਪੱਕੇ ਵੋਟ ਬੈਂਕ ਵਿੱਚ ਤਬਦੀਲ ਕਰੋ।'], 'action_steps': ['ਦਿਨ 1-30: SAD ਛੱਡ ਕੇ ਆਪ ਵਿੱਚ ਸ਼ਾਮਲ ਹੋਏ ਆਗੂਆਂ ਨੂੰ ਬੂਥ ਕਮੇਟੀ ਵਿੱਚ ਅਹਿਮ ਜ਼ਿੰਮੇਵਾਰੀਆਂ ਦਿਓ।', ""ਦਿਨ 31-60: ਕੋਟ ਹਰਦੇ ਰਾਮ (ਭਾਗ 2) ਵਿੱਚ ਪਿੰਡ ਦੀਆਂ ਫਿਰਨੀਆਂ, ਗਲੀਆਂ ਅਤੇ ਲਿੰਕ ਸੜਕਾਂ ਦੇ ਕੰਮ ਤਰਜੀਹ 'ਤੇ ਕਰਵਾਓ।"", 'ਦਿਨ 61-90: +90 ਵੋਟਾਂ ਦੀ ਲੀਡ ਨੂੰ ਪੱਕੇ ਵੋਟ ਬੈਂਕ ਵਿੱਚ ਤਬਦੀਲ ਕਰੋ।']}"
118,115,Abdal (Part 2),ਅਬਦਾਲ (ਭਾਗ 2),ਅਬਦਾਲ (ਭਾਗ 2),Abdal (Part 2),ਅਬਦਾਲ (ਭਾਗ 2),SAD,SAD,110,11,SAD Retained,SAD Retained,AAP Deficit,ਆਪ ਘਾਟ,INC Deficit,"{'AAP': 'LOST_BOTH', 'SAD': 'WON_BOTH', 'INC': 'LOST_BOTH', 'BJP': 'WEAK'}",False,"{'is_flip': False, 'status_label': 'SAD Retained', 'turnout_diff': -62, 'turnout_pct': -24.41, 'sad_swing': -31.62, 'aap_swing': 12.65, 'inc_swing': 1.27, 'bjp_swing': 4.3}",254,192,-62,-24.41,161,61,-100,63.39,31.77,-31.62,34,50,16,13.39,26.04,12.65,51,41,-10,20.08,21.35,1.27,1,9,8,0.39,4.69,4.3,19,9.9,"{'total': 254, 'sad': 161, 'aap': 34, 'inc': 51, 'bjp': 1, 'sad_votes': 161, 'sad_pct': 63.39, 'aap_votes': 34, 'aap_pct': 13.39, 'inc_votes': 51, 'inc_pct': 20.08, 'bjp_votes': 1, 'bjp_pct': 0.39, 'winner_party': 'SAD', 'margin': 110, 'winner_candidate': 'Ganieve Kaur Majithia'}","{'total': 192, 'sad': 61, 'aap': 50, 'inc': 41, 'bjp': 9, 'sada': 19, 'bsp': 4, 'others': 6, 'sad_votes': 61, 'sad_pct': 31.77, 'aap_votes': 50, 'aap_pct': 26.04, 'inc_votes': 41, 'inc_pct': 21.35, 'bjp_votes': 9, 'bjp_pct': 4.69, 'sada_votes': 19, 'sada_pct': 9.9, 'winner_party': 'SAD', 'margin': 11, 'winner_candidate': 'Anil Joshi'}","{'turnout_diff': -62, 'turnout_pct': -24.41, 'sad_shift': -100, 'sad_swing': -31.62, 'aap_shift': 16, 'aap_swing': 12.65, 'inc_shift': -10, 'inc_swing': 1.27, 'bjp_shift': 8, 'bjp_swing': 4.3}",Akali Bastion: Strategic Penetration & Demolition Zone,ਅਕਾਲੀ ਦਲ ਦਾ ਪ੍ਰਭਾਵਿਤ ਖੇਤਰ: ਵਿਸ਼ੇਸ਼ ਘੇਰਾਬੰਦੀ ਜ਼ੋਨ,SAD retained lead here by +11 votes (31.8% share). Target moderate Panthic and farming families in Abdal (Part 2) disillusioned with traditional leadership. Appoint dedicated block coordinators and highlight direct government procurement and village development works.,ਅਕਾਲੀ ਦਲ ਨੇ ਇੱਥੇ +11 ਵੋਟਾਂ (31.8%) ਨਾਲ ਲੀਡ ਬਣਾਈ ਹੈ। ਅਬਦਾਲ (ਭਾਗ 2) ਵਿੱਚ ਰਵਾਇਤੀ ਲੀਡਰਸ਼ਿਪ ਤੋਂ ਨਿਰਾਸ਼ ਕਿਸਾਨ ਅਤੇ ਪੰਥਕ ਪਰਿਵਾਰਾਂ ਨਾਲ ਸੰਵਾਦ ਕਰੋ। ਪਿੰਡਾਂ ਵਿੱਚ ਪੰਜਾਬ ਸਰਕਾਰ ਦੇ ਵਿਕਾਸ ਕਾਰਜਾਂ ਅਤੇ ਨਿਰਪੱਖ ਭਰਤੀਆਂ ਦੇ ਸੁਨੇਹੇ ਨਾਲ ਸੰਨ੍ਹ ਲਗਾਓ।,"{'booth_no': '115', 'village_en': 'Abdal (Part 2)', 'village_pa': 'ਅਬਦਾਲ (ਭਾਗ 2)', 'zone_en': 'Akali Bastion: Strategic Penetration & Demolition Zone', 'zone_pa': 'ਅਕਾਲੀ ਦਲ ਦਾ ਪ੍ਰਭਾਵਿਤ ਖੇਤਰ: ਵਿਸ਼ੇਸ਼ ਘੇਰਾਬੰਦੀ ਜ਼ੋਨ', 'action_en': 'SAD retained lead here by +11 votes (31.8% share). Target moderate Panthic and farming families in Abdal (Part 2) disillusioned with traditional leadership. Appoint dedicated block coordinators and highlight direct government procurement and village development works.', 'action_pa': 'ਅਕਾਲੀ ਦਲ ਨੇ ਇੱਥੇ +11 ਵੋਟਾਂ (31.8%) ਨਾਲ ਲੀਡ ਬਣਾਈ ਹੈ। ਅਬਦਾਲ (ਭਾਗ 2) ਵਿੱਚ ਰਵਾਇਤੀ ਲੀਡਰਸ਼ਿਪ ਤੋਂ ਨਿਰਾਸ਼ ਕਿਸਾਨ ਅਤੇ ਪੰਥਕ ਪਰਿਵਾਰਾਂ ਨਾਲ ਸੰਵਾਦ ਕਰੋ। ਪਿੰਡਾਂ ਵਿੱਚ ਪੰਜਾਬ ਸਰਕਾਰ ਦੇ ਵਿਕਾਸ ਕਾਰਜਾਂ ਅਤੇ ਨਿਰਪੱਖ ਭਰਤੀਆਂ ਦੇ ਸੁਨੇਹੇ ਨਾਲ ਸੰਨ੍ਹ ਲਗਾਓ।', 'action_steps_en': ['Days 1-30: Map the top 30 influential non-committed Panthic families in Abdal (Part 2).', 'Days 31-60: Deploy senior constituency leaders for direct home visits to address local disgruntlement.', ""Days 61-90: Neutralize SAD's +11 vote cushion by winning over agricultural youth.""], 'action_steps_pa': ['ਦਿਨ 1-30: ਅਬਦਾਲ (ਭਾਗ 2) ਦੇ 30 ਨਿਰਪੱਖ ਅਤੇ ਪ੍ਰਭਾਵਸ਼ਾਲੀ ਪਰਿਵਾਰਾਂ ਦੀ ਸ਼ਨਾਖਤ ਕਰੋ।', 'ਦਿਨ 31-60: ਸੀਨੀਅਰ ਲੀਡਰਸ਼ਿਪ ਰਾਹੀਂ ਘਰ-ਘਰ ਜਾ ਕੇ ਸਰਕਾਰ ਦੀਆਂ ਨਿਰਪੱਖ ਨੀਤੀਆਂ ਸਾਂਝੀਆਂ ਕਰੋ।', 'ਦਿਨ 61-90: ਨੌਜਵਾਨ ਵਰਗ ਨੂੰ ਸਰਕਾਰੀ ਨੌਕਰੀਆਂ ਅਤੇ ਖੇਡ ਕਿੱਟਾਂ ਰਾਹੀਂ ਪਾਰਟੀ ਨਾਲ ਜੋੜ ਕੇ ਲੀਡ ਘਟਾਓ।'], 'action_steps': ['ਦਿਨ 1-30: ਅਬਦਾਲ (ਭਾਗ 2) ਦੇ 30 ਨਿਰਪੱਖ ਅਤੇ ਪ੍ਰਭਾਵਸ਼ਾਲੀ ਪਰਿਵਾਰਾਂ ਦੀ ਸ਼ਨਾਖਤ ਕਰੋ।', 'ਦਿਨ 31-60: ਸੀਨੀਅਰ ਲੀਡਰਸ਼ਿਪ ਰਾਹੀਂ ਘਰ-ਘਰ ਜਾ ਕੇ ਸਰਕਾਰ ਦੀਆਂ ਨਿਰਪੱਖ ਨੀਤੀਆਂ ਸਾਂਝੀਆਂ ਕਰੋ।', 'ਦਿਨ 61-90: ਨੌਜਵਾਨ ਵਰਗ ਨੂੰ ਸਰਕਾਰੀ ਨੌਕਰੀਆਂ ਅਤੇ ਖੇਡ ਕਿੱਟਾਂ ਰਾਹੀਂ ਪਾਰਟੀ ਨਾਲ ਜੋੜ ਕੇ ਲੀਡ ਘਟਾਓ।']}"
119,116,Ajaibwali (Part 2),ਅਜਾਇਬਵਾਲੀ (ਭਾਗ 2),ਅਜਾਇਬਵਾਲੀ (ਭਾਗ 2),Ajaibwali (Part 2),ਅਜਾਇਬਵਾਲੀ (ਭਾਗ 2),SAD,SAD,33,120,SAD Retained,SAD Retained,AAP Deficit,ਆਪ ਘਾਟ,INC Deficit,"{'AAP': 'WEAK', 'SAD': 'WON_BOTH', 'INC': 'LOST_BOTH', 'BJP': 'WEAK'}",False,"{'is_flip': False, 'status_label': 'SAD Retained', 'turnout_diff': -41, 'turnout_pct': -5.47, 'sad_swing': 1.95, 'aap_swing': -17.91, 'inc_swing': 5.02, 'bjp_swing': 7.7}",750,709,-41,-5.47,289,287,-2,38.53,40.48,1.95,256,115,-141,34.13,16.22,-17.91,139,167,28,18.53,23.55,5.02,10,64,54,1.33,9.03,7.7,44,6.21,"{'total': 750, 'sad': 289, 'aap': 256, 'inc': 139, 'bjp': 10, 'sad_votes': 289, 'sad_pct': 38.53, 'aap_votes': 256, 'aap_pct': 34.13, 'inc_votes': 139, 'inc_pct': 18.53, 'bjp_votes': 10, 'bjp_pct': 1.33, 'winner_party': 'SAD', 'margin': 33, 'winner_candidate': 'Ganieve Kaur Majithia'}","{'total': 709, 'sad': 287, 'aap': 115, 'inc': 167, 'bjp': 64, 'sada': 44, 'bsp': 0, 'others': 32, 'sad_votes': 287, 'sad_pct': 40.48, 'aap_votes': 115, 'aap_pct': 16.22, 'inc_votes': 167, 'inc_pct': 23.55, 'bjp_votes': 64, 'bjp_pct': 9.03, 'sada_votes': 44, 'sada_pct': 6.21, 'winner_party': 'SAD', 'margin': 120, 'winner_candidate': 'Anil Joshi'}","{'turnout_diff': -41, 'turnout_pct': -5.47, 'sad_shift': -2, 'sad_swing': 1.95, 'aap_shift': -141, 'aap_swing': -17.91, 'inc_shift': 28, 'inc_swing': 5.02, 'bjp_shift': 54, 'bjp_swing': 7.7}",Akali Bastion: Strategic Penetration & Demolition Zone,ਅਕਾਲੀ ਦਲ ਦਾ ਪ੍ਰਭਾਵਿਤ ਖੇਤਰ: ਵਿਸ਼ੇਸ਼ ਘੇਰਾਬੰਦੀ ਜ਼ੋਨ,SAD retained lead here by +120 votes (40.5% share). Target moderate Panthic and farming families in Ajaibwali (Part 2) disillusioned with traditional leadership. Appoint dedicated block coordinators and highlight direct government procurement and village development works.,ਅਕਾਲੀ ਦਲ ਨੇ ਇੱਥੇ +120 ਵੋਟਾਂ (40.5%) ਨਾਲ ਲੀਡ ਬਣਾਈ ਹੈ। ਅਜਾਇਬਵਾਲੀ (ਭਾਗ 2) ਵਿੱਚ ਰਵਾਇਤੀ ਲੀਡਰਸ਼ਿਪ ਤੋਂ ਨਿਰਾਸ਼ ਕਿਸਾਨ ਅਤੇ ਪੰਥਕ ਪਰਿਵਾਰਾਂ ਨਾਲ ਸੰਵਾਦ ਕਰੋ। ਪਿੰਡਾਂ ਵਿੱਚ ਪੰਜਾਬ ਸਰਕਾਰ ਦੇ ਵਿਕਾਸ ਕਾਰਜਾਂ ਅਤੇ ਨਿਰਪੱਖ ਭਰਤੀਆਂ ਦੇ ਸੁਨੇਹੇ ਨਾਲ ਸੰਨ੍ਹ ਲਗਾਓ।,"{'booth_no': '116', 'village_en': 'Ajaibwali (Part 2)', 'village_pa': 'ਅਜਾਇਬਵਾਲੀ (ਭਾਗ 2)', 'zone_en': 'Akali Bastion: Strategic Penetration & Demolition Zone', 'zone_pa': 'ਅਕਾਲੀ ਦਲ ਦਾ ਪ੍ਰਭਾਵਿਤ ਖੇਤਰ: ਵਿਸ਼ੇਸ਼ ਘੇਰਾਬੰਦੀ ਜ਼ੋਨ', 'action_en': 'SAD retained lead here by +120 votes (40.5% share). Target moderate Panthic and farming families in Ajaibwali (Part 2) disillusioned with traditional leadership. Appoint dedicated block coordinators and highlight direct government procurement and village development works.', 'action_pa': 'ਅਕਾਲੀ ਦਲ ਨੇ ਇੱਥੇ +120 ਵੋਟਾਂ (40.5%) ਨਾਲ ਲੀਡ ਬਣਾਈ ਹੈ। ਅਜਾਇਬਵਾਲੀ (ਭਾਗ 2) ਵਿੱਚ ਰਵਾਇਤੀ ਲੀਡਰਸ਼ਿਪ ਤੋਂ ਨਿਰਾਸ਼ ਕਿਸਾਨ ਅਤੇ ਪੰਥਕ ਪਰਿਵਾਰਾਂ ਨਾਲ ਸੰਵਾਦ ਕਰੋ। ਪਿੰਡਾਂ ਵਿੱਚ ਪੰਜਾਬ ਸਰਕਾਰ ਦੇ ਵਿਕਾਸ ਕਾਰਜਾਂ ਅਤੇ ਨਿਰਪੱਖ ਭਰਤੀਆਂ ਦੇ ਸੁਨੇਹੇ ਨਾਲ ਸੰਨ੍ਹ ਲਗਾਓ।', 'action_steps_en': ['Days 1-30: Map the top 30 influential non-committed Panthic families in Ajaibwali (Part 2).', 'Days 31-60: Deploy senior constituency leaders for direct home visits to address local disgruntlement.', ""Days 61-90: Neutralize SAD's +120 vote cushion by winning over agricultural youth.""], 'action_steps_pa': ['ਦਿਨ 1-30: ਅਜਾਇਬਵਾਲੀ (ਭਾਗ 2) ਦੇ 30 ਨਿਰਪੱਖ ਅਤੇ ਪ੍ਰਭਾਵਸ਼ਾਲੀ ਪਰਿਵਾਰਾਂ ਦੀ ਸ਼ਨਾਖਤ ਕਰੋ।', 'ਦਿਨ 31-60: ਸੀਨੀਅਰ ਲੀਡਰਸ਼ਿਪ ਰਾਹੀਂ ਘਰ-ਘਰ ਜਾ ਕੇ ਸਰਕਾਰ ਦੀਆਂ ਨਿਰਪੱਖ ਨੀਤੀਆਂ ਸਾਂਝੀਆਂ ਕਰੋ।', 'ਦਿਨ 61-90: ਨੌਜਵਾਨ ਵਰਗ ਨੂੰ ਸਰਕਾਰੀ ਨੌਕਰੀਆਂ ਅਤੇ ਖੇਡ ਕਿੱਟਾਂ ਰਾਹੀਂ ਪਾਰਟੀ ਨਾਲ ਜੋੜ ਕੇ ਲੀਡ ਘਟਾਓ।'], 'action_steps': ['ਦਿਨ 1-30: ਅਜਾਇਬਵਾਲੀ (ਭਾਗ 2) ਦੇ 30 ਨਿਰਪੱਖ ਅਤੇ ਪ੍ਰਭਾਵਸ਼ਾਲੀ ਪਰਿਵਾਰਾਂ ਦੀ ਸ਼ਨਾਖਤ ਕਰੋ।', 'ਦਿਨ 31-60: ਸੀਨੀਅਰ ਲੀਡਰਸ਼ਿਪ ਰਾਹੀਂ ਘਰ-ਘਰ ਜਾ ਕੇ ਸਰਕਾਰ ਦੀਆਂ ਨਿਰਪੱਖ ਨੀਤੀਆਂ ਸਾਂਝੀਆਂ ਕਰੋ।', 'ਦਿਨ 61-90: ਨੌਜਵਾਨ ਵਰਗ ਨੂੰ ਸਰਕਾਰੀ ਨੌਕਰੀਆਂ ਅਤੇ ਖੇਡ ਕਿੱਟਾਂ ਰਾਹੀਂ ਪਾਰਟੀ ਨਾਲ ਜੋੜ ਕੇ ਲੀਡ ਘਟਾਓ।']}"
120,117,Alkare (Part 2),ਅਲਕੜੇ (ਭਾਗ 2),ਅਲਕੜੇ (ਭਾਗ 2),Alkare (Part 2),ਅਲਕੜੇ (ਭਾਗ 2),SAD,SAD,81,62,SAD Retained,SAD Retained,AAP Deficit,ਆਪ ਘਾਟ,INC Deficit,"{'AAP': 'LOST_BOTH', 'SAD': 'WON_BOTH', 'INC': 'WEAK', 'BJP': 'WEAK'}",False,"{'is_flip': False, 'status_label': 'SAD Retained', 'turnout_diff': -219, 'turnout_pct': -31.97, 'sad_swing': 8.27, 'aap_swing': 11.76, 'inc_swing': -21.74, 'bjp_swing': -0.09}",685,466,-219,-31.97,277,227,-50,40.44,48.71,8.27,162,165,3,23.65,35.41,11.76,196,32,-164,28.61,6.87,-21.74,5,3,-2,0.73,0.64,-0.09,22,4.72,"{'total': 685, 'sad': 277, 'aap': 162, 'inc': 196, 'bjp': 5, 'sad_votes': 277, 'sad_pct': 40.44, 'aap_votes': 162, 'aap_pct': 23.65, 'inc_votes': 196, 'inc_pct': 28.61, 'bjp_votes': 5, 'bjp_pct': 0.73, 'winner_party': 'SAD', 'margin': 81, 'winner_candidate': 'Ganieve Kaur Majithia'}","{'total': 466, 'sad': 227, 'aap': 165, 'inc': 32, 'bjp': 3, 'sada': 22, 'bsp': 1, 'others': 12, 'sad_votes': 227, 'sad_pct': 48.71, 'aap_votes': 165, 'aap_pct': 35.41, 'inc_votes': 32, 'inc_pct': 6.87, 'bjp_votes': 3, 'bjp_pct': 0.64, 'sada_votes': 22, 'sada_pct': 4.72, 'winner_party': 'SAD', 'margin': 62, 'winner_candidate': 'Anil Joshi'}","{'turnout_diff': -219, 'turnout_pct': -31.97, 'sad_shift': -50, 'sad_swing': 8.27, 'aap_shift': 3, 'aap_swing': 11.76, 'inc_shift': -164, 'inc_swing': -21.74, 'bjp_shift': -2, 'bjp_swing': -0.09}",Akali Bastion: Strategic Penetration & Demolition Zone,ਅਕਾਲੀ ਦਲ ਦਾ ਪ੍ਰਭਾਵਿਤ ਖੇਤਰ: ਵਿਸ਼ੇਸ਼ ਘੇਰਾਬੰਦੀ ਜ਼ੋਨ,SAD retained lead here by +62 votes (48.7% share). Target moderate Panthic and farming families in Alkare (Part 2) disillusioned with traditional leadership. Appoint dedicated block coordinators and highlight direct government procurement and village development works.,ਅਕਾਲੀ ਦਲ ਨੇ ਇੱਥੇ +62 ਵੋਟਾਂ (48.7%) ਨਾਲ ਲੀਡ ਬਣਾਈ ਹੈ। ਅਲਕੜੇ (ਭਾਗ 2) ਵਿੱਚ ਰਵਾਇਤੀ ਲੀਡਰਸ਼ਿਪ ਤੋਂ ਨਿਰਾਸ਼ ਕਿਸਾਨ ਅਤੇ ਪੰਥਕ ਪਰਿਵਾਰਾਂ ਨਾਲ ਸੰਵਾਦ ਕਰੋ। ਪਿੰਡਾਂ ਵਿੱਚ ਪੰਜਾਬ ਸਰਕਾਰ ਦੇ ਵਿਕਾਸ ਕਾਰਜਾਂ ਅਤੇ ਨਿਰਪੱਖ ਭਰਤੀਆਂ ਦੇ ਸੁਨੇਹੇ ਨਾਲ ਸੰਨ੍ਹ ਲਗਾਓ।,"{'booth_no': '117', 'village_en': 'Alkare (Part 2)', 'village_pa': 'ਅਲਕੜੇ (ਭਾਗ 2)', 'zone_en': 'Akali Bastion: Strategic Penetration & Demolition Zone', 'zone_pa': 'ਅਕਾਲੀ ਦਲ ਦਾ ਪ੍ਰਭਾਵਿਤ ਖੇਤਰ: ਵਿਸ਼ੇਸ਼ ਘੇਰਾਬੰਦੀ ਜ਼ੋਨ', 'action_en': 'SAD retained lead here by +62 votes (48.7% share). Target moderate Panthic and farming families in Alkare (Part 2) disillusioned with traditional leadership. Appoint dedicated block coordinators and highlight direct government procurement and village development works.', 'action_pa': 'ਅਕਾਲੀ ਦਲ ਨੇ ਇੱਥੇ +62 ਵੋਟਾਂ (48.7%) ਨਾਲ ਲੀਡ ਬਣਾਈ ਹੈ। ਅਲਕੜੇ (ਭਾਗ 2) ਵਿੱਚ ਰਵਾਇਤੀ ਲੀਡਰਸ਼ਿਪ ਤੋਂ ਨਿਰਾਸ਼ ਕਿਸਾਨ ਅਤੇ ਪੰਥਕ ਪਰਿਵਾਰਾਂ ਨਾਲ ਸੰਵਾਦ ਕਰੋ। ਪਿੰਡਾਂ ਵਿੱਚ ਪੰਜਾਬ ਸਰਕਾਰ ਦੇ ਵਿਕਾਸ ਕਾਰਜਾਂ ਅਤੇ ਨਿਰਪੱਖ ਭਰਤੀਆਂ ਦੇ ਸੁਨੇਹੇ ਨਾਲ ਸੰਨ੍ਹ ਲਗਾਓ।', 'action_steps_en': ['Days 1-30: Map the top 30 influential non-committed Panthic families in Alkare (Part 2).', 'Days 31-60: Deploy senior constituency leaders for direct home visits to address local disgruntlement.', ""Days 61-90: Neutralize SAD's +62 vote cushion by winning over agricultural youth.""], 'action_steps_pa': ['ਦਿਨ 1-30: ਅਲਕੜੇ (ਭਾਗ 2) ਦੇ 30 ਨਿਰਪੱਖ ਅਤੇ ਪ੍ਰਭਾਵਸ਼ਾਲੀ ਪਰਿਵਾਰਾਂ ਦੀ ਸ਼ਨਾਖਤ ਕਰੋ।', 'ਦਿਨ 31-60: ਸੀਨੀਅਰ ਲੀਡਰਸ਼ਿਪ ਰਾਹੀਂ ਘਰ-ਘਰ ਜਾ ਕੇ ਸਰਕਾਰ ਦੀਆਂ ਨਿਰਪੱਖ ਨੀਤੀਆਂ ਸਾਂਝੀਆਂ ਕਰੋ।', 'ਦਿਨ 61-90: ਨੌਜਵਾਨ ਵਰਗ ਨੂੰ ਸਰਕਾਰੀ ਨੌਕਰੀਆਂ ਅਤੇ ਖੇਡ ਕਿੱਟਾਂ ਰਾਹੀਂ ਪਾਰਟੀ ਨਾਲ ਜੋੜ ਕੇ ਲੀਡ ਘਟਾਓ।'], 'action_steps': ['ਦਿਨ 1-30: ਅਲਕੜੇ (ਭਾਗ 2) ਦੇ 30 ਨਿਰਪੱਖ ਅਤੇ ਪ੍ਰਭਾਵਸ਼ਾਲੀ ਪਰਿਵਾਰਾਂ ਦੀ ਸ਼ਨਾਖਤ ਕਰੋ।', 'ਦਿਨ 31-60: ਸੀਨੀਅਰ ਲੀਡਰਸ਼ਿਪ ਰਾਹੀਂ ਘਰ-ਘਰ ਜਾ ਕੇ ਸਰਕਾਰ ਦੀਆਂ ਨਿਰਪੱਖ ਨੀਤੀਆਂ ਸਾਂਝੀਆਂ ਕਰੋ।', 'ਦਿਨ 61-90: ਨੌਜਵਾਨ ਵਰਗ ਨੂੰ ਸਰਕਾਰੀ ਨੌਕਰੀਆਂ ਅਤੇ ਖੇਡ ਕਿੱਟਾਂ ਰਾਹੀਂ ਪਾਰਟੀ ਨਾਲ ਜੋੜ ਕੇ ਲੀਡ ਘਟਾਓ।']}"
121,118,Athwal (Part 2),ਅਠਵਾਲ (ਭਾਗ 2),ਅਠਵਾਲ (ਭਾਗ 2),Athwal (Part 2),ਅਠਵਾਲ (ਭਾਗ 2),SAD,SAD,16,37,SAD Retained,SAD Retained,AAP Deficit,ਆਪ ਘਾਟ,INC Deficit,"{'AAP': 'LOST_BOTH', 'SAD': 'WON_BOTH', 'INC': 'WEAK', 'BJP': 'WEAK'}",False,"{'is_flip': False, 'status_label': 'SAD Retained', 'turnout_diff': 30, 'turnout_pct': 5.75, 'sad_swing': 0.07, 'aap_swing': -3.57, 'inc_swing': 1.19, 'bjp_swing': -1.89}",522,552,30,5.75,237,251,14,45.4,45.47,0.07,221,214,-7,42.34,38.77,-3.57,25,33,8,4.79,5.98,1.19,25,16,-9,4.79,2.9,-1.89,10,1.81,"{'total': 522, 'sad': 237, 'aap': 221, 'inc': 25, 'bjp': 25, 'sad_votes': 237, 'sad_pct': 45.4, 'aap_votes': 221, 'aap_pct': 42.34, 'inc_votes': 25, 'inc_pct': 4.79, 'bjp_votes': 25, 'bjp_pct': 4.79, 'winner_party': 'SAD', 'margin': 16, 'winner_candidate': 'Ganieve Kaur Majithia'}","{'total': 552, 'sad': 251, 'aap': 214, 'inc': 33, 'bjp': 16, 'sada': 10, 'bsp': 0, 'others': 26, 'sad_votes': 251, 'sad_pct': 45.47, 'aap_votes': 214, 'aap_pct': 38.77, 'inc_votes': 33, 'inc_pct': 5.98, 'bjp_votes': 16, 'bjp_pct': 2.9, 'sada_votes': 10, 'sada_pct': 1.81, 'winner_party': 'SAD', 'margin': 37, 'winner_candidate': 'Anil Joshi'}","{'turnout_diff': 30, 'turnout_pct': 5.75, 'sad_shift': 14, 'sad_swing': 0.07, 'aap_shift': -7, 'aap_swing': -3.57, 'inc_shift': 8, 'inc_swing': 1.19, 'bjp_shift': -9, 'bjp_swing': -1.89}",Akali Bastion: Strategic Penetration & Demolition Zone,ਅਕਾਲੀ ਦਲ ਦਾ ਪ੍ਰਭਾਵਿਤ ਖੇਤਰ: ਵਿਸ਼ੇਸ਼ ਘੇਰਾਬੰਦੀ ਜ਼ੋਨ,SAD retained lead here by +37 votes (45.5% share). Target moderate Panthic and farming families in Athwal (Part 2) disillusioned with traditional leadership. Appoint dedicated block coordinators and highlight direct government procurement and village development works.,ਅਕਾਲੀ ਦਲ ਨੇ ਇੱਥੇ +37 ਵੋਟਾਂ (45.5%) ਨਾਲ ਲੀਡ ਬਣਾਈ ਹੈ। ਅਠਵਾਲ (ਭਾਗ 2) ਵਿੱਚ ਰਵਾਇਤੀ ਲੀਡਰਸ਼ਿਪ ਤੋਂ ਨਿਰਾਸ਼ ਕਿਸਾਨ ਅਤੇ ਪੰਥਕ ਪਰਿਵਾਰਾਂ ਨਾਲ ਸੰਵਾਦ ਕਰੋ। ਪਿੰਡਾਂ ਵਿੱਚ ਪੰਜਾਬ ਸਰਕਾਰ ਦੇ ਵਿਕਾਸ ਕਾਰਜਾਂ ਅਤੇ ਨਿਰਪੱਖ ਭਰਤੀਆਂ ਦੇ ਸੁਨੇਹੇ ਨਾਲ ਸੰਨ੍ਹ ਲਗਾਓ।,"{'booth_no': '118', 'village_en': 'Athwal (Part 2)', 'village_pa': 'ਅਠਵਾਲ (ਭਾਗ 2)', 'zone_en': 'Akali Bastion: Strategic Penetration & Demolition Zone', 'zone_pa': 'ਅਕਾਲੀ ਦਲ ਦਾ ਪ੍ਰਭਾਵਿਤ ਖੇਤਰ: ਵਿਸ਼ੇਸ਼ ਘੇਰਾਬੰਦੀ ਜ਼ੋਨ', 'action_en': 'SAD retained lead here by +37 votes (45.5% share). Target moderate Panthic and farming families in Athwal (Part 2) disillusioned with traditional leadership. Appoint dedicated block coordinators and highlight direct government procurement and village development works.', 'action_pa': 'ਅਕਾਲੀ ਦਲ ਨੇ ਇੱਥੇ +37 ਵੋਟਾਂ (45.5%) ਨਾਲ ਲੀਡ ਬਣਾਈ ਹੈ। ਅਠਵਾਲ (ਭਾਗ 2) ਵਿੱਚ ਰਵਾਇਤੀ ਲੀਡਰਸ਼ਿਪ ਤੋਂ ਨਿਰਾਸ਼ ਕਿਸਾਨ ਅਤੇ ਪੰਥਕ ਪਰਿਵਾਰਾਂ ਨਾਲ ਸੰਵਾਦ ਕਰੋ। ਪਿੰਡਾਂ ਵਿੱਚ ਪੰਜਾਬ ਸਰਕਾਰ ਦੇ ਵਿਕਾਸ ਕਾਰਜਾਂ ਅਤੇ ਨਿਰਪੱਖ ਭਰਤੀਆਂ ਦੇ ਸੁਨੇਹੇ ਨਾਲ ਸੰਨ੍ਹ ਲਗਾਓ।', 'action_steps_en': ['Days 1-30: Map the top 30 influential non-committed Panthic families in Athwal (Part 2).', 'Days 31-60: Deploy senior constituency leaders for direct home visits to address local disgruntlement.', ""Days 61-90: Neutralize SAD's +37 vote cushion by winning over agricultural youth.""], 'action_steps_pa': ['ਦਿਨ 1-30: ਅਠਵਾਲ (ਭਾਗ 2) ਦੇ 30 ਨਿਰਪੱਖ ਅਤੇ ਪ੍ਰਭਾਵਸ਼ਾਲੀ ਪਰਿਵਾਰਾਂ ਦੀ ਸ਼ਨਾਖਤ ਕਰੋ।', 'ਦਿਨ 31-60: ਸੀਨੀਅਰ ਲੀਡਰਸ਼ਿਪ ਰਾਹੀਂ ਘਰ-ਘਰ ਜਾ ਕੇ ਸਰਕਾਰ ਦੀਆਂ ਨਿਰਪੱਖ ਨੀਤੀਆਂ ਸਾਂਝੀਆਂ ਕਰੋ।', 'ਦਿਨ 61-90: ਨੌਜਵਾਨ ਵਰਗ ਨੂੰ ਸਰਕਾਰੀ ਨੌਕਰੀਆਂ ਅਤੇ ਖੇਡ ਕਿੱਟਾਂ ਰਾਹੀਂ ਪਾਰਟੀ ਨਾਲ ਜੋੜ ਕੇ ਲੀਡ ਘਟਾਓ।'], 'action_steps': ['ਦਿਨ 1-30: ਅਠਵਾਲ (ਭਾਗ 2) ਦੇ 30 ਨਿਰਪੱਖ ਅਤੇ ਪ੍ਰਭਾਵਸ਼ਾਲੀ ਪਰਿਵਾਰਾਂ ਦੀ ਸ਼ਨਾਖਤ ਕਰੋ।', 'ਦਿਨ 31-60: ਸੀਨੀਅਰ ਲੀਡਰਸ਼ਿਪ ਰਾਹੀਂ ਘਰ-ਘਰ ਜਾ ਕੇ ਸਰਕਾਰ ਦੀਆਂ ਨਿਰਪੱਖ ਨੀਤੀਆਂ ਸਾਂਝੀਆਂ ਕਰੋ।', 'ਦਿਨ 61-90: ਨੌਜਵਾਨ ਵਰਗ ਨੂੰ ਸਰਕਾਰੀ ਨੌਕਰੀਆਂ ਅਤੇ ਖੇਡ ਕਿੱਟਾਂ ਰਾਹੀਂ ਪਾਰਟੀ ਨਾਲ ਜੋੜ ਕੇ ਲੀਡ ਘਟਾਓ।']}"
122,119,Babowal (Part 2),ਬਾਬੋਵਾਲ (ਭਾਗ 2),ਬਾਬੋਵਾਲ (ਭਾਗ 2),Babowal (Part 2),ਬਾਬੋਵਾਲ (ਭਾਗ 2),AAP,SAD,17,103,AAP → SAD,AAP → SAD,AAP Loss,ਆਪ ਨੁਕਸਾਨ,INC Deficit,"{'AAP': 'LOST_24', 'SAD': 'GAINED', 'INC': 'LOST_BOTH', 'BJP': 'LOST_BOTH'}",True,"{'is_flip': True, 'status_label': 'AAP → SAD', 'turnout_diff': -70, 'turnout_pct': -15.66, 'sad_swing': 2.91, 'aap_swing': -30.6, 'inc_swing': 7.5, 'bjp_swing': 15.86}",447,377,-70,-15.66,185,167,-18,41.39,44.3,2.91,202,55,-147,45.19,14.59,-30.6,40,62,22,8.95,16.45,7.5,5,64,59,1.12,16.98,15.86,13,3.45,"{'total': 447, 'sad': 185, 'aap': 202, 'inc': 40, 'bjp': 5, 'sad_votes': 185, 'sad_pct': 41.39, 'aap_votes': 202, 'aap_pct': 45.19, 'inc_votes': 40, 'inc_pct': 8.95, 'bjp_votes': 5, 'bjp_pct': 1.12, 'winner_party': 'AAP', 'margin': 17, 'winner_candidate': 'Sukhjinder Raj Singh (Lalli)'}","{'total': 377, 'sad': 167, 'aap': 55, 'inc': 62, 'bjp': 64, 'sada': 13, 'bsp': 1, 'others': 15, 'sad_votes': 167, 'sad_pct': 44.3, 'aap_votes': 55, 'aap_pct': 14.59, 'inc_votes': 62, 'inc_pct': 16.45, 'bjp_votes': 64, 'bjp_pct': 16.98, 'sada_votes': 13, 'sada_pct': 3.45, 'winner_party': 'SAD', 'margin': 103, 'winner_candidate': 'Anil Joshi'}","{'turnout_diff': -70, 'turnout_pct': -15.66, 'sad_shift': -18, 'sad_swing': 2.91, 'aap_shift': -147, 'aap_swing': -30.6, 'inc_shift': 22, 'inc_swing': 7.5, 'bjp_shift': 59, 'bjp_swing': 15.86}",Akali Bastion: Strategic Penetration & Demolition Zone,ਅਕਾਲੀ ਦਲ ਦਾ ਪ੍ਰਭਾਵਿਤ ਖੇਤਰ: ਵਿਸ਼ੇਸ਼ ਘੇਰਾਬੰਦੀ ਜ਼ੋਨ,SAD retained lead here by +103 votes (44.3% share). Target moderate Panthic and farming families in Babowal (Part 2) disillusioned with traditional leadership. Appoint dedicated block coordinators and highlight direct government procurement and village development works.,ਅਕਾਲੀ ਦਲ ਨੇ ਇੱਥੇ +103 ਵੋਟਾਂ (44.3%) ਨਾਲ ਲੀਡ ਬਣਾਈ ਹੈ। ਬਾਬੋਵਾਲ (ਭਾਗ 2) ਵਿੱਚ ਰਵਾਇਤੀ ਲੀਡਰਸ਼ਿਪ ਤੋਂ ਨਿਰਾਸ਼ ਕਿਸਾਨ ਅਤੇ ਪੰਥਕ ਪਰਿਵਾਰਾਂ ਨਾਲ ਸੰਵਾਦ ਕਰੋ। ਪਿੰਡਾਂ ਵਿੱਚ ਪੰਜਾਬ ਸਰਕਾਰ ਦੇ ਵਿਕਾਸ ਕਾਰਜਾਂ ਅਤੇ ਨਿਰਪੱਖ ਭਰਤੀਆਂ ਦੇ ਸੁਨੇਹੇ ਨਾਲ ਸੰਨ੍ਹ ਲਗਾਓ।,"{'booth_no': '119', 'village_en': 'Babowal (Part 2)', 'village_pa': 'ਬਾਬੋਵਾਲ (ਭਾਗ 2)', 'zone_en': 'Akali Bastion: Strategic Penetration & Demolition Zone', 'zone_pa': 'ਅਕਾਲੀ ਦਲ ਦਾ ਪ੍ਰਭਾਵਿਤ ਖੇਤਰ: ਵਿਸ਼ੇਸ਼ ਘੇਰਾਬੰਦੀ ਜ਼ੋਨ', 'action_en': 'SAD retained lead here by +103 votes (44.3% share). Target moderate Panthic and farming families in Babowal (Part 2) disillusioned with traditional leadership. Appoint dedicated block coordinators and highlight direct government procurement and village development works.', 'action_pa': 'ਅਕਾਲੀ ਦਲ ਨੇ ਇੱਥੇ +103 ਵੋਟਾਂ (44.3%) ਨਾਲ ਲੀਡ ਬਣਾਈ ਹੈ। ਬਾਬੋਵਾਲ (ਭਾਗ 2) ਵਿੱਚ ਰਵਾਇਤੀ ਲੀਡਰਸ਼ਿਪ ਤੋਂ ਨਿਰਾਸ਼ ਕਿਸਾਨ ਅਤੇ ਪੰਥਕ ਪਰਿਵਾਰਾਂ ਨਾਲ ਸੰਵਾਦ ਕਰੋ। ਪਿੰਡਾਂ ਵਿੱਚ ਪੰਜਾਬ ਸਰਕਾਰ ਦੇ ਵਿਕਾਸ ਕਾਰਜਾਂ ਅਤੇ ਨਿਰਪੱਖ ਭਰਤੀਆਂ ਦੇ ਸੁਨੇਹੇ ਨਾਲ ਸੰਨ੍ਹ ਲਗਾਓ।', 'action_steps_en': ['Days 1-30: Map the top 30 influential non-committed Panthic families in Babowal (Part 2).', 'Days 31-60: Deploy senior constituency leaders for direct home visits to address local disgruntlement.', ""Days 61-90: Neutralize SAD's +103 vote cushion by winning over agricultural youth.""], 'action_steps_pa': ['ਦਿਨ 1-30: ਬਾਬੋਵਾਲ (ਭਾਗ 2) ਦੇ 30 ਨਿਰਪੱਖ ਅਤੇ ਪ੍ਰਭਾਵਸ਼ਾਲੀ ਪਰਿਵਾਰਾਂ ਦੀ ਸ਼ਨਾਖਤ ਕਰੋ।', 'ਦਿਨ 31-60: ਸੀਨੀਅਰ ਲੀਡਰਸ਼ਿਪ ਰਾਹੀਂ ਘਰ-ਘਰ ਜਾ ਕੇ ਸਰਕਾਰ ਦੀਆਂ ਨਿਰਪੱਖ ਨੀਤੀਆਂ ਸਾਂਝੀਆਂ ਕਰੋ।', 'ਦਿਨ 61-90: ਨੌਜਵਾਨ ਵਰਗ ਨੂੰ ਸਰਕਾਰੀ ਨੌਕਰੀਆਂ ਅਤੇ ਖੇਡ ਕਿੱਟਾਂ ਰਾਹੀਂ ਪਾਰਟੀ ਨਾਲ ਜੋੜ ਕੇ ਲੀਡ ਘਟਾਓ।'], 'action_steps': ['ਦਿਨ 1-30: ਬਾਬੋਵਾਲ (ਭਾਗ 2) ਦੇ 30 ਨਿਰਪੱਖ ਅਤੇ ਪ੍ਰਭਾਵਸ਼ਾਲੀ ਪਰਿਵਾਰਾਂ ਦੀ ਸ਼ਨਾਖਤ ਕਰੋ।', 'ਦਿਨ 31-60: ਸੀਨੀਅਰ ਲੀਡਰਸ਼ਿਪ ਰਾਹੀਂ ਘਰ-ਘਰ ਜਾ ਕੇ ਸਰਕਾਰ ਦੀਆਂ ਨਿਰਪੱਖ ਨੀਤੀਆਂ ਸਾਂਝੀਆਂ ਕਰੋ।', 'ਦਿਨ 61-90: ਨੌਜਵਾਨ ਵਰਗ ਨੂੰ ਸਰਕਾਰੀ ਨੌਕਰੀਆਂ ਅਤੇ ਖੇਡ ਕਿੱਟਾਂ ਰਾਹੀਂ ਪਾਰਟੀ ਨਾਲ ਜੋੜ ਕੇ ਲੀਡ ਘਟਾਓ।']}"
123,120,Begewal (Part 2),ਬੇਗੇਵਾਲ (ਭਾਗ 2),ਬੇਗੇਵਾਲ (ਭਾਗ 2),Begewal (Part 2),ਬੇਗੇਵਾਲ (ਭਾਗ 2),SAD,AAP,885,15,SAD → AAP,SAD → AAP,AAP Gain,ਆਪ ਲਾਭ,INC Deficit,"{'AAP': 'GAINED', 'SAD': 'LOST_24', 'INC': 'LOST_BOTH', 'BJP': 'LOST_BOTH'}",True,"{'is_flip': True, 'status_label': 'SAD → AAP', 'turnout_diff': -238, 'turnout_pct': -25.11, 'sad_swing': -76.95, 'aap_swing': 28.81, 'inc_swing': 16.69, 'bjp_swing': 26.16}",948,710,-238,-25.11,907,133,-774,95.68,18.73,-76.95,6,209,203,0.63,29.44,28.81,22,135,113,2.32,19.01,16.69,11,194,183,1.16,27.32,26.16,16,2.25,"{'total': 948, 'sad': 907, 'aap': 6, 'inc': 22, 'bjp': 11, 'sad_votes': 907, 'sad_pct': 95.68, 'aap_votes': 6, 'aap_pct': 0.63, 'inc_votes': 22, 'inc_pct': 2.32, 'bjp_votes': 11, 'bjp_pct': 1.16, 'winner_party': 'SAD', 'margin': 885, 'winner_candidate': 'Ganieve Kaur Majithia'}","{'total': 710, 'sad': 133, 'aap': 209, 'inc': 135, 'bjp': 194, 'sada': 16, 'bsp': 3, 'others': 17, 'sad_votes': 133, 'sad_pct': 18.73, 'aap_votes': 209, 'aap_pct': 29.44, 'inc_votes': 135, 'inc_pct': 19.01, 'bjp_votes': 194, 'bjp_pct': 27.32, 'sada_votes': 16, 'sada_pct': 2.25, 'winner_party': 'AAP', 'margin': 15, 'winner_candidate': 'Kuldeep Singh Dhaliwal'}","{'turnout_diff': -238, 'turnout_pct': -25.11, 'sad_shift': -774, 'sad_swing': -76.95, 'aap_shift': 203, 'aap_swing': 28.81, 'inc_shift': 113, 'inc_swing': 16.69, 'bjp_shift': 183, 'bjp_swing': 26.16}",Historic Breakthrough: AAP Flipped Stronghold,ਇਤਿਹਾਸਕ ਪ੍ਰਾਪਤੀ: ਅਕਾਲੀ ਗੜ੍ਹ ਵਿੱਚ ਆਪ ਦੀ ਜਿੱਤ ਜ਼ੋਨ,"Major breakthrough in Begewal (Part 2) previously held by SAD. Formally induct local village swing leaders and youth volunteers who backed AAP in 2024. Resolve local village infrastructure, canal tail issues, and cement +15 lead.","ਬੇਗੇਵਾਲ (ਭਾਗ 2) ਵਿੱਚ ਵੱਡੀ ਇਤਿਹਾਸਕ ਸਫ਼ਲਤਾ, ਜਿੱਥੇ SAD ਦਾ ਪੁਰਾਣਾ ਦਬਦਬਾ ਟੁੱਟਿਆ। 2024 ਵਿੱਚ ਆਪ ਨਾਲ ਜੁੜੇ ਨੌਜਵਾਨਾਂ ਅਤੇ ਪੰਚਾਇਤੀ ਆਗੂਆਂ ਨੂੰ ਜਥੇਬੰਦਕ ਜ਼ਿੰਮੇਵਾਰੀਆਂ ਦਿਓ ਅਤੇ +15 ਵੋਟਾਂ ਦੀ ਲੀਡ ਨੂੰ ਸਥਾਈ ਵੋਟ ਬੈਂਕ ਵਿੱਚ ਬਦਲੋ।","{'booth_no': '120', 'village_en': 'Begewal (Part 2)', 'village_pa': 'ਬੇਗੇਵਾਲ (ਭਾਗ 2)', 'zone_en': 'Historic Breakthrough: AAP Flipped Stronghold', 'zone_pa': 'ਇਤਿਹਾਸਕ ਪ੍ਰਾਪਤੀ: ਅਕਾਲੀ ਗੜ੍ਹ ਵਿੱਚ ਆਪ ਦੀ ਜਿੱਤ ਜ਼ੋਨ', 'action_en': 'Major breakthrough in Begewal (Part 2) previously held by SAD. Formally induct local village swing leaders and youth volunteers who backed AAP in 2024. Resolve local village infrastructure, canal tail issues, and cement +15 lead.', 'action_pa': 'ਬੇਗੇਵਾਲ (ਭਾਗ 2) ਵਿੱਚ ਵੱਡੀ ਇਤਿਹਾਸਕ ਸਫ਼ਲਤਾ, ਜਿੱਥੇ SAD ਦਾ ਪੁਰਾਣਾ ਦਬਦਬਾ ਟੁੱਟਿਆ। 2024 ਵਿੱਚ ਆਪ ਨਾਲ ਜੁੜੇ ਨੌਜਵਾਨਾਂ ਅਤੇ ਪੰਚਾਇਤੀ ਆਗੂਆਂ ਨੂੰ ਜਥੇਬੰਦਕ ਜ਼ਿੰਮੇਵਾਰੀਆਂ ਦਿਓ ਅਤੇ +15 ਵੋਟਾਂ ਦੀ ਲੀਡ ਨੂੰ ਸਥਾਈ ਵੋਟ ਬੈਂਕ ਵਿੱਚ ਬਦਲੋ।', 'action_steps_en': ['Days 1-30: Onboard dynamic swing workers who crossed over from SAD into the formal AAP booth structure.', 'Days 31-60: Prioritize village link road and street light repairs in Begewal (Part 2) through rural development grants.', 'Days 61-90: Convert current +15 vote lead into permanent party loyalty before 2027.'], 'action_steps_pa': ['ਦਿਨ 1-30: SAD ਛੱਡ ਕੇ ਆਪ ਵਿੱਚ ਸ਼ਾਮਲ ਹੋਏ ਆਗੂਆਂ ਨੂੰ ਬੂਥ ਕਮੇਟੀ ਵਿੱਚ ਅਹਿਮ ਜ਼ਿੰਮੇਵਾਰੀਆਂ ਦਿਓ।', ""ਦਿਨ 31-60: ਬੇਗੇਵਾਲ (ਭਾਗ 2) ਵਿੱਚ ਪਿੰਡ ਦੀਆਂ ਫਿਰਨੀਆਂ, ਗਲੀਆਂ ਅਤੇ ਲਿੰਕ ਸੜਕਾਂ ਦੇ ਕੰਮ ਤਰਜੀਹ 'ਤੇ ਕਰਵਾਓ।"", 'ਦਿਨ 61-90: +15 ਵੋਟਾਂ ਦੀ ਲੀਡ ਨੂੰ ਪੱਕੇ ਵੋਟ ਬੈਂਕ ਵਿੱਚ ਤਬਦੀਲ ਕਰੋ।'], 'action_steps': ['ਦਿਨ 1-30: SAD ਛੱਡ ਕੇ ਆਪ ਵਿੱਚ ਸ਼ਾਮਲ ਹੋਏ ਆਗੂਆਂ ਨੂੰ ਬੂਥ ਕਮੇਟੀ ਵਿੱਚ ਅਹਿਮ ਜ਼ਿੰਮੇਵਾਰੀਆਂ ਦਿਓ।', ""ਦਿਨ 31-60: ਬੇਗੇਵਾਲ (ਭਾਗ 2) ਵਿੱਚ ਪਿੰਡ ਦੀਆਂ ਫਿਰਨੀਆਂ, ਗਲੀਆਂ ਅਤੇ ਲਿੰਕ ਸੜਕਾਂ ਦੇ ਕੰਮ ਤਰਜੀਹ 'ਤੇ ਕਰਵਾਓ।"", 'ਦਿਨ 61-90: +15 ਵੋਟਾਂ ਦੀ ਲੀਡ ਨੂੰ ਪੱਕੇ ਵੋਟ ਬੈਂਕ ਵਿੱਚ ਤਬਦੀਲ ਕਰੋ।']}"
124,121,Bhaini Lidhran (Part 2),ਭੈਣੀ ਲਿੱਧੜਾਂ (ਭਾਗ 2),ਭੈਣੀ ਲਿੱਧੜਾਂ (ਭਾਗ 2),Bhaini Lidhran (Part 2),ਭੈਣੀ ਲਿੱਧੜਾਂ (ਭਾਗ 2),SAD,AAP,44,42,SAD → AAP,SAD → AAP,AAP Gain,ਆਪ ਲਾਭ,INC Deficit,"{'AAP': 'GAINED', 'SAD': 'LOST_24', 'INC': 'LOST_BOTH', 'BJP': 'LOST_BOTH'}",True,"{'is_flip': True, 'status_label': 'SAD → AAP', 'turnout_diff': 102, 'turnout_pct': 17.56, 'sad_swing': -14.31, 'aap_swing': 8.36, 'inc_swing': -12.59, 'bjp_swing': 15.12}",581,683,102,17.56,232,175,-57,39.93,25.62,-14.31,136,217,81,23.41,31.77,8.36,188,135,-53,32.36,19.77,-12.59,10,115,105,1.72,16.84,15.12,6,0.88,"{'total': 581, 'sad': 232, 'aap': 136, 'inc': 188, 'bjp': 10, 'sad_votes': 232, 'sad_pct': 39.93, 'aap_votes': 136, 'aap_pct': 23.41, 'inc_votes': 188, 'inc_pct': 32.36, 'bjp_votes': 10, 'bjp_pct': 1.72, 'winner_party': 'SAD', 'margin': 44, 'winner_candidate': 'Ganieve Kaur Majithia'}","{'total': 683, 'sad': 175, 'aap': 217, 'inc': 135, 'bjp': 115, 'sada': 6, 'bsp': 11, 'others': 24, 'sad_votes': 175, 'sad_pct': 25.62, 'aap_votes': 217, 'aap_pct': 31.77, 'inc_votes': 135, 'inc_pct': 19.77, 'bjp_votes': 115, 'bjp_pct': 16.84, 'sada_votes': 6, 'sada_pct': 0.88, 'winner_party': 'AAP', 'margin': 42, 'winner_candidate': 'Kuldeep Singh Dhaliwal'}","{'turnout_diff': 102, 'turnout_pct': 17.56, 'sad_shift': -57, 'sad_swing': -14.31, 'aap_shift': 81, 'aap_swing': 8.36, 'inc_shift': -53, 'inc_swing': -12.59, 'bjp_shift': 105, 'bjp_swing': 15.12}",Historic Breakthrough: AAP Flipped Stronghold,ਇਤਿਹਾਸਕ ਪ੍ਰਾਪਤੀ: ਅਕਾਲੀ ਗੜ੍ਹ ਵਿੱਚ ਆਪ ਦੀ ਜਿੱਤ ਜ਼ੋਨ,"Major breakthrough in Bhaini Lidhran (Part 2) previously held by SAD. Formally induct local village swing leaders and youth volunteers who backed AAP in 2024. Resolve local village infrastructure, canal tail issues, and cement +42 lead.","ਭੈਣੀ ਲਿੱਧੜਾਂ (ਭਾਗ 2) ਵਿੱਚ ਵੱਡੀ ਇਤਿਹਾਸਕ ਸਫ਼ਲਤਾ, ਜਿੱਥੇ SAD ਦਾ ਪੁਰਾਣਾ ਦਬਦਬਾ ਟੁੱਟਿਆ। 2024 ਵਿੱਚ ਆਪ ਨਾਲ ਜੁੜੇ ਨੌਜਵਾਨਾਂ ਅਤੇ ਪੰਚਾਇਤੀ ਆਗੂਆਂ ਨੂੰ ਜਥੇਬੰਦਕ ਜ਼ਿੰਮੇਵਾਰੀਆਂ ਦਿਓ ਅਤੇ +42 ਵੋਟਾਂ ਦੀ ਲੀਡ ਨੂੰ ਸਥਾਈ ਵੋਟ ਬੈਂਕ ਵਿੱਚ ਬਦਲੋ।","{'booth_no': '121', 'village_en': 'Bhaini Lidhran (Part 2)', 'village_pa': 'ਭੈਣੀ ਲਿੱਧੜਾਂ (ਭਾਗ 2)', 'zone_en': 'Historic Breakthrough: AAP Flipped Stronghold', 'zone_pa': 'ਇਤਿਹਾਸਕ ਪ੍ਰਾਪਤੀ: ਅਕਾਲੀ ਗੜ੍ਹ ਵਿੱਚ ਆਪ ਦੀ ਜਿੱਤ ਜ਼ੋਨ', 'action_en': 'Major breakthrough in Bhaini Lidhran (Part 2) previously held by SAD. Formally induct local village swing leaders and youth volunteers who backed AAP in 2024. Resolve local village infrastructure, canal tail issues, and cement +42 lead.', 'action_pa': 'ਭੈਣੀ ਲਿੱਧੜਾਂ (ਭਾਗ 2) ਵਿੱਚ ਵੱਡੀ ਇਤਿਹਾਸਕ ਸਫ਼ਲਤਾ, ਜਿੱਥੇ SAD ਦਾ ਪੁਰਾਣਾ ਦਬਦਬਾ ਟੁੱਟਿਆ। 2024 ਵਿੱਚ ਆਪ ਨਾਲ ਜੁੜੇ ਨੌਜਵਾਨਾਂ ਅਤੇ ਪੰਚਾਇਤੀ ਆਗੂਆਂ ਨੂੰ ਜਥੇਬੰਦਕ ਜ਼ਿੰਮੇਵਾਰੀਆਂ ਦਿਓ ਅਤੇ +42 ਵੋਟਾਂ ਦੀ ਲੀਡ ਨੂੰ ਸਥਾਈ ਵੋਟ ਬੈਂਕ ਵਿੱਚ ਬਦਲੋ।', 'action_steps_en': ['Days 1-30: Onboard dynamic swing workers who crossed over from SAD into the formal AAP booth structure.', 'Days 31-60: Prioritize village link road and street light repairs in Bhaini Lidhran (Part 2) through rural development grants.', 'Days 61-90: Convert current +42 vote lead into permanent party loyalty before 2027.'], 'action_steps_pa': ['ਦਿਨ 1-30: SAD ਛੱਡ ਕੇ ਆਪ ਵਿੱਚ ਸ਼ਾਮਲ ਹੋਏ ਆਗੂਆਂ ਨੂੰ ਬੂਥ ਕਮੇਟੀ ਵਿੱਚ ਅਹਿਮ ਜ਼ਿੰਮੇਵਾਰੀਆਂ ਦਿਓ।', ""ਦਿਨ 31-60: ਭੈਣੀ ਲਿੱਧੜਾਂ (ਭਾਗ 2) ਵਿੱਚ ਪਿੰਡ ਦੀਆਂ ਫਿਰਨੀਆਂ, ਗਲੀਆਂ ਅਤੇ ਲਿੰਕ ਸੜਕਾਂ ਦੇ ਕੰਮ ਤਰਜੀਹ 'ਤੇ ਕਰਵਾਓ।"", 'ਦਿਨ 61-90: +42 ਵੋਟਾਂ ਦੀ ਲੀਡ ਨੂੰ ਪੱਕੇ ਵੋਟ ਬੈਂਕ ਵਿੱਚ ਤਬਦੀਲ ਕਰੋ।'], 'action_steps': ['ਦਿਨ 1-30: SAD ਛੱਡ ਕੇ ਆਪ ਵਿੱਚ ਸ਼ਾਮਲ ਹੋਏ ਆਗੂਆਂ ਨੂੰ ਬੂਥ ਕਮੇਟੀ ਵਿੱਚ ਅਹਿਮ ਜ਼ਿੰਮੇਵਾਰੀਆਂ ਦਿਓ।', ""ਦਿਨ 31-60: ਭੈਣੀ ਲਿੱਧੜਾਂ (ਭਾਗ 2) ਵਿੱਚ ਪਿੰਡ ਦੀਆਂ ਫਿਰਨੀਆਂ, ਗਲੀਆਂ ਅਤੇ ਲਿੰਕ ਸੜਕਾਂ ਦੇ ਕੰਮ ਤਰਜੀਹ 'ਤੇ ਕਰਵਾਓ।"", 'ਦਿਨ 61-90: +42 ਵੋਟਾਂ ਦੀ ਲੀਡ ਨੂੰ ਪੱਕੇ ਵੋਟ ਬੈਂਕ ਵਿੱਚ ਤਬਦੀਲ ਕਰੋ।']}"
125,122,Bhandianwali (Part 2),ਭਾਂਡੀਆਂਵਾਲੀ (ਭਾਗ 2),ਭਾਂਡੀਆਂਵਾਲੀ (ਭਾਗ 2),Bhandianwali (Part 2),ਭਾਂਡੀਆਂਵਾਲੀ (ਭਾਗ 2),SAD,AAP,98,31,SAD → AAP,SAD → AAP,AAP Gain,ਆਪ ਲਾਭ,INC Deficit,"{'AAP': 'GAINED', 'SAD': 'LOST_24', 'INC': 'LOST_BOTH', 'BJP': 'LOST_BOTH'}",True,"{'is_flip': True, 'status_label': 'SAD → AAP', 'turnout_diff': 103, 'turnout_pct': 19.25, 'sad_swing': -22.78, 'aap_swing': 11.06, 'inc_swing': -12.14, 'bjp_swing': 22.95}",535,638,103,19.25,251,154,-97,46.92,24.14,-22.78,96,185,89,17.94,29.0,11.06,153,105,-48,28.6,16.46,-12.14,3,150,147,0.56,23.51,22.95,15,2.35,"{'total': 535, 'sad': 251, 'aap': 96, 'inc': 153, 'bjp': 3, 'sad_votes': 251, 'sad_pct': 46.92, 'aap_votes': 96, 'aap_pct': 17.94, 'inc_votes': 153, 'inc_pct': 28.6, 'bjp_votes': 3, 'bjp_pct': 0.56, 'winner_party': 'SAD', 'margin': 98, 'winner_candidate': 'Ganieve Kaur Majithia'}","{'total': 638, 'sad': 154, 'aap': 185, 'inc': 105, 'bjp': 150, 'sada': 15, 'bsp': 5, 'others': 23, 'sad_votes': 154, 'sad_pct': 24.14, 'aap_votes': 185, 'aap_pct': 29.0, 'inc_votes': 105, 'inc_pct': 16.46, 'bjp_votes': 150, 'bjp_pct': 23.51, 'sada_votes': 15, 'sada_pct': 2.35, 'winner_party': 'AAP', 'margin': 31, 'winner_candidate': 'Kuldeep Singh Dhaliwal'}","{'turnout_diff': 103, 'turnout_pct': 19.25, 'sad_shift': -97, 'sad_swing': -22.78, 'aap_shift': 89, 'aap_swing': 11.06, 'inc_shift': -48, 'inc_swing': -12.14, 'bjp_shift': 147, 'bjp_swing': 22.95}",Historic Breakthrough: AAP Flipped Stronghold,ਇਤਿਹਾਸਕ ਪ੍ਰਾਪਤੀ: ਅਕਾਲੀ ਗੜ੍ਹ ਵਿੱਚ ਆਪ ਦੀ ਜਿੱਤ ਜ਼ੋਨ,"Major breakthrough in Bhandianwali (Part 2) previously held by SAD. Formally induct local village swing leaders and youth volunteers who backed AAP in 2024. Resolve local village infrastructure, canal tail issues, and cement +31 lead.","ਭਾਂਡੀਆਂਵਾਲੀ (ਭਾਗ 2) ਵਿੱਚ ਵੱਡੀ ਇਤਿਹਾਸਕ ਸਫ਼ਲਤਾ, ਜਿੱਥੇ SAD ਦਾ ਪੁਰਾਣਾ ਦਬਦਬਾ ਟੁੱਟਿਆ। 2024 ਵਿੱਚ ਆਪ ਨਾਲ ਜੁੜੇ ਨੌਜਵਾਨਾਂ ਅਤੇ ਪੰਚਾਇਤੀ ਆਗੂਆਂ ਨੂੰ ਜਥੇਬੰਦਕ ਜ਼ਿੰਮੇਵਾਰੀਆਂ ਦਿਓ ਅਤੇ +31 ਵੋਟਾਂ ਦੀ ਲੀਡ ਨੂੰ ਸਥਾਈ ਵੋਟ ਬੈਂਕ ਵਿੱਚ ਬਦਲੋ।","{'booth_no': '122', 'village_en': 'Bhandianwali (Part 2)', 'village_pa': 'ਭਾਂਡੀਆਂਵਾਲੀ (ਭਾਗ 2)', 'zone_en': 'Historic Breakthrough: AAP Flipped Stronghold', 'zone_pa': 'ਇਤਿਹਾਸਕ ਪ੍ਰਾਪਤੀ: ਅਕਾਲੀ ਗੜ੍ਹ ਵਿੱਚ ਆਪ ਦੀ ਜਿੱਤ ਜ਼ੋਨ', 'action_en': 'Major breakthrough in Bhandianwali (Part 2) previously held by SAD. Formally induct local village swing leaders and youth volunteers who backed AAP in 2024. Resolve local village infrastructure, canal tail issues, and cement +31 lead.', 'action_pa': 'ਭਾਂਡੀਆਂਵਾਲੀ (ਭਾਗ 2) ਵਿੱਚ ਵੱਡੀ ਇਤਿਹਾਸਕ ਸਫ਼ਲਤਾ, ਜਿੱਥੇ SAD ਦਾ ਪੁਰਾਣਾ ਦਬਦਬਾ ਟੁੱਟਿਆ। 2024 ਵਿੱਚ ਆਪ ਨਾਲ ਜੁੜੇ ਨੌਜਵਾਨਾਂ ਅਤੇ ਪੰਚਾਇਤੀ ਆਗੂਆਂ ਨੂੰ ਜਥੇਬੰਦਕ ਜ਼ਿੰਮੇਵਾਰੀਆਂ ਦਿਓ ਅਤੇ +31 ਵੋਟਾਂ ਦੀ ਲੀਡ ਨੂੰ ਸਥਾਈ ਵੋਟ ਬੈਂਕ ਵਿੱਚ ਬਦਲੋ।', 'action_steps_en': ['Days 1-30: Onboard dynamic swing workers who crossed over from SAD into the formal AAP booth structure.', 'Days 31-60: Prioritize village link road and street light repairs in Bhandianwali (Part 2) through rural development grants.', 'Days 61-90: Convert current +31 vote lead into permanent party loyalty before 2027.'], 'action_steps_pa': ['ਦਿਨ 1-30: SAD ਛੱਡ ਕੇ ਆਪ ਵਿੱਚ ਸ਼ਾਮਲ ਹੋਏ ਆਗੂਆਂ ਨੂੰ ਬੂਥ ਕਮੇਟੀ ਵਿੱਚ ਅਹਿਮ ਜ਼ਿੰਮੇਵਾਰੀਆਂ ਦਿਓ।', ""ਦਿਨ 31-60: ਭਾਂਡੀਆਂਵਾਲੀ (ਭਾਗ 2) ਵਿੱਚ ਪਿੰਡ ਦੀਆਂ ਫਿਰਨੀਆਂ, ਗਲੀਆਂ ਅਤੇ ਲਿੰਕ ਸੜਕਾਂ ਦੇ ਕੰਮ ਤਰਜੀਹ 'ਤੇ ਕਰਵਾਓ।"", 'ਦਿਨ 61-90: +31 ਵੋਟਾਂ ਦੀ ਲੀਡ ਨੂੰ ਪੱਕੇ ਵੋਟ ਬੈਂਕ ਵਿੱਚ ਤਬਦੀਲ ਕਰੋ।'], 'action_steps': ['ਦਿਨ 1-30: SAD ਛੱਡ ਕੇ ਆਪ ਵਿੱਚ ਸ਼ਾਮਲ ਹੋਏ ਆਗੂਆਂ ਨੂੰ ਬੂਥ ਕਮੇਟੀ ਵਿੱਚ ਅਹਿਮ ਜ਼ਿੰਮੇਵਾਰੀਆਂ ਦਿਓ।', ""ਦਿਨ 31-60: ਭਾਂਡੀਆਂਵਾਲੀ (ਭਾਗ 2) ਵਿੱਚ ਪਿੰਡ ਦੀਆਂ ਫਿਰਨੀਆਂ, ਗਲੀਆਂ ਅਤੇ ਲਿੰਕ ਸੜਕਾਂ ਦੇ ਕੰਮ ਤਰਜੀਹ 'ਤੇ ਕਰਵਾਓ।"", 'ਦਿਨ 61-90: +31 ਵੋਟਾਂ ਦੀ ਲੀਡ ਨੂੰ ਪੱਕੇ ਵੋਟ ਬੈਂਕ ਵਿੱਚ ਤਬਦੀਲ ਕਰੋ।']}"
126,123,Bhangali Kalan (Part 2),ਭੰਗਾਲੀ ਕਲਾਂ (ਭਾਗ 2),ਭੰਗਾਲੀ ਕਲਾਂ (ਭਾਗ 2),Bhangali Kalan (Part 2),ਭੰਗਾਲੀ ਕਲਾਂ (ਭਾਗ 2),SAD,SAD,103,48,SAD Retained,SAD Retained,AAP Deficit,ਆਪ ਘਾਟ,INC Deficit,"{'AAP': 'WEAK', 'SAD': 'WON_BOTH', 'INC': 'LOST_BOTH', 'BJP': 'WEAK'}",False,"{'is_flip': False, 'status_label': 'SAD Retained', 'turnout_diff': -24, 'turnout_pct': -3.73, 'sad_swing': -5.13, 'aap_swing': -6.88, 'inc_swing': 8.42, 'bjp_swing': 3.59}",643,619,-24,-3.73,274,232,-42,42.61,37.48,-5.13,171,122,-49,26.59,19.71,-6.88,137,184,47,21.31,29.73,8.42,7,29,22,1.09,4.68,3.59,18,2.91,"{'total': 643, 'sad': 274, 'aap': 171, 'inc': 137, 'bjp': 7, 'sad_votes': 274, 'sad_pct': 42.61, 'aap_votes': 171, 'aap_pct': 26.59, 'inc_votes': 137, 'inc_pct': 21.31, 'bjp_votes': 7, 'bjp_pct': 1.09, 'winner_party': 'SAD', 'margin': 103, 'winner_candidate': 'Ganieve Kaur Majithia'}","{'total': 619, 'sad': 232, 'aap': 122, 'inc': 184, 'bjp': 29, 'sada': 18, 'bsp': 2, 'others': 29, 'sad_votes': 232, 'sad_pct': 37.48, 'aap_votes': 122, 'aap_pct': 19.71, 'inc_votes': 184, 'inc_pct': 29.73, 'bjp_votes': 29, 'bjp_pct': 4.68, 'sada_votes': 18, 'sada_pct': 2.91, 'winner_party': 'SAD', 'margin': 48, 'winner_candidate': 'Anil Joshi'}","{'turnout_diff': -24, 'turnout_pct': -3.73, 'sad_shift': -42, 'sad_swing': -5.13, 'aap_shift': -49, 'aap_swing': -6.88, 'inc_shift': 47, 'inc_swing': 8.42, 'bjp_shift': 22, 'bjp_swing': 3.59}",Akali Bastion: Strategic Penetration & Demolition Zone,ਅਕਾਲੀ ਦਲ ਦਾ ਪ੍ਰਭਾਵਿਤ ਖੇਤਰ: ਵਿਸ਼ੇਸ਼ ਘੇਰਾਬੰਦੀ ਜ਼ੋਨ,SAD retained lead here by +48 votes (37.5% share). Target moderate Panthic and farming families in Bhangali Kalan (Part 2) disillusioned with traditional leadership. Appoint dedicated block coordinators and highlight direct government procurement and village development works.,ਅਕਾਲੀ ਦਲ ਨੇ ਇੱਥੇ +48 ਵੋਟਾਂ (37.5%) ਨਾਲ ਲੀਡ ਬਣਾਈ ਹੈ। ਭੰਗਾਲੀ ਕਲਾਂ (ਭਾਗ 2) ਵਿੱਚ ਰਵਾਇਤੀ ਲੀਡਰਸ਼ਿਪ ਤੋਂ ਨਿਰਾਸ਼ ਕਿਸਾਨ ਅਤੇ ਪੰਥਕ ਪਰਿਵਾਰਾਂ ਨਾਲ ਸੰਵਾਦ ਕਰੋ। ਪਿੰਡਾਂ ਵਿੱਚ ਪੰਜਾਬ ਸਰਕਾਰ ਦੇ ਵਿਕਾਸ ਕਾਰਜਾਂ ਅਤੇ ਨਿਰਪੱਖ ਭਰਤੀਆਂ ਦੇ ਸੁਨੇਹੇ ਨਾਲ ਸੰਨ੍ਹ ਲਗਾਓ।,"{'booth_no': '123', 'village_en': 'Bhangali Kalan (Part 2)', 'village_pa': 'ਭੰਗਾਲੀ ਕਲਾਂ (ਭਾਗ 2)', 'zone_en': 'Akali Bastion: Strategic Penetration & Demolition Zone', 'zone_pa': 'ਅਕਾਲੀ ਦਲ ਦਾ ਪ੍ਰਭਾਵਿਤ ਖੇਤਰ: ਵਿਸ਼ੇਸ਼ ਘੇਰਾਬੰਦੀ ਜ਼ੋਨ', 'action_en': 'SAD retained lead here by +48 votes (37.5% share). Target moderate Panthic and farming families in Bhangali Kalan (Part 2) disillusioned with traditional leadership. Appoint dedicated block coordinators and highlight direct government procurement and village development works.', 'action_pa': 'ਅਕਾਲੀ ਦਲ ਨੇ ਇੱਥੇ +48 ਵੋਟਾਂ (37.5%) ਨਾਲ ਲੀਡ ਬਣਾਈ ਹੈ। ਭੰਗਾਲੀ ਕਲਾਂ (ਭਾਗ 2) ਵਿੱਚ ਰਵਾਇਤੀ ਲੀਡਰਸ਼ਿਪ ਤੋਂ ਨਿਰਾਸ਼ ਕਿਸਾਨ ਅਤੇ ਪੰਥਕ ਪਰਿਵਾਰਾਂ ਨਾਲ ਸੰਵਾਦ ਕਰੋ। ਪਿੰਡਾਂ ਵਿੱਚ ਪੰਜਾਬ ਸਰਕਾਰ ਦੇ ਵਿਕਾਸ ਕਾਰਜਾਂ ਅਤੇ ਨਿਰਪੱਖ ਭਰਤੀਆਂ ਦੇ ਸੁਨੇਹੇ ਨਾਲ ਸੰਨ੍ਹ ਲਗਾਓ।', 'action_steps_en': ['Days 1-30: Map the top 30 influential non-committed Panthic families in Bhangali Kalan (Part 2).', 'Days 31-60: Deploy senior constituency leaders for direct home visits to address local disgruntlement.', ""Days 61-90: Neutralize SAD's +48 vote cushion by winning over agricultural youth.""], 'action_steps_pa': ['ਦਿਨ 1-30: ਭੰਗਾਲੀ ਕਲਾਂ (ਭਾਗ 2) ਦੇ 30 ਨਿਰਪੱਖ ਅਤੇ ਪ੍ਰਭਾਵਸ਼ਾਲੀ ਪਰਿਵਾਰਾਂ ਦੀ ਸ਼ਨਾਖਤ ਕਰੋ।', 'ਦਿਨ 31-60: ਸੀਨੀਅਰ ਲੀਡਰਸ਼ਿਪ ਰਾਹੀਂ ਘਰ-ਘਰ ਜਾ ਕੇ ਸਰਕਾਰ ਦੀਆਂ ਨਿਰਪੱਖ ਨੀਤੀਆਂ ਸਾਂਝੀਆਂ ਕਰੋ।', 'ਦਿਨ 61-90: ਨੌਜਵਾਨ ਵਰਗ ਨੂੰ ਸਰਕਾਰੀ ਨੌਕਰੀਆਂ ਅਤੇ ਖੇਡ ਕਿੱਟਾਂ ਰਾਹੀਂ ਪਾਰਟੀ ਨਾਲ ਜੋੜ ਕੇ ਲੀਡ ਘਟਾਓ।'], 'action_steps': ['ਦਿਨ 1-30: ਭੰਗਾਲੀ ਕਲਾਂ (ਭਾਗ 2) ਦੇ 30 ਨਿਰਪੱਖ ਅਤੇ ਪ੍ਰਭਾਵਸ਼ਾਲੀ ਪਰਿਵਾਰਾਂ ਦੀ ਸ਼ਨਾਖਤ ਕਰੋ।', 'ਦਿਨ 31-60: ਸੀਨੀਅਰ ਲੀਡਰਸ਼ਿਪ ਰਾਹੀਂ ਘਰ-ਘਰ ਜਾ ਕੇ ਸਰਕਾਰ ਦੀਆਂ ਨਿਰਪੱਖ ਨੀਤੀਆਂ ਸਾਂਝੀਆਂ ਕਰੋ।', 'ਦਿਨ 61-90: ਨੌਜਵਾਨ ਵਰਗ ਨੂੰ ਸਰਕਾਰੀ ਨੌਕਰੀਆਂ ਅਤੇ ਖੇਡ ਕਿੱਟਾਂ ਰਾਹੀਂ ਪਾਰਟੀ ਨਾਲ ਜੋੜ ਕੇ ਲੀਡ ਘਟਾਓ।']}"
127,124,Bhangali Khurd (Part 2),ਭੰਗਾਲੀ ਖੁਰਦ (ਭਾਗ 2),ਭੰਗਾਲੀ ਖੁਰਦ (ਭਾਗ 2),Bhangali Khurd (Part 2),ਭੰਗਾਲੀ ਖੁਰਦ (ਭਾਗ 2),SAD,INC,92,6,SAD → INC,SAD → INC,AAP Deficit,ਆਪ ਘਾਟ,INC Gain,"{'AAP': 'LOST_BOTH', 'SAD': 'LOST_24', 'INC': 'GAINED', 'BJP': 'WEAK'}",True,"{'is_flip': True, 'status_label': 'SAD → INC', 'turnout_diff': -123, 'turnout_pct': -22.53, 'sad_swing': -15.4, 'aap_swing': -5.4, 'inc_swing': 14.22, 'bjp_swing': 1.4}",546,423,-123,-22.53,248,127,-121,45.42,30.02,-15.4,156,98,-58,28.57,23.17,-5.4,94,133,39,17.22,31.44,14.22,4,9,5,0.73,2.13,1.4,44,10.4,"{'total': 546, 'sad': 248, 'aap': 156, 'inc': 94, 'bjp': 4, 'sad_votes': 248, 'sad_pct': 45.42, 'aap_votes': 156, 'aap_pct': 28.57, 'inc_votes': 94, 'inc_pct': 17.22, 'bjp_votes': 4, 'bjp_pct': 0.73, 'winner_party': 'SAD', 'margin': 92, 'winner_candidate': 'Ganieve Kaur Majithia'}","{'total': 423, 'sad': 127, 'aap': 98, 'inc': 133, 'bjp': 9, 'sada': 44, 'bsp': 1, 'others': 11, 'sad_votes': 127, 'sad_pct': 30.02, 'aap_votes': 98, 'aap_pct': 23.17, 'inc_votes': 133, 'inc_pct': 31.44, 'bjp_votes': 9, 'bjp_pct': 2.13, 'sada_votes': 44, 'sada_pct': 10.4, 'winner_party': 'INC', 'margin': 6, 'winner_candidate': 'Gurjeet Singh Aujla'}","{'turnout_diff': -123, 'turnout_pct': -22.53, 'sad_shift': -121, 'sad_swing': -15.4, 'aap_shift': -58, 'aap_swing': -5.4, 'inc_shift': 39, 'inc_swing': 14.22, 'bjp_shift': 5, 'bjp_swing': 1.4}",Congress Belt: High-Intensity Reclamation Zone,ਕਾਂਗਰਸੀ ਪ੍ਰਭਾਵ ਵਾਲਾ ਹਲਕਾ: ਮੁੜ-ਬਹਾਲੀ ਜ਼ੋਨ,INC led by +6 votes with 31.4% vote share in Bhangali Khurd (Part 2). Neutralize traditional Congress sarpanch networks. Appoint 2 booth captains and directly onboard dynamic rural youth.,ਕਾਂਗਰਸ ਨੇ ਇੱਥੇ +6 ਵੋਟਾਂ (31.4%) ਦੀ ਲੀਡ ਲਈ ਹੈ। ਭੰਗਾਲੀ ਖੁਰਦ (ਭਾਗ 2) ਵਿੱਚ ਪੁਰਾਣੇ ਸਰਪੰਚੀ ਪ੍ਰਭਾਵ ਨੂੰ ਘਟਾਉਣ ਲਈ ਦੋ ਨਵੇਂ ਯੂਥ ਬੂਥ ਇੰਚਾਰਜ ਲਗਾਓ ਅਤੇ ਘਰ-ਘਰ ਸੰਪਰਕ ਮੁਹਿੰਮ ਚਲਾਓ।,"{'booth_no': '124', 'village_en': 'Bhangali Khurd (Part 2)', 'village_pa': 'ਭੰਗਾਲੀ ਖੁਰਦ (ਭਾਗ 2)', 'zone_en': 'Congress Belt: High-Intensity Reclamation Zone', 'zone_pa': 'ਕਾਂਗਰਸੀ ਪ੍ਰਭਾਵ ਵਾਲਾ ਹਲਕਾ: ਮੁੜ-ਬਹਾਲੀ ਜ਼ੋਨ', 'action_en': 'INC led by +6 votes with 31.4% vote share in Bhangali Khurd (Part 2). Neutralize traditional Congress sarpanch networks. Appoint 2 booth captains and directly onboard dynamic rural youth.', 'action_pa': 'ਕਾਂਗਰਸ ਨੇ ਇੱਥੇ +6 ਵੋਟਾਂ (31.4%) ਦੀ ਲੀਡ ਲਈ ਹੈ। ਭੰਗਾਲੀ ਖੁਰਦ (ਭਾਗ 2) ਵਿੱਚ ਪੁਰਾਣੇ ਸਰਪੰਚੀ ਪ੍ਰਭਾਵ ਨੂੰ ਘਟਾਉਣ ਲਈ ਦੋ ਨਵੇਂ ਯੂਥ ਬੂਥ ਇੰਚਾਰਜ ਲਗਾਓ ਅਤੇ ਘਰ-ਘਰ ਸੰਪਰਕ ਮੁਹਿੰਮ ਚਲਾਓ।', 'action_steps_en': ['Days 1-30: Identify active vs inactive Congress booth workers in Bhangali Khurd (Part 2).', 'Days 31-60: Form rural welfare monitoring committee to connect village elders with state pensions.', ""Days 61-90: Overcome Congress's +6 vote lead through door-to-door cadre contact.""], 'action_steps_pa': ['ਦਿਨ 1-30: ਭੰਗਾਲੀ ਖੁਰਦ (ਭਾਗ 2) ਵਿੱਚ ਕਾਂਗਰਸੀ ਸਰਪੰਚਾਂ ਅਤੇ ਆਗੂਆਂ ਦੇ ਪ੍ਰਭਾਵ ਦਾ ਵਿਸ਼ਲੇਸ਼ਣ ਕਰੋ।', 'ਦਿਨ 31-60: ਬਜ਼ੁਰਗਾਂ ਅਤੇ ਔਰਤਾਂ ਨੂੰ ਪੈਨਸ਼ਨਾਂ ਤੇ ਭਲਾਈ ਸਕੀਮਾਂ ਨਾਲ ਜੋੜਨ ਲਈ ਕੈਂਪ ਲਗਾਓ।', 'ਦਿਨ 61-90: ਨੌਜਵਾਨਾਂ ਦੀ ਟੀਮ ਰਾਹੀਂ ਕਾਂਗਰਸ ਦੀ +6 ਵੋਟਾਂ ਦੀ ਲੀਡ ਖ਼ਤਮ ਕਰੋ।'], 'action_steps': ['ਦਿਨ 1-30: ਭੰਗਾਲੀ ਖੁਰਦ (ਭਾਗ 2) ਵਿੱਚ ਕਾਂਗਰਸੀ ਸਰਪੰਚਾਂ ਅਤੇ ਆਗੂਆਂ ਦੇ ਪ੍ਰਭਾਵ ਦਾ ਵਿਸ਼ਲੇਸ਼ਣ ਕਰੋ।', 'ਦਿਨ 31-60: ਬਜ਼ੁਰਗਾਂ ਅਤੇ ਔਰਤਾਂ ਨੂੰ ਪੈਨਸ਼ਨਾਂ ਤੇ ਭਲਾਈ ਸਕੀਮਾਂ ਨਾਲ ਜੋੜਨ ਲਈ ਕੈਂਪ ਲਗਾਓ।', 'ਦਿਨ 61-90: ਨੌਜਵਾਨਾਂ ਦੀ ਟੀਮ ਰਾਹੀਂ ਕਾਂਗਰਸ ਦੀ +6 ਵੋਟਾਂ ਦੀ ਲੀਡ ਖ਼ਤਮ ਕਰੋ।']}"
128,125,Bhangwan (Part 2),ਭਾਂਗਵਾਂ (ਭਾਗ 2),ਭਾਂਗਵਾਂ (ਭਾਗ 2),Bhangwan (Part 2),ਭਾਂਗਵਾਂ (ਭਾਗ 2),SAD,AAP,142,48,SAD → AAP,SAD → AAP,AAP Gain,ਆਪ ਲਾਭ,INC Deficit,"{'AAP': 'GAINED', 'SAD': 'LOST_24', 'INC': 'LOST_BOTH', 'BJP': 'WEAK'}",True,"{'is_flip': True, 'status_label': 'SAD → AAP', 'turnout_diff': -226, 'turnout_pct': -39.3, 'sad_swing': -24.0, 'aap_swing': 14.45, 'inc_swing': 4.23, 'bjp_swing': 1.2}",575,349,-226,-39.3,311,105,-206,54.09,30.09,-24.0,169,153,-16,29.39,43.84,14.45,63,53,-10,10.96,15.19,4.23,3,6,3,0.52,1.72,1.2,16,4.58,"{'total': 575, 'sad': 311, 'aap': 169, 'inc': 63, 'bjp': 3, 'sad_votes': 311, 'sad_pct': 54.09, 'aap_votes': 169, 'aap_pct': 29.39, 'inc_votes': 63, 'inc_pct': 10.96, 'bjp_votes': 3, 'bjp_pct': 0.52, 'winner_party': 'SAD', 'margin': 142, 'winner_candidate': 'Ganieve Kaur Majithia'}","{'total': 349, 'sad': 105, 'aap': 153, 'inc': 53, 'bjp': 6, 'sada': 16, 'bsp': 1, 'others': 14, 'sad_votes': 105, 'sad_pct': 30.09, 'aap_votes': 153, 'aap_pct': 43.84, 'inc_votes': 53, 'inc_pct': 15.19, 'bjp_votes': 6, 'bjp_pct': 1.72, 'sada_votes': 16, 'sada_pct': 4.58, 'winner_party': 'AAP', 'margin': 48, 'winner_candidate': 'Kuldeep Singh Dhaliwal'}","{'turnout_diff': -226, 'turnout_pct': -39.3, 'sad_shift': -206, 'sad_swing': -24.0, 'aap_shift': -16, 'aap_swing': 14.45, 'inc_shift': -10, 'inc_swing': 4.23, 'bjp_shift': 3, 'bjp_swing': 1.2}",Historic Breakthrough: AAP Flipped Stronghold,ਇਤਿਹਾਸਕ ਪ੍ਰਾਪਤੀ: ਅਕਾਲੀ ਗੜ੍ਹ ਵਿੱਚ ਆਪ ਦੀ ਜਿੱਤ ਜ਼ੋਨ,"Major breakthrough in Bhangwan (Part 2) previously held by SAD. Formally induct local village swing leaders and youth volunteers who backed AAP in 2024. Resolve local village infrastructure, canal tail issues, and cement +48 lead.","ਭਾਂਗਵਾਂ (ਭਾਗ 2) ਵਿੱਚ ਵੱਡੀ ਇਤਿਹਾਸਕ ਸਫ਼ਲਤਾ, ਜਿੱਥੇ SAD ਦਾ ਪੁਰਾਣਾ ਦਬਦਬਾ ਟੁੱਟਿਆ। 2024 ਵਿੱਚ ਆਪ ਨਾਲ ਜੁੜੇ ਨੌਜਵਾਨਾਂ ਅਤੇ ਪੰਚਾਇਤੀ ਆਗੂਆਂ ਨੂੰ ਜਥੇਬੰਦਕ ਜ਼ਿੰਮੇਵਾਰੀਆਂ ਦਿਓ ਅਤੇ +48 ਵੋਟਾਂ ਦੀ ਲੀਡ ਨੂੰ ਸਥਾਈ ਵੋਟ ਬੈਂਕ ਵਿੱਚ ਬਦਲੋ।","{'booth_no': '125', 'village_en': 'Bhangwan (Part 2)', 'village_pa': 'ਭਾਂਗਵਾਂ (ਭਾਗ 2)', 'zone_en': 'Historic Breakthrough: AAP Flipped Stronghold', 'zone_pa': 'ਇਤਿਹਾਸਕ ਪ੍ਰਾਪਤੀ: ਅਕਾਲੀ ਗੜ੍ਹ ਵਿੱਚ ਆਪ ਦੀ ਜਿੱਤ ਜ਼ੋਨ', 'action_en': 'Major breakthrough in Bhangwan (Part 2) previously held by SAD. Formally induct local village swing leaders and youth volunteers who backed AAP in 2024. Resolve local village infrastructure, canal tail issues, and cement +48 lead.', 'action_pa': 'ਭਾਂਗਵਾਂ (ਭਾਗ 2) ਵਿੱਚ ਵੱਡੀ ਇਤਿਹਾਸਕ ਸਫ਼ਲਤਾ, ਜਿੱਥੇ SAD ਦਾ ਪੁਰਾਣਾ ਦਬਦਬਾ ਟੁੱਟਿਆ। 2024 ਵਿੱਚ ਆਪ ਨਾਲ ਜੁੜੇ ਨੌਜਵਾਨਾਂ ਅਤੇ ਪੰਚਾਇਤੀ ਆਗੂਆਂ ਨੂੰ ਜਥੇਬੰਦਕ ਜ਼ਿੰਮੇਵਾਰੀਆਂ ਦਿਓ ਅਤੇ +48 ਵੋਟਾਂ ਦੀ ਲੀਡ ਨੂੰ ਸਥਾਈ ਵੋਟ ਬੈਂਕ ਵਿੱਚ ਬਦਲੋ।', 'action_steps_en': ['Days 1-30: Onboard dynamic swing workers who crossed over from SAD into the formal AAP booth structure.', 'Days 31-60: Prioritize village link road and street light repairs in Bhangwan (Part 2) through rural development grants.', 'Days 61-90: Convert current +48 vote lead into permanent party loyalty before 2027.'], 'action_steps_pa': ['ਦਿਨ 1-30: SAD ਛੱਡ ਕੇ ਆਪ ਵਿੱਚ ਸ਼ਾਮਲ ਹੋਏ ਆਗੂਆਂ ਨੂੰ ਬੂਥ ਕਮੇਟੀ ਵਿੱਚ ਅਹਿਮ ਜ਼ਿੰਮੇਵਾਰੀਆਂ ਦਿਓ।', ""ਦਿਨ 31-60: ਭਾਂਗਵਾਂ (ਭਾਗ 2) ਵਿੱਚ ਪਿੰਡ ਦੀਆਂ ਫਿਰਨੀਆਂ, ਗਲੀਆਂ ਅਤੇ ਲਿੰਕ ਸੜਕਾਂ ਦੇ ਕੰਮ ਤਰਜੀਹ 'ਤੇ ਕਰਵਾਓ।"", 'ਦਿਨ 61-90: +48 ਵੋਟਾਂ ਦੀ ਲੀਡ ਨੂੰ ਪੱਕੇ ਵੋਟ ਬੈਂਕ ਵਿੱਚ ਤਬਦੀਲ ਕਰੋ।'], 'action_steps': ['ਦਿਨ 1-30: SAD ਛੱਡ ਕੇ ਆਪ ਵਿੱਚ ਸ਼ਾਮਲ ਹੋਏ ਆਗੂਆਂ ਨੂੰ ਬੂਥ ਕਮੇਟੀ ਵਿੱਚ ਅਹਿਮ ਜ਼ਿੰਮੇਵਾਰੀਆਂ ਦਿਓ।', ""ਦਿਨ 31-60: ਭਾਂਗਵਾਂ (ਭਾਗ 2) ਵਿੱਚ ਪਿੰਡ ਦੀਆਂ ਫਿਰਨੀਆਂ, ਗਲੀਆਂ ਅਤੇ ਲਿੰਕ ਸੜਕਾਂ ਦੇ ਕੰਮ ਤਰਜੀਹ 'ਤੇ ਕਰਵਾਓ।"", 'ਦਿਨ 61-90: +48 ਵੋਟਾਂ ਦੀ ਲੀਡ ਨੂੰ ਪੱਕੇ ਵੋਟ ਬੈਂਕ ਵਿੱਚ ਤਬਦੀਲ ਕਰੋ।']}"
129,126,Bhoma (Part 2),ਭੋਮਾ (ਭਾਗ 2),ਭੋਮਾ (ਭਾਗ 2),Bhoma (Part 2),ਭੋਮਾ (ਭਾਗ 2),SAD,AAP,187,5,SAD → AAP,SAD → AAP,AAP Gain,ਆਪ ਲਾਭ,INC Deficit,"{'AAP': 'GAINED', 'SAD': 'LOST_24', 'INC': 'WEAK', 'BJP': 'WEAK'}",True,"{'is_flip': True, 'status_label': 'SAD → AAP', 'turnout_diff': -149, 'turnout_pct': -26.09, 'sad_swing': -26.07, 'aap_swing': 12.6, 'inc_swing': -9.2, 'bjp_swing': 5.94}",571,422,-149,-26.09,318,125,-193,55.69,29.62,-26.07,104,130,26,18.21,30.81,12.6,131,58,-73,22.94,13.74,-9.2,4,28,24,0.7,6.64,5.94,37,8.77,"{'total': 571, 'sad': 318, 'aap': 104, 'inc': 131, 'bjp': 4, 'sad_votes': 318, 'sad_pct': 55.69, 'aap_votes': 104, 'aap_pct': 18.21, 'inc_votes': 131, 'inc_pct': 22.94, 'bjp_votes': 4, 'bjp_pct': 0.7, 'winner_party': 'SAD', 'margin': 187, 'winner_candidate': 'Ganieve Kaur Majithia'}","{'total': 422, 'sad': 125, 'aap': 130, 'inc': 58, 'bjp': 28, 'sada': 37, 'bsp': 3, 'others': 38, 'sad_votes': 125, 'sad_pct': 29.62, 'aap_votes': 130, 'aap_pct': 30.81, 'inc_votes': 58, 'inc_pct': 13.74, 'bjp_votes': 28, 'bjp_pct': 6.64, 'sada_votes': 37, 'sada_pct': 8.77, 'winner_party': 'AAP', 'margin': 5, 'winner_candidate': 'Kuldeep Singh Dhaliwal'}","{'turnout_diff': -149, 'turnout_pct': -26.09, 'sad_shift': -193, 'sad_swing': -26.07, 'aap_shift': 26, 'aap_swing': 12.6, 'inc_shift': -73, 'inc_swing': -9.2, 'bjp_shift': 24, 'bjp_swing': 5.94}",Historic Breakthrough: AAP Flipped Stronghold,ਇਤਿਹਾਸਕ ਪ੍ਰਾਪਤੀ: ਅਕਾਲੀ ਗੜ੍ਹ ਵਿੱਚ ਆਪ ਦੀ ਜਿੱਤ ਜ਼ੋਨ,"Major breakthrough in Bhoma (Part 2) previously held by SAD. Formally induct local village swing leaders and youth volunteers who backed AAP in 2024. Resolve local village infrastructure, canal tail issues, and cement +5 lead.","ਭੋਮਾ (ਭਾਗ 2) ਵਿੱਚ ਵੱਡੀ ਇਤਿਹਾਸਕ ਸਫ਼ਲਤਾ, ਜਿੱਥੇ SAD ਦਾ ਪੁਰਾਣਾ ਦਬਦਬਾ ਟੁੱਟਿਆ। 2024 ਵਿੱਚ ਆਪ ਨਾਲ ਜੁੜੇ ਨੌਜਵਾਨਾਂ ਅਤੇ ਪੰਚਾਇਤੀ ਆਗੂਆਂ ਨੂੰ ਜਥੇਬੰਦਕ ਜ਼ਿੰਮੇਵਾਰੀਆਂ ਦਿਓ ਅਤੇ +5 ਵੋਟਾਂ ਦੀ ਲੀਡ ਨੂੰ ਸਥਾਈ ਵੋਟ ਬੈਂਕ ਵਿੱਚ ਬਦਲੋ।","{'booth_no': '126', 'village_en': 'Bhoma (Part 2)', 'village_pa': 'ਭੋਮਾ (ਭਾਗ 2)', 'zone_en': 'Historic Breakthrough: AAP Flipped Stronghold', 'zone_pa': 'ਇਤਿਹਾਸਕ ਪ੍ਰਾਪਤੀ: ਅਕਾਲੀ ਗੜ੍ਹ ਵਿੱਚ ਆਪ ਦੀ ਜਿੱਤ ਜ਼ੋਨ', 'action_en': 'Major breakthrough in Bhoma (Part 2) previously held by SAD. Formally induct local village swing leaders and youth volunteers who backed AAP in 2024. Resolve local village infrastructure, canal tail issues, and cement +5 lead.', 'action_pa': 'ਭੋਮਾ (ਭਾਗ 2) ਵਿੱਚ ਵੱਡੀ ਇਤਿਹਾਸਕ ਸਫ਼ਲਤਾ, ਜਿੱਥੇ SAD ਦਾ ਪੁਰਾਣਾ ਦਬਦਬਾ ਟੁੱਟਿਆ। 2024 ਵਿੱਚ ਆਪ ਨਾਲ ਜੁੜੇ ਨੌਜਵਾਨਾਂ ਅਤੇ ਪੰਚਾਇਤੀ ਆਗੂਆਂ ਨੂੰ ਜਥੇਬੰਦਕ ਜ਼ਿੰਮੇਵਾਰੀਆਂ ਦਿਓ ਅਤੇ +5 ਵੋਟਾਂ ਦੀ ਲੀਡ ਨੂੰ ਸਥਾਈ ਵੋਟ ਬੈਂਕ ਵਿੱਚ ਬਦਲੋ।', 'action_steps_en': ['Days 1-30: Onboard dynamic swing workers who crossed over from SAD into the formal AAP booth structure.', 'Days 31-60: Prioritize village link road and street light repairs in Bhoma (Part 2) through rural development grants.', 'Days 61-90: Convert current +5 vote lead into permanent party loyalty before 2027.'], 'action_steps_pa': ['ਦਿਨ 1-30: SAD ਛੱਡ ਕੇ ਆਪ ਵਿੱਚ ਸ਼ਾਮਲ ਹੋਏ ਆਗੂਆਂ ਨੂੰ ਬੂਥ ਕਮੇਟੀ ਵਿੱਚ ਅਹਿਮ ਜ਼ਿੰਮੇਵਾਰੀਆਂ ਦਿਓ।', ""ਦਿਨ 31-60: ਭੋਮਾ (ਭਾਗ 2) ਵਿੱਚ ਪਿੰਡ ਦੀਆਂ ਫਿਰਨੀਆਂ, ਗਲੀਆਂ ਅਤੇ ਲਿੰਕ ਸੜਕਾਂ ਦੇ ਕੰਮ ਤਰਜੀਹ 'ਤੇ ਕਰਵਾਓ।"", 'ਦਿਨ 61-90: +5 ਵੋਟਾਂ ਦੀ ਲੀਡ ਨੂੰ ਪੱਕੇ ਵੋਟ ਬੈਂਕ ਵਿੱਚ ਤਬਦੀਲ ਕਰੋ।'], 'action_steps': ['ਦਿਨ 1-30: SAD ਛੱਡ ਕੇ ਆਪ ਵਿੱਚ ਸ਼ਾਮਲ ਹੋਏ ਆਗੂਆਂ ਨੂੰ ਬੂਥ ਕਮੇਟੀ ਵਿੱਚ ਅਹਿਮ ਜ਼ਿੰਮੇਵਾਰੀਆਂ ਦਿਓ।', ""ਦਿਨ 31-60: ਭੋਮਾ (ਭਾਗ 2) ਵਿੱਚ ਪਿੰਡ ਦੀਆਂ ਫਿਰਨੀਆਂ, ਗਲੀਆਂ ਅਤੇ ਲਿੰਕ ਸੜਕਾਂ ਦੇ ਕੰਮ ਤਰਜੀਹ 'ਤੇ ਕਰਵਾਓ।"", 'ਦਿਨ 61-90: +5 ਵੋਟਾਂ ਦੀ ਲੀਡ ਨੂੰ ਪੱਕੇ ਵੋਟ ਬੈਂਕ ਵਿੱਚ ਤਬਦੀਲ ਕਰੋ।']}"
130,127,Bhoya Fatehgarh (Part 2),ਭੋਇਆ ਫ਼ਤਿਹਗੜ੍ਹ (ਭਾਗ 2),ਭੋਇਆ ਫ਼ਤਿਹਗੜ੍ਹ (ਭਾਗ 2),Bhoya Fatehgarh (Part 2),ਭੋਇਆ ਫ਼ਤਿਹਗੜ੍ਹ (ਭਾਗ 2),SAD,SAD,108,102,SAD Retained,SAD Retained,AAP Deficit,ਆਪ ਘਾਟ,INC Deficit,"{'AAP': 'LOST_BOTH', 'SAD': 'WON_BOTH', 'INC': 'WEAK', 'BJP': 'WEAK'}",False,"{'is_flip': False, 'status_label': 'SAD Retained', 'turnout_diff': 14, 'turnout_pct': 2.97, 'sad_swing': -4.8, 'aap_swing': -2.91, 'inc_swing': -1.84, 'bjp_swing': 1.64}",472,486,14,2.97,247,231,-16,52.33,47.53,-4.8,139,129,-10,29.45,26.54,-2.91,66,59,-7,13.98,12.14,-1.84,1,9,8,0.21,1.85,1.64,23,4.73,"{'total': 472, 'sad': 247, 'aap': 139, 'inc': 66, 'bjp': 1, 'sad_votes': 247, 'sad_pct': 52.33, 'aap_votes': 139, 'aap_pct': 29.45, 'inc_votes': 66, 'inc_pct': 13.98, 'bjp_votes': 1, 'bjp_pct': 0.21, 'winner_party': 'SAD', 'margin': 108, 'winner_candidate': 'Ganieve Kaur Majithia'}","{'total': 486, 'sad': 231, 'aap': 129, 'inc': 59, 'bjp': 9, 'sada': 23, 'bsp': 2, 'others': 29, 'sad_votes': 231, 'sad_pct': 47.53, 'aap_votes': 129, 'aap_pct': 26.54, 'inc_votes': 59, 'inc_pct': 12.14, 'bjp_votes': 9, 'bjp_pct': 1.85, 'sada_votes': 23, 'sada_pct': 4.73, 'winner_party': 'SAD', 'margin': 102, 'winner_candidate': 'Anil Joshi'}","{'turnout_diff': 14, 'turnout_pct': 2.97, 'sad_shift': -16, 'sad_swing': -4.8, 'aap_shift': -10, 'aap_swing': -2.91, 'inc_shift': -7, 'inc_swing': -1.84, 'bjp_shift': 8, 'bjp_swing': 1.64}",Akali Bastion: Strategic Penetration & Demolition Zone,ਅਕਾਲੀ ਦਲ ਦਾ ਪ੍ਰਭਾਵਿਤ ਖੇਤਰ: ਵਿਸ਼ੇਸ਼ ਘੇਰਾਬੰਦੀ ਜ਼ੋਨ,SAD retained lead here by +102 votes (47.5% share). Target moderate Panthic and farming families in Bhoya Fatehgarh (Part 2) disillusioned with traditional leadership. Appoint dedicated block coordinators and highlight direct government procurement and village development works.,ਅਕਾਲੀ ਦਲ ਨੇ ਇੱਥੇ +102 ਵੋਟਾਂ (47.5%) ਨਾਲ ਲੀਡ ਬਣਾਈ ਹੈ। ਭੋਇਆ ਫ਼ਤਿਹਗੜ੍ਹ (ਭਾਗ 2) ਵਿੱਚ ਰਵਾਇਤੀ ਲੀਡਰਸ਼ਿਪ ਤੋਂ ਨਿਰਾਸ਼ ਕਿਸਾਨ ਅਤੇ ਪੰਥਕ ਪਰਿਵਾਰਾਂ ਨਾਲ ਸੰਵਾਦ ਕਰੋ। ਪਿੰਡਾਂ ਵਿੱਚ ਪੰਜਾਬ ਸਰਕਾਰ ਦੇ ਵਿਕਾਸ ਕਾਰਜਾਂ ਅਤੇ ਨਿਰਪੱਖ ਭਰਤੀਆਂ ਦੇ ਸੁਨੇਹੇ ਨਾਲ ਸੰਨ੍ਹ ਲਗਾਓ।,"{'booth_no': '127', 'village_en': 'Bhoya Fatehgarh (Part 2)', 'village_pa': 'ਭੋਇਆ ਫ਼ਤਿਹਗੜ੍ਹ (ਭਾਗ 2)', 'zone_en': 'Akali Bastion: Strategic Penetration & Demolition Zone', 'zone_pa': 'ਅਕਾਲੀ ਦਲ ਦਾ ਪ੍ਰਭਾਵਿਤ ਖੇਤਰ: ਵਿਸ਼ੇਸ਼ ਘੇਰਾਬੰਦੀ ਜ਼ੋਨ', 'action_en': 'SAD retained lead here by +102 votes (47.5% share). Target moderate Panthic and farming families in Bhoya Fatehgarh (Part 2) disillusioned with traditional leadership. Appoint dedicated block coordinators and highlight direct government procurement and village development works.', 'action_pa': 'ਅਕਾਲੀ ਦਲ ਨੇ ਇੱਥੇ +102 ਵੋਟਾਂ (47.5%) ਨਾਲ ਲੀਡ ਬਣਾਈ ਹੈ। ਭੋਇਆ ਫ਼ਤਿਹਗੜ੍ਹ (ਭਾਗ 2) ਵਿੱਚ ਰਵਾਇਤੀ ਲੀਡਰਸ਼ਿਪ ਤੋਂ ਨਿਰਾਸ਼ ਕਿਸਾਨ ਅਤੇ ਪੰਥਕ ਪਰਿਵਾਰਾਂ ਨਾਲ ਸੰਵਾਦ ਕਰੋ। ਪਿੰਡਾਂ ਵਿੱਚ ਪੰਜਾਬ ਸਰਕਾਰ ਦੇ ਵਿਕਾਸ ਕਾਰਜਾਂ ਅਤੇ ਨਿਰਪੱਖ ਭਰਤੀਆਂ ਦੇ ਸੁਨੇਹੇ ਨਾਲ ਸੰਨ੍ਹ ਲਗਾਓ।', 'action_steps_en': ['Days 1-30: Map the top 30 influential non-committed Panthic families in Bhoya Fatehgarh (Part 2).', 'Days 31-60: Deploy senior constituency leaders for direct home visits to address local disgruntlement.', ""Days 61-90: Neutralize SAD's +102 vote cushion by winning over agricultural youth.""], 'action_steps_pa': ['ਦਿਨ 1-30: ਭੋਇਆ ਫ਼ਤਿਹਗੜ੍ਹ (ਭਾਗ 2) ਦੇ 30 ਨਿਰਪੱਖ ਅਤੇ ਪ੍ਰਭਾਵਸ਼ਾਲੀ ਪਰਿਵਾਰਾਂ ਦੀ ਸ਼ਨਾਖਤ ਕਰੋ।', 'ਦਿਨ 31-60: ਸੀਨੀਅਰ ਲੀਡਰਸ਼ਿਪ ਰਾਹੀਂ ਘਰ-ਘਰ ਜਾ ਕੇ ਸਰਕਾਰ ਦੀਆਂ ਨਿਰਪੱਖ ਨੀਤੀਆਂ ਸਾਂਝੀਆਂ ਕਰੋ।', 'ਦਿਨ 61-90: ਨੌਜਵਾਨ ਵਰਗ ਨੂੰ ਸਰਕਾਰੀ ਨੌਕਰੀਆਂ ਅਤੇ ਖੇਡ ਕਿੱਟਾਂ ਰਾਹੀਂ ਪਾਰਟੀ ਨਾਲ ਜੋੜ ਕੇ ਲੀਡ ਘਟਾਓ।'], 'action_steps': ['ਦਿਨ 1-30: ਭੋਇਆ ਫ਼ਤਿਹਗੜ੍ਹ (ਭਾਗ 2) ਦੇ 30 ਨਿਰਪੱਖ ਅਤੇ ਪ੍ਰਭਾਵਸ਼ਾਲੀ ਪਰਿਵਾਰਾਂ ਦੀ ਸ਼ਨਾਖਤ ਕਰੋ।', 'ਦਿਨ 31-60: ਸੀਨੀਅਰ ਲੀਡਰਸ਼ਿਪ ਰਾਹੀਂ ਘਰ-ਘਰ ਜਾ ਕੇ ਸਰਕਾਰ ਦੀਆਂ ਨਿਰਪੱਖ ਨੀਤੀਆਂ ਸਾਂਝੀਆਂ ਕਰੋ।', 'ਦਿਨ 61-90: ਨੌਜਵਾਨ ਵਰਗ ਨੂੰ ਸਰਕਾਰੀ ਨੌਕਰੀਆਂ ਅਤੇ ਖੇਡ ਕਿੱਟਾਂ ਰਾਹੀਂ ਪਾਰਟੀ ਨਾਲ ਜੋੜ ਕੇ ਲੀਡ ਘਟਾਓ।']}"
131,128,Bhullar Hans (Part 2),ਭੁੱਲਰ ਹੰਸ (ਭਾਗ 2),ਭੁੱਲਰ ਹੰਸ (ਭਾਗ 2),Bhullar Hans (Part 2),ਭੁੱਲਰ ਹੰਸ (ਭਾਗ 2),SAD,SAD,52,209,SAD Retained,SAD Retained,AAP Deficit,ਆਪ ਘਾਟ,INC Deficit,"{'AAP': 'LOST_BOTH', 'SAD': 'WON_BOTH', 'INC': 'WEAK', 'BJP': 'WEAK'}",False,"{'is_flip': False, 'status_label': 'SAD Retained', 'turnout_diff': 135, 'turnout_pct': 27.78, 'sad_swing': 6.83, 'aap_swing': -16.12, 'inc_swing': 3.46, 'bjp_swing': 1.71}",486,621,135,27.78,236,344,108,48.56,55.39,6.83,184,135,-49,37.86,21.74,-16.12,45,79,34,9.26,12.72,3.46,5,17,12,1.03,2.74,1.71,16,2.58,"{'total': 486, 'sad': 236, 'aap': 184, 'inc': 45, 'bjp': 5, 'sad_votes': 236, 'sad_pct': 48.56, 'aap_votes': 184, 'aap_pct': 37.86, 'inc_votes': 45, 'inc_pct': 9.26, 'bjp_votes': 5, 'bjp_pct': 1.03, 'winner_party': 'SAD', 'margin': 52, 'winner_candidate': 'Ganieve Kaur Majithia'}","{'total': 621, 'sad': 344, 'aap': 135, 'inc': 79, 'bjp': 17, 'sada': 16, 'bsp': 1, 'others': 24, 'sad_votes': 344, 'sad_pct': 55.39, 'aap_votes': 135, 'aap_pct': 21.74, 'inc_votes': 79, 'inc_pct': 12.72, 'bjp_votes': 17, 'bjp_pct': 2.74, 'sada_votes': 16, 'sada_pct': 2.58, 'winner_party': 'SAD', 'margin': 209, 'winner_candidate': 'Anil Joshi'}","{'turnout_diff': 135, 'turnout_pct': 27.78, 'sad_shift': 108, 'sad_swing': 6.83, 'aap_shift': -49, 'aap_swing': -16.12, 'inc_shift': 34, 'inc_swing': 3.46, 'bjp_shift': 12, 'bjp_swing': 1.71}",Akali Bastion: Strategic Penetration & Demolition Zone,ਅਕਾਲੀ ਦਲ ਦਾ ਪ੍ਰਭਾਵਿਤ ਖੇਤਰ: ਵਿਸ਼ੇਸ਼ ਘੇਰਾਬੰਦੀ ਜ਼ੋਨ,SAD retained lead here by +209 votes (55.4% share). Target moderate Panthic and farming families in Bhullar Hans (Part 2) disillusioned with traditional leadership. Appoint dedicated block coordinators and highlight direct government procurement and village development works.,ਅਕਾਲੀ ਦਲ ਨੇ ਇੱਥੇ +209 ਵੋਟਾਂ (55.4%) ਨਾਲ ਲੀਡ ਬਣਾਈ ਹੈ। ਭੁੱਲਰ ਹੰਸ (ਭਾਗ 2) ਵਿੱਚ ਰਵਾਇਤੀ ਲੀਡਰਸ਼ਿਪ ਤੋਂ ਨਿਰਾਸ਼ ਕਿਸਾਨ ਅਤੇ ਪੰਥਕ ਪਰਿਵਾਰਾਂ ਨਾਲ ਸੰਵਾਦ ਕਰੋ। ਪਿੰਡਾਂ ਵਿੱਚ ਪੰਜਾਬ ਸਰਕਾਰ ਦੇ ਵਿਕਾਸ ਕਾਰਜਾਂ ਅਤੇ ਨਿਰਪੱਖ ਭਰਤੀਆਂ ਦੇ ਸੁਨੇਹੇ ਨਾਲ ਸੰਨ੍ਹ ਲਗਾਓ।,"{'booth_no': '128', 'village_en': 'Bhullar Hans (Part 2)', 'village_pa': 'ਭੁੱਲਰ ਹੰਸ (ਭਾਗ 2)', 'zone_en': 'Akali Bastion: Strategic Penetration & Demolition Zone', 'zone_pa': 'ਅਕਾਲੀ ਦਲ ਦਾ ਪ੍ਰਭਾਵਿਤ ਖੇਤਰ: ਵਿਸ਼ੇਸ਼ ਘੇਰਾਬੰਦੀ ਜ਼ੋਨ', 'action_en': 'SAD retained lead here by +209 votes (55.4% share). Target moderate Panthic and farming families in Bhullar Hans (Part 2) disillusioned with traditional leadership. Appoint dedicated block coordinators and highlight direct government procurement and village development works.', 'action_pa': 'ਅਕਾਲੀ ਦਲ ਨੇ ਇੱਥੇ +209 ਵੋਟਾਂ (55.4%) ਨਾਲ ਲੀਡ ਬਣਾਈ ਹੈ। ਭੁੱਲਰ ਹੰਸ (ਭਾਗ 2) ਵਿੱਚ ਰਵਾਇਤੀ ਲੀਡਰਸ਼ਿਪ ਤੋਂ ਨਿਰਾਸ਼ ਕਿਸਾਨ ਅਤੇ ਪੰਥਕ ਪਰਿਵਾਰਾਂ ਨਾਲ ਸੰਵਾਦ ਕਰੋ। ਪਿੰਡਾਂ ਵਿੱਚ ਪੰਜਾਬ ਸਰਕਾਰ ਦੇ ਵਿਕਾਸ ਕਾਰਜਾਂ ਅਤੇ ਨਿਰਪੱਖ ਭਰਤੀਆਂ ਦੇ ਸੁਨੇਹੇ ਨਾਲ ਸੰਨ੍ਹ ਲਗਾਓ।', 'action_steps_en': ['Days 1-30: Map the top 30 influential non-committed Panthic families in Bhullar Hans (Part 2).', 'Days 31-60: Deploy senior constituency leaders for direct home visits to address local disgruntlement.', ""Days 61-90: Neutralize SAD's +209 vote cushion by winning over agricultural youth.""], 'action_steps_pa': ['ਦਿਨ 1-30: ਭੁੱਲਰ ਹੰਸ (ਭਾਗ 2) ਦੇ 30 ਨਿਰਪੱਖ ਅਤੇ ਪ੍ਰਭਾਵਸ਼ਾਲੀ ਪਰਿਵਾਰਾਂ ਦੀ ਸ਼ਨਾਖਤ ਕਰੋ।', 'ਦਿਨ 31-60: ਸੀਨੀਅਰ ਲੀਡਰਸ਼ਿਪ ਰਾਹੀਂ ਘਰ-ਘਰ ਜਾ ਕੇ ਸਰਕਾਰ ਦੀਆਂ ਨਿਰਪੱਖ ਨੀਤੀਆਂ ਸਾਂਝੀਆਂ ਕਰੋ।', 'ਦਿਨ 61-90: ਨੌਜਵਾਨ ਵਰਗ ਨੂੰ ਸਰਕਾਰੀ ਨੌਕਰੀਆਂ ਅਤੇ ਖੇਡ ਕਿੱਟਾਂ ਰਾਹੀਂ ਪਾਰਟੀ ਨਾਲ ਜੋੜ ਕੇ ਲੀਡ ਘਟਾਓ।'], 'action_steps': ['ਦਿਨ 1-30: ਭੁੱਲਰ ਹੰਸ (ਭਾਗ 2) ਦੇ 30 ਨਿਰਪੱਖ ਅਤੇ ਪ੍ਰਭਾਵਸ਼ਾਲੀ ਪਰਿਵਾਰਾਂ ਦੀ ਸ਼ਨਾਖਤ ਕਰੋ।', 'ਦਿਨ 31-60: ਸੀਨੀਅਰ ਲੀਡਰਸ਼ਿਪ ਰਾਹੀਂ ਘਰ-ਘਰ ਜਾ ਕੇ ਸਰਕਾਰ ਦੀਆਂ ਨਿਰਪੱਖ ਨੀਤੀਆਂ ਸਾਂਝੀਆਂ ਕਰੋ।', 'ਦਿਨ 61-90: ਨੌਜਵਾਨ ਵਰਗ ਨੂੰ ਸਰਕਾਰੀ ਨੌਕਰੀਆਂ ਅਤੇ ਖੇਡ ਕਿੱਟਾਂ ਰਾਹੀਂ ਪਾਰਟੀ ਨਾਲ ਜੋੜ ਕੇ ਲੀਡ ਘਟਾਓ।']}"
132,129,Borewal Afgana (Part 2),ਬੋੜੇਵਾਲ ਅਫ਼ਗਾਨਾਂ (ਭਾਗ 2),ਬੋੜੇਵਾਲ ਅਫ਼ਗਾਨਾਂ (ਭਾਗ 2),Borewal Afgana (Part 2),ਬੋੜੇਵਾਲ ਅਫ਼ਗਾਨਾਂ (ਭਾਗ 2),SAD,INC,30,51,SAD → INC,SAD → INC,AAP Deficit,ਆਪ ਘਾਟ,INC Gain,"{'AAP': 'LOST_BOTH', 'SAD': 'LOST_24', 'INC': 'GAINED', 'BJP': 'WEAK'}",True,"{'is_flip': True, 'status_label': 'SAD → INC', 'turnout_diff': 29, 'turnout_pct': 6.32, 'sad_swing': -14.66, 'aap_swing': 1.52, 'inc_swing': 11.75, 'bjp_swing': 0.99}",459,488,29,6.32,167,106,-61,36.38,21.72,-14.66,136,152,16,29.63,31.15,1.52,137,203,66,29.85,41.6,11.75,2,7,5,0.44,1.43,0.99,8,1.64,"{'total': 459, 'sad': 167, 'aap': 136, 'inc': 137, 'bjp': 2, 'sad_votes': 167, 'sad_pct': 36.38, 'aap_votes': 136, 'aap_pct': 29.63, 'inc_votes': 137, 'inc_pct': 29.85, 'bjp_votes': 2, 'bjp_pct': 0.44, 'winner_party': 'SAD', 'margin': 30, 'winner_candidate': 'Ganieve Kaur Majithia'}","{'total': 488, 'sad': 106, 'aap': 152, 'inc': 203, 'bjp': 7, 'sada': 8, 'bsp': 0, 'others': 12, 'sad_votes': 106, 'sad_pct': 21.72, 'aap_votes': 152, 'aap_pct': 31.15, 'inc_votes': 203, 'inc_pct': 41.6, 'bjp_votes': 7, 'bjp_pct': 1.43, 'sada_votes': 8, 'sada_pct': 1.64, 'winner_party': 'INC', 'margin': 51, 'winner_candidate': 'Gurjeet Singh Aujla'}","{'turnout_diff': 29, 'turnout_pct': 6.32, 'sad_shift': -61, 'sad_swing': -14.66, 'aap_shift': 16, 'aap_swing': 1.52, 'inc_shift': 66, 'inc_swing': 11.75, 'bjp_shift': 5, 'bjp_swing': 0.99}",Congress Belt: High-Intensity Reclamation Zone,ਕਾਂਗਰਸੀ ਪ੍ਰਭਾਵ ਵਾਲਾ ਹਲਕਾ: ਮੁੜ-ਬਹਾਲੀ ਜ਼ੋਨ,INC led by +51 votes with 41.6% vote share in Borewal Afgana (Part 2). Neutralize traditional Congress sarpanch networks. Appoint 2 booth captains and directly onboard dynamic rural youth.,ਕਾਂਗਰਸ ਨੇ ਇੱਥੇ +51 ਵੋਟਾਂ (41.6%) ਦੀ ਲੀਡ ਲਈ ਹੈ। ਬੋੜੇਵਾਲ ਅਫ਼ਗਾਨਾਂ (ਭਾਗ 2) ਵਿੱਚ ਪੁਰਾਣੇ ਸਰਪੰਚੀ ਪ੍ਰਭਾਵ ਨੂੰ ਘਟਾਉਣ ਲਈ ਦੋ ਨਵੇਂ ਯੂਥ ਬੂਥ ਇੰਚਾਰਜ ਲਗਾਓ ਅਤੇ ਘਰ-ਘਰ ਸੰਪਰਕ ਮੁਹਿੰਮ ਚਲਾਓ।,"{'booth_no': '129', 'village_en': 'Borewal Afgana (Part 2)', 'village_pa': 'ਬੋੜੇਵਾਲ ਅਫ਼ਗਾਨਾਂ (ਭਾਗ 2)', 'zone_en': 'Congress Belt: High-Intensity Reclamation Zone', 'zone_pa': 'ਕਾਂਗਰਸੀ ਪ੍ਰਭਾਵ ਵਾਲਾ ਹਲਕਾ: ਮੁੜ-ਬਹਾਲੀ ਜ਼ੋਨ', 'action_en': 'INC led by +51 votes with 41.6% vote share in Borewal Afgana (Part 2). Neutralize traditional Congress sarpanch networks. Appoint 2 booth captains and directly onboard dynamic rural youth.', 'action_pa': 'ਕਾਂਗਰਸ ਨੇ ਇੱਥੇ +51 ਵੋਟਾਂ (41.6%) ਦੀ ਲੀਡ ਲਈ ਹੈ। ਬੋੜੇਵਾਲ ਅਫ਼ਗਾਨਾਂ (ਭਾਗ 2) ਵਿੱਚ ਪੁਰਾਣੇ ਸਰਪੰਚੀ ਪ੍ਰਭਾਵ ਨੂੰ ਘਟਾਉਣ ਲਈ ਦੋ ਨਵੇਂ ਯੂਥ ਬੂਥ ਇੰਚਾਰਜ ਲਗਾਓ ਅਤੇ ਘਰ-ਘਰ ਸੰਪਰਕ ਮੁਹਿੰਮ ਚਲਾਓ।', 'action_steps_en': ['Days 1-30: Identify active vs inactive Congress booth workers in Borewal Afgana (Part 2).', 'Days 31-60: Form rural welfare monitoring committee to connect village elders with state pensions.', ""Days 61-90: Overcome Congress's +51 vote lead through door-to-door cadre contact.""], 'action_steps_pa': ['ਦਿਨ 1-30: ਬੋੜੇਵਾਲ ਅਫ਼ਗਾਨਾਂ (ਭਾਗ 2) ਵਿੱਚ ਕਾਂਗਰਸੀ ਸਰਪੰਚਾਂ ਅਤੇ ਆਗੂਆਂ ਦੇ ਪ੍ਰਭਾਵ ਦਾ ਵਿਸ਼ਲੇਸ਼ਣ ਕਰੋ।', 'ਦਿਨ 31-60: ਬਜ਼ੁਰਗਾਂ ਅਤੇ ਔਰਤਾਂ ਨੂੰ ਪੈਨਸ਼ਨਾਂ ਤੇ ਭਲਾਈ ਸਕੀਮਾਂ ਨਾਲ ਜੋੜਨ ਲਈ ਕੈਂਪ ਲਗਾਓ।', 'ਦਿਨ 61-90: ਨੌਜਵਾਨਾਂ ਦੀ ਟੀਮ ਰਾਹੀਂ ਕਾਂਗਰਸ ਦੀ +51 ਵੋਟਾਂ ਦੀ ਲੀਡ ਖ਼ਤਮ ਕਰੋ।'], 'action_steps': ['ਦਿਨ 1-30: ਬੋੜੇਵਾਲ ਅਫ਼ਗਾਨਾਂ (ਭਾਗ 2) ਵਿੱਚ ਕਾਂਗਰਸੀ ਸਰਪੰਚਾਂ ਅਤੇ ਆਗੂਆਂ ਦੇ ਪ੍ਰਭਾਵ ਦਾ ਵਿਸ਼ਲੇਸ਼ਣ ਕਰੋ।', 'ਦਿਨ 31-60: ਬਜ਼ੁਰਗਾਂ ਅਤੇ ਔਰਤਾਂ ਨੂੰ ਪੈਨਸ਼ਨਾਂ ਤੇ ਭਲਾਈ ਸਕੀਮਾਂ ਨਾਲ ਜੋੜਨ ਲਈ ਕੈਂਪ ਲਗਾਓ।', 'ਦਿਨ 61-90: ਨੌਜਵਾਨਾਂ ਦੀ ਟੀਮ ਰਾਹੀਂ ਕਾਂਗਰਸ ਦੀ +51 ਵੋਟਾਂ ਦੀ ਲੀਡ ਖ਼ਤਮ ਕਰੋ।']}"
133,130,Borewal Kang (Part 2),ਬੋੜੇਵਾਲ ਕੰਗ (ਭਾਗ 2),ਬੋੜੇਵਾਲ ਕੰਗ (ਭਾਗ 2),Borewal Kang (Part 2),ਬੋੜੇਵਾਲ ਕੰਗ (ਭਾਗ 2),SAD,SAD,186,9,SAD Retained,SAD Retained,AAP Deficit,ਆਪ ਘਾਟ,INC Deficit,"{'AAP': 'LOST_BOTH', 'SAD': 'WON_BOTH', 'INC': 'LOST_BOTH', 'BJP': 'WEAK'}",False,"{'is_flip': False, 'status_label': 'SAD Retained', 'turnout_diff': -240, 'turnout_pct': -37.38, 'sad_swing': -18.41, 'aap_swing': 11.13, 'inc_swing': -1.37, 'bjp_swing': 5.72}",642,402,-240,-37.38,329,132,-197,51.25,32.84,-18.41,125,123,-2,19.47,30.6,11.13,143,84,-59,22.27,20.9,-1.37,8,28,20,1.25,6.97,5.72,28,6.97,"{'total': 642, 'sad': 329, 'aap': 125, 'inc': 143, 'bjp': 8, 'sad_votes': 329, 'sad_pct': 51.25, 'aap_votes': 125, 'aap_pct': 19.47, 'inc_votes': 143, 'inc_pct': 22.27, 'bjp_votes': 8, 'bjp_pct': 1.25, 'winner_party': 'SAD', 'margin': 186, 'winner_candidate': 'Ganieve Kaur Majithia'}","{'total': 402, 'sad': 132, 'aap': 123, 'inc': 84, 'bjp': 28, 'sada': 28, 'bsp': 0, 'others': 7, 'sad_votes': 132, 'sad_pct': 32.84, 'aap_votes': 123, 'aap_pct': 30.6, 'inc_votes': 84, 'inc_pct': 20.9, 'bjp_votes': 28, 'bjp_pct': 6.97, 'sada_votes': 28, 'sada_pct': 6.97, 'winner_party': 'SAD', 'margin': 9, 'winner_candidate': 'Anil Joshi'}","{'turnout_diff': -240, 'turnout_pct': -37.38, 'sad_shift': -197, 'sad_swing': -18.41, 'aap_shift': -2, 'aap_swing': 11.13, 'inc_shift': -59, 'inc_swing': -1.37, 'bjp_shift': 20, 'bjp_swing': 5.72}",Akali Bastion: Strategic Penetration & Demolition Zone,ਅਕਾਲੀ ਦਲ ਦਾ ਪ੍ਰਭਾਵਿਤ ਖੇਤਰ: ਵਿਸ਼ੇਸ਼ ਘੇਰਾਬੰਦੀ ਜ਼ੋਨ,SAD retained lead here by +9 votes (32.8% share). Target moderate Panthic and farming families in Borewal Kang (Part 2) disillusioned with traditional leadership. Appoint dedicated block coordinators and highlight direct government procurement and village development works.,ਅਕਾਲੀ ਦਲ ਨੇ ਇੱਥੇ +9 ਵੋਟਾਂ (32.8%) ਨਾਲ ਲੀਡ ਬਣਾਈ ਹੈ। ਬੋੜੇਵਾਲ ਕੰਗ (ਭਾਗ 2) ਵਿੱਚ ਰਵਾਇਤੀ ਲੀਡਰਸ਼ਿਪ ਤੋਂ ਨਿਰਾਸ਼ ਕਿਸਾਨ ਅਤੇ ਪੰਥਕ ਪਰਿਵਾਰਾਂ ਨਾਲ ਸੰਵਾਦ ਕਰੋ। ਪਿੰਡਾਂ ਵਿੱਚ ਪੰਜਾਬ ਸਰਕਾਰ ਦੇ ਵਿਕਾਸ ਕਾਰਜਾਂ ਅਤੇ ਨਿਰਪੱਖ ਭਰਤੀਆਂ ਦੇ ਸੁਨੇਹੇ ਨਾਲ ਸੰਨ੍ਹ ਲਗਾਓ।,"{'booth_no': '130', 'village_en': 'Borewal Kang (Part 2)', 'village_pa': 'ਬੋੜੇਵਾਲ ਕੰਗ (ਭਾਗ 2)', 'zone_en': 'Akali Bastion: Strategic Penetration & Demolition Zone', 'zone_pa': 'ਅਕਾਲੀ ਦਲ ਦਾ ਪ੍ਰਭਾਵਿਤ ਖੇਤਰ: ਵਿਸ਼ੇਸ਼ ਘੇਰਾਬੰਦੀ ਜ਼ੋਨ', 'action_en': 'SAD retained lead here by +9 votes (32.8% share). Target moderate Panthic and farming families in Borewal Kang (Part 2) disillusioned with traditional leadership. Appoint dedicated block coordinators and highlight direct government procurement and village development works.', 'action_pa': 'ਅਕਾਲੀ ਦਲ ਨੇ ਇੱਥੇ +9 ਵੋਟਾਂ (32.8%) ਨਾਲ ਲੀਡ ਬਣਾਈ ਹੈ। ਬੋੜੇਵਾਲ ਕੰਗ (ਭਾਗ 2) ਵਿੱਚ ਰਵਾਇਤੀ ਲੀਡਰਸ਼ਿਪ ਤੋਂ ਨਿਰਾਸ਼ ਕਿਸਾਨ ਅਤੇ ਪੰਥਕ ਪਰਿਵਾਰਾਂ ਨਾਲ ਸੰਵਾਦ ਕਰੋ। ਪਿੰਡਾਂ ਵਿੱਚ ਪੰਜਾਬ ਸਰਕਾਰ ਦੇ ਵਿਕਾਸ ਕਾਰਜਾਂ ਅਤੇ ਨਿਰਪੱਖ ਭਰਤੀਆਂ ਦੇ ਸੁਨੇਹੇ ਨਾਲ ਸੰਨ੍ਹ ਲਗਾਓ।', 'action_steps_en': ['Days 1-30: Map the top 30 influential non-committed Panthic families in Borewal Kang (Part 2).', 'Days 31-60: Deploy senior constituency leaders for direct home visits to address local disgruntlement.', ""Days 61-90: Neutralize SAD's +9 vote cushion by winning over agricultural youth.""], 'action_steps_pa': ['ਦਿਨ 1-30: ਬੋੜੇਵਾਲ ਕੰਗ (ਭਾਗ 2) ਦੇ 30 ਨਿਰਪੱਖ ਅਤੇ ਪ੍ਰਭਾਵਸ਼ਾਲੀ ਪਰਿਵਾਰਾਂ ਦੀ ਸ਼ਨਾਖਤ ਕਰੋ।', 'ਦਿਨ 31-60: ਸੀਨੀਅਰ ਲੀਡਰਸ਼ਿਪ ਰਾਹੀਂ ਘਰ-ਘਰ ਜਾ ਕੇ ਸਰਕਾਰ ਦੀਆਂ ਨਿਰਪੱਖ ਨੀਤੀਆਂ ਸਾਂਝੀਆਂ ਕਰੋ।', 'ਦਿਨ 61-90: ਨੌਜਵਾਨ ਵਰਗ ਨੂੰ ਸਰਕਾਰੀ ਨੌਕਰੀਆਂ ਅਤੇ ਖੇਡ ਕਿੱਟਾਂ ਰਾਹੀਂ ਪਾਰਟੀ ਨਾਲ ਜੋੜ ਕੇ ਲੀਡ ਘਟਾਓ।'], 'action_steps': ['ਦਿਨ 1-30: ਬੋੜੇਵਾਲ ਕੰਗ (ਭਾਗ 2) ਦੇ 30 ਨਿਰਪੱਖ ਅਤੇ ਪ੍ਰਭਾਵਸ਼ਾਲੀ ਪਰਿਵਾਰਾਂ ਦੀ ਸ਼ਨਾਖਤ ਕਰੋ।', 'ਦਿਨ 31-60: ਸੀਨੀਅਰ ਲੀਡਰਸ਼ਿਪ ਰਾਹੀਂ ਘਰ-ਘਰ ਜਾ ਕੇ ਸਰਕਾਰ ਦੀਆਂ ਨਿਰਪੱਖ ਨੀਤੀਆਂ ਸਾਂਝੀਆਂ ਕਰੋ।', 'ਦਿਨ 61-90: ਨੌਜਵਾਨ ਵਰਗ ਨੂੰ ਸਰਕਾਰੀ ਨੌਕਰੀਆਂ ਅਤੇ ਖੇਡ ਕਿੱਟਾਂ ਰਾਹੀਂ ਪਾਰਟੀ ਨਾਲ ਜੋੜ ਕੇ ਲੀਡ ਘਟਾਓ।']}"
134,131,Budda Theh (Part 2),ਬੁੱਢਾ ਥੇਹ (ਭਾਗ 2),ਬੁੱਢਾ ਥੇਹ (ਭਾਗ 2),Budda Theh (Part 2),ਬੁੱਢਾ ਥੇਹ (ਭਾਗ 2),SAD,SAD,57,88,SAD Retained,SAD Retained,AAP Deficit,ਆਪ ਘਾਟ,INC Deficit,"{'AAP': 'WEAK', 'SAD': 'WON_BOTH', 'INC': 'WEAK', 'BJP': 'WEAK'}",False,"{'is_flip': False, 'status_label': 'SAD Retained', 'turnout_diff': -14, 'turnout_pct': -2.63, 'sad_swing': -1.0, 'aap_swing': -8.03, 'inc_swing': -18.67, 'bjp_swing': 1.74}",532,518,-14,-2.63,220,209,-11,41.35,40.35,-1.0,129,84,-45,24.25,16.22,-8.03,163,62,-101,30.64,11.97,-18.67,2,11,9,0.38,2.12,1.74,121,23.36,"{'total': 532, 'sad': 220, 'aap': 129, 'inc': 163, 'bjp': 2, 'sad_votes': 220, 'sad_pct': 41.35, 'aap_votes': 129, 'aap_pct': 24.25, 'inc_votes': 163, 'inc_pct': 30.64, 'bjp_votes': 2, 'bjp_pct': 0.38, 'winner_party': 'SAD', 'margin': 57, 'winner_candidate': 'Ganieve Kaur Majithia'}","{'total': 518, 'sad': 209, 'aap': 84, 'inc': 62, 'bjp': 11, 'sada': 121, 'bsp': 2, 'others': 24, 'sad_votes': 209, 'sad_pct': 40.35, 'aap_votes': 84, 'aap_pct': 16.22, 'inc_votes': 62, 'inc_pct': 11.97, 'bjp_votes': 11, 'bjp_pct': 2.12, 'sada_votes': 121, 'sada_pct': 23.36, 'winner_party': 'SAD', 'margin': 88, 'winner_candidate': 'Anil Joshi'}","{'turnout_diff': -14, 'turnout_pct': -2.63, 'sad_shift': -11, 'sad_swing': -1.0, 'aap_shift': -45, 'aap_swing': -8.03, 'inc_shift': -101, 'inc_swing': -18.67, 'bjp_shift': 9, 'bjp_swing': 1.74}",Akali Bastion: Strategic Penetration & Demolition Zone,ਅਕਾਲੀ ਦਲ ਦਾ ਪ੍ਰਭਾਵਿਤ ਖੇਤਰ: ਵਿਸ਼ੇਸ਼ ਘੇਰਾਬੰਦੀ ਜ਼ੋਨ,SAD retained lead here by +88 votes (40.4% share). Target moderate Panthic and farming families in Budda Theh (Part 2) disillusioned with traditional leadership. Appoint dedicated block coordinators and highlight direct government procurement and village development works.,ਅਕਾਲੀ ਦਲ ਨੇ ਇੱਥੇ +88 ਵੋਟਾਂ (40.4%) ਨਾਲ ਲੀਡ ਬਣਾਈ ਹੈ। ਬੁੱਢਾ ਥੇਹ (ਭਾਗ 2) ਵਿੱਚ ਰਵਾਇਤੀ ਲੀਡਰਸ਼ਿਪ ਤੋਂ ਨਿਰਾਸ਼ ਕਿਸਾਨ ਅਤੇ ਪੰਥਕ ਪਰਿਵਾਰਾਂ ਨਾਲ ਸੰਵਾਦ ਕਰੋ। ਪਿੰਡਾਂ ਵਿੱਚ ਪੰਜਾਬ ਸਰਕਾਰ ਦੇ ਵਿਕਾਸ ਕਾਰਜਾਂ ਅਤੇ ਨਿਰਪੱਖ ਭਰਤੀਆਂ ਦੇ ਸੁਨੇਹੇ ਨਾਲ ਸੰਨ੍ਹ ਲਗਾਓ।,"{'booth_no': '131', 'village_en': 'Budda Theh (Part 2)', 'village_pa': 'ਬੁੱਢਾ ਥੇਹ (ਭਾਗ 2)', 'zone_en': 'Akali Bastion: Strategic Penetration & Demolition Zone', 'zone_pa': 'ਅਕਾਲੀ ਦਲ ਦਾ ਪ੍ਰਭਾਵਿਤ ਖੇਤਰ: ਵਿਸ਼ੇਸ਼ ਘੇਰਾਬੰਦੀ ਜ਼ੋਨ', 'action_en': 'SAD retained lead here by +88 votes (40.4% share). Target moderate Panthic and farming families in Budda Theh (Part 2) disillusioned with traditional leadership. Appoint dedicated block coordinators and highlight direct government procurement and village development works.', 'action_pa': 'ਅਕਾਲੀ ਦਲ ਨੇ ਇੱਥੇ +88 ਵੋਟਾਂ (40.4%) ਨਾਲ ਲੀਡ ਬਣਾਈ ਹੈ। ਬੁੱਢਾ ਥੇਹ (ਭਾਗ 2) ਵਿੱਚ ਰਵਾਇਤੀ ਲੀਡਰਸ਼ਿਪ ਤੋਂ ਨਿਰਾਸ਼ ਕਿਸਾਨ ਅਤੇ ਪੰਥਕ ਪਰਿਵਾਰਾਂ ਨਾਲ ਸੰਵਾਦ ਕਰੋ। ਪਿੰਡਾਂ ਵਿੱਚ ਪੰਜਾਬ ਸਰਕਾਰ ਦੇ ਵਿਕਾਸ ਕਾਰਜਾਂ ਅਤੇ ਨਿਰਪੱਖ ਭਰਤੀਆਂ ਦੇ ਸੁਨੇਹੇ ਨਾਲ ਸੰਨ੍ਹ ਲਗਾਓ।', 'action_steps_en': ['Days 1-30: Map the top 30 influential non-committed Panthic families in Budda Theh (Part 2).', 'Days 31-60: Deploy senior constituency leaders for direct home visits to address local disgruntlement.', ""Days 61-90: Neutralize SAD's +88 vote cushion by winning over agricultural youth.""], 'action_steps_pa': ['ਦਿਨ 1-30: ਬੁੱਢਾ ਥੇਹ (ਭਾਗ 2) ਦੇ 30 ਨਿਰਪੱਖ ਅਤੇ ਪ੍ਰਭਾਵਸ਼ਾਲੀ ਪਰਿਵਾਰਾਂ ਦੀ ਸ਼ਨਾਖਤ ਕਰੋ।', 'ਦਿਨ 31-60: ਸੀਨੀਅਰ ਲੀਡਰਸ਼ਿਪ ਰਾਹੀਂ ਘਰ-ਘਰ ਜਾ ਕੇ ਸਰਕਾਰ ਦੀਆਂ ਨਿਰਪੱਖ ਨੀਤੀਆਂ ਸਾਂਝੀਆਂ ਕਰੋ।', 'ਦਿਨ 61-90: ਨੌਜਵਾਨ ਵਰਗ ਨੂੰ ਸਰਕਾਰੀ ਨੌਕਰੀਆਂ ਅਤੇ ਖੇਡ ਕਿੱਟਾਂ ਰਾਹੀਂ ਪਾਰਟੀ ਨਾਲ ਜੋੜ ਕੇ ਲੀਡ ਘਟਾਓ।'], 'action_steps': ['ਦਿਨ 1-30: ਬੁੱਢਾ ਥੇਹ (ਭਾਗ 2) ਦੇ 30 ਨਿਰਪੱਖ ਅਤੇ ਪ੍ਰਭਾਵਸ਼ਾਲੀ ਪਰਿਵਾਰਾਂ ਦੀ ਸ਼ਨਾਖਤ ਕਰੋ।', 'ਦਿਨ 31-60: ਸੀਨੀਅਰ ਲੀਡਰਸ਼ਿਪ ਰਾਹੀਂ ਘਰ-ਘਰ ਜਾ ਕੇ ਸਰਕਾਰ ਦੀਆਂ ਨਿਰਪੱਖ ਨੀਤੀਆਂ ਸਾਂਝੀਆਂ ਕਰੋ।', 'ਦਿਨ 61-90: ਨੌਜਵਾਨ ਵਰਗ ਨੂੰ ਸਰਕਾਰੀ ਨੌਕਰੀਆਂ ਅਤੇ ਖੇਡ ਕਿੱਟਾਂ ਰਾਹੀਂ ਪਾਰਟੀ ਨਾਲ ਜੋੜ ਕੇ ਲੀਡ ਘਟਾਓ।']}"
135,132,Burj Nauabad (Part 2),ਬੁਰਜ ਨੌਆਬਾਦ (ਭਾਗ 2),ਬੁਰਜ ਨੌਆਬਾਦ (ਭਾਗ 2),Burj Nauabad (Part 2),ਬੁਰਜ ਨੌਆਬਾਦ (ਭਾਗ 2),SAD,SAD,11,97,SAD Retained,SAD Retained,AAP Deficit,ਆਪ ਘਾਟ,INC Deficit,"{'AAP': 'LOST_BOTH', 'SAD': 'WON_BOTH', 'INC': 'WEAK', 'BJP': 'WEAK'}",False,"{'is_flip': False, 'status_label': 'SAD Retained', 'turnout_diff': 506, 'turnout_pct': 211.72, 'sad_swing': 5.37, 'aap_swing': -3.05, 'inc_swing': -4.34, 'bjp_swing': 0.65}",239,745,506,211.72,94,333,239,39.33,44.7,5.37,83,236,153,34.73,31.68,-3.05,37,83,46,15.48,11.14,-4.34,1,8,7,0.42,1.07,0.65,35,4.7,"{'total': 239, 'sad': 94, 'aap': 83, 'inc': 37, 'bjp': 1, 'sad_votes': 94, 'sad_pct': 39.33, 'aap_votes': 83, 'aap_pct': 34.73, 'inc_votes': 37, 'inc_pct': 15.48, 'bjp_votes': 1, 'bjp_pct': 0.42, 'winner_party': 'SAD', 'margin': 11, 'winner_candidate': 'Ganieve Kaur Majithia'}","{'total': 745, 'sad': 333, 'aap': 236, 'inc': 83, 'bjp': 8, 'sada': 35, 'bsp': 1, 'others': 48, 'sad_votes': 333, 'sad_pct': 44.7, 'aap_votes': 236, 'aap_pct': 31.68, 'inc_votes': 83, 'inc_pct': 11.14, 'bjp_votes': 8, 'bjp_pct': 1.07, 'sada_votes': 35, 'sada_pct': 4.7, 'winner_party': 'SAD', 'margin': 97, 'winner_candidate': 'Anil Joshi'}","{'turnout_diff': 506, 'turnout_pct': 211.72, 'sad_shift': 239, 'sad_swing': 5.37, 'aap_shift': 153, 'aap_swing': -3.05, 'inc_shift': 46, 'inc_swing': -4.34, 'bjp_shift': 7, 'bjp_swing': 0.65}",Akali Bastion: Strategic Penetration & Demolition Zone,ਅਕਾਲੀ ਦਲ ਦਾ ਪ੍ਰਭਾਵਿਤ ਖੇਤਰ: ਵਿਸ਼ੇਸ਼ ਘੇਰਾਬੰਦੀ ਜ਼ੋਨ,SAD retained lead here by +97 votes (44.7% share). Target moderate Panthic and farming families in Burj Nauabad (Part 2) disillusioned with traditional leadership. Appoint dedicated block coordinators and highlight direct government procurement and village development works.,ਅਕਾਲੀ ਦਲ ਨੇ ਇੱਥੇ +97 ਵੋਟਾਂ (44.7%) ਨਾਲ ਲੀਡ ਬਣਾਈ ਹੈ। ਬੁਰਜ ਨੌਆਬਾਦ (ਭਾਗ 2) ਵਿੱਚ ਰਵਾਇਤੀ ਲੀਡਰਸ਼ਿਪ ਤੋਂ ਨਿਰਾਸ਼ ਕਿਸਾਨ ਅਤੇ ਪੰਥਕ ਪਰਿਵਾਰਾਂ ਨਾਲ ਸੰਵਾਦ ਕਰੋ। ਪਿੰਡਾਂ ਵਿੱਚ ਪੰਜਾਬ ਸਰਕਾਰ ਦੇ ਵਿਕਾਸ ਕਾਰਜਾਂ ਅਤੇ ਨਿਰਪੱਖ ਭਰਤੀਆਂ ਦੇ ਸੁਨੇਹੇ ਨਾਲ ਸੰਨ੍ਹ ਲਗਾਓ।,"{'booth_no': '132', 'village_en': 'Burj Nauabad (Part 2)', 'village_pa': 'ਬੁਰਜ ਨੌਆਬਾਦ (ਭਾਗ 2)', 'zone_en': 'Akali Bastion: Strategic Penetration & Demolition Zone', 'zone_pa': 'ਅਕਾਲੀ ਦਲ ਦਾ ਪ੍ਰਭਾਵਿਤ ਖੇਤਰ: ਵਿਸ਼ੇਸ਼ ਘੇਰਾਬੰਦੀ ਜ਼ੋਨ', 'action_en': 'SAD retained lead here by +97 votes (44.7% share). Target moderate Panthic and farming families in Burj Nauabad (Part 2) disillusioned with traditional leadership. Appoint dedicated block coordinators and highlight direct government procurement and village development works.', 'action_pa': 'ਅਕਾਲੀ ਦਲ ਨੇ ਇੱਥੇ +97 ਵੋਟਾਂ (44.7%) ਨਾਲ ਲੀਡ ਬਣਾਈ ਹੈ। ਬੁਰਜ ਨੌਆਬਾਦ (ਭਾਗ 2) ਵਿੱਚ ਰਵਾਇਤੀ ਲੀਡਰਸ਼ਿਪ ਤੋਂ ਨਿਰਾਸ਼ ਕਿਸਾਨ ਅਤੇ ਪੰਥਕ ਪਰਿਵਾਰਾਂ ਨਾਲ ਸੰਵਾਦ ਕਰੋ। ਪਿੰਡਾਂ ਵਿੱਚ ਪੰਜਾਬ ਸਰਕਾਰ ਦੇ ਵਿਕਾਸ ਕਾਰਜਾਂ ਅਤੇ ਨਿਰਪੱਖ ਭਰਤੀਆਂ ਦੇ ਸੁਨੇਹੇ ਨਾਲ ਸੰਨ੍ਹ ਲਗਾਓ।', 'action_steps_en': ['Days 1-30: Map the top 30 influential non-committed Panthic families in Burj Nauabad (Part 2).', 'Days 31-60: Deploy senior constituency leaders for direct home visits to address local disgruntlement.', ""Days 61-90: Neutralize SAD's +97 vote cushion by winning over agricultural youth.""], 'action_steps_pa': ['ਦਿਨ 1-30: ਬੁਰਜ ਨੌਆਬਾਦ (ਭਾਗ 2) ਦੇ 30 ਨਿਰਪੱਖ ਅਤੇ ਪ੍ਰਭਾਵਸ਼ਾਲੀ ਪਰਿਵਾਰਾਂ ਦੀ ਸ਼ਨਾਖਤ ਕਰੋ।', 'ਦਿਨ 31-60: ਸੀਨੀਅਰ ਲੀਡਰਸ਼ਿਪ ਰਾਹੀਂ ਘਰ-ਘਰ ਜਾ ਕੇ ਸਰਕਾਰ ਦੀਆਂ ਨਿਰਪੱਖ ਨੀਤੀਆਂ ਸਾਂਝੀਆਂ ਕਰੋ।', 'ਦਿਨ 61-90: ਨੌਜਵਾਨ ਵਰਗ ਨੂੰ ਸਰਕਾਰੀ ਨੌਕਰੀਆਂ ਅਤੇ ਖੇਡ ਕਿੱਟਾਂ ਰਾਹੀਂ ਪਾਰਟੀ ਨਾਲ ਜੋੜ ਕੇ ਲੀਡ ਘਟਾਓ।'], 'action_steps': ['ਦਿਨ 1-30: ਬੁਰਜ ਨੌਆਬਾਦ (ਭਾਗ 2) ਦੇ 30 ਨਿਰਪੱਖ ਅਤੇ ਪ੍ਰਭਾਵਸ਼ਾਲੀ ਪਰਿਵਾਰਾਂ ਦੀ ਸ਼ਨਾਖਤ ਕਰੋ।', 'ਦਿਨ 31-60: ਸੀਨੀਅਰ ਲੀਡਰਸ਼ਿਪ ਰਾਹੀਂ ਘਰ-ਘਰ ਜਾ ਕੇ ਸਰਕਾਰ ਦੀਆਂ ਨਿਰਪੱਖ ਨੀਤੀਆਂ ਸਾਂਝੀਆਂ ਕਰੋ।', 'ਦਿਨ 61-90: ਨੌਜਵਾਨ ਵਰਗ ਨੂੰ ਸਰਕਾਰੀ ਨੌਕਰੀਆਂ ਅਤੇ ਖੇਡ ਕਿੱਟਾਂ ਰਾਹੀਂ ਪਾਰਟੀ ਨਾਲ ਜੋੜ ਕੇ ਲੀਡ ਘਟਾਓ।']}"
136,133,Chachowali (Part 2),ਚਾਚੋਵਾਲੀ (ਭਾਗ 2),ਚਾਚੋਵਾਲੀ (ਭਾਗ 2),Chachowali (Part 2),ਚਾਚੋਵਾਲੀ (ਭਾਗ 2),SAD,SAD,106,101,SAD Retained,SAD Retained,AAP Deficit,ਆਪ ਘਾਟ,INC Deficit,"{'AAP': 'LOST_BOTH', 'SAD': 'WON_BOTH', 'INC': 'WEAK', 'BJP': 'LOST_BOTH'}",False,"{'is_flip': False, 'status_label': 'SAD Retained', 'turnout_diff': 119, 'turnout_pct': 23.66, 'sad_swing': -1.84, 'aap_swing': 7.97, 'inc_swing': -12.75, 'bjp_swing': 12.1}",503,622,119,23.66,230,273,43,45.73,43.89,-1.84,99,172,73,19.68,27.65,7.97,124,74,-50,24.65,11.9,-12.75,3,79,76,0.6,12.7,12.1,6,0.96,"{'total': 503, 'sad': 230, 'aap': 99, 'inc': 124, 'bjp': 3, 'sad_votes': 230, 'sad_pct': 45.73, 'aap_votes': 99, 'aap_pct': 19.68, 'inc_votes': 124, 'inc_pct': 24.65, 'bjp_votes': 3, 'bjp_pct': 0.6, 'winner_party': 'SAD', 'margin': 106, 'winner_candidate': 'Ganieve Kaur Majithia'}","{'total': 622, 'sad': 273, 'aap': 172, 'inc': 74, 'bjp': 79, 'sada': 6, 'bsp': 2, 'others': 15, 'sad_votes': 273, 'sad_pct': 43.89, 'aap_votes': 172, 'aap_pct': 27.65, 'inc_votes': 74, 'inc_pct': 11.9, 'bjp_votes': 79, 'bjp_pct': 12.7, 'sada_votes': 6, 'sada_pct': 0.96, 'winner_party': 'SAD', 'margin': 101, 'winner_candidate': 'Anil Joshi'}","{'turnout_diff': 119, 'turnout_pct': 23.66, 'sad_shift': 43, 'sad_swing': -1.84, 'aap_shift': 73, 'aap_swing': 7.97, 'inc_shift': -50, 'inc_swing': -12.75, 'bjp_shift': 76, 'bjp_swing': 12.1}",Akali Bastion: Strategic Penetration & Demolition Zone,ਅਕਾਲੀ ਦਲ ਦਾ ਪ੍ਰਭਾਵਿਤ ਖੇਤਰ: ਵਿਸ਼ੇਸ਼ ਘੇਰਾਬੰਦੀ ਜ਼ੋਨ,SAD retained lead here by +101 votes (43.9% share). Target moderate Panthic and farming families in Chachowali (Part 2) disillusioned with traditional leadership. Appoint dedicated block coordinators and highlight direct government procurement and village development works.,ਅਕਾਲੀ ਦਲ ਨੇ ਇੱਥੇ +101 ਵੋਟਾਂ (43.9%) ਨਾਲ ਲੀਡ ਬਣਾਈ ਹੈ। ਚਾਚੋਵਾਲੀ (ਭਾਗ 2) ਵਿੱਚ ਰਵਾਇਤੀ ਲੀਡਰਸ਼ਿਪ ਤੋਂ ਨਿਰਾਸ਼ ਕਿਸਾਨ ਅਤੇ ਪੰਥਕ ਪਰਿਵਾਰਾਂ ਨਾਲ ਸੰਵਾਦ ਕਰੋ। ਪਿੰਡਾਂ ਵਿੱਚ ਪੰਜਾਬ ਸਰਕਾਰ ਦੇ ਵਿਕਾਸ ਕਾਰਜਾਂ ਅਤੇ ਨਿਰਪੱਖ ਭਰਤੀਆਂ ਦੇ ਸੁਨੇਹੇ ਨਾਲ ਸੰਨ੍ਹ ਲਗਾਓ।,"{'booth_no': '133', 'village_en': 'Chachowali (Part 2)', 'village_pa': 'ਚਾਚੋਵਾਲੀ (ਭਾਗ 2)', 'zone_en': 'Akali Bastion: Strategic Penetration & Demolition Zone', 'zone_pa': 'ਅਕਾਲੀ ਦਲ ਦਾ ਪ੍ਰਭਾਵਿਤ ਖੇਤਰ: ਵਿਸ਼ੇਸ਼ ਘੇਰਾਬੰਦੀ ਜ਼ੋਨ', 'action_en': 'SAD retained lead here by +101 votes (43.9% share). Target moderate Panthic and farming families in Chachowali (Part 2) disillusioned with traditional leadership. Appoint dedicated block coordinators and highlight direct government procurement and village development works.', 'action_pa': 'ਅਕਾਲੀ ਦਲ ਨੇ ਇੱਥੇ +101 ਵੋਟਾਂ (43.9%) ਨਾਲ ਲੀਡ ਬਣਾਈ ਹੈ। ਚਾਚੋਵਾਲੀ (ਭਾਗ 2) ਵਿੱਚ ਰਵਾਇਤੀ ਲੀਡਰਸ਼ਿਪ ਤੋਂ ਨਿਰਾਸ਼ ਕਿਸਾਨ ਅਤੇ ਪੰਥਕ ਪਰਿਵਾਰਾਂ ਨਾਲ ਸੰਵਾਦ ਕਰੋ। ਪਿੰਡਾਂ ਵਿੱਚ ਪੰਜਾਬ ਸਰਕਾਰ ਦੇ ਵਿਕਾਸ ਕਾਰਜਾਂ ਅਤੇ ਨਿਰਪੱਖ ਭਰਤੀਆਂ ਦੇ ਸੁਨੇਹੇ ਨਾਲ ਸੰਨ੍ਹ ਲਗਾਓ।', 'action_steps_en': ['Days 1-30: Map the top 30 influential non-committed Panthic families in Chachowali (Part 2).', 'Days 31-60: Deploy senior constituency leaders for direct home visits to address local disgruntlement.', ""Days 61-90: Neutralize SAD's +101 vote cushion by winning over agricultural youth.""], 'action_steps_pa': ['ਦਿਨ 1-30: ਚਾਚੋਵਾਲੀ (ਭਾਗ 2) ਦੇ 30 ਨਿਰਪੱਖ ਅਤੇ ਪ੍ਰਭਾਵਸ਼ਾਲੀ ਪਰਿਵਾਰਾਂ ਦੀ ਸ਼ਨਾਖਤ ਕਰੋ।', 'ਦਿਨ 31-60: ਸੀਨੀਅਰ ਲੀਡਰਸ਼ਿਪ ਰਾਹੀਂ ਘਰ-ਘਰ ਜਾ ਕੇ ਸਰਕਾਰ ਦੀਆਂ ਨਿਰਪੱਖ ਨੀਤੀਆਂ ਸਾਂਝੀਆਂ ਕਰੋ।', 'ਦਿਨ 61-90: ਨੌਜਵਾਨ ਵਰਗ ਨੂੰ ਸਰਕਾਰੀ ਨੌਕਰੀਆਂ ਅਤੇ ਖੇਡ ਕਿੱਟਾਂ ਰਾਹੀਂ ਪਾਰਟੀ ਨਾਲ ਜੋੜ ਕੇ ਲੀਡ ਘਟਾਓ।'], 'action_steps': ['ਦਿਨ 1-30: ਚਾਚੋਵਾਲੀ (ਭਾਗ 2) ਦੇ 30 ਨਿਰਪੱਖ ਅਤੇ ਪ੍ਰਭਾਵਸ਼ਾਲੀ ਪਰਿਵਾਰਾਂ ਦੀ ਸ਼ਨਾਖਤ ਕਰੋ।', 'ਦਿਨ 31-60: ਸੀਨੀਅਰ ਲੀਡਰਸ਼ਿਪ ਰਾਹੀਂ ਘਰ-ਘਰ ਜਾ ਕੇ ਸਰਕਾਰ ਦੀਆਂ ਨਿਰਪੱਖ ਨੀਤੀਆਂ ਸਾਂਝੀਆਂ ਕਰੋ।', 'ਦਿਨ 61-90: ਨੌਜਵਾਨ ਵਰਗ ਨੂੰ ਸਰਕਾਰੀ ਨੌਕਰੀਆਂ ਅਤੇ ਖੇਡ ਕਿੱਟਾਂ ਰਾਹੀਂ ਪਾਰਟੀ ਨਾਲ ਜੋੜ ਕੇ ਲੀਡ ਘਟਾਓ।']}"
137,134,Chande (Part 2),ਚਾਂਦੇ (ਭਾਗ 2),ਚਾਂਦੇ (ਭਾਗ 2),Chande (Part 2),ਚਾਂਦੇ (ਭਾਗ 2),SAD,SAD,155,117,SAD Retained,SAD Retained,AAP Deficit,ਆਪ ਘਾਟ,INC Deficit,"{'AAP': 'LOST_BOTH', 'SAD': 'WON_BOTH', 'INC': 'WEAK', 'BJP': 'WEAK'}",False,"{'is_flip': False, 'status_label': 'SAD Retained', 'turnout_diff': -91, 'turnout_pct': -18.31, 'sad_swing': 5.32, 'aap_swing': 7.69, 'inc_swing': -3.78, 'bjp_swing': 0.43}",497,406,-91,-18.31,249,225,-24,50.1,55.42,5.32,94,108,14,18.91,26.6,7.69,69,41,-28,13.88,10.1,-3.78,4,5,1,0.8,1.23,0.43,20,4.93,"{'total': 497, 'sad': 249, 'aap': 94, 'inc': 69, 'bjp': 4, 'sad_votes': 249, 'sad_pct': 50.1, 'aap_votes': 94, 'aap_pct': 18.91, 'inc_votes': 69, 'inc_pct': 13.88, 'bjp_votes': 4, 'bjp_pct': 0.8, 'winner_party': 'SAD', 'margin': 155, 'winner_candidate': 'Ganieve Kaur Majithia'}","{'total': 406, 'sad': 225, 'aap': 108, 'inc': 41, 'bjp': 5, 'sada': 20, 'bsp': 0, 'others': 7, 'sad_votes': 225, 'sad_pct': 55.42, 'aap_votes': 108, 'aap_pct': 26.6, 'inc_votes': 41, 'inc_pct': 10.1, 'bjp_votes': 5, 'bjp_pct': 1.23, 'sada_votes': 20, 'sada_pct': 4.93, 'winner_party': 'SAD', 'margin': 117, 'winner_candidate': 'Anil Joshi'}","{'turnout_diff': -91, 'turnout_pct': -18.31, 'sad_shift': -24, 'sad_swing': 5.32, 'aap_shift': 14, 'aap_swing': 7.69, 'inc_shift': -28, 'inc_swing': -3.78, 'bjp_shift': 1, 'bjp_swing': 0.43}",Akali Bastion: Strategic Penetration & Demolition Zone,ਅਕਾਲੀ ਦਲ ਦਾ ਪ੍ਰਭਾਵਿਤ ਖੇਤਰ: ਵਿਸ਼ੇਸ਼ ਘੇਰਾਬੰਦੀ ਜ਼ੋਨ,SAD retained lead here by +117 votes (55.4% share). Target moderate Panthic and farming families in Chande (Part 2) disillusioned with traditional leadership. Appoint dedicated block coordinators and highlight direct government procurement and village development works.,ਅਕਾਲੀ ਦਲ ਨੇ ਇੱਥੇ +117 ਵੋਟਾਂ (55.4%) ਨਾਲ ਲੀਡ ਬਣਾਈ ਹੈ। ਚਾਂਦੇ (ਭਾਗ 2) ਵਿੱਚ ਰਵਾਇਤੀ ਲੀਡਰਸ਼ਿਪ ਤੋਂ ਨਿਰਾਸ਼ ਕਿਸਾਨ ਅਤੇ ਪੰਥਕ ਪਰਿਵਾਰਾਂ ਨਾਲ ਸੰਵਾਦ ਕਰੋ। ਪਿੰਡਾਂ ਵਿੱਚ ਪੰਜਾਬ ਸਰਕਾਰ ਦੇ ਵਿਕਾਸ ਕਾਰਜਾਂ ਅਤੇ ਨਿਰਪੱਖ ਭਰਤੀਆਂ ਦੇ ਸੁਨੇਹੇ ਨਾਲ ਸੰਨ੍ਹ ਲਗਾਓ।,"{'booth_no': '134', 'village_en': 'Chande (Part 2)', 'village_pa': 'ਚਾਂਦੇ (ਭਾਗ 2)', 'zone_en': 'Akali Bastion: Strategic Penetration & Demolition Zone', 'zone_pa': 'ਅਕਾਲੀ ਦਲ ਦਾ ਪ੍ਰਭਾਵਿਤ ਖੇਤਰ: ਵਿਸ਼ੇਸ਼ ਘੇਰਾਬੰਦੀ ਜ਼ੋਨ', 'action_en': 'SAD retained lead here by +117 votes (55.4% share). Target moderate Panthic and farming families in Chande (Part 2) disillusioned with traditional leadership. Appoint dedicated block coordinators and highlight direct government procurement and village development works.', 'action_pa': 'ਅਕਾਲੀ ਦਲ ਨੇ ਇੱਥੇ +117 ਵੋਟਾਂ (55.4%) ਨਾਲ ਲੀਡ ਬਣਾਈ ਹੈ। ਚਾਂਦੇ (ਭਾਗ 2) ਵਿੱਚ ਰਵਾਇਤੀ ਲੀਡਰਸ਼ਿਪ ਤੋਂ ਨਿਰਾਸ਼ ਕਿਸਾਨ ਅਤੇ ਪੰਥਕ ਪਰਿਵਾਰਾਂ ਨਾਲ ਸੰਵਾਦ ਕਰੋ। ਪਿੰਡਾਂ ਵਿੱਚ ਪੰਜਾਬ ਸਰਕਾਰ ਦੇ ਵਿਕਾਸ ਕਾਰਜਾਂ ਅਤੇ ਨਿਰਪੱਖ ਭਰਤੀਆਂ ਦੇ ਸੁਨੇਹੇ ਨਾਲ ਸੰਨ੍ਹ ਲਗਾਓ।', 'action_steps_en': ['Days 1-30: Map the top 30 influential non-committed Panthic families in Chande (Part 2).', 'Days 31-60: Deploy senior constituency leaders for direct home visits to address local disgruntlement.', ""Days 61-90: Neutralize SAD's +117 vote cushion by winning over agricultural youth.""], 'action_steps_pa': ['ਦਿਨ 1-30: ਚਾਂਦੇ (ਭਾਗ 2) ਦੇ 30 ਨਿਰਪੱਖ ਅਤੇ ਪ੍ਰਭਾਵਸ਼ਾਲੀ ਪਰਿਵਾਰਾਂ ਦੀ ਸ਼ਨਾਖਤ ਕਰੋ।', 'ਦਿਨ 31-60: ਸੀਨੀਅਰ ਲੀਡਰਸ਼ਿਪ ਰਾਹੀਂ ਘਰ-ਘਰ ਜਾ ਕੇ ਸਰਕਾਰ ਦੀਆਂ ਨਿਰਪੱਖ ਨੀਤੀਆਂ ਸਾਂਝੀਆਂ ਕਰੋ।', 'ਦਿਨ 61-90: ਨੌਜਵਾਨ ਵਰਗ ਨੂੰ ਸਰਕਾਰੀ ਨੌਕਰੀਆਂ ਅਤੇ ਖੇਡ ਕਿੱਟਾਂ ਰਾਹੀਂ ਪਾਰਟੀ ਨਾਲ ਜੋੜ ਕੇ ਲੀਡ ਘਟਾਓ।'], 'action_steps': ['ਦਿਨ 1-30: ਚਾਂਦੇ (ਭਾਗ 2) ਦੇ 30 ਨਿਰਪੱਖ ਅਤੇ ਪ੍ਰਭਾਵਸ਼ਾਲੀ ਪਰਿਵਾਰਾਂ ਦੀ ਸ਼ਨਾਖਤ ਕਰੋ।', 'ਦਿਨ 31-60: ਸੀਨੀਅਰ ਲੀਡਰਸ਼ਿਪ ਰਾਹੀਂ ਘਰ-ਘਰ ਜਾ ਕੇ ਸਰਕਾਰ ਦੀਆਂ ਨਿਰਪੱਖ ਨੀਤੀਆਂ ਸਾਂਝੀਆਂ ਕਰੋ।', 'ਦਿਨ 61-90: ਨੌਜਵਾਨ ਵਰਗ ਨੂੰ ਸਰਕਾਰੀ ਨੌਕਰੀਆਂ ਅਤੇ ਖੇਡ ਕਿੱਟਾਂ ਰਾਹੀਂ ਪਾਰਟੀ ਨਾਲ ਜੋੜ ਕੇ ਲੀਡ ਘਟਾਓ।']}"
138,135,Chogawan Roopowali (Part 2),ਚੋਗਾਵਾਂ ਰੂਪੋਵਾਲੀ (ਭਾਗ 2),ਚੋਗਾਵਾਂ ਰੂਪੋਵਾਲੀ (ਭਾਗ 2),Chogawan Roopowali (Part 2),ਚੋਗਾਵਾਂ ਰੂਪੋਵਾਲੀ (ਭਾਗ 2),SAD,SAD,108,63,SAD Retained,SAD Retained,AAP Deficit,ਆਪ ਘਾਟ,INC Deficit,"{'AAP': 'LOST_BOTH', 'SAD': 'WON_BOTH', 'INC': 'WEAK', 'BJP': 'LOST_BOTH'}",False,"{'is_flip': False, 'status_label': 'SAD Retained', 'turnout_diff': -70, 'turnout_pct': -12.77, 'sad_swing': -12.25, 'aap_swing': -5.72, 'inc_swing': -4.16, 'bjp_swing': 21.0}",548,478,-70,-12.77,262,170,-92,47.81,35.56,-12.25,154,107,-47,28.1,22.38,-5.72,95,63,-32,17.34,13.18,-4.16,3,103,100,0.55,21.55,21.0,18,3.77,"{'total': 548, 'sad': 262, 'aap': 154, 'inc': 95, 'bjp': 3, 'sad_votes': 262, 'sad_pct': 47.81, 'aap_votes': 154, 'aap_pct': 28.1, 'inc_votes': 95, 'inc_pct': 17.34, 'bjp_votes': 3, 'bjp_pct': 0.55, 'winner_party': 'SAD', 'margin': 108, 'winner_candidate': 'Ganieve Kaur Majithia'}","{'total': 478, 'sad': 170, 'aap': 107, 'inc': 63, 'bjp': 103, 'sada': 18, 'bsp': 4, 'others': 12, 'sad_votes': 170, 'sad_pct': 35.56, 'aap_votes': 107, 'aap_pct': 22.38, 'inc_votes': 63, 'inc_pct': 13.18, 'bjp_votes': 103, 'bjp_pct': 21.55, 'sada_votes': 18, 'sada_pct': 3.77, 'winner_party': 'SAD', 'margin': 63, 'winner_candidate': 'Anil Joshi'}","{'turnout_diff': -70, 'turnout_pct': -12.77, 'sad_shift': -92, 'sad_swing': -12.25, 'aap_shift': -47, 'aap_swing': -5.72, 'inc_shift': -32, 'inc_swing': -4.16, 'bjp_shift': 100, 'bjp_swing': 21.0}",Akali Bastion: Strategic Penetration & Demolition Zone,ਅਕਾਲੀ ਦਲ ਦਾ ਪ੍ਰਭਾਵਿਤ ਖੇਤਰ: ਵਿਸ਼ੇਸ਼ ਘੇਰਾਬੰਦੀ ਜ਼ੋਨ,SAD retained lead here by +63 votes (35.6% share). Target moderate Panthic and farming families in Chogawan Roopowali (Part 2) disillusioned with traditional leadership. Appoint dedicated block coordinators and highlight direct government procurement and village development works.,ਅਕਾਲੀ ਦਲ ਨੇ ਇੱਥੇ +63 ਵੋਟਾਂ (35.6%) ਨਾਲ ਲੀਡ ਬਣਾਈ ਹੈ। ਚੋਗਾਵਾਂ ਰੂਪੋਵਾਲੀ (ਭਾਗ 2) ਵਿੱਚ ਰਵਾਇਤੀ ਲੀਡਰਸ਼ਿਪ ਤੋਂ ਨਿਰਾਸ਼ ਕਿਸਾਨ ਅਤੇ ਪੰਥਕ ਪਰਿਵਾਰਾਂ ਨਾਲ ਸੰਵਾਦ ਕਰੋ। ਪਿੰਡਾਂ ਵਿੱਚ ਪੰਜਾਬ ਸਰਕਾਰ ਦੇ ਵਿਕਾਸ ਕਾਰਜਾਂ ਅਤੇ ਨਿਰਪੱਖ ਭਰਤੀਆਂ ਦੇ ਸੁਨੇਹੇ ਨਾਲ ਸੰਨ੍ਹ ਲਗਾਓ।,"{'booth_no': '135', 'village_en': 'Chogawan Roopowali (Part 2)', 'village_pa': 'ਚੋਗਾਵਾਂ ਰੂਪੋਵਾਲੀ (ਭਾਗ 2)', 'zone_en': 'Akali Bastion: Strategic Penetration & Demolition Zone', 'zone_pa': 'ਅਕਾਲੀ ਦਲ ਦਾ ਪ੍ਰਭਾਵਿਤ ਖੇਤਰ: ਵਿਸ਼ੇਸ਼ ਘੇਰਾਬੰਦੀ ਜ਼ੋਨ', 'action_en': 'SAD retained lead here by +63 votes (35.6% share). Target moderate Panthic and farming families in Chogawan Roopowali (Part 2) disillusioned with traditional leadership. Appoint dedicated block coordinators and highlight direct government procurement and village development works.', 'action_pa': 'ਅਕਾਲੀ ਦਲ ਨੇ ਇੱਥੇ +63 ਵੋਟਾਂ (35.6%) ਨਾਲ ਲੀਡ ਬਣਾਈ ਹੈ। ਚੋਗਾਵਾਂ ਰੂਪੋਵਾਲੀ (ਭਾਗ 2) ਵਿੱਚ ਰਵਾਇਤੀ ਲੀਡਰਸ਼ਿਪ ਤੋਂ ਨਿਰਾਸ਼ ਕਿਸਾਨ ਅਤੇ ਪੰਥਕ ਪਰਿਵਾਰਾਂ ਨਾਲ ਸੰਵਾਦ ਕਰੋ। ਪਿੰਡਾਂ ਵਿੱਚ ਪੰਜਾਬ ਸਰਕਾਰ ਦੇ ਵਿਕਾਸ ਕਾਰਜਾਂ ਅਤੇ ਨਿਰਪੱਖ ਭਰਤੀਆਂ ਦੇ ਸੁਨੇਹੇ ਨਾਲ ਸੰਨ੍ਹ ਲਗਾਓ।', 'action_steps_en': ['Days 1-30: Map the top 30 influential non-committed Panthic families in Chogawan Roopowali (Part 2).', 'Days 31-60: Deploy senior constituency leaders for direct home visits to address local disgruntlement.', ""Days 61-90: Neutralize SAD's +63 vote cushion by winning over agricultural youth.""], 'action_steps_pa': ['ਦਿਨ 1-30: ਚੋਗਾਵਾਂ ਰੂਪੋਵਾਲੀ (ਭਾਗ 2) ਦੇ 30 ਨਿਰਪੱਖ ਅਤੇ ਪ੍ਰਭਾਵਸ਼ਾਲੀ ਪਰਿਵਾਰਾਂ ਦੀ ਸ਼ਨਾਖਤ ਕਰੋ।', 'ਦਿਨ 31-60: ਸੀਨੀਅਰ ਲੀਡਰਸ਼ਿਪ ਰਾਹੀਂ ਘਰ-ਘਰ ਜਾ ਕੇ ਸਰਕਾਰ ਦੀਆਂ ਨਿਰਪੱਖ ਨੀਤੀਆਂ ਸਾਂਝੀਆਂ ਕਰੋ।', 'ਦਿਨ 61-90: ਨੌਜਵਾਨ ਵਰਗ ਨੂੰ ਸਰਕਾਰੀ ਨੌਕਰੀਆਂ ਅਤੇ ਖੇਡ ਕਿੱਟਾਂ ਰਾਹੀਂ ਪਾਰਟੀ ਨਾਲ ਜੋੜ ਕੇ ਲੀਡ ਘਟਾਓ।'], 'action_steps': ['ਦਿਨ 1-30: ਚੋਗਾਵਾਂ ਰੂਪੋਵਾਲੀ (ਭਾਗ 2) ਦੇ 30 ਨਿਰਪੱਖ ਅਤੇ ਪ੍ਰਭਾਵਸ਼ਾਲੀ ਪਰਿਵਾਰਾਂ ਦੀ ਸ਼ਨਾਖਤ ਕਰੋ।', 'ਦਿਨ 31-60: ਸੀਨੀਅਰ ਲੀਡਰਸ਼ਿਪ ਰਾਹੀਂ ਘਰ-ਘਰ ਜਾ ਕੇ ਸਰਕਾਰ ਦੀਆਂ ਨਿਰਪੱਖ ਨੀਤੀਆਂ ਸਾਂਝੀਆਂ ਕਰੋ।', 'ਦਿਨ 61-90: ਨੌਜਵਾਨ ਵਰਗ ਨੂੰ ਸਰਕਾਰੀ ਨੌਕਰੀਆਂ ਅਤੇ ਖੇਡ ਕਿੱਟਾਂ ਰਾਹੀਂ ਪਾਰਟੀ ਨਾਲ ਜੋੜ ਕੇ ਲੀਡ ਘਟਾਓ।']}"
139,136,Dadian (Part 2),ਦਾਦੀਆਂ (ਭਾਗ 2),ਦਾਦੀਆਂ (ਭਾਗ 2),Dadian (Part 2),ਦਾਦੀਆਂ (ਭਾਗ 2),SAD,SAD,205,2,SAD Retained,SAD Retained,AAP Deficit,ਆਪ ਘਾਟ,INC Deficit,"{'AAP': 'LOST_BOTH', 'SAD': 'WON_BOTH', 'INC': 'WEAK', 'BJP': 'WEAK'}",False,"{'is_flip': False, 'status_label': 'SAD Retained', 'turnout_diff': -71, 'turnout_pct': -12.2, 'sad_swing': -15.75, 'aap_swing': 24.92, 'inc_swing': -15.56, 'bjp_swing': 0.13}",582,511,-71,-12.2,332,211,-121,57.04,41.29,-15.75,93,209,116,15.98,40.9,24.92,127,32,-95,21.82,6.26,-15.56,14,13,-1,2.41,2.54,0.13,32,6.26,"{'total': 582, 'sad': 332, 'aap': 93, 'inc': 127, 'bjp': 14, 'sad_votes': 332, 'sad_pct': 57.04, 'aap_votes': 93, 'aap_pct': 15.98, 'inc_votes': 127, 'inc_pct': 21.82, 'bjp_votes': 14, 'bjp_pct': 2.41, 'winner_party': 'SAD', 'margin': 205, 'winner_candidate': 'Ganieve Kaur Majithia'}","{'total': 511, 'sad': 211, 'aap': 209, 'inc': 32, 'bjp': 13, 'sada': 32, 'bsp': 0, 'others': 13, 'sad_votes': 211, 'sad_pct': 41.29, 'aap_votes': 209, 'aap_pct': 40.9, 'inc_votes': 32, 'inc_pct': 6.26, 'bjp_votes': 13, 'bjp_pct': 2.54, 'sada_votes': 32, 'sada_pct': 6.26, 'winner_party': 'SAD', 'margin': 2, 'winner_candidate': 'Anil Joshi'}","{'turnout_diff': -71, 'turnout_pct': -12.2, 'sad_shift': -121, 'sad_swing': -15.75, 'aap_shift': 116, 'aap_swing': 24.92, 'inc_shift': -95, 'inc_swing': -15.56, 'bjp_shift': -1, 'bjp_swing': 0.13}",Akali Bastion: Strategic Penetration & Demolition Zone,ਅਕਾਲੀ ਦਲ ਦਾ ਪ੍ਰਭਾਵਿਤ ਖੇਤਰ: ਵਿਸ਼ੇਸ਼ ਘੇਰਾਬੰਦੀ ਜ਼ੋਨ,SAD retained lead here by +2 votes (41.3% share). Target moderate Panthic and farming families in Dadian (Part 2) disillusioned with traditional leadership. Appoint dedicated block coordinators and highlight direct government procurement and village development works.,ਅਕਾਲੀ ਦਲ ਨੇ ਇੱਥੇ +2 ਵੋਟਾਂ (41.3%) ਨਾਲ ਲੀਡ ਬਣਾਈ ਹੈ। ਦਾਦੀਆਂ (ਭਾਗ 2) ਵਿੱਚ ਰਵਾਇਤੀ ਲੀਡਰਸ਼ਿਪ ਤੋਂ ਨਿਰਾਸ਼ ਕਿਸਾਨ ਅਤੇ ਪੰਥਕ ਪਰਿਵਾਰਾਂ ਨਾਲ ਸੰਵਾਦ ਕਰੋ। ਪਿੰਡਾਂ ਵਿੱਚ ਪੰਜਾਬ ਸਰਕਾਰ ਦੇ ਵਿਕਾਸ ਕਾਰਜਾਂ ਅਤੇ ਨਿਰਪੱਖ ਭਰਤੀਆਂ ਦੇ ਸੁਨੇਹੇ ਨਾਲ ਸੰਨ੍ਹ ਲਗਾਓ।,"{'booth_no': '136', 'village_en': 'Dadian (Part 2)', 'village_pa': 'ਦਾਦੀਆਂ (ਭਾਗ 2)', 'zone_en': 'Akali Bastion: Strategic Penetration & Demolition Zone', 'zone_pa': 'ਅਕਾਲੀ ਦਲ ਦਾ ਪ੍ਰਭਾਵਿਤ ਖੇਤਰ: ਵਿਸ਼ੇਸ਼ ਘੇਰਾਬੰਦੀ ਜ਼ੋਨ', 'action_en': 'SAD retained lead here by +2 votes (41.3% share). Target moderate Panthic and farming families in Dadian (Part 2) disillusioned with traditional leadership. Appoint dedicated block coordinators and highlight direct government procurement and village development works.', 'action_pa': 'ਅਕਾਲੀ ਦਲ ਨੇ ਇੱਥੇ +2 ਵੋਟਾਂ (41.3%) ਨਾਲ ਲੀਡ ਬਣਾਈ ਹੈ। ਦਾਦੀਆਂ (ਭਾਗ 2) ਵਿੱਚ ਰਵਾਇਤੀ ਲੀਡਰਸ਼ਿਪ ਤੋਂ ਨਿਰਾਸ਼ ਕਿਸਾਨ ਅਤੇ ਪੰਥਕ ਪਰਿਵਾਰਾਂ ਨਾਲ ਸੰਵਾਦ ਕਰੋ। ਪਿੰਡਾਂ ਵਿੱਚ ਪੰਜਾਬ ਸਰਕਾਰ ਦੇ ਵਿਕਾਸ ਕਾਰਜਾਂ ਅਤੇ ਨਿਰਪੱਖ ਭਰਤੀਆਂ ਦੇ ਸੁਨੇਹੇ ਨਾਲ ਸੰਨ੍ਹ ਲਗਾਓ।', 'action_steps_en': ['Days 1-30: Map the top 30 influential non-committed Panthic families in Dadian (Part 2).', 'Days 31-60: Deploy senior constituency leaders for direct home visits to address local disgruntlement.', ""Days 61-90: Neutralize SAD's +2 vote cushion by winning over agricultural youth.""], 'action_steps_pa': ['ਦਿਨ 1-30: ਦਾਦੀਆਂ (ਭਾਗ 2) ਦੇ 30 ਨਿਰਪੱਖ ਅਤੇ ਪ੍ਰਭਾਵਸ਼ਾਲੀ ਪਰਿਵਾਰਾਂ ਦੀ ਸ਼ਨਾਖਤ ਕਰੋ।', 'ਦਿਨ 31-60: ਸੀਨੀਅਰ ਲੀਡਰਸ਼ਿਪ ਰਾਹੀਂ ਘਰ-ਘਰ ਜਾ ਕੇ ਸਰਕਾਰ ਦੀਆਂ ਨਿਰਪੱਖ ਨੀਤੀਆਂ ਸਾਂਝੀਆਂ ਕਰੋ।', 'ਦਿਨ 61-90: ਨੌਜਵਾਨ ਵਰਗ ਨੂੰ ਸਰਕਾਰੀ ਨੌਕਰੀਆਂ ਅਤੇ ਖੇਡ ਕਿੱਟਾਂ ਰਾਹੀਂ ਪਾਰਟੀ ਨਾਲ ਜੋੜ ਕੇ ਲੀਡ ਘਟਾਓ।'], 'action_steps': ['ਦਿਨ 1-30: ਦਾਦੀਆਂ (ਭਾਗ 2) ਦੇ 30 ਨਿਰਪੱਖ ਅਤੇ ਪ੍ਰਭਾਵਸ਼ਾਲੀ ਪਰਿਵਾਰਾਂ ਦੀ ਸ਼ਨਾਖਤ ਕਰੋ।', 'ਦਿਨ 31-60: ਸੀਨੀਅਰ ਲੀਡਰਸ਼ਿਪ ਰਾਹੀਂ ਘਰ-ਘਰ ਜਾ ਕੇ ਸਰਕਾਰ ਦੀਆਂ ਨਿਰਪੱਖ ਨੀਤੀਆਂ ਸਾਂਝੀਆਂ ਕਰੋ।', 'ਦਿਨ 61-90: ਨੌਜਵਾਨ ਵਰਗ ਨੂੰ ਸਰਕਾਰੀ ਨੌਕਰੀਆਂ ਅਤੇ ਖੇਡ ਕਿੱਟਾਂ ਰਾਹੀਂ ਪਾਰਟੀ ਨਾਲ ਜੋੜ ਕੇ ਲੀਡ ਘਟਾਓ।']}"
140,136A,Marrari Kalan (Auxiliary Booth 136A),ਮਰਾਰੀ ਕਲਾਂ (ਸਹਾਇਕ ਬੂਥ 136A),ਮਰਾਰੀ ਕਲਾਂ (ਸਹਾਇਕ ਬੂਥ 136A),Marrari Kalan (Auxiliary Booth 136A),ਮਰਾਰੀ ਕਲਾਂ (ਸਹਾਇਕ ਬੂਥ 136A),SAD,SAD,205,38,SAD Retained,SAD Retained,AAP Deficit,ਆਪ ਘਾਟ,INC Deficit,"{'AAP': 'LOST_BOTH', 'SAD': 'WON_BOTH', 'INC': 'WEAK', 'BJP': 'WEAK'}",False,"{'is_flip': False, 'status_label': 'SAD Retained', 'turnout_diff': -85, 'turnout_pct': -14.6, 'sad_swing': -10.56, 'aap_swing': 22.85, 'inc_swing': -15.38, 'bjp_swing': -1.0}",582,497,-85,-14.6,332,231,-101,57.04,46.48,-10.56,93,193,100,15.98,38.83,22.85,127,32,-95,21.82,6.44,-15.38,14,7,-7,2.41,1.41,-1.0,21,4.23,"{'total': 582, 'sad': 332, 'aap': 93, 'inc': 127, 'bjp': 14, 'sad_votes': 332, 'sad_pct': 57.04, 'aap_votes': 93, 'aap_pct': 15.98, 'inc_votes': 127, 'inc_pct': 21.82, 'bjp_votes': 14, 'bjp_pct': 2.41, 'winner_party': 'SAD', 'margin': 205, 'winner_candidate': 'Ganieve Kaur Majithia'}","{'total': 497, 'sad': 231, 'aap': 193, 'inc': 32, 'bjp': 7, 'sada': 21, 'bsp': 0, 'others': 11, 'sad_votes': 231, 'sad_pct': 46.48, 'aap_votes': 193, 'aap_pct': 38.83, 'inc_votes': 32, 'inc_pct': 6.44, 'bjp_votes': 7, 'bjp_pct': 1.41, 'sada_votes': 21, 'sada_pct': 4.23, 'winner_party': 'SAD', 'margin': 38, 'winner_candidate': 'Anil Joshi'}","{'turnout_diff': -85, 'turnout_pct': -14.6, 'sad_shift': -101, 'sad_swing': -10.56, 'aap_shift': 100, 'aap_swing': 22.85, 'inc_shift': -95, 'inc_swing': -15.38, 'bjp_shift': -7, 'bjp_swing': -1.0}",Akali Bastion: Strategic Penetration & Demolition Zone,ਅਕਾਲੀ ਦਲ ਦਾ ਪ੍ਰਭਾਵਿਤ ਖੇਤਰ: ਵਿਸ਼ੇਸ਼ ਘੇਰਾਬੰਦੀ ਜ਼ੋਨ,SAD retained lead here by +38 votes (46.5% share). Target moderate Panthic and farming families in Marrari Kalan (Auxiliary Booth 136A) disillusioned with traditional leadership. Appoint dedicated block coordinators and highlight direct government procurement and village development works.,ਅਕਾਲੀ ਦਲ ਨੇ ਇੱਥੇ +38 ਵੋਟਾਂ (46.5%) ਨਾਲ ਲੀਡ ਬਣਾਈ ਹੈ। ਮਰਾਰੀ ਕਲਾਂ (ਸਹਾਇਕ ਬੂਥ 136A) ਵਿੱਚ ਰਵਾਇਤੀ ਲੀਡਰਸ਼ਿਪ ਤੋਂ ਨਿਰਾਸ਼ ਕਿਸਾਨ ਅਤੇ ਪੰਥਕ ਪਰਿਵਾਰਾਂ ਨਾਲ ਸੰਵਾਦ ਕਰੋ। ਪਿੰਡਾਂ ਵਿੱਚ ਪੰਜਾਬ ਸਰਕਾਰ ਦੇ ਵਿਕਾਸ ਕਾਰਜਾਂ ਅਤੇ ਨਿਰਪੱਖ ਭਰਤੀਆਂ ਦੇ ਸੁਨੇਹੇ ਨਾਲ ਸੰਨ੍ਹ ਲਗਾਓ।,"{'booth_no': '136A', 'village_en': 'Marrari Kalan (Auxiliary Booth 136A)', 'village_pa': 'ਮਰਾਰੀ ਕਲਾਂ (ਸਹਾਇਕ ਬੂਥ 136A)', 'zone_en': 'Akali Bastion: Strategic Penetration & Demolition Zone', 'zone_pa': 'ਅਕਾਲੀ ਦਲ ਦਾ ਪ੍ਰਭਾਵਿਤ ਖੇਤਰ: ਵਿਸ਼ੇਸ਼ ਘੇਰਾਬੰਦੀ ਜ਼ੋਨ', 'action_en': 'SAD retained lead here by +38 votes (46.5% share). Target moderate Panthic and farming families in Marrari Kalan (Auxiliary Booth 136A) disillusioned with traditional leadership. Appoint dedicated block coordinators and highlight direct government procurement and village development works.', 'action_pa': 'ਅਕਾਲੀ ਦਲ ਨੇ ਇੱਥੇ +38 ਵੋਟਾਂ (46.5%) ਨਾਲ ਲੀਡ ਬਣਾਈ ਹੈ। ਮਰਾਰੀ ਕਲਾਂ (ਸਹਾਇਕ ਬੂਥ 136A) ਵਿੱਚ ਰਵਾਇਤੀ ਲੀਡਰਸ਼ਿਪ ਤੋਂ ਨਿਰਾਸ਼ ਕਿਸਾਨ ਅਤੇ ਪੰਥਕ ਪਰਿਵਾਰਾਂ ਨਾਲ ਸੰਵਾਦ ਕਰੋ। ਪਿੰਡਾਂ ਵਿੱਚ ਪੰਜਾਬ ਸਰਕਾਰ ਦੇ ਵਿਕਾਸ ਕਾਰਜਾਂ ਅਤੇ ਨਿਰਪੱਖ ਭਰਤੀਆਂ ਦੇ ਸੁਨੇਹੇ ਨਾਲ ਸੰਨ੍ਹ ਲਗਾਓ।', 'action_steps_en': ['Days 1-30: Map the top 30 influential non-committed Panthic families in Marrari Kalan (Auxiliary Booth 136A).', 'Days 31-60: Deploy senior constituency leaders for direct home visits to address local disgruntlement.', ""Days 61-90: Neutralize SAD's +38 vote cushion by winning over agricultural youth.""], 'action_steps_pa': ['ਦਿਨ 1-30: ਮਰਾਰੀ ਕਲਾਂ (ਸਹਾਇਕ ਬੂਥ 136A) ਦੇ 30 ਨਿਰਪੱਖ ਅਤੇ ਪ੍ਰਭਾਵਸ਼ਾਲੀ ਪਰਿਵਾਰਾਂ ਦੀ ਸ਼ਨਾਖਤ ਕਰੋ।', 'ਦਿਨ 31-60: ਸੀਨੀਅਰ ਲੀਡਰਸ਼ਿਪ ਰਾਹੀਂ ਘਰ-ਘਰ ਜਾ ਕੇ ਸਰਕਾਰ ਦੀਆਂ ਨਿਰਪੱਖ ਨੀਤੀਆਂ ਸਾਂਝੀਆਂ ਕਰੋ।', 'ਦਿਨ 61-90: ਨੌਜਵਾਨ ਵਰਗ ਨੂੰ ਸਰਕਾਰੀ ਨੌਕਰੀਆਂ ਅਤੇ ਖੇਡ ਕਿੱਟਾਂ ਰਾਹੀਂ ਪਾਰਟੀ ਨਾਲ ਜੋੜ ਕੇ ਲੀਡ ਘਟਾਓ।'], 'action_steps': ['ਦਿਨ 1-30: ਮਰਾਰੀ ਕਲਾਂ (ਸਹਾਇਕ ਬੂਥ 136A) ਦੇ 30 ਨਿਰਪੱਖ ਅਤੇ ਪ੍ਰਭਾਵਸ਼ਾਲੀ ਪਰਿਵਾਰਾਂ ਦੀ ਸ਼ਨਾਖਤ ਕਰੋ।', 'ਦਿਨ 31-60: ਸੀਨੀਅਰ ਲੀਡਰਸ਼ਿਪ ਰਾਹੀਂ ਘਰ-ਘਰ ਜਾ ਕੇ ਸਰਕਾਰ ਦੀਆਂ ਨਿਰਪੱਖ ਨੀਤੀਆਂ ਸਾਂਝੀਆਂ ਕਰੋ।', 'ਦਿਨ 61-90: ਨੌਜਵਾਨ ਵਰਗ ਨੂੰ ਸਰਕਾਰੀ ਨੌਕਰੀਆਂ ਅਤੇ ਖੇਡ ਕਿੱਟਾਂ ਰਾਹੀਂ ਪਾਰਟੀ ਨਾਲ ਜੋੜ ਕੇ ਲੀਡ ਘਟਾਓ।']}"
141,137,Dadupura (Part 2),ਦਾਦੂਪੁਰਾ (ਭਾਗ 2),ਦਾਦੂਪੁਰਾ (ਭਾਗ 2),Dadupura (Part 2),ਦਾਦੂਪੁਰਾ (ਭਾਗ 2),SAD,SAD,81,27,SAD Retained,SAD Retained,AAP Deficit,ਆਪ ਘਾਟ,INC Deficit,"{'AAP': 'LOST_BOTH', 'SAD': 'WON_BOTH', 'INC': 'WEAK', 'BJP': 'WEAK'}",False,"{'is_flip': False, 'status_label': 'SAD Retained', 'turnout_diff': -111, 'turnout_pct': -23.12, 'sad_swing': -13.08, 'aap_swing': -3.52, 'inc_swing': 4.08, 'bjp_swing': 7.17}",480,369,-111,-23.12,254,147,-107,52.92,39.84,-13.08,173,120,-53,36.04,32.52,-3.52,39,45,6,8.12,12.2,4.08,2,28,26,0.42,7.59,7.17,10,2.71,"{'total': 480, 'sad': 254, 'aap': 173, 'inc': 39, 'bjp': 2, 'sad_votes': 254, 'sad_pct': 52.92, 'aap_votes': 173, 'aap_pct': 36.04, 'inc_votes': 39, 'inc_pct': 8.12, 'bjp_votes': 2, 'bjp_pct': 0.42, 'winner_party': 'SAD', 'margin': 81, 'winner_candidate': 'Ganieve Kaur Majithia'}","{'total': 369, 'sad': 147, 'aap': 120, 'inc': 45, 'bjp': 28, 'sada': 10, 'bsp': 0, 'others': 19, 'sad_votes': 147, 'sad_pct': 39.84, 'aap_votes': 120, 'aap_pct': 32.52, 'inc_votes': 45, 'inc_pct': 12.2, 'bjp_votes': 28, 'bjp_pct': 7.59, 'sada_votes': 10, 'sada_pct': 2.71, 'winner_party': 'SAD', 'margin': 27, 'winner_candidate': 'Anil Joshi'}","{'turnout_diff': -111, 'turnout_pct': -23.12, 'sad_shift': -107, 'sad_swing': -13.08, 'aap_shift': -53, 'aap_swing': -3.52, 'inc_shift': 6, 'inc_swing': 4.08, 'bjp_shift': 26, 'bjp_swing': 7.17}",Akali Bastion: Strategic Penetration & Demolition Zone,ਅਕਾਲੀ ਦਲ ਦਾ ਪ੍ਰਭਾਵਿਤ ਖੇਤਰ: ਵਿਸ਼ੇਸ਼ ਘੇਰਾਬੰਦੀ ਜ਼ੋਨ,SAD retained lead here by +27 votes (39.8% share). Target moderate Panthic and farming families in Dadupura (Part 2) disillusioned with traditional leadership. Appoint dedicated block coordinators and highlight direct government procurement and village development works.,ਅਕਾਲੀ ਦਲ ਨੇ ਇੱਥੇ +27 ਵੋਟਾਂ (39.8%) ਨਾਲ ਲੀਡ ਬਣਾਈ ਹੈ। ਦਾਦੂਪੁਰਾ (ਭਾਗ 2) ਵਿੱਚ ਰਵਾਇਤੀ ਲੀਡਰਸ਼ਿਪ ਤੋਂ ਨਿਰਾਸ਼ ਕਿਸਾਨ ਅਤੇ ਪੰਥਕ ਪਰਿਵਾਰਾਂ ਨਾਲ ਸੰਵਾਦ ਕਰੋ। ਪਿੰਡਾਂ ਵਿੱਚ ਪੰਜਾਬ ਸਰਕਾਰ ਦੇ ਵਿਕਾਸ ਕਾਰਜਾਂ ਅਤੇ ਨਿਰਪੱਖ ਭਰਤੀਆਂ ਦੇ ਸੁਨੇਹੇ ਨਾਲ ਸੰਨ੍ਹ ਲਗਾਓ।,"{'booth_no': '137', 'village_en': 'Dadupura (Part 2)', 'village_pa': 'ਦਾਦੂਪੁਰਾ (ਭਾਗ 2)', 'zone_en': 'Akali Bastion: Strategic Penetration & Demolition Zone', 'zone_pa': 'ਅਕਾਲੀ ਦਲ ਦਾ ਪ੍ਰਭਾਵਿਤ ਖੇਤਰ: ਵਿਸ਼ੇਸ਼ ਘੇਰਾਬੰਦੀ ਜ਼ੋਨ', 'action_en': 'SAD retained lead here by +27 votes (39.8% share). Target moderate Panthic and farming families in Dadupura (Part 2) disillusioned with traditional leadership. Appoint dedicated block coordinators and highlight direct government procurement and village development works.', 'action_pa': 'ਅਕਾਲੀ ਦਲ ਨੇ ਇੱਥੇ +27 ਵੋਟਾਂ (39.8%) ਨਾਲ ਲੀਡ ਬਣਾਈ ਹੈ। ਦਾਦੂਪੁਰਾ (ਭਾਗ 2) ਵਿੱਚ ਰਵਾਇਤੀ ਲੀਡਰਸ਼ਿਪ ਤੋਂ ਨਿਰਾਸ਼ ਕਿਸਾਨ ਅਤੇ ਪੰਥਕ ਪਰਿਵਾਰਾਂ ਨਾਲ ਸੰਵਾਦ ਕਰੋ। ਪਿੰਡਾਂ ਵਿੱਚ ਪੰਜਾਬ ਸਰਕਾਰ ਦੇ ਵਿਕਾਸ ਕਾਰਜਾਂ ਅਤੇ ਨਿਰਪੱਖ ਭਰਤੀਆਂ ਦੇ ਸੁਨੇਹੇ ਨਾਲ ਸੰਨ੍ਹ ਲਗਾਓ।', 'action_steps_en': ['Days 1-30: Map the top 30 influential non-committed Panthic families in Dadupura (Part 2).', 'Days 31-60: Deploy senior constituency leaders for direct home visits to address local disgruntlement.', ""Days 61-90: Neutralize SAD's +27 vote cushion by winning over agricultural youth.""], 'action_steps_pa': ['ਦਿਨ 1-30: ਦਾਦੂਪੁਰਾ (ਭਾਗ 2) ਦੇ 30 ਨਿਰਪੱਖ ਅਤੇ ਪ੍ਰਭਾਵਸ਼ਾਲੀ ਪਰਿਵਾਰਾਂ ਦੀ ਸ਼ਨਾਖਤ ਕਰੋ।', 'ਦਿਨ 31-60: ਸੀਨੀਅਰ ਲੀਡਰਸ਼ਿਪ ਰਾਹੀਂ ਘਰ-ਘਰ ਜਾ ਕੇ ਸਰਕਾਰ ਦੀਆਂ ਨਿਰਪੱਖ ਨੀਤੀਆਂ ਸਾਂਝੀਆਂ ਕਰੋ।', 'ਦਿਨ 61-90: ਨੌਜਵਾਨ ਵਰਗ ਨੂੰ ਸਰਕਾਰੀ ਨੌਕਰੀਆਂ ਅਤੇ ਖੇਡ ਕਿੱਟਾਂ ਰਾਹੀਂ ਪਾਰਟੀ ਨਾਲ ਜੋੜ ਕੇ ਲੀਡ ਘਟਾਓ।'], 'action_steps': ['ਦਿਨ 1-30: ਦਾਦੂਪੁਰਾ (ਭਾਗ 2) ਦੇ 30 ਨਿਰਪੱਖ ਅਤੇ ਪ੍ਰਭਾਵਸ਼ਾਲੀ ਪਰਿਵਾਰਾਂ ਦੀ ਸ਼ਨਾਖਤ ਕਰੋ।', 'ਦਿਨ 31-60: ਸੀਨੀਅਰ ਲੀਡਰਸ਼ਿਪ ਰਾਹੀਂ ਘਰ-ਘਰ ਜਾ ਕੇ ਸਰਕਾਰ ਦੀਆਂ ਨਿਰਪੱਖ ਨੀਤੀਆਂ ਸਾਂਝੀਆਂ ਕਰੋ।', 'ਦਿਨ 61-90: ਨੌਜਵਾਨ ਵਰਗ ਨੂੰ ਸਰਕਾਰੀ ਨੌਕਰੀਆਂ ਅਤੇ ਖੇਡ ਕਿੱਟਾਂ ਰਾਹੀਂ ਪਾਰਟੀ ਨਾਲ ਜੋੜ ਕੇ ਲੀਡ ਘਟਾਓ।']}"
142,138,Darike (Part 2),ਦੜੀਕੇ (ਭਾਗ 2),ਦੜੀਕੇ (ਭਾਗ 2),Darike (Part 2),ਦੜੀਕੇ (ਭਾਗ 2),SAD,AAP,18,50,SAD → AAP,SAD → AAP,AAP Gain,ਆਪ ਲਾਭ,INC Deficit,"{'AAP': 'GAINED', 'SAD': 'LOST_24', 'INC': 'LOST_BOTH', 'BJP': 'WEAK'}",True,"{'is_flip': True, 'status_label': 'SAD → AAP', 'turnout_diff': -188, 'turnout_pct': -30.27, 'sad_swing': -9.23, 'aap_swing': 5.22, 'inc_swing': -2.4, 'bjp_swing': 2.19}",621,433,-188,-30.27,238,126,-112,38.33,29.1,-9.23,220,176,-44,35.43,40.65,5.22,111,67,-44,17.87,15.47,-2.4,38,36,-2,6.12,8.31,2.19,13,3.0,"{'total': 621, 'sad': 238, 'aap': 220, 'inc': 111, 'bjp': 38, 'sad_votes': 238, 'sad_pct': 38.33, 'aap_votes': 220, 'aap_pct': 35.43, 'inc_votes': 111, 'inc_pct': 17.87, 'bjp_votes': 38, 'bjp_pct': 6.12, 'winner_party': 'SAD', 'margin': 18, 'winner_candidate': 'Ganieve Kaur Majithia'}","{'total': 433, 'sad': 126, 'aap': 176, 'inc': 67, 'bjp': 36, 'sada': 13, 'bsp': 1, 'others': 14, 'sad_votes': 126, 'sad_pct': 29.1, 'aap_votes': 176, 'aap_pct': 40.65, 'inc_votes': 67, 'inc_pct': 15.47, 'bjp_votes': 36, 'bjp_pct': 8.31, 'sada_votes': 13, 'sada_pct': 3.0, 'winner_party': 'AAP', 'margin': 50, 'winner_candidate': 'Kuldeep Singh Dhaliwal'}","{'turnout_diff': -188, 'turnout_pct': -30.27, 'sad_shift': -112, 'sad_swing': -9.23, 'aap_shift': -44, 'aap_swing': 5.22, 'inc_shift': -44, 'inc_swing': -2.4, 'bjp_shift': -2, 'bjp_swing': 2.19}",Historic Breakthrough: AAP Flipped Stronghold,ਇਤਿਹਾਸਕ ਪ੍ਰਾਪਤੀ: ਅਕਾਲੀ ਗੜ੍ਹ ਵਿੱਚ ਆਪ ਦੀ ਜਿੱਤ ਜ਼ੋਨ,"Major breakthrough in Darike (Part 2) previously held by SAD. Formally induct local village swing leaders and youth volunteers who backed AAP in 2024. Resolve local village infrastructure, canal tail issues, and cement +50 lead.","ਦੜੀਕੇ (ਭਾਗ 2) ਵਿੱਚ ਵੱਡੀ ਇਤਿਹਾਸਕ ਸਫ਼ਲਤਾ, ਜਿੱਥੇ SAD ਦਾ ਪੁਰਾਣਾ ਦਬਦਬਾ ਟੁੱਟਿਆ। 2024 ਵਿੱਚ ਆਪ ਨਾਲ ਜੁੜੇ ਨੌਜਵਾਨਾਂ ਅਤੇ ਪੰਚਾਇਤੀ ਆਗੂਆਂ ਨੂੰ ਜਥੇਬੰਦਕ ਜ਼ਿੰਮੇਵਾਰੀਆਂ ਦਿਓ ਅਤੇ +50 ਵੋਟਾਂ ਦੀ ਲੀਡ ਨੂੰ ਸਥਾਈ ਵੋਟ ਬੈਂਕ ਵਿੱਚ ਬਦਲੋ।","{'booth_no': '138', 'village_en': 'Darike (Part 2)', 'village_pa': 'ਦੜੀਕੇ (ਭਾਗ 2)', 'zone_en': 'Historic Breakthrough: AAP Flipped Stronghold', 'zone_pa': 'ਇਤਿਹਾਸਕ ਪ੍ਰਾਪਤੀ: ਅਕਾਲੀ ਗੜ੍ਹ ਵਿੱਚ ਆਪ ਦੀ ਜਿੱਤ ਜ਼ੋਨ', 'action_en': 'Major breakthrough in Darike (Part 2) previously held by SAD. Formally induct local village swing leaders and youth volunteers who backed AAP in 2024. Resolve local village infrastructure, canal tail issues, and cement +50 lead.', 'action_pa': 'ਦੜੀਕੇ (ਭਾਗ 2) ਵਿੱਚ ਵੱਡੀ ਇਤਿਹਾਸਕ ਸਫ਼ਲਤਾ, ਜਿੱਥੇ SAD ਦਾ ਪੁਰਾਣਾ ਦਬਦਬਾ ਟੁੱਟਿਆ। 2024 ਵਿੱਚ ਆਪ ਨਾਲ ਜੁੜੇ ਨੌਜਵਾਨਾਂ ਅਤੇ ਪੰਚਾਇਤੀ ਆਗੂਆਂ ਨੂੰ ਜਥੇਬੰਦਕ ਜ਼ਿੰਮੇਵਾਰੀਆਂ ਦਿਓ ਅਤੇ +50 ਵੋਟਾਂ ਦੀ ਲੀਡ ਨੂੰ ਸਥਾਈ ਵੋਟ ਬੈਂਕ ਵਿੱਚ ਬਦਲੋ।', 'action_steps_en': ['Days 1-30: Onboard dynamic swing workers who crossed over from SAD into the formal AAP booth structure.', 'Days 31-60: Prioritize village link road and street light repairs in Darike (Part 2) through rural development grants.', 'Days 61-90: Convert current +50 vote lead into permanent party loyalty before 2027.'], 'action_steps_pa': ['ਦਿਨ 1-30: SAD ਛੱਡ ਕੇ ਆਪ ਵਿੱਚ ਸ਼ਾਮਲ ਹੋਏ ਆਗੂਆਂ ਨੂੰ ਬੂਥ ਕਮੇਟੀ ਵਿੱਚ ਅਹਿਮ ਜ਼ਿੰਮੇਵਾਰੀਆਂ ਦਿਓ।', ""ਦਿਨ 31-60: ਦੜੀਕੇ (ਭਾਗ 2) ਵਿੱਚ ਪਿੰਡ ਦੀਆਂ ਫਿਰਨੀਆਂ, ਗਲੀਆਂ ਅਤੇ ਲਿੰਕ ਸੜਕਾਂ ਦੇ ਕੰਮ ਤਰਜੀਹ 'ਤੇ ਕਰਵਾਓ।"", 'ਦਿਨ 61-90: +50 ਵੋਟਾਂ ਦੀ ਲੀਡ ਨੂੰ ਪੱਕੇ ਵੋਟ ਬੈਂਕ ਵਿੱਚ ਤਬਦੀਲ ਕਰੋ।'], 'action_steps': ['ਦਿਨ 1-30: SAD ਛੱਡ ਕੇ ਆਪ ਵਿੱਚ ਸ਼ਾਮਲ ਹੋਏ ਆਗੂਆਂ ਨੂੰ ਬੂਥ ਕਮੇਟੀ ਵਿੱਚ ਅਹਿਮ ਜ਼ਿੰਮੇਵਾਰੀਆਂ ਦਿਓ।', ""ਦਿਨ 31-60: ਦੜੀਕੇ (ਭਾਗ 2) ਵਿੱਚ ਪਿੰਡ ਦੀਆਂ ਫਿਰਨੀਆਂ, ਗਲੀਆਂ ਅਤੇ ਲਿੰਕ ਸੜਕਾਂ ਦੇ ਕੰਮ ਤਰਜੀਹ 'ਤੇ ਕਰਵਾਓ।"", 'ਦਿਨ 61-90: +50 ਵੋਟਾਂ ਦੀ ਲੀਡ ਨੂੰ ਪੱਕੇ ਵੋਟ ਬੈਂਕ ਵਿੱਚ ਤਬਦੀਲ ਕਰੋ।']}"
143,139,Dhadde (Part 2),ਢੱਡੇ (ਭਾਗ 2),ਢੱਡੇ (ਭਾਗ 2),Dhadde (Part 2),ਢੱਡੇ (ਭਾਗ 2),SAD,SAD,26,64,SAD Retained,SAD Retained,AAP Deficit,ਆਪ ਘਾਟ,INC Deficit,"{'AAP': 'LOST_BOTH', 'SAD': 'WON_BOTH', 'INC': 'WEAK', 'BJP': 'WEAK'}",False,"{'is_flip': False, 'status_label': 'SAD Retained', 'turnout_diff': 41, 'turnout_pct': 7.03, 'sad_swing': 0.08, 'aap_swing': -5.71, 'inc_swing': -5.99, 'bjp_swing': 0.65}",583,624,41,7.03,234,251,17,40.14,40.22,0.08,208,187,-21,35.68,29.97,-5.71,105,75,-30,18.01,12.02,-5.99,13,18,5,2.23,2.88,0.65,42,6.73,"{'total': 583, 'sad': 234, 'aap': 208, 'inc': 105, 'bjp': 13, 'sad_votes': 234, 'sad_pct': 40.14, 'aap_votes': 208, 'aap_pct': 35.68, 'inc_votes': 105, 'inc_pct': 18.01, 'bjp_votes': 13, 'bjp_pct': 2.23, 'winner_party': 'SAD', 'margin': 26, 'winner_candidate': 'Ganieve Kaur Majithia'}","{'total': 624, 'sad': 251, 'aap': 187, 'inc': 75, 'bjp': 18, 'sada': 42, 'bsp': 2, 'others': 48, 'sad_votes': 251, 'sad_pct': 40.22, 'aap_votes': 187, 'aap_pct': 29.97, 'inc_votes': 75, 'inc_pct': 12.02, 'bjp_votes': 18, 'bjp_pct': 2.88, 'sada_votes': 42, 'sada_pct': 6.73, 'winner_party': 'SAD', 'margin': 64, 'winner_candidate': 'Anil Joshi'}","{'turnout_diff': 41, 'turnout_pct': 7.03, 'sad_shift': 17, 'sad_swing': 0.08, 'aap_shift': -21, 'aap_swing': -5.71, 'inc_shift': -30, 'inc_swing': -5.99, 'bjp_shift': 5, 'bjp_swing': 0.65}",Akali Bastion: Strategic Penetration & Demolition Zone,ਅਕਾਲੀ ਦਲ ਦਾ ਪ੍ਰਭਾਵਿਤ ਖੇਤਰ: ਵਿਸ਼ੇਸ਼ ਘੇਰਾਬੰਦੀ ਜ਼ੋਨ,SAD retained lead here by +64 votes (40.2% share). Target moderate Panthic and farming families in Dhadde (Part 2) disillusioned with traditional leadership. Appoint dedicated block coordinators and highlight direct government procurement and village development works.,ਅਕਾਲੀ ਦਲ ਨੇ ਇੱਥੇ +64 ਵੋਟਾਂ (40.2%) ਨਾਲ ਲੀਡ ਬਣਾਈ ਹੈ। ਢੱਡੇ (ਭਾਗ 2) ਵਿੱਚ ਰਵਾਇਤੀ ਲੀਡਰਸ਼ਿਪ ਤੋਂ ਨਿਰਾਸ਼ ਕਿਸਾਨ ਅਤੇ ਪੰਥਕ ਪਰਿਵਾਰਾਂ ਨਾਲ ਸੰਵਾਦ ਕਰੋ। ਪਿੰਡਾਂ ਵਿੱਚ ਪੰਜਾਬ ਸਰਕਾਰ ਦੇ ਵਿਕਾਸ ਕਾਰਜਾਂ ਅਤੇ ਨਿਰਪੱਖ ਭਰਤੀਆਂ ਦੇ ਸੁਨੇਹੇ ਨਾਲ ਸੰਨ੍ਹ ਲਗਾਓ।,"{'booth_no': '139', 'village_en': 'Dhadde (Part 2)', 'village_pa': 'ਢੱਡੇ (ਭਾਗ 2)', 'zone_en': 'Akali Bastion: Strategic Penetration & Demolition Zone', 'zone_pa': 'ਅਕਾਲੀ ਦਲ ਦਾ ਪ੍ਰਭਾਵਿਤ ਖੇਤਰ: ਵਿਸ਼ੇਸ਼ ਘੇਰਾਬੰਦੀ ਜ਼ੋਨ', 'action_en': 'SAD retained lead here by +64 votes (40.2% share). Target moderate Panthic and farming families in Dhadde (Part 2) disillusioned with traditional leadership. Appoint dedicated block coordinators and highlight direct government procurement and village development works.', 'action_pa': 'ਅਕਾਲੀ ਦਲ ਨੇ ਇੱਥੇ +64 ਵੋਟਾਂ (40.2%) ਨਾਲ ਲੀਡ ਬਣਾਈ ਹੈ। ਢੱਡੇ (ਭਾਗ 2) ਵਿੱਚ ਰਵਾਇਤੀ ਲੀਡਰਸ਼ਿਪ ਤੋਂ ਨਿਰਾਸ਼ ਕਿਸਾਨ ਅਤੇ ਪੰਥਕ ਪਰਿਵਾਰਾਂ ਨਾਲ ਸੰਵਾਦ ਕਰੋ। ਪਿੰਡਾਂ ਵਿੱਚ ਪੰਜਾਬ ਸਰਕਾਰ ਦੇ ਵਿਕਾਸ ਕਾਰਜਾਂ ਅਤੇ ਨਿਰਪੱਖ ਭਰਤੀਆਂ ਦੇ ਸੁਨੇਹੇ ਨਾਲ ਸੰਨ੍ਹ ਲਗਾਓ।', 'action_steps_en': ['Days 1-30: Map the top 30 influential non-committed Panthic families in Dhadde (Part 2).', 'Days 31-60: Deploy senior constituency leaders for direct home visits to address local disgruntlement.', ""Days 61-90: Neutralize SAD's +64 vote cushion by winning over agricultural youth.""], 'action_steps_pa': ['ਦਿਨ 1-30: ਢੱਡੇ (ਭਾਗ 2) ਦੇ 30 ਨਿਰਪੱਖ ਅਤੇ ਪ੍ਰਭਾਵਸ਼ਾਲੀ ਪਰਿਵਾਰਾਂ ਦੀ ਸ਼ਨਾਖਤ ਕਰੋ।', 'ਦਿਨ 31-60: ਸੀਨੀਅਰ ਲੀਡਰਸ਼ਿਪ ਰਾਹੀਂ ਘਰ-ਘਰ ਜਾ ਕੇ ਸਰਕਾਰ ਦੀਆਂ ਨਿਰਪੱਖ ਨੀਤੀਆਂ ਸਾਂਝੀਆਂ ਕਰੋ।', 'ਦਿਨ 61-90: ਨੌਜਵਾਨ ਵਰਗ ਨੂੰ ਸਰਕਾਰੀ ਨੌਕਰੀਆਂ ਅਤੇ ਖੇਡ ਕਿੱਟਾਂ ਰਾਹੀਂ ਪਾਰਟੀ ਨਾਲ ਜੋੜ ਕੇ ਲੀਡ ਘਟਾਓ।'], 'action_steps': ['ਦਿਨ 1-30: ਢੱਡੇ (ਭਾਗ 2) ਦੇ 30 ਨਿਰਪੱਖ ਅਤੇ ਪ੍ਰਭਾਵਸ਼ਾਲੀ ਪਰਿਵਾਰਾਂ ਦੀ ਸ਼ਨਾਖਤ ਕਰੋ।', 'ਦਿਨ 31-60: ਸੀਨੀਅਰ ਲੀਡਰਸ਼ਿਪ ਰਾਹੀਂ ਘਰ-ਘਰ ਜਾ ਕੇ ਸਰਕਾਰ ਦੀਆਂ ਨਿਰਪੱਖ ਨੀਤੀਆਂ ਸਾਂਝੀਆਂ ਕਰੋ।', 'ਦਿਨ 61-90: ਨੌਜਵਾਨ ਵਰਗ ਨੂੰ ਸਰਕਾਰੀ ਨੌਕਰੀਆਂ ਅਤੇ ਖੇਡ ਕਿੱਟਾਂ ਰਾਹੀਂ ਪਾਰਟੀ ਨਾਲ ਜੋੜ ਕੇ ਲੀਡ ਘਟਾਓ।']}"
144,140,Dhing Nangal (Part 2),ਢੀਂਗ ਨੰਗਲ (ਭਾਗ 2),ਢੀਂਗ ਨੰਗਲ (ਭਾਗ 2),Dhing Nangal (Part 2),ਢੀਂਗ ਨੰਗਲ (ਭਾਗ 2),SAD,SAD,10,11,SAD Retained,SAD Retained,AAP Deficit,ਆਪ ਘਾਟ,INC Deficit,"{'AAP': 'LOST_BOTH', 'SAD': 'WON_BOTH', 'INC': 'WEAK', 'BJP': 'WEAK'}",False,"{'is_flip': False, 'status_label': 'SAD Retained', 'turnout_diff': -287, 'turnout_pct': -44.15, 'sad_swing': 1.98, 'aap_swing': 0.49, 'inc_swing': -10.37, 'bjp_swing': 2.28}",650,363,-287,-44.15,236,139,-97,36.31,38.29,1.98,226,128,-98,34.77,35.26,0.49,148,45,-103,22.77,12.4,-10.37,12,15,3,1.85,4.13,2.28,21,5.79,"{'total': 650, 'sad': 236, 'aap': 226, 'inc': 148, 'bjp': 12, 'sad_votes': 236, 'sad_pct': 36.31, 'aap_votes': 226, 'aap_pct': 34.77, 'inc_votes': 148, 'inc_pct': 22.77, 'bjp_votes': 12, 'bjp_pct': 1.85, 'winner_party': 'SAD', 'margin': 10, 'winner_candidate': 'Ganieve Kaur Majithia'}","{'total': 363, 'sad': 139, 'aap': 128, 'inc': 45, 'bjp': 15, 'sada': 21, 'bsp': 0, 'others': 14, 'sad_votes': 139, 'sad_pct': 38.29, 'aap_votes': 128, 'aap_pct': 35.26, 'inc_votes': 45, 'inc_pct': 12.4, 'bjp_votes': 15, 'bjp_pct': 4.13, 'sada_votes': 21, 'sada_pct': 5.79, 'winner_party': 'SAD', 'margin': 11, 'winner_candidate': 'Anil Joshi'}","{'turnout_diff': -287, 'turnout_pct': -44.15, 'sad_shift': -97, 'sad_swing': 1.98, 'aap_shift': -98, 'aap_swing': 0.49, 'inc_shift': -103, 'inc_swing': -10.37, 'bjp_shift': 3, 'bjp_swing': 2.28}",Akali Bastion: Strategic Penetration & Demolition Zone,ਅਕਾਲੀ ਦਲ ਦਾ ਪ੍ਰਭਾਵਿਤ ਖੇਤਰ: ਵਿਸ਼ੇਸ਼ ਘੇਰਾਬੰਦੀ ਜ਼ੋਨ,SAD retained lead here by +11 votes (38.3% share). Target moderate Panthic and farming families in Dhing Nangal (Part 2) disillusioned with traditional leadership. Appoint dedicated block coordinators and highlight direct government procurement and village development works.,ਅਕਾਲੀ ਦਲ ਨੇ ਇੱਥੇ +11 ਵੋਟਾਂ (38.3%) ਨਾਲ ਲੀਡ ਬਣਾਈ ਹੈ। ਢੀਂਗ ਨੰਗਲ (ਭਾਗ 2) ਵਿੱਚ ਰਵਾਇਤੀ ਲੀਡਰਸ਼ਿਪ ਤੋਂ ਨਿਰਾਸ਼ ਕਿਸਾਨ ਅਤੇ ਪੰਥਕ ਪਰਿਵਾਰਾਂ ਨਾਲ ਸੰਵਾਦ ਕਰੋ। ਪਿੰਡਾਂ ਵਿੱਚ ਪੰਜਾਬ ਸਰਕਾਰ ਦੇ ਵਿਕਾਸ ਕਾਰਜਾਂ ਅਤੇ ਨਿਰਪੱਖ ਭਰਤੀਆਂ ਦੇ ਸੁਨੇਹੇ ਨਾਲ ਸੰਨ੍ਹ ਲਗਾਓ।,"{'booth_no': '140', 'village_en': 'Dhing Nangal (Part 2)', 'village_pa': 'ਢੀਂਗ ਨੰਗਲ (ਭਾਗ 2)', 'zone_en': 'Akali Bastion: Strategic Penetration & Demolition Zone', 'zone_pa': 'ਅਕਾਲੀ ਦਲ ਦਾ ਪ੍ਰਭਾਵਿਤ ਖੇਤਰ: ਵਿਸ਼ੇਸ਼ ਘੇਰਾਬੰਦੀ ਜ਼ੋਨ', 'action_en': 'SAD retained lead here by +11 votes (38.3% share). Target moderate Panthic and farming families in Dhing Nangal (Part 2) disillusioned with traditional leadership. Appoint dedicated block coordinators and highlight direct government procurement and village development works.', 'action_pa': 'ਅਕਾਲੀ ਦਲ ਨੇ ਇੱਥੇ +11 ਵੋਟਾਂ (38.3%) ਨਾਲ ਲੀਡ ਬਣਾਈ ਹੈ। ਢੀਂਗ ਨੰਗਲ (ਭਾਗ 2) ਵਿੱਚ ਰਵਾਇਤੀ ਲੀਡਰਸ਼ਿਪ ਤੋਂ ਨਿਰਾਸ਼ ਕਿਸਾਨ ਅਤੇ ਪੰਥਕ ਪਰਿਵਾਰਾਂ ਨਾਲ ਸੰਵਾਦ ਕਰੋ। ਪਿੰਡਾਂ ਵਿੱਚ ਪੰਜਾਬ ਸਰਕਾਰ ਦੇ ਵਿਕਾਸ ਕਾਰਜਾਂ ਅਤੇ ਨਿਰਪੱਖ ਭਰਤੀਆਂ ਦੇ ਸੁਨੇਹੇ ਨਾਲ ਸੰਨ੍ਹ ਲਗਾਓ।', 'action_steps_en': ['Days 1-30: Map the top 30 influential non-committed Panthic families in Dhing Nangal (Part 2).', 'Days 31-60: Deploy senior constituency leaders for direct home visits to address local disgruntlement.', ""Days 61-90: Neutralize SAD's +11 vote cushion by winning over agricultural youth.""], 'action_steps_pa': ['ਦਿਨ 1-30: ਢੀਂਗ ਨੰਗਲ (ਭਾਗ 2) ਦੇ 30 ਨਿਰਪੱਖ ਅਤੇ ਪ੍ਰਭਾਵਸ਼ਾਲੀ ਪਰਿਵਾਰਾਂ ਦੀ ਸ਼ਨਾਖਤ ਕਰੋ।', 'ਦਿਨ 31-60: ਸੀਨੀਅਰ ਲੀਡਰਸ਼ਿਪ ਰਾਹੀਂ ਘਰ-ਘਰ ਜਾ ਕੇ ਸਰਕਾਰ ਦੀਆਂ ਨਿਰਪੱਖ ਨੀਤੀਆਂ ਸਾਂਝੀਆਂ ਕਰੋ।', 'ਦਿਨ 61-90: ਨੌਜਵਾਨ ਵਰਗ ਨੂੰ ਸਰਕਾਰੀ ਨੌਕਰੀਆਂ ਅਤੇ ਖੇਡ ਕਿੱਟਾਂ ਰਾਹੀਂ ਪਾਰਟੀ ਨਾਲ ਜੋੜ ਕੇ ਲੀਡ ਘਟਾਓ।'], 'action_steps': ['ਦਿਨ 1-30: ਢੀਂਗ ਨੰਗਲ (ਭਾਗ 2) ਦੇ 30 ਨਿਰਪੱਖ ਅਤੇ ਪ੍ਰਭਾਵਸ਼ਾਲੀ ਪਰਿਵਾਰਾਂ ਦੀ ਸ਼ਨਾਖਤ ਕਰੋ।', 'ਦਿਨ 31-60: ਸੀਨੀਅਰ ਲੀਡਰਸ਼ਿਪ ਰਾਹੀਂ ਘਰ-ਘਰ ਜਾ ਕੇ ਸਰਕਾਰ ਦੀਆਂ ਨਿਰਪੱਖ ਨੀਤੀਆਂ ਸਾਂਝੀਆਂ ਕਰੋ।', 'ਦਿਨ 61-90: ਨੌਜਵਾਨ ਵਰਗ ਨੂੰ ਸਰਕਾਰੀ ਨੌਕਰੀਆਂ ਅਤੇ ਖੇਡ ਕਿੱਟਾਂ ਰਾਹੀਂ ਪਾਰਟੀ ਨਾਲ ਜੋੜ ਕੇ ਲੀਡ ਘਟਾਓ।']}"
145,141,Dialpur (Part 2),ਦਿਆਲਪੁਰ (ਭਾਗ 2),ਦਿਆਲਪੁਰ (ਭਾਗ 2),Dialpur (Part 2),ਦਿਆਲਪੁਰ (ਭਾਗ 2),SAD,SAD,48,77,SAD Retained,SAD Retained,AAP Deficit,ਆਪ ਘਾਟ,INC Deficit,"{'AAP': 'LOST_BOTH', 'SAD': 'WON_BOTH', 'INC': 'WEAK', 'BJP': 'WEAK'}",False,"{'is_flip': False, 'status_label': 'SAD Retained', 'turnout_diff': 307, 'turnout_pct': 76.94, 'sad_swing': -0.86, 'aap_swing': 3.27, 'inc_swing': -15.75, 'bjp_swing': 0.24}",399,706,307,76.94,160,277,117,40.1,39.24,-0.86,100,200,100,25.06,28.33,3.27,112,87,-25,28.07,12.32,-15.75,16,30,14,4.01,4.25,0.24,78,11.05,"{'total': 399, 'sad': 160, 'aap': 100, 'inc': 112, 'bjp': 16, 'sad_votes': 160, 'sad_pct': 40.1, 'aap_votes': 100, 'aap_pct': 25.06, 'inc_votes': 112, 'inc_pct': 28.07, 'bjp_votes': 16, 'bjp_pct': 4.01, 'winner_party': 'SAD', 'margin': 48, 'winner_candidate': 'Ganieve Kaur Majithia'}","{'total': 706, 'sad': 277, 'aap': 200, 'inc': 87, 'bjp': 30, 'sada': 78, 'bsp': 0, 'others': 31, 'sad_votes': 277, 'sad_pct': 39.24, 'aap_votes': 200, 'aap_pct': 28.33, 'inc_votes': 87, 'inc_pct': 12.32, 'bjp_votes': 30, 'bjp_pct': 4.25, 'sada_votes': 78, 'sada_pct': 11.05, 'winner_party': 'SAD', 'margin': 77, 'winner_candidate': 'Anil Joshi'}","{'turnout_diff': 307, 'turnout_pct': 76.94, 'sad_shift': 117, 'sad_swing': -0.86, 'aap_shift': 100, 'aap_swing': 3.27, 'inc_shift': -25, 'inc_swing': -15.75, 'bjp_shift': 14, 'bjp_swing': 0.24}",Akali Bastion: Strategic Penetration & Demolition Zone,ਅਕਾਲੀ ਦਲ ਦਾ ਪ੍ਰਭਾਵਿਤ ਖੇਤਰ: ਵਿਸ਼ੇਸ਼ ਘੇਰਾਬੰਦੀ ਜ਼ੋਨ,SAD retained lead here by +77 votes (39.2% share). Target moderate Panthic and farming families in Dialpur (Part 2) disillusioned with traditional leadership. Appoint dedicated block coordinators and highlight direct government procurement and village development works.,ਅਕਾਲੀ ਦਲ ਨੇ ਇੱਥੇ +77 ਵੋਟਾਂ (39.2%) ਨਾਲ ਲੀਡ ਬਣਾਈ ਹੈ। ਦਿਆਲਪੁਰ (ਭਾਗ 2) ਵਿੱਚ ਰਵਾਇਤੀ ਲੀਡਰਸ਼ਿਪ ਤੋਂ ਨਿਰਾਸ਼ ਕਿਸਾਨ ਅਤੇ ਪੰਥਕ ਪਰਿਵਾਰਾਂ ਨਾਲ ਸੰਵਾਦ ਕਰੋ। ਪਿੰਡਾਂ ਵਿੱਚ ਪੰਜਾਬ ਸਰਕਾਰ ਦੇ ਵਿਕਾਸ ਕਾਰਜਾਂ ਅਤੇ ਨਿਰਪੱਖ ਭਰਤੀਆਂ ਦੇ ਸੁਨੇਹੇ ਨਾਲ ਸੰਨ੍ਹ ਲਗਾਓ।,"{'booth_no': '141', 'village_en': 'Dialpur (Part 2)', 'village_pa': 'ਦਿਆਲਪੁਰ (ਭਾਗ 2)', 'zone_en': 'Akali Bastion: Strategic Penetration & Demolition Zone', 'zone_pa': 'ਅਕਾਲੀ ਦਲ ਦਾ ਪ੍ਰਭਾਵਿਤ ਖੇਤਰ: ਵਿਸ਼ੇਸ਼ ਘੇਰਾਬੰਦੀ ਜ਼ੋਨ', 'action_en': 'SAD retained lead here by +77 votes (39.2% share). Target moderate Panthic and farming families in Dialpur (Part 2) disillusioned with traditional leadership. Appoint dedicated block coordinators and highlight direct government procurement and village development works.', 'action_pa': 'ਅਕਾਲੀ ਦਲ ਨੇ ਇੱਥੇ +77 ਵੋਟਾਂ (39.2%) ਨਾਲ ਲੀਡ ਬਣਾਈ ਹੈ। ਦਿਆਲਪੁਰ (ਭਾਗ 2) ਵਿੱਚ ਰਵਾਇਤੀ ਲੀਡਰਸ਼ਿਪ ਤੋਂ ਨਿਰਾਸ਼ ਕਿਸਾਨ ਅਤੇ ਪੰਥਕ ਪਰਿਵਾਰਾਂ ਨਾਲ ਸੰਵਾਦ ਕਰੋ। ਪਿੰਡਾਂ ਵਿੱਚ ਪੰਜਾਬ ਸਰਕਾਰ ਦੇ ਵਿਕਾਸ ਕਾਰਜਾਂ ਅਤੇ ਨਿਰਪੱਖ ਭਰਤੀਆਂ ਦੇ ਸੁਨੇਹੇ ਨਾਲ ਸੰਨ੍ਹ ਲਗਾਓ।', 'action_steps_en': ['Days 1-30: Map the top 30 influential non-committed Panthic families in Dialpur (Part 2).', 'Days 31-60: Deploy senior constituency leaders for direct home visits to address local disgruntlement.', ""Days 61-90: Neutralize SAD's +77 vote cushion by winning over agricultural youth.""], 'action_steps_pa': ['ਦਿਨ 1-30: ਦਿਆਲਪੁਰ (ਭਾਗ 2) ਦੇ 30 ਨਿਰਪੱਖ ਅਤੇ ਪ੍ਰਭਾਵਸ਼ਾਲੀ ਪਰਿਵਾਰਾਂ ਦੀ ਸ਼ਨਾਖਤ ਕਰੋ।', 'ਦਿਨ 31-60: ਸੀਨੀਅਰ ਲੀਡਰਸ਼ਿਪ ਰਾਹੀਂ ਘਰ-ਘਰ ਜਾ ਕੇ ਸਰਕਾਰ ਦੀਆਂ ਨਿਰਪੱਖ ਨੀਤੀਆਂ ਸਾਂਝੀਆਂ ਕਰੋ।', 'ਦਿਨ 61-90: ਨੌਜਵਾਨ ਵਰਗ ਨੂੰ ਸਰਕਾਰੀ ਨੌਕਰੀਆਂ ਅਤੇ ਖੇਡ ਕਿੱਟਾਂ ਰਾਹੀਂ ਪਾਰਟੀ ਨਾਲ ਜੋੜ ਕੇ ਲੀਡ ਘਟਾਓ।'], 'action_steps': ['ਦਿਨ 1-30: ਦਿਆਲਪੁਰ (ਭਾਗ 2) ਦੇ 30 ਨਿਰਪੱਖ ਅਤੇ ਪ੍ਰਭਾਵਸ਼ਾਲੀ ਪਰਿਵਾਰਾਂ ਦੀ ਸ਼ਨਾਖਤ ਕਰੋ।', 'ਦਿਨ 31-60: ਸੀਨੀਅਰ ਲੀਡਰਸ਼ਿਪ ਰਾਹੀਂ ਘਰ-ਘਰ ਜਾ ਕੇ ਸਰਕਾਰ ਦੀਆਂ ਨਿਰਪੱਖ ਨੀਤੀਆਂ ਸਾਂਝੀਆਂ ਕਰੋ।', 'ਦਿਨ 61-90: ਨੌਜਵਾਨ ਵਰਗ ਨੂੰ ਸਰਕਾਰੀ ਨੌਕਰੀਆਂ ਅਤੇ ਖੇਡ ਕਿੱਟਾਂ ਰਾਹੀਂ ਪਾਰਟੀ ਨਾਲ ਜੋੜ ਕੇ ਲੀਡ ਘਟਾਓ।']}"
146,142,Dudhala (Part 2),ਦੁਧਾਲਾ (ਭਾਗ 2),ਦੁਧਾਲਾ (ਭਾਗ 2),Dudhala (Part 2),ਦੁਧਾਲਾ (ਭਾਗ 2),SAD,INC,36,60,SAD → INC,SAD → INC,AAP Deficit,ਆਪ ਘਾਟ,INC Gain,"{'AAP': 'WEAK', 'SAD': 'LOST_24', 'INC': 'GAINED', 'BJP': 'WEAK'}",True,"{'is_flip': True, 'status_label': 'SAD → INC', 'turnout_diff': -239, 'turnout_pct': -50.32, 'sad_swing': -12.87, 'aap_swing': -32.42, 'inc_swing': 36.98, 'bjp_swing': 1.92}",475,236,-239,-50.32,198,68,-130,41.68,28.81,-12.87,162,4,-158,34.11,1.69,-32.42,82,128,46,17.26,54.24,36.98,7,8,1,1.47,3.39,1.92,20,8.47,"{'total': 475, 'sad': 198, 'aap': 162, 'inc': 82, 'bjp': 7, 'sad_votes': 198, 'sad_pct': 41.68, 'aap_votes': 162, 'aap_pct': 34.11, 'inc_votes': 82, 'inc_pct': 17.26, 'bjp_votes': 7, 'bjp_pct': 1.47, 'winner_party': 'SAD', 'margin': 36, 'winner_candidate': 'Ganieve Kaur Majithia'}","{'total': 236, 'sad': 68, 'aap': 4, 'inc': 128, 'bjp': 8, 'sada': 20, 'bsp': 1, 'others': 7, 'sad_votes': 68, 'sad_pct': 28.81, 'aap_votes': 4, 'aap_pct': 1.69, 'inc_votes': 128, 'inc_pct': 54.24, 'bjp_votes': 8, 'bjp_pct': 3.39, 'sada_votes': 20, 'sada_pct': 8.47, 'winner_party': 'INC', 'margin': 60, 'winner_candidate': 'Gurjeet Singh Aujla'}","{'turnout_diff': -239, 'turnout_pct': -50.32, 'sad_shift': -130, 'sad_swing': -12.87, 'aap_shift': -158, 'aap_swing': -32.42, 'inc_shift': 46, 'inc_swing': 36.98, 'bjp_shift': 1, 'bjp_swing': 1.92}",Congress Belt: High-Intensity Reclamation Zone,ਕਾਂਗਰਸੀ ਪ੍ਰਭਾਵ ਵਾਲਾ ਹਲਕਾ: ਮੁੜ-ਬਹਾਲੀ ਜ਼ੋਨ,INC led by +60 votes with 54.2% vote share in Dudhala (Part 2). Neutralize traditional Congress sarpanch networks. Appoint 2 booth captains and directly onboard dynamic rural youth.,ਕਾਂਗਰਸ ਨੇ ਇੱਥੇ +60 ਵੋਟਾਂ (54.2%) ਦੀ ਲੀਡ ਲਈ ਹੈ। ਦੁਧਾਲਾ (ਭਾਗ 2) ਵਿੱਚ ਪੁਰਾਣੇ ਸਰਪੰਚੀ ਪ੍ਰਭਾਵ ਨੂੰ ਘਟਾਉਣ ਲਈ ਦੋ ਨਵੇਂ ਯੂਥ ਬੂਥ ਇੰਚਾਰਜ ਲਗਾਓ ਅਤੇ ਘਰ-ਘਰ ਸੰਪਰਕ ਮੁਹਿੰਮ ਚਲਾਓ।,"{'booth_no': '142', 'village_en': 'Dudhala (Part 2)', 'village_pa': 'ਦੁਧਾਲਾ (ਭਾਗ 2)', 'zone_en': 'Congress Belt: High-Intensity Reclamation Zone', 'zone_pa': 'ਕਾਂਗਰਸੀ ਪ੍ਰਭਾਵ ਵਾਲਾ ਹਲਕਾ: ਮੁੜ-ਬਹਾਲੀ ਜ਼ੋਨ', 'action_en': 'INC led by +60 votes with 54.2% vote share in Dudhala (Part 2). Neutralize traditional Congress sarpanch networks. Appoint 2 booth captains and directly onboard dynamic rural youth.', 'action_pa': 'ਕਾਂਗਰਸ ਨੇ ਇੱਥੇ +60 ਵੋਟਾਂ (54.2%) ਦੀ ਲੀਡ ਲਈ ਹੈ। ਦੁਧਾਲਾ (ਭਾਗ 2) ਵਿੱਚ ਪੁਰਾਣੇ ਸਰਪੰਚੀ ਪ੍ਰਭਾਵ ਨੂੰ ਘਟਾਉਣ ਲਈ ਦੋ ਨਵੇਂ ਯੂਥ ਬੂਥ ਇੰਚਾਰਜ ਲਗਾਓ ਅਤੇ ਘਰ-ਘਰ ਸੰਪਰਕ ਮੁਹਿੰਮ ਚਲਾਓ।', 'action_steps_en': ['Days 1-30: Identify active vs inactive Congress booth workers in Dudhala (Part 2).', 'Days 31-60: Form rural welfare monitoring committee to connect village elders with state pensions.', ""Days 61-90: Overcome Congress's +60 vote lead through door-to-door cadre contact.""], 'action_steps_pa': ['ਦਿਨ 1-30: ਦੁਧਾਲਾ (ਭਾਗ 2) ਵਿੱਚ ਕਾਂਗਰਸੀ ਸਰਪੰਚਾਂ ਅਤੇ ਆਗੂਆਂ ਦੇ ਪ੍ਰਭਾਵ ਦਾ ਵਿਸ਼ਲੇਸ਼ਣ ਕਰੋ।', 'ਦਿਨ 31-60: ਬਜ਼ੁਰਗਾਂ ਅਤੇ ਔਰਤਾਂ ਨੂੰ ਪੈਨਸ਼ਨਾਂ ਤੇ ਭਲਾਈ ਸਕੀਮਾਂ ਨਾਲ ਜੋੜਨ ਲਈ ਕੈਂਪ ਲਗਾਓ।', 'ਦਿਨ 61-90: ਨੌਜਵਾਨਾਂ ਦੀ ਟੀਮ ਰਾਹੀਂ ਕਾਂਗਰਸ ਦੀ +60 ਵੋਟਾਂ ਦੀ ਲੀਡ ਖ਼ਤਮ ਕਰੋ।'], 'action_steps': ['ਦਿਨ 1-30: ਦੁਧਾਲਾ (ਭਾਗ 2) ਵਿੱਚ ਕਾਂਗਰਸੀ ਸਰਪੰਚਾਂ ਅਤੇ ਆਗੂਆਂ ਦੇ ਪ੍ਰਭਾਵ ਦਾ ਵਿਸ਼ਲੇਸ਼ਣ ਕਰੋ।', 'ਦਿਨ 31-60: ਬਜ਼ੁਰਗਾਂ ਅਤੇ ਔਰਤਾਂ ਨੂੰ ਪੈਨਸ਼ਨਾਂ ਤੇ ਭਲਾਈ ਸਕੀਮਾਂ ਨਾਲ ਜੋੜਨ ਲਈ ਕੈਂਪ ਲਗਾਓ।', 'ਦਿਨ 61-90: ਨੌਜਵਾਨਾਂ ਦੀ ਟੀਮ ਰਾਹੀਂ ਕਾਂਗਰਸ ਦੀ +60 ਵੋਟਾਂ ਦੀ ਲੀਡ ਖ਼ਤਮ ਕਰੋ।']}"
147,143,Fattu Bhila (Part 2),ਫ਼ੱਤੂ ਭੀਲਾ (ਭਾਗ 2),ਫ਼ੱਤੂ ਭੀਲਾ (ਭਾਗ 2),Fattu Bhila (Part 2),ਫ਼ੱਤੂ ਭੀਲਾ (ਭਾਗ 2),SAD,SAD,49,70,SAD Retained,SAD Retained,AAP Deficit,ਆਪ ਘਾਟ,INC Deficit,"{'AAP': 'LOST_BOTH', 'SAD': 'WON_BOTH', 'INC': 'WEAK', 'BJP': 'WEAK'}",False,"{'is_flip': False, 'status_label': 'SAD Retained', 'turnout_diff': -436, 'turnout_pct': -57.29, 'sad_swing': 7.75, 'aap_swing': -7.35, 'inc_swing': -9.82, 'bjp_swing': 0.44}",761,325,-436,-57.29,318,161,-157,41.79,49.54,7.75,269,91,-178,35.35,28.0,-7.35,145,30,-115,19.05,9.23,-9.82,6,4,-2,0.79,1.23,0.44,19,5.85,"{'total': 761, 'sad': 318, 'aap': 269, 'inc': 145, 'bjp': 6, 'sad_votes': 318, 'sad_pct': 41.79, 'aap_votes': 269, 'aap_pct': 35.35, 'inc_votes': 145, 'inc_pct': 19.05, 'bjp_votes': 6, 'bjp_pct': 0.79, 'winner_party': 'SAD', 'margin': 49, 'winner_candidate': 'Ganieve Kaur Majithia'}","{'total': 325, 'sad': 161, 'aap': 91, 'inc': 30, 'bjp': 4, 'sada': 19, 'bsp': 0, 'others': 18, 'sad_votes': 161, 'sad_pct': 49.54, 'aap_votes': 91, 'aap_pct': 28.0, 'inc_votes': 30, 'inc_pct': 9.23, 'bjp_votes': 4, 'bjp_pct': 1.23, 'sada_votes': 19, 'sada_pct': 5.85, 'winner_party': 'SAD', 'margin': 70, 'winner_candidate': 'Anil Joshi'}","{'turnout_diff': -436, 'turnout_pct': -57.29, 'sad_shift': -157, 'sad_swing': 7.75, 'aap_shift': -178, 'aap_swing': -7.35, 'inc_shift': -115, 'inc_swing': -9.82, 'bjp_shift': -2, 'bjp_swing': 0.44}",Akali Bastion: Strategic Penetration & Demolition Zone,ਅਕਾਲੀ ਦਲ ਦਾ ਪ੍ਰਭਾਵਿਤ ਖੇਤਰ: ਵਿਸ਼ੇਸ਼ ਘੇਰਾਬੰਦੀ ਜ਼ੋਨ,SAD retained lead here by +70 votes (49.5% share). Target moderate Panthic and farming families in Fattu Bhila (Part 2) disillusioned with traditional leadership. Appoint dedicated block coordinators and highlight direct government procurement and village development works.,ਅਕਾਲੀ ਦਲ ਨੇ ਇੱਥੇ +70 ਵੋਟਾਂ (49.5%) ਨਾਲ ਲੀਡ ਬਣਾਈ ਹੈ। ਫ਼ੱਤੂ ਭੀਲਾ (ਭਾਗ 2) ਵਿੱਚ ਰਵਾਇਤੀ ਲੀਡਰਸ਼ਿਪ ਤੋਂ ਨਿਰਾਸ਼ ਕਿਸਾਨ ਅਤੇ ਪੰਥਕ ਪਰਿਵਾਰਾਂ ਨਾਲ ਸੰਵਾਦ ਕਰੋ। ਪਿੰਡਾਂ ਵਿੱਚ ਪੰਜਾਬ ਸਰਕਾਰ ਦੇ ਵਿਕਾਸ ਕਾਰਜਾਂ ਅਤੇ ਨਿਰਪੱਖ ਭਰਤੀਆਂ ਦੇ ਸੁਨੇਹੇ ਨਾਲ ਸੰਨ੍ਹ ਲਗਾਓ।,"{'booth_no': '143', 'village_en': 'Fattu Bhila (Part 2)', 'village_pa': 'ਫ਼ੱਤੂ ਭੀਲਾ (ਭਾਗ 2)', 'zone_en': 'Akali Bastion: Strategic Penetration & Demolition Zone', 'zone_pa': 'ਅਕਾਲੀ ਦਲ ਦਾ ਪ੍ਰਭਾਵਿਤ ਖੇਤਰ: ਵਿਸ਼ੇਸ਼ ਘੇਰਾਬੰਦੀ ਜ਼ੋਨ', 'action_en': 'SAD retained lead here by +70 votes (49.5% share). Target moderate Panthic and farming families in Fattu Bhila (Part 2) disillusioned with traditional leadership. Appoint dedicated block coordinators and highlight direct government procurement and village development works.', 'action_pa': 'ਅਕਾਲੀ ਦਲ ਨੇ ਇੱਥੇ +70 ਵੋਟਾਂ (49.5%) ਨਾਲ ਲੀਡ ਬਣਾਈ ਹੈ। ਫ਼ੱਤੂ ਭੀਲਾ (ਭਾਗ 2) ਵਿੱਚ ਰਵਾਇਤੀ ਲੀਡਰਸ਼ਿਪ ਤੋਂ ਨਿਰਾਸ਼ ਕਿਸਾਨ ਅਤੇ ਪੰਥਕ ਪਰਿਵਾਰਾਂ ਨਾਲ ਸੰਵਾਦ ਕਰੋ। ਪਿੰਡਾਂ ਵਿੱਚ ਪੰਜਾਬ ਸਰਕਾਰ ਦੇ ਵਿਕਾਸ ਕਾਰਜਾਂ ਅਤੇ ਨਿਰਪੱਖ ਭਰਤੀਆਂ ਦੇ ਸੁਨੇਹੇ ਨਾਲ ਸੰਨ੍ਹ ਲਗਾਓ।', 'action_steps_en': ['Days 1-30: Map the top 30 influential non-committed Panthic families in Fattu Bhila (Part 2).', 'Days 31-60: Deploy senior constituency leaders for direct home visits to address local disgruntlement.', ""Days 61-90: Neutralize SAD's +70 vote cushion by winning over agricultural youth.""], 'action_steps_pa': ['ਦਿਨ 1-30: ਫ਼ੱਤੂ ਭੀਲਾ (ਭਾਗ 2) ਦੇ 30 ਨਿਰਪੱਖ ਅਤੇ ਪ੍ਰਭਾਵਸ਼ਾਲੀ ਪਰਿਵਾਰਾਂ ਦੀ ਸ਼ਨਾਖਤ ਕਰੋ।', 'ਦਿਨ 31-60: ਸੀਨੀਅਰ ਲੀਡਰਸ਼ਿਪ ਰਾਹੀਂ ਘਰ-ਘਰ ਜਾ ਕੇ ਸਰਕਾਰ ਦੀਆਂ ਨਿਰਪੱਖ ਨੀਤੀਆਂ ਸਾਂਝੀਆਂ ਕਰੋ।', 'ਦਿਨ 61-90: ਨੌਜਵਾਨ ਵਰਗ ਨੂੰ ਸਰਕਾਰੀ ਨੌਕਰੀਆਂ ਅਤੇ ਖੇਡ ਕਿੱਟਾਂ ਰਾਹੀਂ ਪਾਰਟੀ ਨਾਲ ਜੋੜ ਕੇ ਲੀਡ ਘਟਾਓ।'], 'action_steps': ['ਦਿਨ 1-30: ਫ਼ੱਤੂ ਭੀਲਾ (ਭਾਗ 2) ਦੇ 30 ਨਿਰਪੱਖ ਅਤੇ ਪ੍ਰਭਾਵਸ਼ਾਲੀ ਪਰਿਵਾਰਾਂ ਦੀ ਸ਼ਨਾਖਤ ਕਰੋ।', 'ਦਿਨ 31-60: ਸੀਨੀਅਰ ਲੀਡਰਸ਼ਿਪ ਰਾਹੀਂ ਘਰ-ਘਰ ਜਾ ਕੇ ਸਰਕਾਰ ਦੀਆਂ ਨਿਰਪੱਖ ਨੀਤੀਆਂ ਸਾਂਝੀਆਂ ਕਰੋ।', 'ਦਿਨ 61-90: ਨੌਜਵਾਨ ਵਰਗ ਨੂੰ ਸਰਕਾਰੀ ਨੌਕਰੀਆਂ ਅਤੇ ਖੇਡ ਕਿੱਟਾਂ ਰਾਹੀਂ ਪਾਰਟੀ ਨਾਲ ਜੋੜ ਕੇ ਲੀਡ ਘਟਾਓ।']}"
148,144,Galowali (Part 2),ਗਾਲੋਵਾਲੀ (ਭਾਗ 2),ਗਾਲੋਵਾਲੀ (ਭਾਗ 2),Galowali (Part 2),ਗਾਲੋਵਾਲੀ (ਭਾਗ 2),SAD,SAD,46,134,SAD Retained,SAD Retained,AAP Deficit,ਆਪ ਘਾਟ,INC Deficit,"{'AAP': 'LOST_BOTH', 'SAD': 'WON_BOTH', 'INC': 'WEAK', 'BJP': 'WEAK'}",False,"{'is_flip': False, 'status_label': 'SAD Retained', 'turnout_diff': 454, 'turnout_pct': 94.0, 'sad_swing': 11.63, 'aap_swing': 6.86, 'inc_swing': -16.92, 'bjp_swing': -0.85}",483,937,454,94.0,184,466,282,38.1,49.73,11.63,138,332,194,28.57,35.43,6.86,108,51,-57,22.36,5.44,-16.92,17,25,8,3.52,2.67,-0.85,26,2.77,"{'total': 483, 'sad': 184, 'aap': 138, 'inc': 108, 'bjp': 17, 'sad_votes': 184, 'sad_pct': 38.1, 'aap_votes': 138, 'aap_pct': 28.57, 'inc_votes': 108, 'inc_pct': 22.36, 'bjp_votes': 17, 'bjp_pct': 3.52, 'winner_party': 'SAD', 'margin': 46, 'winner_candidate': 'Ganieve Kaur Majithia'}","{'total': 937, 'sad': 466, 'aap': 332, 'inc': 51, 'bjp': 25, 'sada': 26, 'bsp': 0, 'others': 34, 'sad_votes': 466, 'sad_pct': 49.73, 'aap_votes': 332, 'aap_pct': 35.43, 'inc_votes': 51, 'inc_pct': 5.44, 'bjp_votes': 25, 'bjp_pct': 2.67, 'sada_votes': 26, 'sada_pct': 2.77, 'winner_party': 'SAD', 'margin': 134, 'winner_candidate': 'Anil Joshi'}","{'turnout_diff': 454, 'turnout_pct': 94.0, 'sad_shift': 282, 'sad_swing': 11.63, 'aap_shift': 194, 'aap_swing': 6.86, 'inc_shift': -57, 'inc_swing': -16.92, 'bjp_shift': 8, 'bjp_swing': -0.85}",Akali Bastion: Strategic Penetration & Demolition Zone,ਅਕਾਲੀ ਦਲ ਦਾ ਪ੍ਰਭਾਵਿਤ ਖੇਤਰ: ਵਿਸ਼ੇਸ਼ ਘੇਰਾਬੰਦੀ ਜ਼ੋਨ,SAD retained lead here by +134 votes (49.7% share). Target moderate Panthic and farming families in Galowali (Part 2) disillusioned with traditional leadership. Appoint dedicated block coordinators and highlight direct government procurement and village development works.,ਅਕਾਲੀ ਦਲ ਨੇ ਇੱਥੇ +134 ਵੋਟਾਂ (49.7%) ਨਾਲ ਲੀਡ ਬਣਾਈ ਹੈ। ਗਾਲੋਵਾਲੀ (ਭਾਗ 2) ਵਿੱਚ ਰਵਾਇਤੀ ਲੀਡਰਸ਼ਿਪ ਤੋਂ ਨਿਰਾਸ਼ ਕਿਸਾਨ ਅਤੇ ਪੰਥਕ ਪਰਿਵਾਰਾਂ ਨਾਲ ਸੰਵਾਦ ਕਰੋ। ਪਿੰਡਾਂ ਵਿੱਚ ਪੰਜਾਬ ਸਰਕਾਰ ਦੇ ਵਿਕਾਸ ਕਾਰਜਾਂ ਅਤੇ ਨਿਰਪੱਖ ਭਰਤੀਆਂ ਦੇ ਸੁਨੇਹੇ ਨਾਲ ਸੰਨ੍ਹ ਲਗਾਓ।,"{'booth_no': '144', 'village_en': 'Galowali (Part 2)', 'village_pa': 'ਗਾਲੋਵਾਲੀ (ਭਾਗ 2)', 'zone_en': 'Akali Bastion: Strategic Penetration & Demolition Zone', 'zone_pa': 'ਅਕਾਲੀ ਦਲ ਦਾ ਪ੍ਰਭਾਵਿਤ ਖੇਤਰ: ਵਿਸ਼ੇਸ਼ ਘੇਰਾਬੰਦੀ ਜ਼ੋਨ', 'action_en': 'SAD retained lead here by +134 votes (49.7% share). Target moderate Panthic and farming families in Galowali (Part 2) disillusioned with traditional leadership. Appoint dedicated block coordinators and highlight direct government procurement and village development works.', 'action_pa': 'ਅਕਾਲੀ ਦਲ ਨੇ ਇੱਥੇ +134 ਵੋਟਾਂ (49.7%) ਨਾਲ ਲੀਡ ਬਣਾਈ ਹੈ। ਗਾਲੋਵਾਲੀ (ਭਾਗ 2) ਵਿੱਚ ਰਵਾਇਤੀ ਲੀਡਰਸ਼ਿਪ ਤੋਂ ਨਿਰਾਸ਼ ਕਿਸਾਨ ਅਤੇ ਪੰਥਕ ਪਰਿਵਾਰਾਂ ਨਾਲ ਸੰਵਾਦ ਕਰੋ। ਪਿੰਡਾਂ ਵਿੱਚ ਪੰਜਾਬ ਸਰਕਾਰ ਦੇ ਵਿਕਾਸ ਕਾਰਜਾਂ ਅਤੇ ਨਿਰਪੱਖ ਭਰਤੀਆਂ ਦੇ ਸੁਨੇਹੇ ਨਾਲ ਸੰਨ੍ਹ ਲਗਾਓ।', 'action_steps_en': ['Days 1-30: Map the top 30 influential non-committed Panthic families in Galowali (Part 2).', 'Days 31-60: Deploy senior constituency leaders for direct home visits to address local disgruntlement.', ""Days 61-90: Neutralize SAD's +134 vote cushion by winning over agricultural youth.""], 'action_steps_pa': ['ਦਿਨ 1-30: ਗਾਲੋਵਾਲੀ (ਭਾਗ 2) ਦੇ 30 ਨਿਰਪੱਖ ਅਤੇ ਪ੍ਰਭਾਵਸ਼ਾਲੀ ਪਰਿਵਾਰਾਂ ਦੀ ਸ਼ਨਾਖਤ ਕਰੋ।', 'ਦਿਨ 31-60: ਸੀਨੀਅਰ ਲੀਡਰਸ਼ਿਪ ਰਾਹੀਂ ਘਰ-ਘਰ ਜਾ ਕੇ ਸਰਕਾਰ ਦੀਆਂ ਨਿਰਪੱਖ ਨੀਤੀਆਂ ਸਾਂਝੀਆਂ ਕਰੋ।', 'ਦਿਨ 61-90: ਨੌਜਵਾਨ ਵਰਗ ਨੂੰ ਸਰਕਾਰੀ ਨੌਕਰੀਆਂ ਅਤੇ ਖੇਡ ਕਿੱਟਾਂ ਰਾਹੀਂ ਪਾਰਟੀ ਨਾਲ ਜੋੜ ਕੇ ਲੀਡ ਘਟਾਓ।'], 'action_steps': ['ਦਿਨ 1-30: ਗਾਲੋਵਾਲੀ (ਭਾਗ 2) ਦੇ 30 ਨਿਰਪੱਖ ਅਤੇ ਪ੍ਰਭਾਵਸ਼ਾਲੀ ਪਰਿਵਾਰਾਂ ਦੀ ਸ਼ਨਾਖਤ ਕਰੋ।', 'ਦਿਨ 31-60: ਸੀਨੀਅਰ ਲੀਡਰਸ਼ਿਪ ਰਾਹੀਂ ਘਰ-ਘਰ ਜਾ ਕੇ ਸਰਕਾਰ ਦੀਆਂ ਨਿਰਪੱਖ ਨੀਤੀਆਂ ਸਾਂਝੀਆਂ ਕਰੋ।', 'ਦਿਨ 61-90: ਨੌਜਵਾਨ ਵਰਗ ਨੂੰ ਸਰਕਾਰੀ ਨੌਕਰੀਆਂ ਅਤੇ ਖੇਡ ਕਿੱਟਾਂ ਰਾਹੀਂ ਪਾਰਟੀ ਨਾਲ ਜੋੜ ਕੇ ਲੀਡ ਘਟਾਓ।']}"
149,145,Gopalpura (Part 2),ਗੋਪਾਲਪੁਰਾ (ਭਾਗ 2),ਗੋਪਾਲਪੁਰਾ (ਭਾਗ 2),Gopalpura (Part 2),ਗੋਪਾਲਪੁਰਾ (ਭਾਗ 2),SAD,SAD,3,106,SAD Retained,SAD Retained,AAP Deficit,ਆਪ ਘਾਟ,INC Deficit,"{'AAP': 'WEAK', 'SAD': 'WON_BOTH', 'INC': 'LOST_BOTH', 'BJP': 'WEAK'}",False,"{'is_flip': False, 'status_label': 'SAD Retained', 'turnout_diff': -151, 'turnout_pct': -31.01, 'sad_swing': 6.57, 'aap_swing': -26.45, 'inc_swing': 7.68, 'bjp_swing': 0.27}",487,336,-151,-31.01,197,158,-39,40.45,47.02,6.57,194,45,-149,39.84,13.39,-26.45,38,52,14,7.8,15.48,7.68,3,3,0,0.62,0.89,0.27,50,14.88,"{'total': 487, 'sad': 197, 'aap': 194, 'inc': 38, 'bjp': 3, 'sad_votes': 197, 'sad_pct': 40.45, 'aap_votes': 194, 'aap_pct': 39.84, 'inc_votes': 38, 'inc_pct': 7.8, 'bjp_votes': 3, 'bjp_pct': 0.62, 'winner_party': 'SAD', 'margin': 3, 'winner_candidate': 'Ganieve Kaur Majithia'}","{'total': 336, 'sad': 158, 'aap': 45, 'inc': 52, 'bjp': 3, 'sada': 50, 'bsp': 1, 'others': 26, 'sad_votes': 158, 'sad_pct': 47.02, 'aap_votes': 45, 'aap_pct': 13.39, 'inc_votes': 52, 'inc_pct': 15.48, 'bjp_votes': 3, 'bjp_pct': 0.89, 'sada_votes': 50, 'sada_pct': 14.88, 'winner_party': 'SAD', 'margin': 106, 'winner_candidate': 'Anil Joshi'}","{'turnout_diff': -151, 'turnout_pct': -31.01, 'sad_shift': -39, 'sad_swing': 6.57, 'aap_shift': -149, 'aap_swing': -26.45, 'inc_shift': 14, 'inc_swing': 7.68, 'bjp_shift': 0, 'bjp_swing': 0.27}",Akali Bastion: Strategic Penetration & Demolition Zone,ਅਕਾਲੀ ਦਲ ਦਾ ਪ੍ਰਭਾਵਿਤ ਖੇਤਰ: ਵਿਸ਼ੇਸ਼ ਘੇਰਾਬੰਦੀ ਜ਼ੋਨ,SAD retained lead here by +106 votes (47.0% share). Target moderate Panthic and farming families in Gopalpura (Part 2) disillusioned with traditional leadership. Appoint dedicated block coordinators and highlight direct government procurement and village development works.,ਅਕਾਲੀ ਦਲ ਨੇ ਇੱਥੇ +106 ਵੋਟਾਂ (47.0%) ਨਾਲ ਲੀਡ ਬਣਾਈ ਹੈ। ਗੋਪਾਲਪੁਰਾ (ਭਾਗ 2) ਵਿੱਚ ਰਵਾਇਤੀ ਲੀਡਰਸ਼ਿਪ ਤੋਂ ਨਿਰਾਸ਼ ਕਿਸਾਨ ਅਤੇ ਪੰਥਕ ਪਰਿਵਾਰਾਂ ਨਾਲ ਸੰਵਾਦ ਕਰੋ। ਪਿੰਡਾਂ ਵਿੱਚ ਪੰਜਾਬ ਸਰਕਾਰ ਦੇ ਵਿਕਾਸ ਕਾਰਜਾਂ ਅਤੇ ਨਿਰਪੱਖ ਭਰਤੀਆਂ ਦੇ ਸੁਨੇਹੇ ਨਾਲ ਸੰਨ੍ਹ ਲਗਾਓ।,"{'booth_no': '145', 'village_en': 'Gopalpura (Part 2)', 'village_pa': 'ਗੋਪਾਲਪੁਰਾ (ਭਾਗ 2)', 'zone_en': 'Akali Bastion: Strategic Penetration & Demolition Zone', 'zone_pa': 'ਅਕਾਲੀ ਦਲ ਦਾ ਪ੍ਰਭਾਵਿਤ ਖੇਤਰ: ਵਿਸ਼ੇਸ਼ ਘੇਰਾਬੰਦੀ ਜ਼ੋਨ', 'action_en': 'SAD retained lead here by +106 votes (47.0% share). Target moderate Panthic and farming families in Gopalpura (Part 2) disillusioned with traditional leadership. Appoint dedicated block coordinators and highlight direct government procurement and village development works.', 'action_pa': 'ਅਕਾਲੀ ਦਲ ਨੇ ਇੱਥੇ +106 ਵੋਟਾਂ (47.0%) ਨਾਲ ਲੀਡ ਬਣਾਈ ਹੈ। ਗੋਪਾਲਪੁਰਾ (ਭਾਗ 2) ਵਿੱਚ ਰਵਾਇਤੀ ਲੀਡਰਸ਼ਿਪ ਤੋਂ ਨਿਰਾਸ਼ ਕਿਸਾਨ ਅਤੇ ਪੰਥਕ ਪਰਿਵਾਰਾਂ ਨਾਲ ਸੰਵਾਦ ਕਰੋ। ਪਿੰਡਾਂ ਵਿੱਚ ਪੰਜਾਬ ਸਰਕਾਰ ਦੇ ਵਿਕਾਸ ਕਾਰਜਾਂ ਅਤੇ ਨਿਰਪੱਖ ਭਰਤੀਆਂ ਦੇ ਸੁਨੇਹੇ ਨਾਲ ਸੰਨ੍ਹ ਲਗਾਓ।', 'action_steps_en': ['Days 1-30: Map the top 30 influential non-committed Panthic families in Gopalpura (Part 2).', 'Days 31-60: Deploy senior constituency leaders for direct home visits to address local disgruntlement.', ""Days 61-90: Neutralize SAD's +106 vote cushion by winning over agricultural youth.""], 'action_steps_pa': ['ਦਿਨ 1-30: ਗੋਪਾਲਪੁਰਾ (ਭਾਗ 2) ਦੇ 30 ਨਿਰਪੱਖ ਅਤੇ ਪ੍ਰਭਾਵਸ਼ਾਲੀ ਪਰਿਵਾਰਾਂ ਦੀ ਸ਼ਨਾਖਤ ਕਰੋ।', 'ਦਿਨ 31-60: ਸੀਨੀਅਰ ਲੀਡਰਸ਼ਿਪ ਰਾਹੀਂ ਘਰ-ਘਰ ਜਾ ਕੇ ਸਰਕਾਰ ਦੀਆਂ ਨਿਰਪੱਖ ਨੀਤੀਆਂ ਸਾਂਝੀਆਂ ਕਰੋ।', 'ਦਿਨ 61-90: ਨੌਜਵਾਨ ਵਰਗ ਨੂੰ ਸਰਕਾਰੀ ਨੌਕਰੀਆਂ ਅਤੇ ਖੇਡ ਕਿੱਟਾਂ ਰਾਹੀਂ ਪਾਰਟੀ ਨਾਲ ਜੋੜ ਕੇ ਲੀਡ ਘਟਾਓ।'], 'action_steps': ['ਦਿਨ 1-30: ਗੋਪਾਲਪੁਰਾ (ਭਾਗ 2) ਦੇ 30 ਨਿਰਪੱਖ ਅਤੇ ਪ੍ਰਭਾਵਸ਼ਾਲੀ ਪਰਿਵਾਰਾਂ ਦੀ ਸ਼ਨਾਖਤ ਕਰੋ।', 'ਦਿਨ 31-60: ਸੀਨੀਅਰ ਲੀਡਰਸ਼ਿਪ ਰਾਹੀਂ ਘਰ-ਘਰ ਜਾ ਕੇ ਸਰਕਾਰ ਦੀਆਂ ਨਿਰਪੱਖ ਨੀਤੀਆਂ ਸਾਂਝੀਆਂ ਕਰੋ।', 'ਦਿਨ 61-90: ਨੌਜਵਾਨ ਵਰਗ ਨੂੰ ਸਰਕਾਰੀ ਨੌਕਰੀਆਂ ਅਤੇ ਖੇਡ ਕਿੱਟਾਂ ਰਾਹੀਂ ਪਾਰਟੀ ਨਾਲ ਜੋੜ ਕੇ ਲੀਡ ਘਟਾਓ।']}"
150,146,Gosal Afgana (Part 2),ਗੋਸਲ ਅਫ਼ਗਾਨਾਂ (ਭਾਗ 2),ਗੋਸਲ ਅਫ਼ਗਾਨਾਂ (ਭਾਗ 2),Gosal Afgana (Part 2),ਗੋਸਲ ਅਫ਼ਗਾਨਾਂ (ਭਾਗ 2),SAD,SAD,142,96,SAD Retained,SAD Retained,AAP Deficit,ਆਪ ਘਾਟ,INC Deficit,"{'AAP': 'LOST_BOTH', 'SAD': 'WON_BOTH', 'INC': 'WEAK', 'BJP': 'LOST_BOTH'}",False,"{'is_flip': False, 'status_label': 'SAD Retained', 'turnout_diff': 205, 'turnout_pct': 39.42, 'sad_swing': -20.44, 'aap_swing': 8.82, 'inc_swing': -12.58, 'bjp_swing': 13.14}",520,725,205,39.42,282,245,-37,54.23,33.79,-20.44,61,149,88,11.73,20.55,8.82,140,104,-36,26.92,14.34,-12.58,2,98,96,0.38,13.52,13.14,106,14.62,"{'total': 520, 'sad': 282, 'aap': 61, 'inc': 140, 'bjp': 2, 'sad_votes': 282, 'sad_pct': 54.23, 'aap_votes': 61, 'aap_pct': 11.73, 'inc_votes': 140, 'inc_pct': 26.92, 'bjp_votes': 2, 'bjp_pct': 0.38, 'winner_party': 'SAD', 'margin': 142, 'winner_candidate': 'Ganieve Kaur Majithia'}","{'total': 725, 'sad': 245, 'aap': 149, 'inc': 104, 'bjp': 98, 'sada': 106, 'bsp': 0, 'others': 23, 'sad_votes': 245, 'sad_pct': 33.79, 'aap_votes': 149, 'aap_pct': 20.55, 'inc_votes': 104, 'inc_pct': 14.34, 'bjp_votes': 98, 'bjp_pct': 13.52, 'sada_votes': 106, 'sada_pct': 14.62, 'winner_party': 'SAD', 'margin': 96, 'winner_candidate': 'Anil Joshi'}","{'turnout_diff': 205, 'turnout_pct': 39.42, 'sad_shift': -37, 'sad_swing': -20.44, 'aap_shift': 88, 'aap_swing': 8.82, 'inc_shift': -36, 'inc_swing': -12.58, 'bjp_shift': 96, 'bjp_swing': 13.14}",Akali Bastion: Strategic Penetration & Demolition Zone,ਅਕਾਲੀ ਦਲ ਦਾ ਪ੍ਰਭਾਵਿਤ ਖੇਤਰ: ਵਿਸ਼ੇਸ਼ ਘੇਰਾਬੰਦੀ ਜ਼ੋਨ,SAD retained lead here by +96 votes (33.8% share). Target moderate Panthic and farming families in Gosal Afgana (Part 2) disillusioned with traditional leadership. Appoint dedicated block coordinators and highlight direct government procurement and village development works.,ਅਕਾਲੀ ਦਲ ਨੇ ਇੱਥੇ +96 ਵੋਟਾਂ (33.8%) ਨਾਲ ਲੀਡ ਬਣਾਈ ਹੈ। ਗੋਸਲ ਅਫ਼ਗਾਨਾਂ (ਭਾਗ 2) ਵਿੱਚ ਰਵਾਇਤੀ ਲੀਡਰਸ਼ਿਪ ਤੋਂ ਨਿਰਾਸ਼ ਕਿਸਾਨ ਅਤੇ ਪੰਥਕ ਪਰਿਵਾਰਾਂ ਨਾਲ ਸੰਵਾਦ ਕਰੋ। ਪਿੰਡਾਂ ਵਿੱਚ ਪੰਜਾਬ ਸਰਕਾਰ ਦੇ ਵਿਕਾਸ ਕਾਰਜਾਂ ਅਤੇ ਨਿਰਪੱਖ ਭਰਤੀਆਂ ਦੇ ਸੁਨੇਹੇ ਨਾਲ ਸੰਨ੍ਹ ਲਗਾਓ।,"{'booth_no': '146', 'village_en': 'Gosal Afgana (Part 2)', 'village_pa': 'ਗੋਸਲ ਅਫ਼ਗਾਨਾਂ (ਭਾਗ 2)', 'zone_en': 'Akali Bastion: Strategic Penetration & Demolition Zone', 'zone_pa': 'ਅਕਾਲੀ ਦਲ ਦਾ ਪ੍ਰਭਾਵਿਤ ਖੇਤਰ: ਵਿਸ਼ੇਸ਼ ਘੇਰਾਬੰਦੀ ਜ਼ੋਨ', 'action_en': 'SAD retained lead here by +96 votes (33.8% share). Target moderate Panthic and farming families in Gosal Afgana (Part 2) disillusioned with traditional leadership. Appoint dedicated block coordinators and highlight direct government procurement and village development works.', 'action_pa': 'ਅਕਾਲੀ ਦਲ ਨੇ ਇੱਥੇ +96 ਵੋਟਾਂ (33.8%) ਨਾਲ ਲੀਡ ਬਣਾਈ ਹੈ। ਗੋਸਲ ਅਫ਼ਗਾਨਾਂ (ਭਾਗ 2) ਵਿੱਚ ਰਵਾਇਤੀ ਲੀਡਰਸ਼ਿਪ ਤੋਂ ਨਿਰਾਸ਼ ਕਿਸਾਨ ਅਤੇ ਪੰਥਕ ਪਰਿਵਾਰਾਂ ਨਾਲ ਸੰਵਾਦ ਕਰੋ। ਪਿੰਡਾਂ ਵਿੱਚ ਪੰਜਾਬ ਸਰਕਾਰ ਦੇ ਵਿਕਾਸ ਕਾਰਜਾਂ ਅਤੇ ਨਿਰਪੱਖ ਭਰਤੀਆਂ ਦੇ ਸੁਨੇਹੇ ਨਾਲ ਸੰਨ੍ਹ ਲਗਾਓ।', 'action_steps_en': ['Days 1-30: Map the top 30 influential non-committed Panthic families in Gosal Afgana (Part 2).', 'Days 31-60: Deploy senior constituency leaders for direct home visits to address local disgruntlement.', ""Days 61-90: Neutralize SAD's +96 vote cushion by winning over agricultural youth.""], 'action_steps_pa': ['ਦਿਨ 1-30: ਗੋਸਲ ਅਫ਼ਗਾਨਾਂ (ਭਾਗ 2) ਦੇ 30 ਨਿਰਪੱਖ ਅਤੇ ਪ੍ਰਭਾਵਸ਼ਾਲੀ ਪਰਿਵਾਰਾਂ ਦੀ ਸ਼ਨਾਖਤ ਕਰੋ।', 'ਦਿਨ 31-60: ਸੀਨੀਅਰ ਲੀਡਰਸ਼ਿਪ ਰਾਹੀਂ ਘਰ-ਘਰ ਜਾ ਕੇ ਸਰਕਾਰ ਦੀਆਂ ਨਿਰਪੱਖ ਨੀਤੀਆਂ ਸਾਂਝੀਆਂ ਕਰੋ।', 'ਦਿਨ 61-90: ਨੌਜਵਾਨ ਵਰਗ ਨੂੰ ਸਰਕਾਰੀ ਨੌਕਰੀਆਂ ਅਤੇ ਖੇਡ ਕਿੱਟਾਂ ਰਾਹੀਂ ਪਾਰਟੀ ਨਾਲ ਜੋੜ ਕੇ ਲੀਡ ਘਟਾਓ।'], 'action_steps': ['ਦਿਨ 1-30: ਗੋਸਲ ਅਫ਼ਗਾਨਾਂ (ਭਾਗ 2) ਦੇ 30 ਨਿਰਪੱਖ ਅਤੇ ਪ੍ਰਭਾਵਸ਼ਾਲੀ ਪਰਿਵਾਰਾਂ ਦੀ ਸ਼ਨਾਖਤ ਕਰੋ।', 'ਦਿਨ 31-60: ਸੀਨੀਅਰ ਲੀਡਰਸ਼ਿਪ ਰਾਹੀਂ ਘਰ-ਘਰ ਜਾ ਕੇ ਸਰਕਾਰ ਦੀਆਂ ਨਿਰਪੱਖ ਨੀਤੀਆਂ ਸਾਂਝੀਆਂ ਕਰੋ।', 'ਦਿਨ 61-90: ਨੌਜਵਾਨ ਵਰਗ ਨੂੰ ਸਰਕਾਰੀ ਨੌਕਰੀਆਂ ਅਤੇ ਖੇਡ ਕਿੱਟਾਂ ਰਾਹੀਂ ਪਾਰਟੀ ਨਾਲ ਜੋੜ ਕੇ ਲੀਡ ਘਟਾਓ।']}"
151,147,Gosal Zimidaran (Part 2),ਗੋਸਲ ਜ਼ਿਮੀਦਾਰਾਂ (ਭਾਗ 2),ਗੋਸਲ ਜ਼ਿਮੀਦਾਰਾਂ (ਭਾਗ 2),Gosal Zimidaran (Part 2),ਗੋਸਲ ਜ਼ਿਮੀਦਾਰਾਂ (ਭਾਗ 2),SAD,SAD,137,163,SAD Retained,SAD Retained,AAP Deficit,ਆਪ ਘਾਟ,INC Deficit,"{'AAP': 'WEAK', 'SAD': 'WON_BOTH', 'INC': 'LOST_BOTH', 'BJP': 'LOST_BOTH'}",False,"{'is_flip': False, 'status_label': 'SAD Retained', 'turnout_diff': 49, 'turnout_pct': 7.17, 'sad_swing': -11.35, 'aap_swing': 1.83, 'inc_swing': -13.55, 'bjp_swing': 12.78}",683,732,49,7.17,335,276,-59,49.05,37.7,-11.35,92,112,20,13.47,15.3,1.83,198,113,-85,28.99,15.44,-13.55,7,101,94,1.02,13.8,12.78,56,7.65,"{'total': 683, 'sad': 335, 'aap': 92, 'inc': 198, 'bjp': 7, 'sad_votes': 335, 'sad_pct': 49.05, 'aap_votes': 92, 'aap_pct': 13.47, 'inc_votes': 198, 'inc_pct': 28.99, 'bjp_votes': 7, 'bjp_pct': 1.02, 'winner_party': 'SAD', 'margin': 137, 'winner_candidate': 'Ganieve Kaur Majithia'}","{'total': 732, 'sad': 276, 'aap': 112, 'inc': 113, 'bjp': 101, 'sada': 56, 'bsp': 2, 'others': 63, 'sad_votes': 276, 'sad_pct': 37.7, 'aap_votes': 112, 'aap_pct': 15.3, 'inc_votes': 113, 'inc_pct': 15.44, 'bjp_votes': 101, 'bjp_pct': 13.8, 'sada_votes': 56, 'sada_pct': 7.65, 'winner_party': 'SAD', 'margin': 163, 'winner_candidate': 'Anil Joshi'}","{'turnout_diff': 49, 'turnout_pct': 7.17, 'sad_shift': -59, 'sad_swing': -11.35, 'aap_shift': 20, 'aap_swing': 1.83, 'inc_shift': -85, 'inc_swing': -13.55, 'bjp_shift': 94, 'bjp_swing': 12.78}",Akali Bastion: Strategic Penetration & Demolition Zone,ਅਕਾਲੀ ਦਲ ਦਾ ਪ੍ਰਭਾਵਿਤ ਖੇਤਰ: ਵਿਸ਼ੇਸ਼ ਘੇਰਾਬੰਦੀ ਜ਼ੋਨ,SAD retained lead here by +163 votes (37.7% share). Target moderate Panthic and farming families in Gosal Zimidaran (Part 2) disillusioned with traditional leadership. Appoint dedicated block coordinators and highlight direct government procurement and village development works.,ਅਕਾਲੀ ਦਲ ਨੇ ਇੱਥੇ +163 ਵੋਟਾਂ (37.7%) ਨਾਲ ਲੀਡ ਬਣਾਈ ਹੈ। ਗੋਸਲ ਜ਼ਿਮੀਦਾਰਾਂ (ਭਾਗ 2) ਵਿੱਚ ਰਵਾਇਤੀ ਲੀਡਰਸ਼ਿਪ ਤੋਂ ਨਿਰਾਸ਼ ਕਿਸਾਨ ਅਤੇ ਪੰਥਕ ਪਰਿਵਾਰਾਂ ਨਾਲ ਸੰਵਾਦ ਕਰੋ। ਪਿੰਡਾਂ ਵਿੱਚ ਪੰਜਾਬ ਸਰਕਾਰ ਦੇ ਵਿਕਾਸ ਕਾਰਜਾਂ ਅਤੇ ਨਿਰਪੱਖ ਭਰਤੀਆਂ ਦੇ ਸੁਨੇਹੇ ਨਾਲ ਸੰਨ੍ਹ ਲਗਾਓ।,"{'booth_no': '147', 'village_en': 'Gosal Zimidaran (Part 2)', 'village_pa': 'ਗੋਸਲ ਜ਼ਿਮੀਦਾਰਾਂ (ਭਾਗ 2)', 'zone_en': 'Akali Bastion: Strategic Penetration & Demolition Zone', 'zone_pa': 'ਅਕਾਲੀ ਦਲ ਦਾ ਪ੍ਰਭਾਵਿਤ ਖੇਤਰ: ਵਿਸ਼ੇਸ਼ ਘੇਰਾਬੰਦੀ ਜ਼ੋਨ', 'action_en': 'SAD retained lead here by +163 votes (37.7% share). Target moderate Panthic and farming families in Gosal Zimidaran (Part 2) disillusioned with traditional leadership. Appoint dedicated block coordinators and highlight direct government procurement and village development works.', 'action_pa': 'ਅਕਾਲੀ ਦਲ ਨੇ ਇੱਥੇ +163 ਵੋਟਾਂ (37.7%) ਨਾਲ ਲੀਡ ਬਣਾਈ ਹੈ। ਗੋਸਲ ਜ਼ਿਮੀਦਾਰਾਂ (ਭਾਗ 2) ਵਿੱਚ ਰਵਾਇਤੀ ਲੀਡਰਸ਼ਿਪ ਤੋਂ ਨਿਰਾਸ਼ ਕਿਸਾਨ ਅਤੇ ਪੰਥਕ ਪਰਿਵਾਰਾਂ ਨਾਲ ਸੰਵਾਦ ਕਰੋ। ਪਿੰਡਾਂ ਵਿੱਚ ਪੰਜਾਬ ਸਰਕਾਰ ਦੇ ਵਿਕਾਸ ਕਾਰਜਾਂ ਅਤੇ ਨਿਰਪੱਖ ਭਰਤੀਆਂ ਦੇ ਸੁਨੇਹੇ ਨਾਲ ਸੰਨ੍ਹ ਲਗਾਓ।', 'action_steps_en': ['Days 1-30: Map the top 30 influential non-committed Panthic families in Gosal Zimidaran (Part 2).', 'Days 31-60: Deploy senior constituency leaders for direct home visits to address local disgruntlement.', ""Days 61-90: Neutralize SAD's +163 vote cushion by winning over agricultural youth.""], 'action_steps_pa': ['ਦਿਨ 1-30: ਗੋਸਲ ਜ਼ਿਮੀਦਾਰਾਂ (ਭਾਗ 2) ਦੇ 30 ਨਿਰਪੱਖ ਅਤੇ ਪ੍ਰਭਾਵਸ਼ਾਲੀ ਪਰਿਵਾਰਾਂ ਦੀ ਸ਼ਨਾਖਤ ਕਰੋ।', 'ਦਿਨ 31-60: ਸੀਨੀਅਰ ਲੀਡਰਸ਼ਿਪ ਰਾਹੀਂ ਘਰ-ਘਰ ਜਾ ਕੇ ਸਰਕਾਰ ਦੀਆਂ ਨਿਰਪੱਖ ਨੀਤੀਆਂ ਸਾਂਝੀਆਂ ਕਰੋ।', 'ਦਿਨ 61-90: ਨੌਜਵਾਨ ਵਰਗ ਨੂੰ ਸਰਕਾਰੀ ਨੌਕਰੀਆਂ ਅਤੇ ਖੇਡ ਕਿੱਟਾਂ ਰਾਹੀਂ ਪਾਰਟੀ ਨਾਲ ਜੋੜ ਕੇ ਲੀਡ ਘਟਾਓ।'], 'action_steps': ['ਦਿਨ 1-30: ਗੋਸਲ ਜ਼ਿਮੀਦਾਰਾਂ (ਭਾਗ 2) ਦੇ 30 ਨਿਰਪੱਖ ਅਤੇ ਪ੍ਰਭਾਵਸ਼ਾਲੀ ਪਰਿਵਾਰਾਂ ਦੀ ਸ਼ਨਾਖਤ ਕਰੋ।', 'ਦਿਨ 31-60: ਸੀਨੀਅਰ ਲੀਡਰਸ਼ਿਪ ਰਾਹੀਂ ਘਰ-ਘਰ ਜਾ ਕੇ ਸਰਕਾਰ ਦੀਆਂ ਨਿਰਪੱਖ ਨੀਤੀਆਂ ਸਾਂਝੀਆਂ ਕਰੋ।', 'ਦਿਨ 61-90: ਨੌਜਵਾਨ ਵਰਗ ਨੂੰ ਸਰਕਾਰੀ ਨੌਕਰੀਆਂ ਅਤੇ ਖੇਡ ਕਿੱਟਾਂ ਰਾਹੀਂ ਪਾਰਟੀ ਨਾਲ ਜੋੜ ਕੇ ਲੀਡ ਘਟਾਓ।']}"
152,148,Hamja (Part 2),ਹਮਜ਼ਾ (ਭਾਗ 2),ਹਮਜ਼ਾ (ਭਾਗ 2),Hamja (Part 2),ਹਮਜ਼ਾ (ਭਾਗ 2),SAD,SAD,201,72,SAD Retained,SAD Retained,AAP Deficit,ਆਪ ਘਾਟ,INC Deficit,"{'AAP': 'LOST_BOTH', 'SAD': 'WON_BOTH', 'INC': 'LOST_BOTH', 'BJP': 'WEAK'}",False,"{'is_flip': False, 'status_label': 'SAD Retained', 'turnout_diff': -190, 'turnout_pct': -24.08, 'sad_swing': -17.06, 'aap_swing': 14.01, 'inc_swing': -6.27, 'bjp_swing': 6.62}",789,599,-190,-24.08,427,222,-205,54.12,37.06,-17.06,87,150,63,11.03,25.04,14.01,226,134,-92,28.64,22.37,-6.27,11,48,37,1.39,8.01,6.62,12,2.0,"{'total': 789, 'sad': 427, 'aap': 87, 'inc': 226, 'bjp': 11, 'sad_votes': 427, 'sad_pct': 54.12, 'aap_votes': 87, 'aap_pct': 11.03, 'inc_votes': 226, 'inc_pct': 28.64, 'bjp_votes': 11, 'bjp_pct': 1.39, 'winner_party': 'SAD', 'margin': 201, 'winner_candidate': 'Ganieve Kaur Majithia'}","{'total': 599, 'sad': 222, 'aap': 150, 'inc': 134, 'bjp': 48, 'sada': 12, 'bsp': 1, 'others': 29, 'sad_votes': 222, 'sad_pct': 37.06, 'aap_votes': 150, 'aap_pct': 25.04, 'inc_votes': 134, 'inc_pct': 22.37, 'bjp_votes': 48, 'bjp_pct': 8.01, 'sada_votes': 12, 'sada_pct': 2.0, 'winner_party': 'SAD', 'margin': 72, 'winner_candidate': 'Anil Joshi'}","{'turnout_diff': -190, 'turnout_pct': -24.08, 'sad_shift': -205, 'sad_swing': -17.06, 'aap_shift': 63, 'aap_swing': 14.01, 'inc_shift': -92, 'inc_swing': -6.27, 'bjp_shift': 37, 'bjp_swing': 6.62}",Akali Bastion: Strategic Penetration & Demolition Zone,ਅਕਾਲੀ ਦਲ ਦਾ ਪ੍ਰਭਾਵਿਤ ਖੇਤਰ: ਵਿਸ਼ੇਸ਼ ਘੇਰਾਬੰਦੀ ਜ਼ੋਨ,SAD retained lead here by +72 votes (37.1% share). Target moderate Panthic and farming families in Hamja (Part 2) disillusioned with traditional leadership. Appoint dedicated block coordinators and highlight direct government procurement and village development works.,ਅਕਾਲੀ ਦਲ ਨੇ ਇੱਥੇ +72 ਵੋਟਾਂ (37.1%) ਨਾਲ ਲੀਡ ਬਣਾਈ ਹੈ। ਹਮਜ਼ਾ (ਭਾਗ 2) ਵਿੱਚ ਰਵਾਇਤੀ ਲੀਡਰਸ਼ਿਪ ਤੋਂ ਨਿਰਾਸ਼ ਕਿਸਾਨ ਅਤੇ ਪੰਥਕ ਪਰਿਵਾਰਾਂ ਨਾਲ ਸੰਵਾਦ ਕਰੋ। ਪਿੰਡਾਂ ਵਿੱਚ ਪੰਜਾਬ ਸਰਕਾਰ ਦੇ ਵਿਕਾਸ ਕਾਰਜਾਂ ਅਤੇ ਨਿਰਪੱਖ ਭਰਤੀਆਂ ਦੇ ਸੁਨੇਹੇ ਨਾਲ ਸੰਨ੍ਹ ਲਗਾਓ।,"{'booth_no': '148', 'village_en': 'Hamja (Part 2)', 'village_pa': 'ਹਮਜ਼ਾ (ਭਾਗ 2)', 'zone_en': 'Akali Bastion: Strategic Penetration & Demolition Zone', 'zone_pa': 'ਅਕਾਲੀ ਦਲ ਦਾ ਪ੍ਰਭਾਵਿਤ ਖੇਤਰ: ਵਿਸ਼ੇਸ਼ ਘੇਰਾਬੰਦੀ ਜ਼ੋਨ', 'action_en': 'SAD retained lead here by +72 votes (37.1% share). Target moderate Panthic and farming families in Hamja (Part 2) disillusioned with traditional leadership. Appoint dedicated block coordinators and highlight direct government procurement and village development works.', 'action_pa': 'ਅਕਾਲੀ ਦਲ ਨੇ ਇੱਥੇ +72 ਵੋਟਾਂ (37.1%) ਨਾਲ ਲੀਡ ਬਣਾਈ ਹੈ। ਹਮਜ਼ਾ (ਭਾਗ 2) ਵਿੱਚ ਰਵਾਇਤੀ ਲੀਡਰਸ਼ਿਪ ਤੋਂ ਨਿਰਾਸ਼ ਕਿਸਾਨ ਅਤੇ ਪੰਥਕ ਪਰਿਵਾਰਾਂ ਨਾਲ ਸੰਵਾਦ ਕਰੋ। ਪਿੰਡਾਂ ਵਿੱਚ ਪੰਜਾਬ ਸਰਕਾਰ ਦੇ ਵਿਕਾਸ ਕਾਰਜਾਂ ਅਤੇ ਨਿਰਪੱਖ ਭਰਤੀਆਂ ਦੇ ਸੁਨੇਹੇ ਨਾਲ ਸੰਨ੍ਹ ਲਗਾਓ।', 'action_steps_en': ['Days 1-30: Map the top 30 influential non-committed Panthic families in Hamja (Part 2).', 'Days 31-60: Deploy senior constituency leaders for direct home visits to address local disgruntlement.', ""Days 61-90: Neutralize SAD's +72 vote cushion by winning over agricultural youth.""], 'action_steps_pa': ['ਦਿਨ 1-30: ਹਮਜ਼ਾ (ਭਾਗ 2) ਦੇ 30 ਨਿਰਪੱਖ ਅਤੇ ਪ੍ਰਭਾਵਸ਼ਾਲੀ ਪਰਿਵਾਰਾਂ ਦੀ ਸ਼ਨਾਖਤ ਕਰੋ।', 'ਦਿਨ 31-60: ਸੀਨੀਅਰ ਲੀਡਰਸ਼ਿਪ ਰਾਹੀਂ ਘਰ-ਘਰ ਜਾ ਕੇ ਸਰਕਾਰ ਦੀਆਂ ਨਿਰਪੱਖ ਨੀਤੀਆਂ ਸਾਂਝੀਆਂ ਕਰੋ।', 'ਦਿਨ 61-90: ਨੌਜਵਾਨ ਵਰਗ ਨੂੰ ਸਰਕਾਰੀ ਨੌਕਰੀਆਂ ਅਤੇ ਖੇਡ ਕਿੱਟਾਂ ਰਾਹੀਂ ਪਾਰਟੀ ਨਾਲ ਜੋੜ ਕੇ ਲੀਡ ਘਟਾਓ।'], 'action_steps': ['ਦਿਨ 1-30: ਹਮਜ਼ਾ (ਭਾਗ 2) ਦੇ 30 ਨਿਰਪੱਖ ਅਤੇ ਪ੍ਰਭਾਵਸ਼ਾਲੀ ਪਰਿਵਾਰਾਂ ਦੀ ਸ਼ਨਾਖਤ ਕਰੋ।', 'ਦਿਨ 31-60: ਸੀਨੀਅਰ ਲੀਡਰਸ਼ਿਪ ਰਾਹੀਂ ਘਰ-ਘਰ ਜਾ ਕੇ ਸਰਕਾਰ ਦੀਆਂ ਨਿਰਪੱਖ ਨੀਤੀਆਂ ਸਾਂਝੀਆਂ ਕਰੋ।', 'ਦਿਨ 61-90: ਨੌਜਵਾਨ ਵਰਗ ਨੂੰ ਸਰਕਾਰੀ ਨੌਕਰੀਆਂ ਅਤੇ ਖੇਡ ਕਿੱਟਾਂ ਰਾਹੀਂ ਪਾਰਟੀ ਨਾਲ ਜੋੜ ਕੇ ਲੀਡ ਘਟਾਓ।']}"
153,149,Harian (Part 2),ਹਰੀਆਂ (ਭਾਗ 2),ਹਰੀਆਂ (ਭਾਗ 2),Harian (Part 2),ਹਰੀਆਂ (ਭਾਗ 2),SAD,SAD,92,49,SAD Retained,SAD Retained,AAP Deficit,ਆਪ ਘਾਟ,INC Deficit,"{'AAP': 'LOST_BOTH', 'SAD': 'WON_BOTH', 'INC': 'WEAK', 'BJP': 'WEAK'}",False,"{'is_flip': False, 'status_label': 'SAD Retained', 'turnout_diff': -145, 'turnout_pct': -23.58, 'sad_swing': -3.48, 'aap_swing': 20.57, 'inc_swing': -19.16, 'bjp_swing': 1.21}",615,470,-145,-23.58,287,203,-84,46.67,43.19,-3.48,75,154,79,12.2,32.77,20.57,195,59,-136,31.71,12.55,-19.16,3,8,5,0.49,1.7,1.21,23,4.89,"{'total': 615, 'sad': 287, 'aap': 75, 'inc': 195, 'bjp': 3, 'sad_votes': 287, 'sad_pct': 46.67, 'aap_votes': 75, 'aap_pct': 12.2, 'inc_votes': 195, 'inc_pct': 31.71, 'bjp_votes': 3, 'bjp_pct': 0.49, 'winner_party': 'SAD', 'margin': 92, 'winner_candidate': 'Ganieve Kaur Majithia'}","{'total': 470, 'sad': 203, 'aap': 154, 'inc': 59, 'bjp': 8, 'sada': 23, 'bsp': 0, 'others': 22, 'sad_votes': 203, 'sad_pct': 43.19, 'aap_votes': 154, 'aap_pct': 32.77, 'inc_votes': 59, 'inc_pct': 12.55, 'bjp_votes': 8, 'bjp_pct': 1.7, 'sada_votes': 23, 'sada_pct': 4.89, 'winner_party': 'SAD', 'margin': 49, 'winner_candidate': 'Anil Joshi'}","{'turnout_diff': -145, 'turnout_pct': -23.58, 'sad_shift': -84, 'sad_swing': -3.48, 'aap_shift': 79, 'aap_swing': 20.57, 'inc_shift': -136, 'inc_swing': -19.16, 'bjp_shift': 5, 'bjp_swing': 1.21}",Akali Bastion: Strategic Penetration & Demolition Zone,ਅਕਾਲੀ ਦਲ ਦਾ ਪ੍ਰਭਾਵਿਤ ਖੇਤਰ: ਵਿਸ਼ੇਸ਼ ਘੇਰਾਬੰਦੀ ਜ਼ੋਨ,SAD retained lead here by +49 votes (43.2% share). Target moderate Panthic and farming families in Harian (Part 2) disillusioned with traditional leadership. Appoint dedicated block coordinators and highlight direct government procurement and village development works.,ਅਕਾਲੀ ਦਲ ਨੇ ਇੱਥੇ +49 ਵੋਟਾਂ (43.2%) ਨਾਲ ਲੀਡ ਬਣਾਈ ਹੈ। ਹਰੀਆਂ (ਭਾਗ 2) ਵਿੱਚ ਰਵਾਇਤੀ ਲੀਡਰਸ਼ਿਪ ਤੋਂ ਨਿਰਾਸ਼ ਕਿਸਾਨ ਅਤੇ ਪੰਥਕ ਪਰਿਵਾਰਾਂ ਨਾਲ ਸੰਵਾਦ ਕਰੋ। ਪਿੰਡਾਂ ਵਿੱਚ ਪੰਜਾਬ ਸਰਕਾਰ ਦੇ ਵਿਕਾਸ ਕਾਰਜਾਂ ਅਤੇ ਨਿਰਪੱਖ ਭਰਤੀਆਂ ਦੇ ਸੁਨੇਹੇ ਨਾਲ ਸੰਨ੍ਹ ਲਗਾਓ।,"{'booth_no': '149', 'village_en': 'Harian (Part 2)', 'village_pa': 'ਹਰੀਆਂ (ਭਾਗ 2)', 'zone_en': 'Akali Bastion: Strategic Penetration & Demolition Zone', 'zone_pa': 'ਅਕਾਲੀ ਦਲ ਦਾ ਪ੍ਰਭਾਵਿਤ ਖੇਤਰ: ਵਿਸ਼ੇਸ਼ ਘੇਰਾਬੰਦੀ ਜ਼ੋਨ', 'action_en': 'SAD retained lead here by +49 votes (43.2% share). Target moderate Panthic and farming families in Harian (Part 2) disillusioned with traditional leadership. Appoint dedicated block coordinators and highlight direct government procurement and village development works.', 'action_pa': 'ਅਕਾਲੀ ਦਲ ਨੇ ਇੱਥੇ +49 ਵੋਟਾਂ (43.2%) ਨਾਲ ਲੀਡ ਬਣਾਈ ਹੈ। ਹਰੀਆਂ (ਭਾਗ 2) ਵਿੱਚ ਰਵਾਇਤੀ ਲੀਡਰਸ਼ਿਪ ਤੋਂ ਨਿਰਾਸ਼ ਕਿਸਾਨ ਅਤੇ ਪੰਥਕ ਪਰਿਵਾਰਾਂ ਨਾਲ ਸੰਵਾਦ ਕਰੋ। ਪਿੰਡਾਂ ਵਿੱਚ ਪੰਜਾਬ ਸਰਕਾਰ ਦੇ ਵਿਕਾਸ ਕਾਰਜਾਂ ਅਤੇ ਨਿਰਪੱਖ ਭਰਤੀਆਂ ਦੇ ਸੁਨੇਹੇ ਨਾਲ ਸੰਨ੍ਹ ਲਗਾਓ।', 'action_steps_en': ['Days 1-30: Map the top 30 influential non-committed Panthic families in Harian (Part 2).', 'Days 31-60: Deploy senior constituency leaders for direct home visits to address local disgruntlement.', ""Days 61-90: Neutralize SAD's +49 vote cushion by winning over agricultural youth.""], 'action_steps_pa': ['ਦਿਨ 1-30: ਹਰੀਆਂ (ਭਾਗ 2) ਦੇ 30 ਨਿਰਪੱਖ ਅਤੇ ਪ੍ਰਭਾਵਸ਼ਾਲੀ ਪਰਿਵਾਰਾਂ ਦੀ ਸ਼ਨਾਖਤ ਕਰੋ।', 'ਦਿਨ 31-60: ਸੀਨੀਅਰ ਲੀਡਰਸ਼ਿਪ ਰਾਹੀਂ ਘਰ-ਘਰ ਜਾ ਕੇ ਸਰਕਾਰ ਦੀਆਂ ਨਿਰਪੱਖ ਨੀਤੀਆਂ ਸਾਂਝੀਆਂ ਕਰੋ।', 'ਦਿਨ 61-90: ਨੌਜਵਾਨ ਵਰਗ ਨੂੰ ਸਰਕਾਰੀ ਨੌਕਰੀਆਂ ਅਤੇ ਖੇਡ ਕਿੱਟਾਂ ਰਾਹੀਂ ਪਾਰਟੀ ਨਾਲ ਜੋੜ ਕੇ ਲੀਡ ਘਟਾਓ।'], 'action_steps': ['ਦਿਨ 1-30: ਹਰੀਆਂ (ਭਾਗ 2) ਦੇ 30 ਨਿਰਪੱਖ ਅਤੇ ਪ੍ਰਭਾਵਸ਼ਾਲੀ ਪਰਿਵਾਰਾਂ ਦੀ ਸ਼ਨਾਖਤ ਕਰੋ।', 'ਦਿਨ 31-60: ਸੀਨੀਅਰ ਲੀਡਰਸ਼ਿਪ ਰਾਹੀਂ ਘਰ-ਘਰ ਜਾ ਕੇ ਸਰਕਾਰ ਦੀਆਂ ਨਿਰਪੱਖ ਨੀਤੀਆਂ ਸਾਂਝੀਆਂ ਕਰੋ।', 'ਦਿਨ 61-90: ਨੌਜਵਾਨ ਵਰਗ ਨੂੰ ਸਰਕਾਰੀ ਨੌਕਰੀਆਂ ਅਤੇ ਖੇਡ ਕਿੱਟਾਂ ਰਾਹੀਂ ਪਾਰਟੀ ਨਾਲ ਜੋੜ ਕੇ ਲੀਡ ਘਟਾਓ।']}"
154,150,Inaitpura (Part 2),ਇਨਾਇਤਪੁਰਾ (ਭਾਗ 2),ਇਨਾਇਤਪੁਰਾ (ਭਾਗ 2),Inaitpura (Part 2),ਇਨਾਇਤਪੁਰਾ (ਭਾਗ 2),SAD,SAD,46,12,SAD Retained,SAD Retained,AAP Deficit,ਆਪ ਘਾਟ,INC Deficit,"{'AAP': 'LOST_BOTH', 'SAD': 'WON_BOTH', 'INC': 'WEAK', 'BJP': 'WEAK'}",False,"{'is_flip': False, 'status_label': 'SAD Retained', 'turnout_diff': 2, 'turnout_pct': 0.44, 'sad_swing': -8.68, 'aap_swing': -1.24, 'inc_swing': -4.63, 'bjp_swing': 8.26}",458,460,2,0.44,210,171,-39,45.85,37.17,-8.68,164,159,-5,35.81,34.57,-1.24,68,47,-21,14.85,10.22,-4.63,0,38,38,0.0,8.26,8.26,28,6.09,"{'total': 458, 'sad': 210, 'aap': 164, 'inc': 68, 'bjp': 0, 'sad_votes': 210, 'sad_pct': 45.85, 'aap_votes': 164, 'aap_pct': 35.81, 'inc_votes': 68, 'inc_pct': 14.85, 'bjp_votes': 0, 'bjp_pct': 0.0, 'winner_party': 'SAD', 'margin': 46, 'winner_candidate': 'Ganieve Kaur Majithia'}","{'total': 460, 'sad': 171, 'aap': 159, 'inc': 47, 'bjp': 38, 'sada': 28, 'bsp': 2, 'others': 13, 'sad_votes': 171, 'sad_pct': 37.17, 'aap_votes': 159, 'aap_pct': 34.57, 'inc_votes': 47, 'inc_pct': 10.22, 'bjp_votes': 38, 'bjp_pct': 8.26, 'sada_votes': 28, 'sada_pct': 6.09, 'winner_party': 'SAD', 'margin': 12, 'winner_candidate': 'Anil Joshi'}","{'turnout_diff': 2, 'turnout_pct': 0.44, 'sad_shift': -39, 'sad_swing': -8.68, 'aap_shift': -5, 'aap_swing': -1.24, 'inc_shift': -21, 'inc_swing': -4.63, 'bjp_shift': 38, 'bjp_swing': 8.26}",Akali Bastion: Strategic Penetration & Demolition Zone,ਅਕਾਲੀ ਦਲ ਦਾ ਪ੍ਰਭਾਵਿਤ ਖੇਤਰ: ਵਿਸ਼ੇਸ਼ ਘੇਰਾਬੰਦੀ ਜ਼ੋਨ,SAD retained lead here by +12 votes (37.2% share). Target moderate Panthic and farming families in Inaitpura (Part 2) disillusioned with traditional leadership. Appoint dedicated block coordinators and highlight direct government procurement and village development works.,ਅਕਾਲੀ ਦਲ ਨੇ ਇੱਥੇ +12 ਵੋਟਾਂ (37.2%) ਨਾਲ ਲੀਡ ਬਣਾਈ ਹੈ। ਇਨਾਇਤਪੁਰਾ (ਭਾਗ 2) ਵਿੱਚ ਰਵਾਇਤੀ ਲੀਡਰਸ਼ਿਪ ਤੋਂ ਨਿਰਾਸ਼ ਕਿਸਾਨ ਅਤੇ ਪੰਥਕ ਪਰਿਵਾਰਾਂ ਨਾਲ ਸੰਵਾਦ ਕਰੋ। ਪਿੰਡਾਂ ਵਿੱਚ ਪੰਜਾਬ ਸਰਕਾਰ ਦੇ ਵਿਕਾਸ ਕਾਰਜਾਂ ਅਤੇ ਨਿਰਪੱਖ ਭਰਤੀਆਂ ਦੇ ਸੁਨੇਹੇ ਨਾਲ ਸੰਨ੍ਹ ਲਗਾਓ।,"{'booth_no': '150', 'village_en': 'Inaitpura (Part 2)', 'village_pa': 'ਇਨਾਇਤਪੁਰਾ (ਭਾਗ 2)', 'zone_en': 'Akali Bastion: Strategic Penetration & Demolition Zone', 'zone_pa': 'ਅਕਾਲੀ ਦਲ ਦਾ ਪ੍ਰਭਾਵਿਤ ਖੇਤਰ: ਵਿਸ਼ੇਸ਼ ਘੇਰਾਬੰਦੀ ਜ਼ੋਨ', 'action_en': 'SAD retained lead here by +12 votes (37.2% share). Target moderate Panthic and farming families in Inaitpura (Part 2) disillusioned with traditional leadership. Appoint dedicated block coordinators and highlight direct government procurement and village development works.', 'action_pa': 'ਅਕਾਲੀ ਦਲ ਨੇ ਇੱਥੇ +12 ਵੋਟਾਂ (37.2%) ਨਾਲ ਲੀਡ ਬਣਾਈ ਹੈ। ਇਨਾਇਤਪੁਰਾ (ਭਾਗ 2) ਵਿੱਚ ਰਵਾਇਤੀ ਲੀਡਰਸ਼ਿਪ ਤੋਂ ਨਿਰਾਸ਼ ਕਿਸਾਨ ਅਤੇ ਪੰਥਕ ਪਰਿਵਾਰਾਂ ਨਾਲ ਸੰਵਾਦ ਕਰੋ। ਪਿੰਡਾਂ ਵਿੱਚ ਪੰਜਾਬ ਸਰਕਾਰ ਦੇ ਵਿਕਾਸ ਕਾਰਜਾਂ ਅਤੇ ਨਿਰਪੱਖ ਭਰਤੀਆਂ ਦੇ ਸੁਨੇਹੇ ਨਾਲ ਸੰਨ੍ਹ ਲਗਾਓ।', 'action_steps_en': ['Days 1-30: Map the top 30 influential non-committed Panthic families in Inaitpura (Part 2).', 'Days 31-60: Deploy senior constituency leaders for direct home visits to address local disgruntlement.', ""Days 61-90: Neutralize SAD's +12 vote cushion by winning over agricultural youth.""], 'action_steps_pa': ['ਦਿਨ 1-30: ਇਨਾਇਤਪੁਰਾ (ਭਾਗ 2) ਦੇ 30 ਨਿਰਪੱਖ ਅਤੇ ਪ੍ਰਭਾਵਸ਼ਾਲੀ ਪਰਿਵਾਰਾਂ ਦੀ ਸ਼ਨਾਖਤ ਕਰੋ।', 'ਦਿਨ 31-60: ਸੀਨੀਅਰ ਲੀਡਰਸ਼ਿਪ ਰਾਹੀਂ ਘਰ-ਘਰ ਜਾ ਕੇ ਸਰਕਾਰ ਦੀਆਂ ਨਿਰਪੱਖ ਨੀਤੀਆਂ ਸਾਂਝੀਆਂ ਕਰੋ।', 'ਦਿਨ 61-90: ਨੌਜਵਾਨ ਵਰਗ ਨੂੰ ਸਰਕਾਰੀ ਨੌਕਰੀਆਂ ਅਤੇ ਖੇਡ ਕਿੱਟਾਂ ਰਾਹੀਂ ਪਾਰਟੀ ਨਾਲ ਜੋੜ ਕੇ ਲੀਡ ਘਟਾਓ।'], 'action_steps': ['ਦਿਨ 1-30: ਇਨਾਇਤਪੁਰਾ (ਭਾਗ 2) ਦੇ 30 ਨਿਰਪੱਖ ਅਤੇ ਪ੍ਰਭਾਵਸ਼ਾਲੀ ਪਰਿਵਾਰਾਂ ਦੀ ਸ਼ਨਾਖਤ ਕਰੋ।', 'ਦਿਨ 31-60: ਸੀਨੀਅਰ ਲੀਡਰਸ਼ਿਪ ਰਾਹੀਂ ਘਰ-ਘਰ ਜਾ ਕੇ ਸਰਕਾਰ ਦੀਆਂ ਨਿਰਪੱਖ ਨੀਤੀਆਂ ਸਾਂਝੀਆਂ ਕਰੋ।', 'ਦਿਨ 61-90: ਨੌਜਵਾਨ ਵਰਗ ਨੂੰ ਸਰਕਾਰੀ ਨੌਕਰੀਆਂ ਅਤੇ ਖੇਡ ਕਿੱਟਾਂ ਰਾਹੀਂ ਪਾਰਟੀ ਨਾਲ ਜੋੜ ਕੇ ਲੀਡ ਘਟਾਓ।']}"
155,151,Jajjiani (Part 2),ਜੱਜਿਆਣੀ (ਭਾਗ 2),ਜੱਜਿਆਣੀ (ਭਾਗ 2),Jajjiani (Part 2),ਜੱਜਿਆਣੀ (ਭਾਗ 2),SAD,SAD,181,67,SAD Retained,SAD Retained,AAP Deficit,ਆਪ ਘਾਟ,INC Deficit,"{'AAP': 'LOST_BOTH', 'SAD': 'WON_BOTH', 'INC': 'LOST_BOTH', 'BJP': 'WEAK'}",False,"{'is_flip': False, 'status_label': 'SAD Retained', 'turnout_diff': -82, 'turnout_pct': -15.07, 'sad_swing': -10.38, 'aap_swing': 8.4, 'inc_swing': 11.97, 'bjp_swing': 0.47}",544,462,-82,-15.07,279,189,-90,51.29,40.91,-10.38,98,122,24,18.01,26.41,8.4,75,119,44,13.79,25.76,11.97,1,3,2,0.18,0.65,0.47,21,4.55,"{'total': 544, 'sad': 279, 'aap': 98, 'inc': 75, 'bjp': 1, 'sad_votes': 279, 'sad_pct': 51.29, 'aap_votes': 98, 'aap_pct': 18.01, 'inc_votes': 75, 'inc_pct': 13.79, 'bjp_votes': 1, 'bjp_pct': 0.18, 'winner_party': 'SAD', 'margin': 181, 'winner_candidate': 'Ganieve Kaur Majithia'}","{'total': 462, 'sad': 189, 'aap': 122, 'inc': 119, 'bjp': 3, 'sada': 21, 'bsp': 0, 'others': 8, 'sad_votes': 189, 'sad_pct': 40.91, 'aap_votes': 122, 'aap_pct': 26.41, 'inc_votes': 119, 'inc_pct': 25.76, 'bjp_votes': 3, 'bjp_pct': 0.65, 'sada_votes': 21, 'sada_pct': 4.55, 'winner_party': 'SAD', 'margin': 67, 'winner_candidate': 'Anil Joshi'}","{'turnout_diff': -82, 'turnout_pct': -15.07, 'sad_shift': -90, 'sad_swing': -10.38, 'aap_shift': 24, 'aap_swing': 8.4, 'inc_shift': 44, 'inc_swing': 11.97, 'bjp_shift': 2, 'bjp_swing': 0.47}",Akali Bastion: Strategic Penetration & Demolition Zone,ਅਕਾਲੀ ਦਲ ਦਾ ਪ੍ਰਭਾਵਿਤ ਖੇਤਰ: ਵਿਸ਼ੇਸ਼ ਘੇਰਾਬੰਦੀ ਜ਼ੋਨ,SAD retained lead here by +67 votes (40.9% share). Target moderate Panthic and farming families in Jajjiani (Part 2) disillusioned with traditional leadership. Appoint dedicated block coordinators and highlight direct government procurement and village development works.,ਅਕਾਲੀ ਦਲ ਨੇ ਇੱਥੇ +67 ਵੋਟਾਂ (40.9%) ਨਾਲ ਲੀਡ ਬਣਾਈ ਹੈ। ਜੱਜਿਆਣੀ (ਭਾਗ 2) ਵਿੱਚ ਰਵਾਇਤੀ ਲੀਡਰਸ਼ਿਪ ਤੋਂ ਨਿਰਾਸ਼ ਕਿਸਾਨ ਅਤੇ ਪੰਥਕ ਪਰਿਵਾਰਾਂ ਨਾਲ ਸੰਵਾਦ ਕਰੋ। ਪਿੰਡਾਂ ਵਿੱਚ ਪੰਜਾਬ ਸਰਕਾਰ ਦੇ ਵਿਕਾਸ ਕਾਰਜਾਂ ਅਤੇ ਨਿਰਪੱਖ ਭਰਤੀਆਂ ਦੇ ਸੁਨੇਹੇ ਨਾਲ ਸੰਨ੍ਹ ਲਗਾਓ।,"{'booth_no': '151', 'village_en': 'Jajjiani (Part 2)', 'village_pa': 'ਜੱਜਿਆਣੀ (ਭਾਗ 2)', 'zone_en': 'Akali Bastion: Strategic Penetration & Demolition Zone', 'zone_pa': 'ਅਕਾਲੀ ਦਲ ਦਾ ਪ੍ਰਭਾਵਿਤ ਖੇਤਰ: ਵਿਸ਼ੇਸ਼ ਘੇਰਾਬੰਦੀ ਜ਼ੋਨ', 'action_en': 'SAD retained lead here by +67 votes (40.9% share). Target moderate Panthic and farming families in Jajjiani (Part 2) disillusioned with traditional leadership. Appoint dedicated block coordinators and highlight direct government procurement and village development works.', 'action_pa': 'ਅਕਾਲੀ ਦਲ ਨੇ ਇੱਥੇ +67 ਵੋਟਾਂ (40.9%) ਨਾਲ ਲੀਡ ਬਣਾਈ ਹੈ। ਜੱਜਿਆਣੀ (ਭਾਗ 2) ਵਿੱਚ ਰਵਾਇਤੀ ਲੀਡਰਸ਼ਿਪ ਤੋਂ ਨਿਰਾਸ਼ ਕਿਸਾਨ ਅਤੇ ਪੰਥਕ ਪਰਿਵਾਰਾਂ ਨਾਲ ਸੰਵਾਦ ਕਰੋ। ਪਿੰਡਾਂ ਵਿੱਚ ਪੰਜਾਬ ਸਰਕਾਰ ਦੇ ਵਿਕਾਸ ਕਾਰਜਾਂ ਅਤੇ ਨਿਰਪੱਖ ਭਰਤੀਆਂ ਦੇ ਸੁਨੇਹੇ ਨਾਲ ਸੰਨ੍ਹ ਲਗਾਓ।', 'action_steps_en': ['Days 1-30: Map the top 30 influential non-committed Panthic families in Jajjiani (Part 2).', 'Days 31-60: Deploy senior constituency leaders for direct home visits to address local disgruntlement.', ""Days 61-90: Neutralize SAD's +67 vote cushion by winning over agricultural youth.""], 'action_steps_pa': ['ਦਿਨ 1-30: ਜੱਜਿਆਣੀ (ਭਾਗ 2) ਦੇ 30 ਨਿਰਪੱਖ ਅਤੇ ਪ੍ਰਭਾਵਸ਼ਾਲੀ ਪਰਿਵਾਰਾਂ ਦੀ ਸ਼ਨਾਖਤ ਕਰੋ।', 'ਦਿਨ 31-60: ਸੀਨੀਅਰ ਲੀਡਰਸ਼ਿਪ ਰਾਹੀਂ ਘਰ-ਘਰ ਜਾ ਕੇ ਸਰਕਾਰ ਦੀਆਂ ਨਿਰਪੱਖ ਨੀਤੀਆਂ ਸਾਂਝੀਆਂ ਕਰੋ।', 'ਦਿਨ 61-90: ਨੌਜਵਾਨ ਵਰਗ ਨੂੰ ਸਰਕਾਰੀ ਨੌਕਰੀਆਂ ਅਤੇ ਖੇਡ ਕਿੱਟਾਂ ਰਾਹੀਂ ਪਾਰਟੀ ਨਾਲ ਜੋੜ ਕੇ ਲੀਡ ਘਟਾਓ।'], 'action_steps': ['ਦਿਨ 1-30: ਜੱਜਿਆਣੀ (ਭਾਗ 2) ਦੇ 30 ਨਿਰਪੱਖ ਅਤੇ ਪ੍ਰਭਾਵਸ਼ਾਲੀ ਪਰਿਵਾਰਾਂ ਦੀ ਸ਼ਨਾਖਤ ਕਰੋ।', 'ਦਿਨ 31-60: ਸੀਨੀਅਰ ਲੀਡਰਸ਼ਿਪ ਰਾਹੀਂ ਘਰ-ਘਰ ਜਾ ਕੇ ਸਰਕਾਰ ਦੀਆਂ ਨਿਰਪੱਖ ਨੀਤੀਆਂ ਸਾਂਝੀਆਂ ਕਰੋ।', 'ਦਿਨ 61-90: ਨੌਜਵਾਨ ਵਰਗ ਨੂੰ ਸਰਕਾਰੀ ਨੌਕਰੀਆਂ ਅਤੇ ਖੇਡ ਕਿੱਟਾਂ ਰਾਹੀਂ ਪਾਰਟੀ ਨਾਲ ਜੋੜ ਕੇ ਲੀਡ ਘਟਾਓ।']}"
156,152,Jalalpura (Part 2),ਜਲਾਲਪੁਰਾ (ਭਾਗ 2),ਜਲਾਲਪੁਰਾ (ਭਾਗ 2),Jalalpura (Part 2),ਜਲਾਲਪੁਰਾ (ਭਾਗ 2),SAD,SAD,162,76,SAD Retained,SAD Retained,AAP Deficit,ਆਪ ਘਾਟ,INC Deficit,"{'AAP': 'LOST_BOTH', 'SAD': 'WON_BOTH', 'INC': 'WEAK', 'BJP': 'WEAK'}",False,"{'is_flip': False, 'status_label': 'SAD Retained', 'turnout_diff': -522, 'turnout_pct': -61.7, 'sad_swing': -0.74, 'aap_swing': 6.89, 'inc_swing': -16.78, 'bjp_swing': 8.48}",846,324,-522,-61.7,411,155,-256,48.58,47.84,-0.74,148,79,-69,17.49,24.38,6.89,249,41,-208,29.43,12.65,-16.78,4,29,25,0.47,8.95,8.48,14,4.32,"{'total': 846, 'sad': 411, 'aap': 148, 'inc': 249, 'bjp': 4, 'sad_votes': 411, 'sad_pct': 48.58, 'aap_votes': 148, 'aap_pct': 17.49, 'inc_votes': 249, 'inc_pct': 29.43, 'bjp_votes': 4, 'bjp_pct': 0.47, 'winner_party': 'SAD', 'margin': 162, 'winner_candidate': 'Ganieve Kaur Majithia'}","{'total': 324, 'sad': 155, 'aap': 79, 'inc': 41, 'bjp': 29, 'sada': 14, 'bsp': 1, 'others': 4, 'sad_votes': 155, 'sad_pct': 47.84, 'aap_votes': 79, 'aap_pct': 24.38, 'inc_votes': 41, 'inc_pct': 12.65, 'bjp_votes': 29, 'bjp_pct': 8.95, 'sada_votes': 14, 'sada_pct': 4.32, 'winner_party': 'SAD', 'margin': 76, 'winner_candidate': 'Anil Joshi'}","{'turnout_diff': -522, 'turnout_pct': -61.7, 'sad_shift': -256, 'sad_swing': -0.74, 'aap_shift': -69, 'aap_swing': 6.89, 'inc_shift': -208, 'inc_swing': -16.78, 'bjp_shift': 25, 'bjp_swing': 8.48}",Akali Bastion: Strategic Penetration & Demolition Zone,ਅਕਾਲੀ ਦਲ ਦਾ ਪ੍ਰਭਾਵਿਤ ਖੇਤਰ: ਵਿਸ਼ੇਸ਼ ਘੇਰਾਬੰਦੀ ਜ਼ੋਨ,SAD retained lead here by +76 votes (47.8% share). Target moderate Panthic and farming families in Jalalpura (Part 2) disillusioned with traditional leadership. Appoint dedicated block coordinators and highlight direct government procurement and village development works.,ਅਕਾਲੀ ਦਲ ਨੇ ਇੱਥੇ +76 ਵੋਟਾਂ (47.8%) ਨਾਲ ਲੀਡ ਬਣਾਈ ਹੈ। ਜਲਾਲਪੁਰਾ (ਭਾਗ 2) ਵਿੱਚ ਰਵਾਇਤੀ ਲੀਡਰਸ਼ਿਪ ਤੋਂ ਨਿਰਾਸ਼ ਕਿਸਾਨ ਅਤੇ ਪੰਥਕ ਪਰਿਵਾਰਾਂ ਨਾਲ ਸੰਵਾਦ ਕਰੋ। ਪਿੰਡਾਂ ਵਿੱਚ ਪੰਜਾਬ ਸਰਕਾਰ ਦੇ ਵਿਕਾਸ ਕਾਰਜਾਂ ਅਤੇ ਨਿਰਪੱਖ ਭਰਤੀਆਂ ਦੇ ਸੁਨੇਹੇ ਨਾਲ ਸੰਨ੍ਹ ਲਗਾਓ।,"{'booth_no': '152', 'village_en': 'Jalalpura (Part 2)', 'village_pa': 'ਜਲਾਲਪੁਰਾ (ਭਾਗ 2)', 'zone_en': 'Akali Bastion: Strategic Penetration & Demolition Zone', 'zone_pa': 'ਅਕਾਲੀ ਦਲ ਦਾ ਪ੍ਰਭਾਵਿਤ ਖੇਤਰ: ਵਿਸ਼ੇਸ਼ ਘੇਰਾਬੰਦੀ ਜ਼ੋਨ', 'action_en': 'SAD retained lead here by +76 votes (47.8% share). Target moderate Panthic and farming families in Jalalpura (Part 2) disillusioned with traditional leadership. Appoint dedicated block coordinators and highlight direct government procurement and village development works.', 'action_pa': 'ਅਕਾਲੀ ਦਲ ਨੇ ਇੱਥੇ +76 ਵੋਟਾਂ (47.8%) ਨਾਲ ਲੀਡ ਬਣਾਈ ਹੈ। ਜਲਾਲਪੁਰਾ (ਭਾਗ 2) ਵਿੱਚ ਰਵਾਇਤੀ ਲੀਡਰਸ਼ਿਪ ਤੋਂ ਨਿਰਾਸ਼ ਕਿਸਾਨ ਅਤੇ ਪੰਥਕ ਪਰਿਵਾਰਾਂ ਨਾਲ ਸੰਵਾਦ ਕਰੋ। ਪਿੰਡਾਂ ਵਿੱਚ ਪੰਜਾਬ ਸਰਕਾਰ ਦੇ ਵਿਕਾਸ ਕਾਰਜਾਂ ਅਤੇ ਨਿਰਪੱਖ ਭਰਤੀਆਂ ਦੇ ਸੁਨੇਹੇ ਨਾਲ ਸੰਨ੍ਹ ਲਗਾਓ।', 'action_steps_en': ['Days 1-30: Map the top 30 influential non-committed Panthic families in Jalalpura (Part 2).', 'Days 31-60: Deploy senior constituency leaders for direct home visits to address local disgruntlement.', ""Days 61-90: Neutralize SAD's +76 vote cushion by winning over agricultural youth.""], 'action_steps_pa': ['ਦਿਨ 1-30: ਜਲਾਲਪੁਰਾ (ਭਾਗ 2) ਦੇ 30 ਨਿਰਪੱਖ ਅਤੇ ਪ੍ਰਭਾਵਸ਼ਾਲੀ ਪਰਿਵਾਰਾਂ ਦੀ ਸ਼ਨਾਖਤ ਕਰੋ।', 'ਦਿਨ 31-60: ਸੀਨੀਅਰ ਲੀਡਰਸ਼ਿਪ ਰਾਹੀਂ ਘਰ-ਘਰ ਜਾ ਕੇ ਸਰਕਾਰ ਦੀਆਂ ਨਿਰਪੱਖ ਨੀਤੀਆਂ ਸਾਂਝੀਆਂ ਕਰੋ।', 'ਦਿਨ 61-90: ਨੌਜਵਾਨ ਵਰਗ ਨੂੰ ਸਰਕਾਰੀ ਨੌਕਰੀਆਂ ਅਤੇ ਖੇਡ ਕਿੱਟਾਂ ਰਾਹੀਂ ਪਾਰਟੀ ਨਾਲ ਜੋੜ ਕੇ ਲੀਡ ਘਟਾਓ।'], 'action_steps': ['ਦਿਨ 1-30: ਜਲਾਲਪੁਰਾ (ਭਾਗ 2) ਦੇ 30 ਨਿਰਪੱਖ ਅਤੇ ਪ੍ਰਭਾਵਸ਼ਾਲੀ ਪਰਿਵਾਰਾਂ ਦੀ ਸ਼ਨਾਖਤ ਕਰੋ।', 'ਦਿਨ 31-60: ਸੀਨੀਅਰ ਲੀਡਰਸ਼ਿਪ ਰਾਹੀਂ ਘਰ-ਘਰ ਜਾ ਕੇ ਸਰਕਾਰ ਦੀਆਂ ਨਿਰਪੱਖ ਨੀਤੀਆਂ ਸਾਂਝੀਆਂ ਕਰੋ।', 'ਦਿਨ 61-90: ਨੌਜਵਾਨ ਵਰਗ ਨੂੰ ਸਰਕਾਰੀ ਨੌਕਰੀਆਂ ਅਤੇ ਖੇਡ ਕਿੱਟਾਂ ਰਾਹੀਂ ਪਾਰਟੀ ਨਾਲ ਜੋੜ ਕੇ ਲੀਡ ਘਟਾਓ।']}"
157,153,Jathu Nangal (Part 2),ਜੱਥੂ ਨੰਗਲ (ਭਾਗ 2),ਜੱਥੂ ਨੰਗਲ (ਭਾਗ 2),Jathu Nangal (Part 2),ਜੱਥੂ ਨੰਗਲ (ਭਾਗ 2),SAD,SAD,120,18,SAD Retained,SAD Retained,AAP Deficit,ਆਪ ਘਾਟ,INC Deficit,"{'AAP': 'LOST_BOTH', 'SAD': 'WON_BOTH', 'INC': 'LOST_BOTH', 'BJP': 'WEAK'}",False,"{'is_flip': False, 'status_label': 'SAD Retained', 'turnout_diff': -231, 'turnout_pct': -35.7, 'sad_swing': -17.59, 'aap_swing': -3.37, 'inc_swing': 2.54, 'bjp_swing': 1.37}",647,416,-231,-35.7,302,121,-181,46.68,29.09,-17.59,182,103,-79,28.13,24.76,-3.37,136,98,-38,21.02,23.56,2.54,2,7,5,0.31,1.68,1.37,64,15.38,"{'total': 647, 'sad': 302, 'aap': 182, 'inc': 136, 'bjp': 2, 'sad_votes': 302, 'sad_pct': 46.68, 'aap_votes': 182, 'aap_pct': 28.13, 'inc_votes': 136, 'inc_pct': 21.02, 'bjp_votes': 2, 'bjp_pct': 0.31, 'winner_party': 'SAD', 'margin': 120, 'winner_candidate': 'Ganieve Kaur Majithia'}","{'total': 416, 'sad': 121, 'aap': 103, 'inc': 98, 'bjp': 7, 'sada': 64, 'bsp': 3, 'others': 20, 'sad_votes': 121, 'sad_pct': 29.09, 'aap_votes': 103, 'aap_pct': 24.76, 'inc_votes': 98, 'inc_pct': 23.56, 'bjp_votes': 7, 'bjp_pct': 1.68, 'sada_votes': 64, 'sada_pct': 15.38, 'winner_party': 'SAD', 'margin': 18, 'winner_candidate': 'Anil Joshi'}","{'turnout_diff': -231, 'turnout_pct': -35.7, 'sad_shift': -181, 'sad_swing': -17.59, 'aap_shift': -79, 'aap_swing': -3.37, 'inc_shift': -38, 'inc_swing': 2.54, 'bjp_shift': 5, 'bjp_swing': 1.37}",Akali Bastion: Strategic Penetration & Demolition Zone,ਅਕਾਲੀ ਦਲ ਦਾ ਪ੍ਰਭਾਵਿਤ ਖੇਤਰ: ਵਿਸ਼ੇਸ਼ ਘੇਰਾਬੰਦੀ ਜ਼ੋਨ,SAD retained lead here by +18 votes (29.1% share). Target moderate Panthic and farming families in Jathu Nangal (Part 2) disillusioned with traditional leadership. Appoint dedicated block coordinators and highlight direct government procurement and village development works.,ਅਕਾਲੀ ਦਲ ਨੇ ਇੱਥੇ +18 ਵੋਟਾਂ (29.1%) ਨਾਲ ਲੀਡ ਬਣਾਈ ਹੈ। ਜੱਥੂ ਨੰਗਲ (ਭਾਗ 2) ਵਿੱਚ ਰਵਾਇਤੀ ਲੀਡਰਸ਼ਿਪ ਤੋਂ ਨਿਰਾਸ਼ ਕਿਸਾਨ ਅਤੇ ਪੰਥਕ ਪਰਿਵਾਰਾਂ ਨਾਲ ਸੰਵਾਦ ਕਰੋ। ਪਿੰਡਾਂ ਵਿੱਚ ਪੰਜਾਬ ਸਰਕਾਰ ਦੇ ਵਿਕਾਸ ਕਾਰਜਾਂ ਅਤੇ ਨਿਰਪੱਖ ਭਰਤੀਆਂ ਦੇ ਸੁਨੇਹੇ ਨਾਲ ਸੰਨ੍ਹ ਲਗਾਓ।,"{'booth_no': '153', 'village_en': 'Jathu Nangal (Part 2)', 'village_pa': 'ਜੱਥੂ ਨੰਗਲ (ਭਾਗ 2)', 'zone_en': 'Akali Bastion: Strategic Penetration & Demolition Zone', 'zone_pa': 'ਅਕਾਲੀ ਦਲ ਦਾ ਪ੍ਰਭਾਵਿਤ ਖੇਤਰ: ਵਿਸ਼ੇਸ਼ ਘੇਰਾਬੰਦੀ ਜ਼ੋਨ', 'action_en': 'SAD retained lead here by +18 votes (29.1% share). Target moderate Panthic and farming families in Jathu Nangal (Part 2) disillusioned with traditional leadership. Appoint dedicated block coordinators and highlight direct government procurement and village development works.', 'action_pa': 'ਅਕਾਲੀ ਦਲ ਨੇ ਇੱਥੇ +18 ਵੋਟਾਂ (29.1%) ਨਾਲ ਲੀਡ ਬਣਾਈ ਹੈ। ਜੱਥੂ ਨੰਗਲ (ਭਾਗ 2) ਵਿੱਚ ਰਵਾਇਤੀ ਲੀਡਰਸ਼ਿਪ ਤੋਂ ਨਿਰਾਸ਼ ਕਿਸਾਨ ਅਤੇ ਪੰਥਕ ਪਰਿਵਾਰਾਂ ਨਾਲ ਸੰਵਾਦ ਕਰੋ। ਪਿੰਡਾਂ ਵਿੱਚ ਪੰਜਾਬ ਸਰਕਾਰ ਦੇ ਵਿਕਾਸ ਕਾਰਜਾਂ ਅਤੇ ਨਿਰਪੱਖ ਭਰਤੀਆਂ ਦੇ ਸੁਨੇਹੇ ਨਾਲ ਸੰਨ੍ਹ ਲਗਾਓ।', 'action_steps_en': ['Days 1-30: Map the top 30 influential non-committed Panthic families in Jathu Nangal (Part 2).', 'Days 31-60: Deploy senior constituency leaders for direct home visits to address local disgruntlement.', ""Days 61-90: Neutralize SAD's +18 vote cushion by winning over agricultural youth.""], 'action_steps_pa': ['ਦਿਨ 1-30: ਜੱਥੂ ਨੰਗਲ (ਭਾਗ 2) ਦੇ 30 ਨਿਰਪੱਖ ਅਤੇ ਪ੍ਰਭਾਵਸ਼ਾਲੀ ਪਰਿਵਾਰਾਂ ਦੀ ਸ਼ਨਾਖਤ ਕਰੋ।', 'ਦਿਨ 31-60: ਸੀਨੀਅਰ ਲੀਡਰਸ਼ਿਪ ਰਾਹੀਂ ਘਰ-ਘਰ ਜਾ ਕੇ ਸਰਕਾਰ ਦੀਆਂ ਨਿਰਪੱਖ ਨੀਤੀਆਂ ਸਾਂਝੀਆਂ ਕਰੋ।', 'ਦਿਨ 61-90: ਨੌਜਵਾਨ ਵਰਗ ਨੂੰ ਸਰਕਾਰੀ ਨੌਕਰੀਆਂ ਅਤੇ ਖੇਡ ਕਿੱਟਾਂ ਰਾਹੀਂ ਪਾਰਟੀ ਨਾਲ ਜੋੜ ਕੇ ਲੀਡ ਘਟਾਓ।'], 'action_steps': ['ਦਿਨ 1-30: ਜੱਥੂ ਨੰਗਲ (ਭਾਗ 2) ਦੇ 30 ਨਿਰਪੱਖ ਅਤੇ ਪ੍ਰਭਾਵਸ਼ਾਲੀ ਪਰਿਵਾਰਾਂ ਦੀ ਸ਼ਨਾਖਤ ਕਰੋ।', 'ਦਿਨ 31-60: ਸੀਨੀਅਰ ਲੀਡਰਸ਼ਿਪ ਰਾਹੀਂ ਘਰ-ਘਰ ਜਾ ਕੇ ਸਰਕਾਰ ਦੀਆਂ ਨਿਰਪੱਖ ਨੀਤੀਆਂ ਸਾਂਝੀਆਂ ਕਰੋ।', 'ਦਿਨ 61-90: ਨੌਜਵਾਨ ਵਰਗ ਨੂੰ ਸਰਕਾਰੀ ਨੌਕਰੀਆਂ ਅਤੇ ਖੇਡ ਕਿੱਟਾਂ ਰਾਹੀਂ ਪਾਰਟੀ ਨਾਲ ਜੋੜ ਕੇ ਲੀਡ ਘਟਾਓ।']}"
158,154,Jhande (Part 2),ਝੰਡੇ (ਭਾਗ 2),ਝੰਡੇ (ਭਾਗ 2),Jhande (Part 2),ਝੰਡੇ (ਭਾਗ 2),SAD,SAD,128,49,SAD Retained,SAD Retained,AAP Deficit,ਆਪ ਘਾਟ,INC Deficit,"{'AAP': 'WEAK', 'SAD': 'WON_BOTH', 'INC': 'LOST_BOTH', 'BJP': 'WEAK'}",False,"{'is_flip': False, 'status_label': 'SAD Retained', 'turnout_diff': 9, 'turnout_pct': 1.82, 'sad_swing': -18.34, 'aap_swing': -19.27, 'inc_swing': 23.94, 'bjp_swing': -0.2}",494,503,9,1.82,288,201,-87,58.3,39.96,-18.34,160,66,-94,32.39,13.12,-19.27,31,152,121,6.28,30.22,23.94,2,1,-1,0.4,0.2,-0.2,44,8.75,"{'total': 494, 'sad': 288, 'aap': 160, 'inc': 31, 'bjp': 2, 'sad_votes': 288, 'sad_pct': 58.3, 'aap_votes': 160, 'aap_pct': 32.39, 'inc_votes': 31, 'inc_pct': 6.28, 'bjp_votes': 2, 'bjp_pct': 0.4, 'winner_party': 'SAD', 'margin': 128, 'winner_candidate': 'Ganieve Kaur Majithia'}","{'total': 503, 'sad': 201, 'aap': 66, 'inc': 152, 'bjp': 1, 'sada': 44, 'bsp': 0, 'others': 33, 'sad_votes': 201, 'sad_pct': 39.96, 'aap_votes': 66, 'aap_pct': 13.12, 'inc_votes': 152, 'inc_pct': 30.22, 'bjp_votes': 1, 'bjp_pct': 0.2, 'sada_votes': 44, 'sada_pct': 8.75, 'winner_party': 'SAD', 'margin': 49, 'winner_candidate': 'Anil Joshi'}","{'turnout_diff': 9, 'turnout_pct': 1.82, 'sad_shift': -87, 'sad_swing': -18.34, 'aap_shift': -94, 'aap_swing': -19.27, 'inc_shift': 121, 'inc_swing': 23.94, 'bjp_shift': -1, 'bjp_swing': -0.2}",Akali Bastion: Strategic Penetration & Demolition Zone,ਅਕਾਲੀ ਦਲ ਦਾ ਪ੍ਰਭਾਵਿਤ ਖੇਤਰ: ਵਿਸ਼ੇਸ਼ ਘੇਰਾਬੰਦੀ ਜ਼ੋਨ,SAD retained lead here by +49 votes (40.0% share). Target moderate Panthic and farming families in Jhande (Part 2) disillusioned with traditional leadership. Appoint dedicated block coordinators and highlight direct government procurement and village development works.,ਅਕਾਲੀ ਦਲ ਨੇ ਇੱਥੇ +49 ਵੋਟਾਂ (40.0%) ਨਾਲ ਲੀਡ ਬਣਾਈ ਹੈ। ਝੰਡੇ (ਭਾਗ 2) ਵਿੱਚ ਰਵਾਇਤੀ ਲੀਡਰਸ਼ਿਪ ਤੋਂ ਨਿਰਾਸ਼ ਕਿਸਾਨ ਅਤੇ ਪੰਥਕ ਪਰਿਵਾਰਾਂ ਨਾਲ ਸੰਵਾਦ ਕਰੋ। ਪਿੰਡਾਂ ਵਿੱਚ ਪੰਜਾਬ ਸਰਕਾਰ ਦੇ ਵਿਕਾਸ ਕਾਰਜਾਂ ਅਤੇ ਨਿਰਪੱਖ ਭਰਤੀਆਂ ਦੇ ਸੁਨੇਹੇ ਨਾਲ ਸੰਨ੍ਹ ਲਗਾਓ।,"{'booth_no': '154', 'village_en': 'Jhande (Part 2)', 'village_pa': 'ਝੰਡੇ (ਭਾਗ 2)', 'zone_en': 'Akali Bastion: Strategic Penetration & Demolition Zone', 'zone_pa': 'ਅਕਾਲੀ ਦਲ ਦਾ ਪ੍ਰਭਾਵਿਤ ਖੇਤਰ: ਵਿਸ਼ੇਸ਼ ਘੇਰਾਬੰਦੀ ਜ਼ੋਨ', 'action_en': 'SAD retained lead here by +49 votes (40.0% share). Target moderate Panthic and farming families in Jhande (Part 2) disillusioned with traditional leadership. Appoint dedicated block coordinators and highlight direct government procurement and village development works.', 'action_pa': 'ਅਕਾਲੀ ਦਲ ਨੇ ਇੱਥੇ +49 ਵੋਟਾਂ (40.0%) ਨਾਲ ਲੀਡ ਬਣਾਈ ਹੈ। ਝੰਡੇ (ਭਾਗ 2) ਵਿੱਚ ਰਵਾਇਤੀ ਲੀਡਰਸ਼ਿਪ ਤੋਂ ਨਿਰਾਸ਼ ਕਿਸਾਨ ਅਤੇ ਪੰਥਕ ਪਰਿਵਾਰਾਂ ਨਾਲ ਸੰਵਾਦ ਕਰੋ। ਪਿੰਡਾਂ ਵਿੱਚ ਪੰਜਾਬ ਸਰਕਾਰ ਦੇ ਵਿਕਾਸ ਕਾਰਜਾਂ ਅਤੇ ਨਿਰਪੱਖ ਭਰਤੀਆਂ ਦੇ ਸੁਨੇਹੇ ਨਾਲ ਸੰਨ੍ਹ ਲਗਾਓ।', 'action_steps_en': ['Days 1-30: Map the top 30 influential non-committed Panthic families in Jhande (Part 2).', 'Days 31-60: Deploy senior constituency leaders for direct home visits to address local disgruntlement.', ""Days 61-90: Neutralize SAD's +49 vote cushion by winning over agricultural youth.""], 'action_steps_pa': ['ਦਿਨ 1-30: ਝੰਡੇ (ਭਾਗ 2) ਦੇ 30 ਨਿਰਪੱਖ ਅਤੇ ਪ੍ਰਭਾਵਸ਼ਾਲੀ ਪਰਿਵਾਰਾਂ ਦੀ ਸ਼ਨਾਖਤ ਕਰੋ।', 'ਦਿਨ 31-60: ਸੀਨੀਅਰ ਲੀਡਰਸ਼ਿਪ ਰਾਹੀਂ ਘਰ-ਘਰ ਜਾ ਕੇ ਸਰਕਾਰ ਦੀਆਂ ਨਿਰਪੱਖ ਨੀਤੀਆਂ ਸਾਂਝੀਆਂ ਕਰੋ।', 'ਦਿਨ 61-90: ਨੌਜਵਾਨ ਵਰਗ ਨੂੰ ਸਰਕਾਰੀ ਨੌਕਰੀਆਂ ਅਤੇ ਖੇਡ ਕਿੱਟਾਂ ਰਾਹੀਂ ਪਾਰਟੀ ਨਾਲ ਜੋੜ ਕੇ ਲੀਡ ਘਟਾਓ।'], 'action_steps': ['ਦਿਨ 1-30: ਝੰਡੇ (ਭਾਗ 2) ਦੇ 30 ਨਿਰਪੱਖ ਅਤੇ ਪ੍ਰਭਾਵਸ਼ਾਲੀ ਪਰਿਵਾਰਾਂ ਦੀ ਸ਼ਨਾਖਤ ਕਰੋ।', 'ਦਿਨ 31-60: ਸੀਨੀਅਰ ਲੀਡਰਸ਼ਿਪ ਰਾਹੀਂ ਘਰ-ਘਰ ਜਾ ਕੇ ਸਰਕਾਰ ਦੀਆਂ ਨਿਰਪੱਖ ਨੀਤੀਆਂ ਸਾਂਝੀਆਂ ਕਰੋ।', 'ਦਿਨ 61-90: ਨੌਜਵਾਨ ਵਰਗ ਨੂੰ ਸਰਕਾਰੀ ਨੌਕਰੀਆਂ ਅਤੇ ਖੇਡ ਕਿੱਟਾਂ ਰਾਹੀਂ ਪਾਰਟੀ ਨਾਲ ਜੋੜ ਕੇ ਲੀਡ ਘਟਾਓ।']}"
159,155,Johal (Part 2),ਜੋਹਲ (ਭਾਗ 2),ਜੋਹਲ (ਭਾਗ 2),Johal (Part 2),ਜੋਹਲ (ਭਾਗ 2),SAD,INC,188,50,SAD → INC,SAD → INC,AAP Deficit,ਆਪ ਘਾਟ,INC Gain,"{'AAP': 'LOST_BOTH', 'SAD': 'LOST_24', 'INC': 'GAINED', 'BJP': 'WEAK'}",True,"{'is_flip': True, 'status_label': 'SAD → INC', 'turnout_diff': -16, 'turnout_pct': -3.0, 'sad_swing': -33.23, 'aap_swing': 10.54, 'inc_swing': 13.45, 'bjp_swing': 3.51}",533,517,-16,-3.0,307,126,-181,57.6,24.37,-33.23,83,135,52,15.57,26.11,10.54,119,185,66,22.33,35.78,13.45,5,23,18,0.94,4.45,3.51,36,6.96,"{'total': 533, 'sad': 307, 'aap': 83, 'inc': 119, 'bjp': 5, 'sad_votes': 307, 'sad_pct': 57.6, 'aap_votes': 83, 'aap_pct': 15.57, 'inc_votes': 119, 'inc_pct': 22.33, 'bjp_votes': 5, 'bjp_pct': 0.94, 'winner_party': 'SAD', 'margin': 188, 'winner_candidate': 'Ganieve Kaur Majithia'}","{'total': 517, 'sad': 126, 'aap': 135, 'inc': 185, 'bjp': 23, 'sada': 36, 'bsp': 0, 'others': 9, 'sad_votes': 126, 'sad_pct': 24.37, 'aap_votes': 135, 'aap_pct': 26.11, 'inc_votes': 185, 'inc_pct': 35.78, 'bjp_votes': 23, 'bjp_pct': 4.45, 'sada_votes': 36, 'sada_pct': 6.96, 'winner_party': 'INC', 'margin': 50, 'winner_candidate': 'Gurjeet Singh Aujla'}","{'turnout_diff': -16, 'turnout_pct': -3.0, 'sad_shift': -181, 'sad_swing': -33.23, 'aap_shift': 52, 'aap_swing': 10.54, 'inc_shift': 66, 'inc_swing': 13.45, 'bjp_shift': 18, 'bjp_swing': 3.51}",Congress Belt: High-Intensity Reclamation Zone,ਕਾਂਗਰਸੀ ਪ੍ਰਭਾਵ ਵਾਲਾ ਹਲਕਾ: ਮੁੜ-ਬਹਾਲੀ ਜ਼ੋਨ,INC led by +50 votes with 35.8% vote share in Johal (Part 2). Neutralize traditional Congress sarpanch networks. Appoint 2 booth captains and directly onboard dynamic rural youth.,ਕਾਂਗਰਸ ਨੇ ਇੱਥੇ +50 ਵੋਟਾਂ (35.8%) ਦੀ ਲੀਡ ਲਈ ਹੈ। ਜੋਹਲ (ਭਾਗ 2) ਵਿੱਚ ਪੁਰਾਣੇ ਸਰਪੰਚੀ ਪ੍ਰਭਾਵ ਨੂੰ ਘਟਾਉਣ ਲਈ ਦੋ ਨਵੇਂ ਯੂਥ ਬੂਥ ਇੰਚਾਰਜ ਲਗਾਓ ਅਤੇ ਘਰ-ਘਰ ਸੰਪਰਕ ਮੁਹਿੰਮ ਚਲਾਓ।,"{'booth_no': '155', 'village_en': 'Johal (Part 2)', 'village_pa': 'ਜੋਹਲ (ਭਾਗ 2)', 'zone_en': 'Congress Belt: High-Intensity Reclamation Zone', 'zone_pa': 'ਕਾਂਗਰਸੀ ਪ੍ਰਭਾਵ ਵਾਲਾ ਹਲਕਾ: ਮੁੜ-ਬਹਾਲੀ ਜ਼ੋਨ', 'action_en': 'INC led by +50 votes with 35.8% vote share in Johal (Part 2). Neutralize traditional Congress sarpanch networks. Appoint 2 booth captains and directly onboard dynamic rural youth.', 'action_pa': 'ਕਾਂਗਰਸ ਨੇ ਇੱਥੇ +50 ਵੋਟਾਂ (35.8%) ਦੀ ਲੀਡ ਲਈ ਹੈ। ਜੋਹਲ (ਭਾਗ 2) ਵਿੱਚ ਪੁਰਾਣੇ ਸਰਪੰਚੀ ਪ੍ਰਭਾਵ ਨੂੰ ਘਟਾਉਣ ਲਈ ਦੋ ਨਵੇਂ ਯੂਥ ਬੂਥ ਇੰਚਾਰਜ ਲਗਾਓ ਅਤੇ ਘਰ-ਘਰ ਸੰਪਰਕ ਮੁਹਿੰਮ ਚਲਾਓ।', 'action_steps_en': ['Days 1-30: Identify active vs inactive Congress booth workers in Johal (Part 2).', 'Days 31-60: Form rural welfare monitoring committee to connect village elders with state pensions.', ""Days 61-90: Overcome Congress's +50 vote lead through door-to-door cadre contact.""], 'action_steps_pa': ['ਦਿਨ 1-30: ਜੋਹਲ (ਭਾਗ 2) ਵਿੱਚ ਕਾਂਗਰਸੀ ਸਰਪੰਚਾਂ ਅਤੇ ਆਗੂਆਂ ਦੇ ਪ੍ਰਭਾਵ ਦਾ ਵਿਸ਼ਲੇਸ਼ਣ ਕਰੋ।', 'ਦਿਨ 31-60: ਬਜ਼ੁਰਗਾਂ ਅਤੇ ਔਰਤਾਂ ਨੂੰ ਪੈਨਸ਼ਨਾਂ ਤੇ ਭਲਾਈ ਸਕੀਮਾਂ ਨਾਲ ਜੋੜਨ ਲਈ ਕੈਂਪ ਲਗਾਓ।', 'ਦਿਨ 61-90: ਨੌਜਵਾਨਾਂ ਦੀ ਟੀਮ ਰਾਹੀਂ ਕਾਂਗਰਸ ਦੀ +50 ਵੋਟਾਂ ਦੀ ਲੀਡ ਖ਼ਤਮ ਕਰੋ।'], 'action_steps': ['ਦਿਨ 1-30: ਜੋਹਲ (ਭਾਗ 2) ਵਿੱਚ ਕਾਂਗਰਸੀ ਸਰਪੰਚਾਂ ਅਤੇ ਆਗੂਆਂ ਦੇ ਪ੍ਰਭਾਵ ਦਾ ਵਿਸ਼ਲੇਸ਼ਣ ਕਰੋ।', 'ਦਿਨ 31-60: ਬਜ਼ੁਰਗਾਂ ਅਤੇ ਔਰਤਾਂ ਨੂੰ ਪੈਨਸ਼ਨਾਂ ਤੇ ਭਲਾਈ ਸਕੀਮਾਂ ਨਾਲ ਜੋੜਨ ਲਈ ਕੈਂਪ ਲਗਾਓ।', 'ਦਿਨ 61-90: ਨੌਜਵਾਨਾਂ ਦੀ ਟੀਮ ਰਾਹੀਂ ਕਾਂਗਰਸ ਦੀ +50 ਵੋਟਾਂ ਦੀ ਲੀਡ ਖ਼ਤਮ ਕਰੋ।']}"
160,156,Kadrabad (Part 2),ਕਾਦਰਾਬਾਦ (ਭਾਗ 2),ਕਾਦਰਾਬਾਦ (ਭਾਗ 2),Kadrabad (Part 2),ਕਾਦਰਾਬਾਦ (ਭਾਗ 2),SAD,AAP,87,1,SAD → AAP,SAD → AAP,AAP Gain,ਆਪ ਲਾਭ,INC Deficit,"{'AAP': 'GAINED', 'SAD': 'LOST_24', 'INC': 'LOST_BOTH', 'BJP': 'WEAK'}",True,"{'is_flip': True, 'status_label': 'SAD → AAP', 'turnout_diff': 208, 'turnout_pct': 44.16, 'sad_swing': -36.05, 'aap_swing': -1.22, 'inc_swing': 27.08, 'bjp_swing': 2.06}",471,679,208,44.16,253,120,-133,53.72,17.67,-36.05,166,231,65,35.24,34.02,-1.22,32,230,198,6.79,33.87,27.08,0,14,14,0.0,2.06,2.06,36,5.3,"{'total': 471, 'sad': 253, 'aap': 166, 'inc': 32, 'bjp': 0, 'sad_votes': 253, 'sad_pct': 53.72, 'aap_votes': 166, 'aap_pct': 35.24, 'inc_votes': 32, 'inc_pct': 6.79, 'bjp_votes': 0, 'bjp_pct': 0.0, 'winner_party': 'SAD', 'margin': 87, 'winner_candidate': 'Ganieve Kaur Majithia'}","{'total': 679, 'sad': 120, 'aap': 231, 'inc': 230, 'bjp': 14, 'sada': 36, 'bsp': 3, 'others': 40, 'sad_votes': 120, 'sad_pct': 17.67, 'aap_votes': 231, 'aap_pct': 34.02, 'inc_votes': 230, 'inc_pct': 33.87, 'bjp_votes': 14, 'bjp_pct': 2.06, 'sada_votes': 36, 'sada_pct': 5.3, 'winner_party': 'AAP', 'margin': 1, 'winner_candidate': 'Kuldeep Singh Dhaliwal'}","{'turnout_diff': 208, 'turnout_pct': 44.16, 'sad_shift': -133, 'sad_swing': -36.05, 'aap_shift': 65, 'aap_swing': -1.22, 'inc_shift': 198, 'inc_swing': 27.08, 'bjp_shift': 14, 'bjp_swing': 2.06}",Historic Breakthrough: AAP Flipped Stronghold,ਇਤਿਹਾਸਕ ਪ੍ਰਾਪਤੀ: ਅਕਾਲੀ ਗੜ੍ਹ ਵਿੱਚ ਆਪ ਦੀ ਜਿੱਤ ਜ਼ੋਨ,"Major breakthrough in Kadrabad (Part 2) previously held by SAD. Formally induct local village swing leaders and youth volunteers who backed AAP in 2024. Resolve local village infrastructure, canal tail issues, and cement +1 lead.","ਕਾਦਰਾਬਾਦ (ਭਾਗ 2) ਵਿੱਚ ਵੱਡੀ ਇਤਿਹਾਸਕ ਸਫ਼ਲਤਾ, ਜਿੱਥੇ SAD ਦਾ ਪੁਰਾਣਾ ਦਬਦਬਾ ਟੁੱਟਿਆ। 2024 ਵਿੱਚ ਆਪ ਨਾਲ ਜੁੜੇ ਨੌਜਵਾਨਾਂ ਅਤੇ ਪੰਚਾਇਤੀ ਆਗੂਆਂ ਨੂੰ ਜਥੇਬੰਦਕ ਜ਼ਿੰਮੇਵਾਰੀਆਂ ਦਿਓ ਅਤੇ +1 ਵੋਟਾਂ ਦੀ ਲੀਡ ਨੂੰ ਸਥਾਈ ਵੋਟ ਬੈਂਕ ਵਿੱਚ ਬਦਲੋ।","{'booth_no': '156', 'village_en': 'Kadrabad (Part 2)', 'village_pa': 'ਕਾਦਰਾਬਾਦ (ਭਾਗ 2)', 'zone_en': 'Historic Breakthrough: AAP Flipped Stronghold', 'zone_pa': 'ਇਤਿਹਾਸਕ ਪ੍ਰਾਪਤੀ: ਅਕਾਲੀ ਗੜ੍ਹ ਵਿੱਚ ਆਪ ਦੀ ਜਿੱਤ ਜ਼ੋਨ', 'action_en': 'Major breakthrough in Kadrabad (Part 2) previously held by SAD. Formally induct local village swing leaders and youth volunteers who backed AAP in 2024. Resolve local village infrastructure, canal tail issues, and cement +1 lead.', 'action_pa': 'ਕਾਦਰਾਬਾਦ (ਭਾਗ 2) ਵਿੱਚ ਵੱਡੀ ਇਤਿਹਾਸਕ ਸਫ਼ਲਤਾ, ਜਿੱਥੇ SAD ਦਾ ਪੁਰਾਣਾ ਦਬਦਬਾ ਟੁੱਟਿਆ। 2024 ਵਿੱਚ ਆਪ ਨਾਲ ਜੁੜੇ ਨੌਜਵਾਨਾਂ ਅਤੇ ਪੰਚਾਇਤੀ ਆਗੂਆਂ ਨੂੰ ਜਥੇਬੰਦਕ ਜ਼ਿੰਮੇਵਾਰੀਆਂ ਦਿਓ ਅਤੇ +1 ਵੋਟਾਂ ਦੀ ਲੀਡ ਨੂੰ ਸਥਾਈ ਵੋਟ ਬੈਂਕ ਵਿੱਚ ਬਦਲੋ।', 'action_steps_en': ['Days 1-30: Onboard dynamic swing workers who crossed over from SAD into the formal AAP booth structure.', 'Days 31-60: Prioritize village link road and street light repairs in Kadrabad (Part 2) through rural development grants.', 'Days 61-90: Convert current +1 vote lead into permanent party loyalty before 2027.'], 'action_steps_pa': ['ਦਿਨ 1-30: SAD ਛੱਡ ਕੇ ਆਪ ਵਿੱਚ ਸ਼ਾਮਲ ਹੋਏ ਆਗੂਆਂ ਨੂੰ ਬੂਥ ਕਮੇਟੀ ਵਿੱਚ ਅਹਿਮ ਜ਼ਿੰਮੇਵਾਰੀਆਂ ਦਿਓ।', ""ਦਿਨ 31-60: ਕਾਦਰਾਬਾਦ (ਭਾਗ 2) ਵਿੱਚ ਪਿੰਡ ਦੀਆਂ ਫਿਰਨੀਆਂ, ਗਲੀਆਂ ਅਤੇ ਲਿੰਕ ਸੜਕਾਂ ਦੇ ਕੰਮ ਤਰਜੀਹ 'ਤੇ ਕਰਵਾਓ।"", 'ਦਿਨ 61-90: +1 ਵੋਟਾਂ ਦੀ ਲੀਡ ਨੂੰ ਪੱਕੇ ਵੋਟ ਬੈਂਕ ਵਿੱਚ ਤਬਦੀਲ ਕਰੋ।'], 'action_steps': ['ਦਿਨ 1-30: SAD ਛੱਡ ਕੇ ਆਪ ਵਿੱਚ ਸ਼ਾਮਲ ਹੋਏ ਆਗੂਆਂ ਨੂੰ ਬੂਥ ਕਮੇਟੀ ਵਿੱਚ ਅਹਿਮ ਜ਼ਿੰਮੇਵਾਰੀਆਂ ਦਿਓ।', ""ਦਿਨ 31-60: ਕਾਦਰਾਬਾਦ (ਭਾਗ 2) ਵਿੱਚ ਪਿੰਡ ਦੀਆਂ ਫਿਰਨੀਆਂ, ਗਲੀਆਂ ਅਤੇ ਲਿੰਕ ਸੜਕਾਂ ਦੇ ਕੰਮ ਤਰਜੀਹ 'ਤੇ ਕਰਵਾਓ।"", 'ਦਿਨ 61-90: +1 ਵੋਟਾਂ ਦੀ ਲੀਡ ਨੂੰ ਪੱਕੇ ਵੋਟ ਬੈਂਕ ਵਿੱਚ ਤਬਦੀਲ ਕਰੋ।']}"
161,157,Kairon Nangal (Part 2),ਕੈਰੋਂ ਨੰਗਲ (ਭਾਗ 2),ਕੈਰੋਂ ਨੰਗਲ (ਭਾਗ 2),Kairon Nangal (Part 2),ਕੈਰੋਂ ਨੰਗਲ (ਭਾਗ 2),SAD,SAD,86,50,SAD Retained,SAD Retained,AAP Deficit,ਆਪ ਘਾਟ,INC Deficit,"{'AAP': 'LOST_BOTH', 'SAD': 'WON_BOTH', 'INC': 'WEAK', 'BJP': 'WEAK'}",False,"{'is_flip': False, 'status_label': 'SAD Retained', 'turnout_diff': -347, 'turnout_pct': -57.55, 'sad_swing': 1.59, 'aap_swing': -3.67, 'inc_swing': -5.67, 'bjp_swing': 0.22}",603,256,-347,-57.55,306,134,-172,50.75,52.34,1.59,220,84,-136,36.48,32.81,-3.67,53,8,-45,8.79,3.12,-5.67,1,1,0,0.17,0.39,0.22,10,3.91,"{'total': 603, 'sad': 306, 'aap': 220, 'inc': 53, 'bjp': 1, 'sad_votes': 306, 'sad_pct': 50.75, 'aap_votes': 220, 'aap_pct': 36.48, 'inc_votes': 53, 'inc_pct': 8.79, 'bjp_votes': 1, 'bjp_pct': 0.17, 'winner_party': 'SAD', 'margin': 86, 'winner_candidate': 'Ganieve Kaur Majithia'}","{'total': 256, 'sad': 134, 'aap': 84, 'inc': 8, 'bjp': 1, 'sada': 10, 'bsp': 0, 'others': 18, 'sad_votes': 134, 'sad_pct': 52.34, 'aap_votes': 84, 'aap_pct': 32.81, 'inc_votes': 8, 'inc_pct': 3.12, 'bjp_votes': 1, 'bjp_pct': 0.39, 'sada_votes': 10, 'sada_pct': 3.91, 'winner_party': 'SAD', 'margin': 50, 'winner_candidate': 'Anil Joshi'}","{'turnout_diff': -347, 'turnout_pct': -57.55, 'sad_shift': -172, 'sad_swing': 1.59, 'aap_shift': -136, 'aap_swing': -3.67, 'inc_shift': -45, 'inc_swing': -5.67, 'bjp_shift': 0, 'bjp_swing': 0.22}",Akali Bastion: Strategic Penetration & Demolition Zone,ਅਕਾਲੀ ਦਲ ਦਾ ਪ੍ਰਭਾਵਿਤ ਖੇਤਰ: ਵਿਸ਼ੇਸ਼ ਘੇਰਾਬੰਦੀ ਜ਼ੋਨ,SAD retained lead here by +50 votes (52.3% share). Target moderate Panthic and farming families in Kairon Nangal (Part 2) disillusioned with traditional leadership. Appoint dedicated block coordinators and highlight direct government procurement and village development works.,ਅਕਾਲੀ ਦਲ ਨੇ ਇੱਥੇ +50 ਵੋਟਾਂ (52.3%) ਨਾਲ ਲੀਡ ਬਣਾਈ ਹੈ। ਕੈਰੋਂ ਨੰਗਲ (ਭਾਗ 2) ਵਿੱਚ ਰਵਾਇਤੀ ਲੀਡਰਸ਼ਿਪ ਤੋਂ ਨਿਰਾਸ਼ ਕਿਸਾਨ ਅਤੇ ਪੰਥਕ ਪਰਿਵਾਰਾਂ ਨਾਲ ਸੰਵਾਦ ਕਰੋ। ਪਿੰਡਾਂ ਵਿੱਚ ਪੰਜਾਬ ਸਰਕਾਰ ਦੇ ਵਿਕਾਸ ਕਾਰਜਾਂ ਅਤੇ ਨਿਰਪੱਖ ਭਰਤੀਆਂ ਦੇ ਸੁਨੇਹੇ ਨਾਲ ਸੰਨ੍ਹ ਲਗਾਓ।,"{'booth_no': '157', 'village_en': 'Kairon Nangal (Part 2)', 'village_pa': 'ਕੈਰੋਂ ਨੰਗਲ (ਭਾਗ 2)', 'zone_en': 'Akali Bastion: Strategic Penetration & Demolition Zone', 'zone_pa': 'ਅਕਾਲੀ ਦਲ ਦਾ ਪ੍ਰਭਾਵਿਤ ਖੇਤਰ: ਵਿਸ਼ੇਸ਼ ਘੇਰਾਬੰਦੀ ਜ਼ੋਨ', 'action_en': 'SAD retained lead here by +50 votes (52.3% share). Target moderate Panthic and farming families in Kairon Nangal (Part 2) disillusioned with traditional leadership. Appoint dedicated block coordinators and highlight direct government procurement and village development works.', 'action_pa': 'ਅਕਾਲੀ ਦਲ ਨੇ ਇੱਥੇ +50 ਵੋਟਾਂ (52.3%) ਨਾਲ ਲੀਡ ਬਣਾਈ ਹੈ। ਕੈਰੋਂ ਨੰਗਲ (ਭਾਗ 2) ਵਿੱਚ ਰਵਾਇਤੀ ਲੀਡਰਸ਼ਿਪ ਤੋਂ ਨਿਰਾਸ਼ ਕਿਸਾਨ ਅਤੇ ਪੰਥਕ ਪਰਿਵਾਰਾਂ ਨਾਲ ਸੰਵਾਦ ਕਰੋ। ਪਿੰਡਾਂ ਵਿੱਚ ਪੰਜਾਬ ਸਰਕਾਰ ਦੇ ਵਿਕਾਸ ਕਾਰਜਾਂ ਅਤੇ ਨਿਰਪੱਖ ਭਰਤੀਆਂ ਦੇ ਸੁਨੇਹੇ ਨਾਲ ਸੰਨ੍ਹ ਲਗਾਓ।', 'action_steps_en': ['Days 1-30: Map the top 30 influential non-committed Panthic families in Kairon Nangal (Part 2).', 'Days 31-60: Deploy senior constituency leaders for direct home visits to address local disgruntlement.', ""Days 61-90: Neutralize SAD's +50 vote cushion by winning over agricultural youth.""], 'action_steps_pa': ['ਦਿਨ 1-30: ਕੈਰੋਂ ਨੰਗਲ (ਭਾਗ 2) ਦੇ 30 ਨਿਰਪੱਖ ਅਤੇ ਪ੍ਰਭਾਵਸ਼ਾਲੀ ਪਰਿਵਾਰਾਂ ਦੀ ਸ਼ਨਾਖਤ ਕਰੋ।', 'ਦਿਨ 31-60: ਸੀਨੀਅਰ ਲੀਡਰਸ਼ਿਪ ਰਾਹੀਂ ਘਰ-ਘਰ ਜਾ ਕੇ ਸਰਕਾਰ ਦੀਆਂ ਨਿਰਪੱਖ ਨੀਤੀਆਂ ਸਾਂਝੀਆਂ ਕਰੋ।', 'ਦਿਨ 61-90: ਨੌਜਵਾਨ ਵਰਗ ਨੂੰ ਸਰਕਾਰੀ ਨੌਕਰੀਆਂ ਅਤੇ ਖੇਡ ਕਿੱਟਾਂ ਰਾਹੀਂ ਪਾਰਟੀ ਨਾਲ ਜੋੜ ਕੇ ਲੀਡ ਘਟਾਓ।'], 'action_steps': ['ਦਿਨ 1-30: ਕੈਰੋਂ ਨੰਗਲ (ਭਾਗ 2) ਦੇ 30 ਨਿਰਪੱਖ ਅਤੇ ਪ੍ਰਭਾਵਸ਼ਾਲੀ ਪਰਿਵਾਰਾਂ ਦੀ ਸ਼ਨਾਖਤ ਕਰੋ।', 'ਦਿਨ 31-60: ਸੀਨੀਅਰ ਲੀਡਰਸ਼ਿਪ ਰਾਹੀਂ ਘਰ-ਘਰ ਜਾ ਕੇ ਸਰਕਾਰ ਦੀਆਂ ਨਿਰਪੱਖ ਨੀਤੀਆਂ ਸਾਂਝੀਆਂ ਕਰੋ।', 'ਦਿਨ 61-90: ਨੌਜਵਾਨ ਵਰਗ ਨੂੰ ਸਰਕਾਰੀ ਨੌਕਰੀਆਂ ਅਤੇ ਖੇਡ ਕਿੱਟਾਂ ਰਾਹੀਂ ਪਾਰਟੀ ਨਾਲ ਜੋੜ ਕੇ ਲੀਡ ਘਟਾਓ।']}"
162,158,Kaler Mangat (Part 2),ਕਾਲੇਰ ਮਾਂਗਟ (ਭਾਗ 2),ਕਾਲੇਰ ਮਾਂਗਟ (ਭਾਗ 2),Kaler Mangat (Part 2),ਕਾਲੇਰ ਮਾਂਗਟ (ਭਾਗ 2),SAD,AAP,56,11,SAD → AAP,SAD → AAP,AAP Gain,ਆਪ ਲਾਭ,INC Deficit,"{'AAP': 'GAINED', 'SAD': 'LOST_24', 'INC': 'WEAK', 'BJP': 'WEAK'}",True,"{'is_flip': True, 'status_label': 'SAD → AAP', 'turnout_diff': 335, 'turnout_pct': 79.01, 'sad_swing': 5.23, 'aap_swing': 20.12, 'inc_swing': -22.94, 'bjp_swing': -0.18}",424,759,335,79.01,170,344,174,40.09,45.32,5.23,113,355,242,26.65,46.77,20.12,114,30,-84,26.89,3.95,-22.94,3,4,1,0.71,0.53,-0.18,15,1.98,"{'total': 424, 'sad': 170, 'aap': 113, 'inc': 114, 'bjp': 3, 'sad_votes': 170, 'sad_pct': 40.09, 'aap_votes': 113, 'aap_pct': 26.65, 'inc_votes': 114, 'inc_pct': 26.89, 'bjp_votes': 3, 'bjp_pct': 0.71, 'winner_party': 'SAD', 'margin': 56, 'winner_candidate': 'Ganieve Kaur Majithia'}","{'total': 759, 'sad': 344, 'aap': 355, 'inc': 30, 'bjp': 4, 'sada': 15, 'bsp': 1, 'others': 10, 'sad_votes': 344, 'sad_pct': 45.32, 'aap_votes': 355, 'aap_pct': 46.77, 'inc_votes': 30, 'inc_pct': 3.95, 'bjp_votes': 4, 'bjp_pct': 0.53, 'sada_votes': 15, 'sada_pct': 1.98, 'winner_party': 'AAP', 'margin': 11, 'winner_candidate': 'Kuldeep Singh Dhaliwal'}","{'turnout_diff': 335, 'turnout_pct': 79.01, 'sad_shift': 174, 'sad_swing': 5.23, 'aap_shift': 242, 'aap_swing': 20.12, 'inc_shift': -84, 'inc_swing': -22.94, 'bjp_shift': 1, 'bjp_swing': -0.18}",Historic Breakthrough: AAP Flipped Stronghold,ਇਤਿਹਾਸਕ ਪ੍ਰਾਪਤੀ: ਅਕਾਲੀ ਗੜ੍ਹ ਵਿੱਚ ਆਪ ਦੀ ਜਿੱਤ ਜ਼ੋਨ,"Major breakthrough in Kaler Mangat (Part 2) previously held by SAD. Formally induct local village swing leaders and youth volunteers who backed AAP in 2024. Resolve local village infrastructure, canal tail issues, and cement +11 lead.","ਕਾਲੇਰ ਮਾਂਗਟ (ਭਾਗ 2) ਵਿੱਚ ਵੱਡੀ ਇਤਿਹਾਸਕ ਸਫ਼ਲਤਾ, ਜਿੱਥੇ SAD ਦਾ ਪੁਰਾਣਾ ਦਬਦਬਾ ਟੁੱਟਿਆ। 2024 ਵਿੱਚ ਆਪ ਨਾਲ ਜੁੜੇ ਨੌਜਵਾਨਾਂ ਅਤੇ ਪੰਚਾਇਤੀ ਆਗੂਆਂ ਨੂੰ ਜਥੇਬੰਦਕ ਜ਼ਿੰਮੇਵਾਰੀਆਂ ਦਿਓ ਅਤੇ +11 ਵੋਟਾਂ ਦੀ ਲੀਡ ਨੂੰ ਸਥਾਈ ਵੋਟ ਬੈਂਕ ਵਿੱਚ ਬਦਲੋ।","{'booth_no': '158', 'village_en': 'Kaler Mangat (Part 2)', 'village_pa': 'ਕਾਲੇਰ ਮਾਂਗਟ (ਭਾਗ 2)', 'zone_en': 'Historic Breakthrough: AAP Flipped Stronghold', 'zone_pa': 'ਇਤਿਹਾਸਕ ਪ੍ਰਾਪਤੀ: ਅਕਾਲੀ ਗੜ੍ਹ ਵਿੱਚ ਆਪ ਦੀ ਜਿੱਤ ਜ਼ੋਨ', 'action_en': 'Major breakthrough in Kaler Mangat (Part 2) previously held by SAD. Formally induct local village swing leaders and youth volunteers who backed AAP in 2024. Resolve local village infrastructure, canal tail issues, and cement +11 lead.', 'action_pa': 'ਕਾਲੇਰ ਮਾਂਗਟ (ਭਾਗ 2) ਵਿੱਚ ਵੱਡੀ ਇਤਿਹਾਸਕ ਸਫ਼ਲਤਾ, ਜਿੱਥੇ SAD ਦਾ ਪੁਰਾਣਾ ਦਬਦਬਾ ਟੁੱਟਿਆ। 2024 ਵਿੱਚ ਆਪ ਨਾਲ ਜੁੜੇ ਨੌਜਵਾਨਾਂ ਅਤੇ ਪੰਚਾਇਤੀ ਆਗੂਆਂ ਨੂੰ ਜਥੇਬੰਦਕ ਜ਼ਿੰਮੇਵਾਰੀਆਂ ਦਿਓ ਅਤੇ +11 ਵੋਟਾਂ ਦੀ ਲੀਡ ਨੂੰ ਸਥਾਈ ਵੋਟ ਬੈਂਕ ਵਿੱਚ ਬਦਲੋ।', 'action_steps_en': ['Days 1-30: Onboard dynamic swing workers who crossed over from SAD into the formal AAP booth structure.', 'Days 31-60: Prioritize village link road and street light repairs in Kaler Mangat (Part 2) through rural development grants.', 'Days 61-90: Convert current +11 vote lead into permanent party loyalty before 2027.'], 'action_steps_pa': ['ਦਿਨ 1-30: SAD ਛੱਡ ਕੇ ਆਪ ਵਿੱਚ ਸ਼ਾਮਲ ਹੋਏ ਆਗੂਆਂ ਨੂੰ ਬੂਥ ਕਮੇਟੀ ਵਿੱਚ ਅਹਿਮ ਜ਼ਿੰਮੇਵਾਰੀਆਂ ਦਿਓ।', ""ਦਿਨ 31-60: ਕਾਲੇਰ ਮਾਂਗਟ (ਭਾਗ 2) ਵਿੱਚ ਪਿੰਡ ਦੀਆਂ ਫਿਰਨੀਆਂ, ਗਲੀਆਂ ਅਤੇ ਲਿੰਕ ਸੜਕਾਂ ਦੇ ਕੰਮ ਤਰਜੀਹ 'ਤੇ ਕਰਵਾਓ।"", 'ਦਿਨ 61-90: +11 ਵੋਟਾਂ ਦੀ ਲੀਡ ਨੂੰ ਪੱਕੇ ਵੋਟ ਬੈਂਕ ਵਿੱਚ ਤਬਦੀਲ ਕਰੋ।'], 'action_steps': ['ਦਿਨ 1-30: SAD ਛੱਡ ਕੇ ਆਪ ਵਿੱਚ ਸ਼ਾਮਲ ਹੋਏ ਆਗੂਆਂ ਨੂੰ ਬੂਥ ਕਮੇਟੀ ਵਿੱਚ ਅਹਿਮ ਜ਼ਿੰਮੇਵਾਰੀਆਂ ਦਿਓ।', ""ਦਿਨ 31-60: ਕਾਲੇਰ ਮਾਂਗਟ (ਭਾਗ 2) ਵਿੱਚ ਪਿੰਡ ਦੀਆਂ ਫਿਰਨੀਆਂ, ਗਲੀਆਂ ਅਤੇ ਲਿੰਕ ਸੜਕਾਂ ਦੇ ਕੰਮ ਤਰਜੀਹ 'ਤੇ ਕਰਵਾਓ।"", 'ਦਿਨ 61-90: +11 ਵੋਟਾਂ ਦੀ ਲੀਡ ਨੂੰ ਪੱਕੇ ਵੋਟ ਬੈਂਕ ਵਿੱਚ ਤਬਦੀਲ ਕਰੋ।']}"
163,159,Kotli Dhole Shah (Part 2),ਕੋਟਲੀ ਢੋਲੇ ਸ਼ਾਹ (ਭਾਗ 2),ਕੋਟਲੀ ਢੋਲੇ ਸ਼ਾਹ (ਭਾਗ 2),Kotli Dhole Shah (Part 2),ਕੋਟਲੀ ਢੋਲੇ ਸ਼ਾਹ (ਭਾਗ 2),SAD,BJP,56,59,SAD → BJP,SAD → BJP,AAP Deficit,ਆਪ ਘਾਟ,INC Deficit,"{'AAP': 'WEAK', 'SAD': 'LOST_24', 'INC': 'LOST_BOTH', 'BJP': 'GAINED'}",True,"{'is_flip': True, 'status_label': 'SAD → BJP', 'turnout_diff': 53, 'turnout_pct': 9.72, 'sad_swing': -25.14, 'aap_swing': -6.72, 'inc_swing': -6.34, 'bjp_swing': 35.27}",545,598,53,9.72,230,102,-128,42.2,17.06,-25.14,125,97,-28,22.94,16.22,-6.72,174,153,-21,31.93,25.59,-6.34,1,212,211,0.18,35.45,35.27,9,1.51,"{'total': 545, 'sad': 230, 'aap': 125, 'inc': 174, 'bjp': 1, 'sad_votes': 230, 'sad_pct': 42.2, 'aap_votes': 125, 'aap_pct': 22.94, 'inc_votes': 174, 'inc_pct': 31.93, 'bjp_votes': 1, 'bjp_pct': 0.18, 'winner_party': 'SAD', 'margin': 56, 'winner_candidate': 'Ganieve Kaur Majithia'}","{'total': 598, 'sad': 102, 'aap': 97, 'inc': 153, 'bjp': 212, 'sada': 9, 'bsp': 0, 'others': 22, 'sad_votes': 102, 'sad_pct': 17.06, 'aap_votes': 97, 'aap_pct': 16.22, 'inc_votes': 153, 'inc_pct': 25.59, 'bjp_votes': 212, 'bjp_pct': 35.45, 'sada_votes': 9, 'sada_pct': 1.51, 'winner_party': 'BJP', 'margin': 59, 'winner_candidate': 'Taranjit Singh Sandhu Samundri'}","{'turnout_diff': 53, 'turnout_pct': 9.72, 'sad_shift': -128, 'sad_swing': -25.14, 'aap_shift': -28, 'aap_swing': -6.72, 'inc_shift': -21, 'inc_swing': -6.34, 'bjp_shift': 211, 'bjp_swing': 35.27}",Urban Infiltration: BJP Containment & Counter-Offensive,ਸ਼ਹਿਰੀ ਸੰਵੇਦਨਸ਼ੀਲ ਖੇਤਰ: ਭਾਜਪਾ ਕਾਊਂਟਰ-ਮੁਹਿੰਮ ਜ਼ੋਨ,"BJP led here by +59 votes with 35.5% vote share in urban pockets of Kotli Dhole Shah (Part 2). Conduct structured dialogues with local shopkeepers, commission agents, and urban families. Emphasize state guarantees vs central economic policies.","ਭਾਜਪਾ ਨੇ ਕੋਟਲੀ ਢੋਲੇ ਸ਼ਾਹ (ਭਾਗ 2) ਦੇ ਸ਼ਹਿਰੀ ਹਿੱਸਿਆਂ ਵਿੱਚ +59 ਵੋਟਾਂ (35.5%) ਹਾਸਲ ਕੀਤੇ ਹਨ। ਵਪਾਰੀਆਂ, ਦੁਕਾਨਦਾਰਾਂ ਅਤੇ ਮੁਹੱਲਾ ਕਮੇਟੀਆਂ ਨਾਲ ਮੀਟਿੰਗਾਂ ਕਰਕੇ ਸਿੱਧਾ ਸੰਵਾਦ ਕਰੋ ਅਤੇ ਲੋਕ-ਪੱਖੀ ਨੀਤੀਆਂ ਬਾਰੇ ਜਾਗਰੂਕ ਕਰੋ।","{'booth_no': '159', 'village_en': 'Kotli Dhole Shah (Part 2)', 'village_pa': 'ਕੋਟਲੀ ਢੋਲੇ ਸ਼ਾਹ (ਭਾਗ 2)', 'zone_en': 'Urban Infiltration: BJP Containment & Counter-Offensive', 'zone_pa': 'ਸ਼ਹਿਰੀ ਸੰਵੇਦਨਸ਼ੀਲ ਖੇਤਰ: ਭਾਜਪਾ ਕਾਊਂਟਰ-ਮੁਹਿੰਮ ਜ਼ੋਨ', 'action_en': 'BJP led here by +59 votes with 35.5% vote share in urban pockets of Kotli Dhole Shah (Part 2). Conduct structured dialogues with local shopkeepers, commission agents, and urban families. Emphasize state guarantees vs central economic policies.', 'action_pa': 'ਭਾਜਪਾ ਨੇ ਕੋਟਲੀ ਢੋਲੇ ਸ਼ਾਹ (ਭਾਗ 2) ਦੇ ਸ਼ਹਿਰੀ ਹਿੱਸਿਆਂ ਵਿੱਚ +59 ਵੋਟਾਂ (35.5%) ਹਾਸਲ ਕੀਤੇ ਹਨ। ਵਪਾਰੀਆਂ, ਦੁਕਾਨਦਾਰਾਂ ਅਤੇ ਮੁਹੱਲਾ ਕਮੇਟੀਆਂ ਨਾਲ ਮੀਟਿੰਗਾਂ ਕਰਕੇ ਸਿੱਧਾ ਸੰਵਾਦ ਕਰੋ ਅਤੇ ਲੋਕ-ਪੱਖੀ ਨੀਤੀਆਂ ਬਾਰੇ ਜਾਗਰੂਕ ਕਰੋ।', 'action_steps_en': ['Days 1-30: Organize urban merchant and shopkeeper roundtables in Kotli Dhole Shah (Part 2).', 'Days 31-60: Counter central economic propaganda with Punjab business facilitation policies.', ""Days 61-90: Establish active urban ward cell to dismantle BJP's +59 vote pocket.""], 'action_steps_pa': ['ਦਿਨ 1-30: ਕੋਟਲੀ ਢੋਲੇ ਸ਼ਾਹ (ਭਾਗ 2) ਦੇ ਦੁਕਾਨਦਾਰਾਂ ਅਤੇ ਵਪਾਰੀ ਭਾਈਚਾਰੇ ਨਾਲ ਮੀਟਿੰਗਾਂ ਦਾ ਸਿਲਸਿਲਾ ਸ਼ੁਰੂ ਕਰੋ।', 'ਦਿਨ 31-60: ਕੇਂਦਰ ਸਰਕਾਰ ਦੀਆਂ ਆਰਥਿਕ ਨੀਤੀਆਂ ਬਨਾਮ ਪੰਜਾਬ ਸਰਕਾਰ ਦੀ ਵਪਾਰੀ ਪੱਖੀ ਪਹੁੰਚ ਬਾਰੇ ਦੱਸੋ।', 'ਦਿਨ 61-90: ਸ਼ਹਿਰੀ ਵਾਰਡਾਂ ਵਿੱਚ ਆਪ ਦਾ ਮਜ਼ਬੂਤ ਯੂਨਿਟ ਸਥਾਪਿਤ ਕਰੋ।'], 'action_steps': ['ਦਿਨ 1-30: ਕੋਟਲੀ ਢੋਲੇ ਸ਼ਾਹ (ਭਾਗ 2) ਦੇ ਦੁਕਾਨਦਾਰਾਂ ਅਤੇ ਵਪਾਰੀ ਭਾਈਚਾਰੇ ਨਾਲ ਮੀਟਿੰਗਾਂ ਦਾ ਸਿਲਸਿਲਾ ਸ਼ੁਰੂ ਕਰੋ।', 'ਦਿਨ 31-60: ਕੇਂਦਰ ਸਰਕਾਰ ਦੀਆਂ ਆਰਥਿਕ ਨੀਤੀਆਂ ਬਨਾਮ ਪੰਜਾਬ ਸਰਕਾਰ ਦੀ ਵਪਾਰੀ ਪੱਖੀ ਪਹੁੰਚ ਬਾਰੇ ਦੱਸੋ।', 'ਦਿਨ 61-90: ਸ਼ਹਿਰੀ ਵਾਰਡਾਂ ਵਿੱਚ ਆਪ ਦਾ ਮਜ਼ਬੂਤ ਯੂਨਿਟ ਸਥਾਪਿਤ ਕਰੋ।']}"
164,160,Kotli Mallian (Part 2),ਕੋਟਲੀ ਮੱਲੀਆਂ (ਭਾਗ 2),ਕੋਟਲੀ ਮੱਲੀਆਂ (ਭਾਗ 2),Kotli Mallian (Part 2),ਕੋਟਲੀ ਮੱਲੀਆਂ (ਭਾਗ 2),SAD,SAD,128,108,SAD Retained,SAD Retained,AAP Deficit,ਆਪ ਘਾਟ,INC Deficit,"{'AAP': 'LOST_BOTH', 'SAD': 'WON_BOTH', 'INC': 'WEAK', 'BJP': 'WEAK'}",False,"{'is_flip': False, 'status_label': 'SAD Retained', 'turnout_diff': -134, 'turnout_pct': -17.65, 'sad_swing': -2.12, 'aap_swing': -2.54, 'inc_swing': -7.39, 'bjp_swing': 4.59}",759,625,-134,-17.65,344,270,-74,45.32,43.2,-2.12,216,162,-54,28.46,25.92,-2.54,135,65,-70,17.79,10.4,-7.39,4,32,28,0.53,5.12,4.59,75,12.0,"{'total': 759, 'sad': 344, 'aap': 216, 'inc': 135, 'bjp': 4, 'sad_votes': 344, 'sad_pct': 45.32, 'aap_votes': 216, 'aap_pct': 28.46, 'inc_votes': 135, 'inc_pct': 17.79, 'bjp_votes': 4, 'bjp_pct': 0.53, 'winner_party': 'SAD', 'margin': 128, 'winner_candidate': 'Ganieve Kaur Majithia'}","{'total': 625, 'sad': 270, 'aap': 162, 'inc': 65, 'bjp': 32, 'sada': 75, 'bsp': 0, 'others': 20, 'sad_votes': 270, 'sad_pct': 43.2, 'aap_votes': 162, 'aap_pct': 25.92, 'inc_votes': 65, 'inc_pct': 10.4, 'bjp_votes': 32, 'bjp_pct': 5.12, 'sada_votes': 75, 'sada_pct': 12.0, 'winner_party': 'SAD', 'margin': 108, 'winner_candidate': 'Anil Joshi'}","{'turnout_diff': -134, 'turnout_pct': -17.65, 'sad_shift': -74, 'sad_swing': -2.12, 'aap_shift': -54, 'aap_swing': -2.54, 'inc_shift': -70, 'inc_swing': -7.39, 'bjp_shift': 28, 'bjp_swing': 4.59}",Akali Bastion: Strategic Penetration & Demolition Zone,ਅਕਾਲੀ ਦਲ ਦਾ ਪ੍ਰਭਾਵਿਤ ਖੇਤਰ: ਵਿਸ਼ੇਸ਼ ਘੇਰਾਬੰਦੀ ਜ਼ੋਨ,SAD retained lead here by +108 votes (43.2% share). Target moderate Panthic and farming families in Kotli Mallian (Part 2) disillusioned with traditional leadership. Appoint dedicated block coordinators and highlight direct government procurement and village development works.,ਅਕਾਲੀ ਦਲ ਨੇ ਇੱਥੇ +108 ਵੋਟਾਂ (43.2%) ਨਾਲ ਲੀਡ ਬਣਾਈ ਹੈ। ਕੋਟਲੀ ਮੱਲੀਆਂ (ਭਾਗ 2) ਵਿੱਚ ਰਵਾਇਤੀ ਲੀਡਰਸ਼ਿਪ ਤੋਂ ਨਿਰਾਸ਼ ਕਿਸਾਨ ਅਤੇ ਪੰਥਕ ਪਰਿਵਾਰਾਂ ਨਾਲ ਸੰਵਾਦ ਕਰੋ। ਪਿੰਡਾਂ ਵਿੱਚ ਪੰਜਾਬ ਸਰਕਾਰ ਦੇ ਵਿਕਾਸ ਕਾਰਜਾਂ ਅਤੇ ਨਿਰਪੱਖ ਭਰਤੀਆਂ ਦੇ ਸੁਨੇਹੇ ਨਾਲ ਸੰਨ੍ਹ ਲਗਾਓ।,"{'booth_no': '160', 'village_en': 'Kotli Mallian (Part 2)', 'village_pa': 'ਕੋਟਲੀ ਮੱਲੀਆਂ (ਭਾਗ 2)', 'zone_en': 'Akali Bastion: Strategic Penetration & Demolition Zone', 'zone_pa': 'ਅਕਾਲੀ ਦਲ ਦਾ ਪ੍ਰਭਾਵਿਤ ਖੇਤਰ: ਵਿਸ਼ੇਸ਼ ਘੇਰਾਬੰਦੀ ਜ਼ੋਨ', 'action_en': 'SAD retained lead here by +108 votes (43.2% share). Target moderate Panthic and farming families in Kotli Mallian (Part 2) disillusioned with traditional leadership. Appoint dedicated block coordinators and highlight direct government procurement and village development works.', 'action_pa': 'ਅਕਾਲੀ ਦਲ ਨੇ ਇੱਥੇ +108 ਵੋਟਾਂ (43.2%) ਨਾਲ ਲੀਡ ਬਣਾਈ ਹੈ। ਕੋਟਲੀ ਮੱਲੀਆਂ (ਭਾਗ 2) ਵਿੱਚ ਰਵਾਇਤੀ ਲੀਡਰਸ਼ਿਪ ਤੋਂ ਨਿਰਾਸ਼ ਕਿਸਾਨ ਅਤੇ ਪੰਥਕ ਪਰਿਵਾਰਾਂ ਨਾਲ ਸੰਵਾਦ ਕਰੋ। ਪਿੰਡਾਂ ਵਿੱਚ ਪੰਜਾਬ ਸਰਕਾਰ ਦੇ ਵਿਕਾਸ ਕਾਰਜਾਂ ਅਤੇ ਨਿਰਪੱਖ ਭਰਤੀਆਂ ਦੇ ਸੁਨੇਹੇ ਨਾਲ ਸੰਨ੍ਹ ਲਗਾਓ।', 'action_steps_en': ['Days 1-30: Map the top 30 influential non-committed Panthic families in Kotli Mallian (Part 2).', 'Days 31-60: Deploy senior constituency leaders for direct home visits to address local disgruntlement.', ""Days 61-90: Neutralize SAD's +108 vote cushion by winning over agricultural youth.""], 'action_steps_pa': ['ਦਿਨ 1-30: ਕੋਟਲੀ ਮੱਲੀਆਂ (ਭਾਗ 2) ਦੇ 30 ਨਿਰਪੱਖ ਅਤੇ ਪ੍ਰਭਾਵਸ਼ਾਲੀ ਪਰਿਵਾਰਾਂ ਦੀ ਸ਼ਨਾਖਤ ਕਰੋ।', 'ਦਿਨ 31-60: ਸੀਨੀਅਰ ਲੀਡਰਸ਼ਿਪ ਰਾਹੀਂ ਘਰ-ਘਰ ਜਾ ਕੇ ਸਰਕਾਰ ਦੀਆਂ ਨਿਰਪੱਖ ਨੀਤੀਆਂ ਸਾਂਝੀਆਂ ਕਰੋ।', 'ਦਿਨ 61-90: ਨੌਜਵਾਨ ਵਰਗ ਨੂੰ ਸਰਕਾਰੀ ਨੌਕਰੀਆਂ ਅਤੇ ਖੇਡ ਕਿੱਟਾਂ ਰਾਹੀਂ ਪਾਰਟੀ ਨਾਲ ਜੋੜ ਕੇ ਲੀਡ ਘਟਾਓ।'], 'action_steps': ['ਦਿਨ 1-30: ਕੋਟਲੀ ਮੱਲੀਆਂ (ਭਾਗ 2) ਦੇ 30 ਨਿਰਪੱਖ ਅਤੇ ਪ੍ਰਭਾਵਸ਼ਾਲੀ ਪਰਿਵਾਰਾਂ ਦੀ ਸ਼ਨਾਖਤ ਕਰੋ।', 'ਦਿਨ 31-60: ਸੀਨੀਅਰ ਲੀਡਰਸ਼ਿਪ ਰਾਹੀਂ ਘਰ-ਘਰ ਜਾ ਕੇ ਸਰਕਾਰ ਦੀਆਂ ਨਿਰਪੱਖ ਨੀਤੀਆਂ ਸਾਂਝੀਆਂ ਕਰੋ।', 'ਦਿਨ 61-90: ਨੌਜਵਾਨ ਵਰਗ ਨੂੰ ਸਰਕਾਰੀ ਨੌਕਰੀਆਂ ਅਤੇ ਖੇਡ ਕਿੱਟਾਂ ਰਾਹੀਂ ਪਾਰਟੀ ਨਾਲ ਜੋੜ ਕੇ ਲੀਡ ਘਟਾਓ।']}"
165,161,Kuralian (Part 2),ਕੁਰਾਲੀਆਂ (ਭਾਗ 2),ਕੁਰਾਲੀਆਂ (ਭਾਗ 2),Kuralian (Part 2),ਕੁਰਾਲੀਆਂ (ਭਾਗ 2),SAD,SAD,100,44,SAD Retained,SAD Retained,AAP Deficit,ਆਪ ਘਾਟ,INC Deficit,"{'AAP': 'WEAK', 'SAD': 'WON_BOTH', 'INC': 'LOST_BOTH', 'BJP': 'LOST_BOTH'}",False,"{'is_flip': False, 'status_label': 'SAD Retained', 'turnout_diff': -16, 'turnout_pct': -3.73, 'sad_swing': -15.26, 'aap_swing': -8.89, 'inc_swing': 9.75, 'bjp_swing': 10.69}",429,413,-16,-3.73,214,143,-71,49.88,34.62,-15.26,114,73,-41,26.57,17.68,-8.89,61,99,38,14.22,23.97,9.75,4,48,44,0.93,11.62,10.69,25,6.05,"{'total': 429, 'sad': 214, 'aap': 114, 'inc': 61, 'bjp': 4, 'sad_votes': 214, 'sad_pct': 49.88, 'aap_votes': 114, 'aap_pct': 26.57, 'inc_votes': 61, 'inc_pct': 14.22, 'bjp_votes': 4, 'bjp_pct': 0.93, 'winner_party': 'SAD', 'margin': 100, 'winner_candidate': 'Ganieve Kaur Majithia'}","{'total': 413, 'sad': 143, 'aap': 73, 'inc': 99, 'bjp': 48, 'sada': 25, 'bsp': 2, 'others': 22, 'sad_votes': 143, 'sad_pct': 34.62, 'aap_votes': 73, 'aap_pct': 17.68, 'inc_votes': 99, 'inc_pct': 23.97, 'bjp_votes': 48, 'bjp_pct': 11.62, 'sada_votes': 25, 'sada_pct': 6.05, 'winner_party': 'SAD', 'margin': 44, 'winner_candidate': 'Anil Joshi'}","{'turnout_diff': -16, 'turnout_pct': -3.73, 'sad_shift': -71, 'sad_swing': -15.26, 'aap_shift': -41, 'aap_swing': -8.89, 'inc_shift': 38, 'inc_swing': 9.75, 'bjp_shift': 44, 'bjp_swing': 10.69}",Akali Bastion: Strategic Penetration & Demolition Zone,ਅਕਾਲੀ ਦਲ ਦਾ ਪ੍ਰਭਾਵਿਤ ਖੇਤਰ: ਵਿਸ਼ੇਸ਼ ਘੇਰਾਬੰਦੀ ਜ਼ੋਨ,SAD retained lead here by +44 votes (34.6% share). Target moderate Panthic and farming families in Kuralian (Part 2) disillusioned with traditional leadership. Appoint dedicated block coordinators and highlight direct government procurement and village development works.,ਅਕਾਲੀ ਦਲ ਨੇ ਇੱਥੇ +44 ਵੋਟਾਂ (34.6%) ਨਾਲ ਲੀਡ ਬਣਾਈ ਹੈ। ਕੁਰਾਲੀਆਂ (ਭਾਗ 2) ਵਿੱਚ ਰਵਾਇਤੀ ਲੀਡਰਸ਼ਿਪ ਤੋਂ ਨਿਰਾਸ਼ ਕਿਸਾਨ ਅਤੇ ਪੰਥਕ ਪਰਿਵਾਰਾਂ ਨਾਲ ਸੰਵਾਦ ਕਰੋ। ਪਿੰਡਾਂ ਵਿੱਚ ਪੰਜਾਬ ਸਰਕਾਰ ਦੇ ਵਿਕਾਸ ਕਾਰਜਾਂ ਅਤੇ ਨਿਰਪੱਖ ਭਰਤੀਆਂ ਦੇ ਸੁਨੇਹੇ ਨਾਲ ਸੰਨ੍ਹ ਲਗਾਓ।,"{'booth_no': '161', 'village_en': 'Kuralian (Part 2)', 'village_pa': 'ਕੁਰਾਲੀਆਂ (ਭਾਗ 2)', 'zone_en': 'Akali Bastion: Strategic Penetration & Demolition Zone', 'zone_pa': 'ਅਕਾਲੀ ਦਲ ਦਾ ਪ੍ਰਭਾਵਿਤ ਖੇਤਰ: ਵਿਸ਼ੇਸ਼ ਘੇਰਾਬੰਦੀ ਜ਼ੋਨ', 'action_en': 'SAD retained lead here by +44 votes (34.6% share). Target moderate Panthic and farming families in Kuralian (Part 2) disillusioned with traditional leadership. Appoint dedicated block coordinators and highlight direct government procurement and village development works.', 'action_pa': 'ਅਕਾਲੀ ਦਲ ਨੇ ਇੱਥੇ +44 ਵੋਟਾਂ (34.6%) ਨਾਲ ਲੀਡ ਬਣਾਈ ਹੈ। ਕੁਰਾਲੀਆਂ (ਭਾਗ 2) ਵਿੱਚ ਰਵਾਇਤੀ ਲੀਡਰਸ਼ਿਪ ਤੋਂ ਨਿਰਾਸ਼ ਕਿਸਾਨ ਅਤੇ ਪੰਥਕ ਪਰਿਵਾਰਾਂ ਨਾਲ ਸੰਵਾਦ ਕਰੋ। ਪਿੰਡਾਂ ਵਿੱਚ ਪੰਜਾਬ ਸਰਕਾਰ ਦੇ ਵਿਕਾਸ ਕਾਰਜਾਂ ਅਤੇ ਨਿਰਪੱਖ ਭਰਤੀਆਂ ਦੇ ਸੁਨੇਹੇ ਨਾਲ ਸੰਨ੍ਹ ਲਗਾਓ।', 'action_steps_en': ['Days 1-30: Map the top 30 influential non-committed Panthic families in Kuralian (Part 2).', 'Days 31-60: Deploy senior constituency leaders for direct home visits to address local disgruntlement.', ""Days 61-90: Neutralize SAD's +44 vote cushion by winning over agricultural youth.""], 'action_steps_pa': ['ਦਿਨ 1-30: ਕੁਰਾਲੀਆਂ (ਭਾਗ 2) ਦੇ 30 ਨਿਰਪੱਖ ਅਤੇ ਪ੍ਰਭਾਵਸ਼ਾਲੀ ਪਰਿਵਾਰਾਂ ਦੀ ਸ਼ਨਾਖਤ ਕਰੋ।', 'ਦਿਨ 31-60: ਸੀਨੀਅਰ ਲੀਡਰਸ਼ਿਪ ਰਾਹੀਂ ਘਰ-ਘਰ ਜਾ ਕੇ ਸਰਕਾਰ ਦੀਆਂ ਨਿਰਪੱਖ ਨੀਤੀਆਂ ਸਾਂਝੀਆਂ ਕਰੋ।', 'ਦਿਨ 61-90: ਨੌਜਵਾਨ ਵਰਗ ਨੂੰ ਸਰਕਾਰੀ ਨੌਕਰੀਆਂ ਅਤੇ ਖੇਡ ਕਿੱਟਾਂ ਰਾਹੀਂ ਪਾਰਟੀ ਨਾਲ ਜੋੜ ਕੇ ਲੀਡ ਘਟਾਓ।'], 'action_steps': ['ਦਿਨ 1-30: ਕੁਰਾਲੀਆਂ (ਭਾਗ 2) ਦੇ 30 ਨਿਰਪੱਖ ਅਤੇ ਪ੍ਰਭਾਵਸ਼ਾਲੀ ਪਰਿਵਾਰਾਂ ਦੀ ਸ਼ਨਾਖਤ ਕਰੋ।', 'ਦਿਨ 31-60: ਸੀਨੀਅਰ ਲੀਡਰਸ਼ਿਪ ਰਾਹੀਂ ਘਰ-ਘਰ ਜਾ ਕੇ ਸਰਕਾਰ ਦੀਆਂ ਨਿਰਪੱਖ ਨੀਤੀਆਂ ਸਾਂਝੀਆਂ ਕਰੋ।', 'ਦਿਨ 61-90: ਨੌਜਵਾਨ ਵਰਗ ਨੂੰ ਸਰਕਾਰੀ ਨੌਕਰੀਆਂ ਅਤੇ ਖੇਡ ਕਿੱਟਾਂ ਰਾਹੀਂ ਪਾਰਟੀ ਨਾਲ ਜੋੜ ਕੇ ਲੀਡ ਘਟਾਓ।']}"
166,162,Ludhar (Part 2),ਲੁੱਧੜ (ਭਾਗ 2),ਲੁੱਧੜ (ਭਾਗ 2),Ludhar (Part 2),ਲੁੱਧੜ (ਭਾਗ 2),SAD,SAD,72,132,SAD Retained,SAD Retained,AAP Deficit,ਆਪ ਘਾਟ,INC Deficit,"{'AAP': 'LOST_BOTH', 'SAD': 'WON_BOTH', 'INC': 'LOST_BOTH', 'BJP': 'WEAK'}",False,"{'is_flip': False, 'status_label': 'SAD Retained', 'turnout_diff': -23, 'turnout_pct': -2.87, 'sad_swing': 3.5, 'aap_swing': 9.0, 'inc_swing': -10.62, 'bjp_swing': 0.41}",802,779,-23,-2.87,324,342,18,40.4,43.9,3.5,144,210,66,17.96,26.96,9.0,252,162,-90,31.42,20.8,-10.62,8,11,3,1.0,1.41,0.41,34,4.36,"{'total': 802, 'sad': 324, 'aap': 144, 'inc': 252, 'bjp': 8, 'sad_votes': 324, 'sad_pct': 40.4, 'aap_votes': 144, 'aap_pct': 17.96, 'inc_votes': 252, 'inc_pct': 31.42, 'bjp_votes': 8, 'bjp_pct': 1.0, 'winner_party': 'SAD', 'margin': 72, 'winner_candidate': 'Ganieve Kaur Majithia'}","{'total': 779, 'sad': 342, 'aap': 210, 'inc': 162, 'bjp': 11, 'sada': 34, 'bsp': 1, 'others': 18, 'sad_votes': 342, 'sad_pct': 43.9, 'aap_votes': 210, 'aap_pct': 26.96, 'inc_votes': 162, 'inc_pct': 20.8, 'bjp_votes': 11, 'bjp_pct': 1.41, 'sada_votes': 34, 'sada_pct': 4.36, 'winner_party': 'SAD', 'margin': 132, 'winner_candidate': 'Anil Joshi'}","{'turnout_diff': -23, 'turnout_pct': -2.87, 'sad_shift': 18, 'sad_swing': 3.5, 'aap_shift': 66, 'aap_swing': 9.0, 'inc_shift': -90, 'inc_swing': -10.62, 'bjp_shift': 3, 'bjp_swing': 0.41}",Akali Bastion: Strategic Penetration & Demolition Zone,ਅਕਾਲੀ ਦਲ ਦਾ ਪ੍ਰਭਾਵਿਤ ਖੇਤਰ: ਵਿਸ਼ੇਸ਼ ਘੇਰਾਬੰਦੀ ਜ਼ੋਨ,SAD retained lead here by +132 votes (43.9% share). Target moderate Panthic and farming families in Ludhar (Part 2) disillusioned with traditional leadership. Appoint dedicated block coordinators and highlight direct government procurement and village development works.,ਅਕਾਲੀ ਦਲ ਨੇ ਇੱਥੇ +132 ਵੋਟਾਂ (43.9%) ਨਾਲ ਲੀਡ ਬਣਾਈ ਹੈ। ਲੁੱਧੜ (ਭਾਗ 2) ਵਿੱਚ ਰਵਾਇਤੀ ਲੀਡਰਸ਼ਿਪ ਤੋਂ ਨਿਰਾਸ਼ ਕਿਸਾਨ ਅਤੇ ਪੰਥਕ ਪਰਿਵਾਰਾਂ ਨਾਲ ਸੰਵਾਦ ਕਰੋ। ਪਿੰਡਾਂ ਵਿੱਚ ਪੰਜਾਬ ਸਰਕਾਰ ਦੇ ਵਿਕਾਸ ਕਾਰਜਾਂ ਅਤੇ ਨਿਰਪੱਖ ਭਰਤੀਆਂ ਦੇ ਸੁਨੇਹੇ ਨਾਲ ਸੰਨ੍ਹ ਲਗਾਓ।,"{'booth_no': '162', 'village_en': 'Ludhar (Part 2)', 'village_pa': 'ਲੁੱਧੜ (ਭਾਗ 2)', 'zone_en': 'Akali Bastion: Strategic Penetration & Demolition Zone', 'zone_pa': 'ਅਕਾਲੀ ਦਲ ਦਾ ਪ੍ਰਭਾਵਿਤ ਖੇਤਰ: ਵਿਸ਼ੇਸ਼ ਘੇਰਾਬੰਦੀ ਜ਼ੋਨ', 'action_en': 'SAD retained lead here by +132 votes (43.9% share). Target moderate Panthic and farming families in Ludhar (Part 2) disillusioned with traditional leadership. Appoint dedicated block coordinators and highlight direct government procurement and village development works.', 'action_pa': 'ਅਕਾਲੀ ਦਲ ਨੇ ਇੱਥੇ +132 ਵੋਟਾਂ (43.9%) ਨਾਲ ਲੀਡ ਬਣਾਈ ਹੈ। ਲੁੱਧੜ (ਭਾਗ 2) ਵਿੱਚ ਰਵਾਇਤੀ ਲੀਡਰਸ਼ਿਪ ਤੋਂ ਨਿਰਾਸ਼ ਕਿਸਾਨ ਅਤੇ ਪੰਥਕ ਪਰਿਵਾਰਾਂ ਨਾਲ ਸੰਵਾਦ ਕਰੋ। ਪਿੰਡਾਂ ਵਿੱਚ ਪੰਜਾਬ ਸਰਕਾਰ ਦੇ ਵਿਕਾਸ ਕਾਰਜਾਂ ਅਤੇ ਨਿਰਪੱਖ ਭਰਤੀਆਂ ਦੇ ਸੁਨੇਹੇ ਨਾਲ ਸੰਨ੍ਹ ਲਗਾਓ।', 'action_steps_en': ['Days 1-30: Map the top 30 influential non-committed Panthic families in Ludhar (Part 2).', 'Days 31-60: Deploy senior constituency leaders for direct home visits to address local disgruntlement.', ""Days 61-90: Neutralize SAD's +132 vote cushion by winning over agricultural youth.""], 'action_steps_pa': ['ਦਿਨ 1-30: ਲੁੱਧੜ (ਭਾਗ 2) ਦੇ 30 ਨਿਰਪੱਖ ਅਤੇ ਪ੍ਰਭਾਵਸ਼ਾਲੀ ਪਰਿਵਾਰਾਂ ਦੀ ਸ਼ਨਾਖਤ ਕਰੋ।', 'ਦਿਨ 31-60: ਸੀਨੀਅਰ ਲੀਡਰਸ਼ਿਪ ਰਾਹੀਂ ਘਰ-ਘਰ ਜਾ ਕੇ ਸਰਕਾਰ ਦੀਆਂ ਨਿਰਪੱਖ ਨੀਤੀਆਂ ਸਾਂਝੀਆਂ ਕਰੋ।', 'ਦਿਨ 61-90: ਨੌਜਵਾਨ ਵਰਗ ਨੂੰ ਸਰਕਾਰੀ ਨੌਕਰੀਆਂ ਅਤੇ ਖੇਡ ਕਿੱਟਾਂ ਰਾਹੀਂ ਪਾਰਟੀ ਨਾਲ ਜੋੜ ਕੇ ਲੀਡ ਘਟਾਓ।'], 'action_steps': ['ਦਿਨ 1-30: ਲੁੱਧੜ (ਭਾਗ 2) ਦੇ 30 ਨਿਰਪੱਖ ਅਤੇ ਪ੍ਰਭਾਵਸ਼ਾਲੀ ਪਰਿਵਾਰਾਂ ਦੀ ਸ਼ਨਾਖਤ ਕਰੋ।', 'ਦਿਨ 31-60: ਸੀਨੀਅਰ ਲੀਡਰਸ਼ਿਪ ਰਾਹੀਂ ਘਰ-ਘਰ ਜਾ ਕੇ ਸਰਕਾਰ ਦੀਆਂ ਨਿਰਪੱਖ ਨੀਤੀਆਂ ਸਾਂਝੀਆਂ ਕਰੋ।', 'ਦਿਨ 61-90: ਨੌਜਵਾਨ ਵਰਗ ਨੂੰ ਸਰਕਾਰੀ ਨੌਕਰੀਆਂ ਅਤੇ ਖੇਡ ਕਿੱਟਾਂ ਰਾਹੀਂ ਪਾਰਟੀ ਨਾਲ ਜੋੜ ਕੇ ਲੀਡ ਘਟਾਓ।']}"
167,163,Mago Soe (Part 2),ਮਾਗੋ ਸੋਏ (ਭਾਗ 2),ਮਾਗੋ ਸੋਏ (ਭਾਗ 2),Mago Soe (Part 2),ਮਾਗੋ ਸੋਏ (ਭਾਗ 2),SAD,SAD,34,86,SAD Retained,SAD Retained,AAP Deficit,ਆਪ ਘਾਟ,INC Deficit,"{'AAP': 'LOST_BOTH', 'SAD': 'WON_BOTH', 'INC': 'WEAK', 'BJP': 'LOST_BOTH'}",False,"{'is_flip': False, 'status_label': 'SAD Retained', 'turnout_diff': 238, 'turnout_pct': 95.2, 'sad_swing': -11.28, 'aap_swing': 13.1, 'inc_swing': -22.89, 'bjp_swing': 11.91}",250,488,238,95.2,124,187,63,49.6,38.32,-11.28,19,101,82,7.6,20.7,13.1,90,64,-26,36.0,13.11,-22.89,3,64,61,1.2,13.11,11.91,28,5.74,"{'total': 250, 'sad': 124, 'aap': 19, 'inc': 90, 'bjp': 3, 'sad_votes': 124, 'sad_pct': 49.6, 'aap_votes': 19, 'aap_pct': 7.6, 'inc_votes': 90, 'inc_pct': 36.0, 'bjp_votes': 3, 'bjp_pct': 1.2, 'winner_party': 'SAD', 'margin': 34, 'winner_candidate': 'Ganieve Kaur Majithia'}","{'total': 488, 'sad': 187, 'aap': 101, 'inc': 64, 'bjp': 64, 'sada': 28, 'bsp': 14, 'others': 26, 'sad_votes': 187, 'sad_pct': 38.32, 'aap_votes': 101, 'aap_pct': 20.7, 'inc_votes': 64, 'inc_pct': 13.11, 'bjp_votes': 64, 'bjp_pct': 13.11, 'sada_votes': 28, 'sada_pct': 5.74, 'winner_party': 'SAD', 'margin': 86, 'winner_candidate': 'Anil Joshi'}","{'turnout_diff': 238, 'turnout_pct': 95.2, 'sad_shift': 63, 'sad_swing': -11.28, 'aap_shift': 82, 'aap_swing': 13.1, 'inc_shift': -26, 'inc_swing': -22.89, 'bjp_shift': 61, 'bjp_swing': 11.91}",Akali Bastion: Strategic Penetration & Demolition Zone,ਅਕਾਲੀ ਦਲ ਦਾ ਪ੍ਰਭਾਵਿਤ ਖੇਤਰ: ਵਿਸ਼ੇਸ਼ ਘੇਰਾਬੰਦੀ ਜ਼ੋਨ,SAD retained lead here by +86 votes (38.3% share). Target moderate Panthic and farming families in Mago Soe (Part 2) disillusioned with traditional leadership. Appoint dedicated block coordinators and highlight direct government procurement and village development works.,ਅਕਾਲੀ ਦਲ ਨੇ ਇੱਥੇ +86 ਵੋਟਾਂ (38.3%) ਨਾਲ ਲੀਡ ਬਣਾਈ ਹੈ। ਮਾਗੋ ਸੋਏ (ਭਾਗ 2) ਵਿੱਚ ਰਵਾਇਤੀ ਲੀਡਰਸ਼ਿਪ ਤੋਂ ਨਿਰਾਸ਼ ਕਿਸਾਨ ਅਤੇ ਪੰਥਕ ਪਰਿਵਾਰਾਂ ਨਾਲ ਸੰਵਾਦ ਕਰੋ। ਪਿੰਡਾਂ ਵਿੱਚ ਪੰਜਾਬ ਸਰਕਾਰ ਦੇ ਵਿਕਾਸ ਕਾਰਜਾਂ ਅਤੇ ਨਿਰਪੱਖ ਭਰਤੀਆਂ ਦੇ ਸੁਨੇਹੇ ਨਾਲ ਸੰਨ੍ਹ ਲਗਾਓ।,"{'booth_no': '163', 'village_en': 'Mago Soe (Part 2)', 'village_pa': 'ਮਾਗੋ ਸੋਏ (ਭਾਗ 2)', 'zone_en': 'Akali Bastion: Strategic Penetration & Demolition Zone', 'zone_pa': 'ਅਕਾਲੀ ਦਲ ਦਾ ਪ੍ਰਭਾਵਿਤ ਖੇਤਰ: ਵਿਸ਼ੇਸ਼ ਘੇਰਾਬੰਦੀ ਜ਼ੋਨ', 'action_en': 'SAD retained lead here by +86 votes (38.3% share). Target moderate Panthic and farming families in Mago Soe (Part 2) disillusioned with traditional leadership. Appoint dedicated block coordinators and highlight direct government procurement and village development works.', 'action_pa': 'ਅਕਾਲੀ ਦਲ ਨੇ ਇੱਥੇ +86 ਵੋਟਾਂ (38.3%) ਨਾਲ ਲੀਡ ਬਣਾਈ ਹੈ। ਮਾਗੋ ਸੋਏ (ਭਾਗ 2) ਵਿੱਚ ਰਵਾਇਤੀ ਲੀਡਰਸ਼ਿਪ ਤੋਂ ਨਿਰਾਸ਼ ਕਿਸਾਨ ਅਤੇ ਪੰਥਕ ਪਰਿਵਾਰਾਂ ਨਾਲ ਸੰਵਾਦ ਕਰੋ। ਪਿੰਡਾਂ ਵਿੱਚ ਪੰਜਾਬ ਸਰਕਾਰ ਦੇ ਵਿਕਾਸ ਕਾਰਜਾਂ ਅਤੇ ਨਿਰਪੱਖ ਭਰਤੀਆਂ ਦੇ ਸੁਨੇਹੇ ਨਾਲ ਸੰਨ੍ਹ ਲਗਾਓ।', 'action_steps_en': ['Days 1-30: Map the top 30 influential non-committed Panthic families in Mago Soe (Part 2).', 'Days 31-60: Deploy senior constituency leaders for direct home visits to address local disgruntlement.', ""Days 61-90: Neutralize SAD's +86 vote cushion by winning over agricultural youth.""], 'action_steps_pa': ['ਦਿਨ 1-30: ਮਾਗੋ ਸੋਏ (ਭਾਗ 2) ਦੇ 30 ਨਿਰਪੱਖ ਅਤੇ ਪ੍ਰਭਾਵਸ਼ਾਲੀ ਪਰਿਵਾਰਾਂ ਦੀ ਸ਼ਨਾਖਤ ਕਰੋ।', 'ਦਿਨ 31-60: ਸੀਨੀਅਰ ਲੀਡਰਸ਼ਿਪ ਰਾਹੀਂ ਘਰ-ਘਰ ਜਾ ਕੇ ਸਰਕਾਰ ਦੀਆਂ ਨਿਰਪੱਖ ਨੀਤੀਆਂ ਸਾਂਝੀਆਂ ਕਰੋ।', 'ਦਿਨ 61-90: ਨੌਜਵਾਨ ਵਰਗ ਨੂੰ ਸਰਕਾਰੀ ਨੌਕਰੀਆਂ ਅਤੇ ਖੇਡ ਕਿੱਟਾਂ ਰਾਹੀਂ ਪਾਰਟੀ ਨਾਲ ਜੋੜ ਕੇ ਲੀਡ ਘਟਾਓ।'], 'action_steps': ['ਦਿਨ 1-30: ਮਾਗੋ ਸੋਏ (ਭਾਗ 2) ਦੇ 30 ਨਿਰਪੱਖ ਅਤੇ ਪ੍ਰਭਾਵਸ਼ਾਲੀ ਪਰਿਵਾਰਾਂ ਦੀ ਸ਼ਨਾਖਤ ਕਰੋ।', 'ਦਿਨ 31-60: ਸੀਨੀਅਰ ਲੀਡਰਸ਼ਿਪ ਰਾਹੀਂ ਘਰ-ਘਰ ਜਾ ਕੇ ਸਰਕਾਰ ਦੀਆਂ ਨਿਰਪੱਖ ਨੀਤੀਆਂ ਸਾਂਝੀਆਂ ਕਰੋ।', 'ਦਿਨ 61-90: ਨੌਜਵਾਨ ਵਰਗ ਨੂੰ ਸਰਕਾਰੀ ਨੌਕਰੀਆਂ ਅਤੇ ਖੇਡ ਕਿੱਟਾਂ ਰਾਹੀਂ ਪਾਰਟੀ ਨਾਲ ਜੋੜ ਕੇ ਲੀਡ ਘਟਾਓ।']}"
168,164,Majwind (Part 2),ਮਜਵਿੰਡ (ਭਾਗ 2),ਮਜਵਿੰਡ (ਭਾਗ 2),Majwind (Part 2),ਮਜਵਿੰਡ (ਭਾਗ 2),SAD,SAD,107,120,SAD Retained,SAD Retained,AAP Deficit,ਆਪ ਘਾਟ,INC Deficit,"{'AAP': 'WEAK', 'SAD': 'WON_BOTH', 'INC': 'WEAK', 'BJP': 'LOST_BOTH'}",False,"{'is_flip': False, 'status_label': 'SAD Retained', 'turnout_diff': 200, 'turnout_pct': 58.14, 'sad_swing': -15.36, 'aap_swing': -12.37, 'inc_swing': 0.47, 'bjp_swing': 18.98}",344,544,200,58.14,197,228,31,57.27,41.91,-15.36,90,75,-15,26.16,13.79,-12.37,49,80,31,14.24,14.71,0.47,3,108,105,0.87,19.85,18.98,10,1.84,"{'total': 344, 'sad': 197, 'aap': 90, 'inc': 49, 'bjp': 3, 'sad_votes': 197, 'sad_pct': 57.27, 'aap_votes': 90, 'aap_pct': 26.16, 'inc_votes': 49, 'inc_pct': 14.24, 'bjp_votes': 3, 'bjp_pct': 0.87, 'winner_party': 'SAD', 'margin': 107, 'winner_candidate': 'Ganieve Kaur Majithia'}","{'total': 544, 'sad': 228, 'aap': 75, 'inc': 80, 'bjp': 108, 'sada': 10, 'bsp': 11, 'others': 30, 'sad_votes': 228, 'sad_pct': 41.91, 'aap_votes': 75, 'aap_pct': 13.79, 'inc_votes': 80, 'inc_pct': 14.71, 'bjp_votes': 108, 'bjp_pct': 19.85, 'sada_votes': 10, 'sada_pct': 1.84, 'winner_party': 'SAD', 'margin': 120, 'winner_candidate': 'Anil Joshi'}","{'turnout_diff': 200, 'turnout_pct': 58.14, 'sad_shift': 31, 'sad_swing': -15.36, 'aap_shift': -15, 'aap_swing': -12.37, 'inc_shift': 31, 'inc_swing': 0.47, 'bjp_shift': 105, 'bjp_swing': 18.98}",Akali Bastion: Strategic Penetration & Demolition Zone,ਅਕਾਲੀ ਦਲ ਦਾ ਪ੍ਰਭਾਵਿਤ ਖੇਤਰ: ਵਿਸ਼ੇਸ਼ ਘੇਰਾਬੰਦੀ ਜ਼ੋਨ,SAD retained lead here by +120 votes (41.9% share). Target moderate Panthic and farming families in Majwind (Part 2) disillusioned with traditional leadership. Appoint dedicated block coordinators and highlight direct government procurement and village development works.,ਅਕਾਲੀ ਦਲ ਨੇ ਇੱਥੇ +120 ਵੋਟਾਂ (41.9%) ਨਾਲ ਲੀਡ ਬਣਾਈ ਹੈ। ਮਜਵਿੰਡ (ਭਾਗ 2) ਵਿੱਚ ਰਵਾਇਤੀ ਲੀਡਰਸ਼ਿਪ ਤੋਂ ਨਿਰਾਸ਼ ਕਿਸਾਨ ਅਤੇ ਪੰਥਕ ਪਰਿਵਾਰਾਂ ਨਾਲ ਸੰਵਾਦ ਕਰੋ। ਪਿੰਡਾਂ ਵਿੱਚ ਪੰਜਾਬ ਸਰਕਾਰ ਦੇ ਵਿਕਾਸ ਕਾਰਜਾਂ ਅਤੇ ਨਿਰਪੱਖ ਭਰਤੀਆਂ ਦੇ ਸੁਨੇਹੇ ਨਾਲ ਸੰਨ੍ਹ ਲਗਾਓ।,"{'booth_no': '164', 'village_en': 'Majwind (Part 2)', 'village_pa': 'ਮਜਵਿੰਡ (ਭਾਗ 2)', 'zone_en': 'Akali Bastion: Strategic Penetration & Demolition Zone', 'zone_pa': 'ਅਕਾਲੀ ਦਲ ਦਾ ਪ੍ਰਭਾਵਿਤ ਖੇਤਰ: ਵਿਸ਼ੇਸ਼ ਘੇਰਾਬੰਦੀ ਜ਼ੋਨ', 'action_en': 'SAD retained lead here by +120 votes (41.9% share). Target moderate Panthic and farming families in Majwind (Part 2) disillusioned with traditional leadership. Appoint dedicated block coordinators and highlight direct government procurement and village development works.', 'action_pa': 'ਅਕਾਲੀ ਦਲ ਨੇ ਇੱਥੇ +120 ਵੋਟਾਂ (41.9%) ਨਾਲ ਲੀਡ ਬਣਾਈ ਹੈ। ਮਜਵਿੰਡ (ਭਾਗ 2) ਵਿੱਚ ਰਵਾਇਤੀ ਲੀਡਰਸ਼ਿਪ ਤੋਂ ਨਿਰਾਸ਼ ਕਿਸਾਨ ਅਤੇ ਪੰਥਕ ਪਰਿਵਾਰਾਂ ਨਾਲ ਸੰਵਾਦ ਕਰੋ। ਪਿੰਡਾਂ ਵਿੱਚ ਪੰਜਾਬ ਸਰਕਾਰ ਦੇ ਵਿਕਾਸ ਕਾਰਜਾਂ ਅਤੇ ਨਿਰਪੱਖ ਭਰਤੀਆਂ ਦੇ ਸੁਨੇਹੇ ਨਾਲ ਸੰਨ੍ਹ ਲਗਾਓ।', 'action_steps_en': ['Days 1-30: Map the top 30 influential non-committed Panthic families in Majwind (Part 2).', 'Days 31-60: Deploy senior constituency leaders for direct home visits to address local disgruntlement.', ""Days 61-90: Neutralize SAD's +120 vote cushion by winning over agricultural youth.""], 'action_steps_pa': ['ਦਿਨ 1-30: ਮਜਵਿੰਡ (ਭਾਗ 2) ਦੇ 30 ਨਿਰਪੱਖ ਅਤੇ ਪ੍ਰਭਾਵਸ਼ਾਲੀ ਪਰਿਵਾਰਾਂ ਦੀ ਸ਼ਨਾਖਤ ਕਰੋ।', 'ਦਿਨ 31-60: ਸੀਨੀਅਰ ਲੀਡਰਸ਼ਿਪ ਰਾਹੀਂ ਘਰ-ਘਰ ਜਾ ਕੇ ਸਰਕਾਰ ਦੀਆਂ ਨਿਰਪੱਖ ਨੀਤੀਆਂ ਸਾਂਝੀਆਂ ਕਰੋ।', 'ਦਿਨ 61-90: ਨੌਜਵਾਨ ਵਰਗ ਨੂੰ ਸਰਕਾਰੀ ਨੌਕਰੀਆਂ ਅਤੇ ਖੇਡ ਕਿੱਟਾਂ ਰਾਹੀਂ ਪਾਰਟੀ ਨਾਲ ਜੋੜ ਕੇ ਲੀਡ ਘਟਾਓ।'], 'action_steps': ['ਦਿਨ 1-30: ਮਜਵਿੰਡ (ਭਾਗ 2) ਦੇ 30 ਨਿਰਪੱਖ ਅਤੇ ਪ੍ਰਭਾਵਸ਼ਾਲੀ ਪਰਿਵਾਰਾਂ ਦੀ ਸ਼ਨਾਖਤ ਕਰੋ।', 'ਦਿਨ 31-60: ਸੀਨੀਅਰ ਲੀਡਰਸ਼ਿਪ ਰਾਹੀਂ ਘਰ-ਘਰ ਜਾ ਕੇ ਸਰਕਾਰ ਦੀਆਂ ਨਿਰਪੱਖ ਨੀਤੀਆਂ ਸਾਂਝੀਆਂ ਕਰੋ।', 'ਦਿਨ 61-90: ਨੌਜਵਾਨ ਵਰਗ ਨੂੰ ਸਰਕਾਰੀ ਨੌਕਰੀਆਂ ਅਤੇ ਖੇਡ ਕਿੱਟਾਂ ਰਾਹੀਂ ਪਾਰਟੀ ਨਾਲ ਜੋੜ ਕੇ ਲੀਡ ਘਟਾਓ।']}"
169,165,Manga Sarai (Part 2),ਮੰਗਾ ਸਰਾਂ (ਭਾਗ 2),ਮੰਗਾ ਸਰਾਂ (ਭਾਗ 2),Manga Sarai (Part 2),ਮੰਗਾ ਸਰਾਂ (ਭਾਗ 2),SAD,SAD,12,137,SAD Retained,SAD Retained,AAP Deficit,ਆਪ ਘਾਟ,INC Deficit,"{'AAP': 'LOST_BOTH', 'SAD': 'WON_BOTH', 'INC': 'WEAK', 'BJP': 'WEAK'}",False,"{'is_flip': False, 'status_label': 'SAD Retained', 'turnout_diff': 15, 'turnout_pct': 2.61, 'sad_swing': 12.69, 'aap_swing': 17.13, 'inc_swing': -35.82, 'bjp_swing': 1.67}",574,589,15,2.61,240,321,81,41.81,54.5,12.69,81,184,103,14.11,31.24,17.13,228,23,-205,39.72,3.9,-35.82,6,16,10,1.05,2.72,1.67,27,4.58,"{'total': 574, 'sad': 240, 'aap': 81, 'inc': 228, 'bjp': 6, 'sad_votes': 240, 'sad_pct': 41.81, 'aap_votes': 81, 'aap_pct': 14.11, 'inc_votes': 228, 'inc_pct': 39.72, 'bjp_votes': 6, 'bjp_pct': 1.05, 'winner_party': 'SAD', 'margin': 12, 'winner_candidate': 'Ganieve Kaur Majithia'}","{'total': 589, 'sad': 321, 'aap': 184, 'inc': 23, 'bjp': 16, 'sada': 27, 'bsp': 0, 'others': 16, 'sad_votes': 321, 'sad_pct': 54.5, 'aap_votes': 184, 'aap_pct': 31.24, 'inc_votes': 23, 'inc_pct': 3.9, 'bjp_votes': 16, 'bjp_pct': 2.72, 'sada_votes': 27, 'sada_pct': 4.58, 'winner_party': 'SAD', 'margin': 137, 'winner_candidate': 'Anil Joshi'}","{'turnout_diff': 15, 'turnout_pct': 2.61, 'sad_shift': 81, 'sad_swing': 12.69, 'aap_shift': 103, 'aap_swing': 17.13, 'inc_shift': -205, 'inc_swing': -35.82, 'bjp_shift': 10, 'bjp_swing': 1.67}",Akali Bastion: Strategic Penetration & Demolition Zone,ਅਕਾਲੀ ਦਲ ਦਾ ਪ੍ਰਭਾਵਿਤ ਖੇਤਰ: ਵਿਸ਼ੇਸ਼ ਘੇਰਾਬੰਦੀ ਜ਼ੋਨ,SAD retained lead here by +137 votes (54.5% share). Target moderate Panthic and farming families in Manga Sarai (Part 2) disillusioned with traditional leadership. Appoint dedicated block coordinators and highlight direct government procurement and village development works.,ਅਕਾਲੀ ਦਲ ਨੇ ਇੱਥੇ +137 ਵੋਟਾਂ (54.5%) ਨਾਲ ਲੀਡ ਬਣਾਈ ਹੈ। ਮੰਗਾ ਸਰਾਂ (ਭਾਗ 2) ਵਿੱਚ ਰਵਾਇਤੀ ਲੀਡਰਸ਼ਿਪ ਤੋਂ ਨਿਰਾਸ਼ ਕਿਸਾਨ ਅਤੇ ਪੰਥਕ ਪਰਿਵਾਰਾਂ ਨਾਲ ਸੰਵਾਦ ਕਰੋ। ਪਿੰਡਾਂ ਵਿੱਚ ਪੰਜਾਬ ਸਰਕਾਰ ਦੇ ਵਿਕਾਸ ਕਾਰਜਾਂ ਅਤੇ ਨਿਰਪੱਖ ਭਰਤੀਆਂ ਦੇ ਸੁਨੇਹੇ ਨਾਲ ਸੰਨ੍ਹ ਲਗਾਓ।,"{'booth_no': '165', 'village_en': 'Manga Sarai (Part 2)', 'village_pa': 'ਮੰਗਾ ਸਰਾਂ (ਭਾਗ 2)', 'zone_en': 'Akali Bastion: Strategic Penetration & Demolition Zone', 'zone_pa': 'ਅਕਾਲੀ ਦਲ ਦਾ ਪ੍ਰਭਾਵਿਤ ਖੇਤਰ: ਵਿਸ਼ੇਸ਼ ਘੇਰਾਬੰਦੀ ਜ਼ੋਨ', 'action_en': 'SAD retained lead here by +137 votes (54.5% share). Target moderate Panthic and farming families in Manga Sarai (Part 2) disillusioned with traditional leadership. Appoint dedicated block coordinators and highlight direct government procurement and village development works.', 'action_pa': 'ਅਕਾਲੀ ਦਲ ਨੇ ਇੱਥੇ +137 ਵੋਟਾਂ (54.5%) ਨਾਲ ਲੀਡ ਬਣਾਈ ਹੈ। ਮੰਗਾ ਸਰਾਂ (ਭਾਗ 2) ਵਿੱਚ ਰਵਾਇਤੀ ਲੀਡਰਸ਼ਿਪ ਤੋਂ ਨਿਰਾਸ਼ ਕਿਸਾਨ ਅਤੇ ਪੰਥਕ ਪਰਿਵਾਰਾਂ ਨਾਲ ਸੰਵਾਦ ਕਰੋ। ਪਿੰਡਾਂ ਵਿੱਚ ਪੰਜਾਬ ਸਰਕਾਰ ਦੇ ਵਿਕਾਸ ਕਾਰਜਾਂ ਅਤੇ ਨਿਰਪੱਖ ਭਰਤੀਆਂ ਦੇ ਸੁਨੇਹੇ ਨਾਲ ਸੰਨ੍ਹ ਲਗਾਓ।', 'action_steps_en': ['Days 1-30: Map the top 30 influential non-committed Panthic families in Manga Sarai (Part 2).', 'Days 31-60: Deploy senior constituency leaders for direct home visits to address local disgruntlement.', ""Days 61-90: Neutralize SAD's +137 vote cushion by winning over agricultural youth.""], 'action_steps_pa': ['ਦਿਨ 1-30: ਮੰਗਾ ਸਰਾਂ (ਭਾਗ 2) ਦੇ 30 ਨਿਰਪੱਖ ਅਤੇ ਪ੍ਰਭਾਵਸ਼ਾਲੀ ਪਰਿਵਾਰਾਂ ਦੀ ਸ਼ਨਾਖਤ ਕਰੋ।', 'ਦਿਨ 31-60: ਸੀਨੀਅਰ ਲੀਡਰਸ਼ਿਪ ਰਾਹੀਂ ਘਰ-ਘਰ ਜਾ ਕੇ ਸਰਕਾਰ ਦੀਆਂ ਨਿਰਪੱਖ ਨੀਤੀਆਂ ਸਾਂਝੀਆਂ ਕਰੋ।', 'ਦਿਨ 61-90: ਨੌਜਵਾਨ ਵਰਗ ਨੂੰ ਸਰਕਾਰੀ ਨੌਕਰੀਆਂ ਅਤੇ ਖੇਡ ਕਿੱਟਾਂ ਰਾਹੀਂ ਪਾਰਟੀ ਨਾਲ ਜੋੜ ਕੇ ਲੀਡ ਘਟਾਓ।'], 'action_steps': ['ਦਿਨ 1-30: ਮੰਗਾ ਸਰਾਂ (ਭਾਗ 2) ਦੇ 30 ਨਿਰਪੱਖ ਅਤੇ ਪ੍ਰਭਾਵਸ਼ਾਲੀ ਪਰਿਵਾਰਾਂ ਦੀ ਸ਼ਨਾਖਤ ਕਰੋ।', 'ਦਿਨ 31-60: ਸੀਨੀਅਰ ਲੀਡਰਸ਼ਿਪ ਰਾਹੀਂ ਘਰ-ਘਰ ਜਾ ਕੇ ਸਰਕਾਰ ਦੀਆਂ ਨਿਰਪੱਖ ਨੀਤੀਆਂ ਸਾਂਝੀਆਂ ਕਰੋ।', 'ਦਿਨ 61-90: ਨੌਜਵਾਨ ਵਰਗ ਨੂੰ ਸਰਕਾਰੀ ਨੌਕਰੀਆਂ ਅਤੇ ਖੇਡ ਕਿੱਟਾਂ ਰਾਹੀਂ ਪਾਰਟੀ ਨਾਲ ਜੋੜ ਕੇ ਲੀਡ ਘਟਾਓ।']}"
170,166,Mann (Part 2),ਮਾਨ (ਭਾਗ 2),ਮਾਨ (ਭਾਗ 2),Mann (Part 2),ਮਾਨ (ਭਾਗ 2),SAD,SAD,91,267,SAD Retained,SAD Retained,AAP Deficit,ਆਪ ਘਾਟ,INC Deficit,"{'AAP': 'LOST_BOTH', 'SAD': 'WON_BOTH', 'INC': 'WEAK', 'BJP': 'WEAK'}",False,"{'is_flip': False, 'status_label': 'SAD Retained', 'turnout_diff': 204, 'turnout_pct': 43.68, 'sad_swing': 16.07, 'aap_swing': -4.24, 'inc_swing': -18.33, 'bjp_swing': 1.35}",467,671,204,43.68,211,411,200,45.18,61.25,16.07,120,144,24,25.7,21.46,-4.24,110,35,-75,23.55,5.22,-18.33,9,22,13,1.93,3.28,1.35,33,4.92,"{'total': 467, 'sad': 211, 'aap': 120, 'inc': 110, 'bjp': 9, 'sad_votes': 211, 'sad_pct': 45.18, 'aap_votes': 120, 'aap_pct': 25.7, 'inc_votes': 110, 'inc_pct': 23.55, 'bjp_votes': 9, 'bjp_pct': 1.93, 'winner_party': 'SAD', 'margin': 91, 'winner_candidate': 'Ganieve Kaur Majithia'}","{'total': 671, 'sad': 411, 'aap': 144, 'inc': 35, 'bjp': 22, 'sada': 33, 'bsp': 0, 'others': 23, 'sad_votes': 411, 'sad_pct': 61.25, 'aap_votes': 144, 'aap_pct': 21.46, 'inc_votes': 35, 'inc_pct': 5.22, 'bjp_votes': 22, 'bjp_pct': 3.28, 'sada_votes': 33, 'sada_pct': 4.92, 'winner_party': 'SAD', 'margin': 267, 'winner_candidate': 'Anil Joshi'}","{'turnout_diff': 204, 'turnout_pct': 43.68, 'sad_shift': 200, 'sad_swing': 16.07, 'aap_shift': 24, 'aap_swing': -4.24, 'inc_shift': -75, 'inc_swing': -18.33, 'bjp_shift': 13, 'bjp_swing': 1.35}",Akali Bastion: Strategic Penetration & Demolition Zone,ਅਕਾਲੀ ਦਲ ਦਾ ਪ੍ਰਭਾਵਿਤ ਖੇਤਰ: ਵਿਸ਼ੇਸ਼ ਘੇਰਾਬੰਦੀ ਜ਼ੋਨ,SAD retained lead here by +267 votes (61.2% share). Target moderate Panthic and farming families in Mann (Part 2) disillusioned with traditional leadership. Appoint dedicated block coordinators and highlight direct government procurement and village development works.,ਅਕਾਲੀ ਦਲ ਨੇ ਇੱਥੇ +267 ਵੋਟਾਂ (61.2%) ਨਾਲ ਲੀਡ ਬਣਾਈ ਹੈ। ਮਾਨ (ਭਾਗ 2) ਵਿੱਚ ਰਵਾਇਤੀ ਲੀਡਰਸ਼ਿਪ ਤੋਂ ਨਿਰਾਸ਼ ਕਿਸਾਨ ਅਤੇ ਪੰਥਕ ਪਰਿਵਾਰਾਂ ਨਾਲ ਸੰਵਾਦ ਕਰੋ। ਪਿੰਡਾਂ ਵਿੱਚ ਪੰਜਾਬ ਸਰਕਾਰ ਦੇ ਵਿਕਾਸ ਕਾਰਜਾਂ ਅਤੇ ਨਿਰਪੱਖ ਭਰਤੀਆਂ ਦੇ ਸੁਨੇਹੇ ਨਾਲ ਸੰਨ੍ਹ ਲਗਾਓ।,"{'booth_no': '166', 'village_en': 'Mann (Part 2)', 'village_pa': 'ਮਾਨ (ਭਾਗ 2)', 'zone_en': 'Akali Bastion: Strategic Penetration & Demolition Zone', 'zone_pa': 'ਅਕਾਲੀ ਦਲ ਦਾ ਪ੍ਰਭਾਵਿਤ ਖੇਤਰ: ਵਿਸ਼ੇਸ਼ ਘੇਰਾਬੰਦੀ ਜ਼ੋਨ', 'action_en': 'SAD retained lead here by +267 votes (61.2% share). Target moderate Panthic and farming families in Mann (Part 2) disillusioned with traditional leadership. Appoint dedicated block coordinators and highlight direct government procurement and village development works.', 'action_pa': 'ਅਕਾਲੀ ਦਲ ਨੇ ਇੱਥੇ +267 ਵੋਟਾਂ (61.2%) ਨਾਲ ਲੀਡ ਬਣਾਈ ਹੈ। ਮਾਨ (ਭਾਗ 2) ਵਿੱਚ ਰਵਾਇਤੀ ਲੀਡਰਸ਼ਿਪ ਤੋਂ ਨਿਰਾਸ਼ ਕਿਸਾਨ ਅਤੇ ਪੰਥਕ ਪਰਿਵਾਰਾਂ ਨਾਲ ਸੰਵਾਦ ਕਰੋ। ਪਿੰਡਾਂ ਵਿੱਚ ਪੰਜਾਬ ਸਰਕਾਰ ਦੇ ਵਿਕਾਸ ਕਾਰਜਾਂ ਅਤੇ ਨਿਰਪੱਖ ਭਰਤੀਆਂ ਦੇ ਸੁਨੇਹੇ ਨਾਲ ਸੰਨ੍ਹ ਲਗਾਓ।', 'action_steps_en': ['Days 1-30: Map the top 30 influential non-committed Panthic families in Mann (Part 2).', 'Days 31-60: Deploy senior constituency leaders for direct home visits to address local disgruntlement.', ""Days 61-90: Neutralize SAD's +267 vote cushion by winning over agricultural youth.""], 'action_steps_pa': ['ਦਿਨ 1-30: ਮਾਨ (ਭਾਗ 2) ਦੇ 30 ਨਿਰਪੱਖ ਅਤੇ ਪ੍ਰਭਾਵਸ਼ਾਲੀ ਪਰਿਵਾਰਾਂ ਦੀ ਸ਼ਨਾਖਤ ਕਰੋ।', 'ਦਿਨ 31-60: ਸੀਨੀਅਰ ਲੀਡਰਸ਼ਿਪ ਰਾਹੀਂ ਘਰ-ਘਰ ਜਾ ਕੇ ਸਰਕਾਰ ਦੀਆਂ ਨਿਰਪੱਖ ਨੀਤੀਆਂ ਸਾਂਝੀਆਂ ਕਰੋ।', 'ਦਿਨ 61-90: ਨੌਜਵਾਨ ਵਰਗ ਨੂੰ ਸਰਕਾਰੀ ਨੌਕਰੀਆਂ ਅਤੇ ਖੇਡ ਕਿੱਟਾਂ ਰਾਹੀਂ ਪਾਰਟੀ ਨਾਲ ਜੋੜ ਕੇ ਲੀਡ ਘਟਾਓ।'], 'action_steps': ['ਦਿਨ 1-30: ਮਾਨ (ਭਾਗ 2) ਦੇ 30 ਨਿਰਪੱਖ ਅਤੇ ਪ੍ਰਭਾਵਸ਼ਾਲੀ ਪਰਿਵਾਰਾਂ ਦੀ ਸ਼ਨਾਖਤ ਕਰੋ।', 'ਦਿਨ 31-60: ਸੀਨੀਅਰ ਲੀਡਰਸ਼ਿਪ ਰਾਹੀਂ ਘਰ-ਘਰ ਜਾ ਕੇ ਸਰਕਾਰ ਦੀਆਂ ਨਿਰਪੱਖ ਨੀਤੀਆਂ ਸਾਂਝੀਆਂ ਕਰੋ।', 'ਦਿਨ 61-90: ਨੌਜਵਾਨ ਵਰਗ ਨੂੰ ਸਰਕਾਰੀ ਨੌਕਰੀਆਂ ਅਤੇ ਖੇਡ ਕਿੱਟਾਂ ਰਾਹੀਂ ਪਾਰਟੀ ਨਾਲ ਜੋੜ ਕੇ ਲੀਡ ਘਟਾਓ।']}"
171,167,Marrari Kalan (Part 2),ਮਰਾਰੀ ਕਲਾਂ (ਭਾਗ 2),ਮਰਾਰੀ ਕਲਾਂ (ਭਾਗ 2),Marrari Kalan (Part 2),ਮਰਾਰੀ ਕਲਾਂ (ਭਾਗ 2),SAD,SAD,55,90,SAD Retained,SAD Retained,AAP Deficit,ਆਪ ਘਾਟ,INC Deficit,"{'AAP': 'LOST_BOTH', 'SAD': 'WON_BOTH', 'INC': 'WEAK', 'BJP': 'WEAK'}",False,"{'is_flip': False, 'status_label': 'SAD Retained', 'turnout_diff': 187, 'turnout_pct': 44.52, 'sad_swing': 2.57, 'aap_swing': 12.04, 'inc_swing': -27.0, 'bjp_swing': -0.02}",420,607,187,44.52,185,283,98,44.05,46.62,2.57,83,193,110,19.76,31.8,12.04,130,24,-106,30.95,3.95,-27.0,7,10,3,1.67,1.65,-0.02,56,9.23,"{'total': 420, 'sad': 185, 'aap': 83, 'inc': 130, 'bjp': 7, 'sad_votes': 185, 'sad_pct': 44.05, 'aap_votes': 83, 'aap_pct': 19.76, 'inc_votes': 130, 'inc_pct': 30.95, 'bjp_votes': 7, 'bjp_pct': 1.67, 'winner_party': 'SAD', 'margin': 55, 'winner_candidate': 'Ganieve Kaur Majithia'}","{'total': 607, 'sad': 283, 'aap': 193, 'inc': 24, 'bjp': 10, 'sada': 56, 'bsp': 2, 'others': 35, 'sad_votes': 283, 'sad_pct': 46.62, 'aap_votes': 193, 'aap_pct': 31.8, 'inc_votes': 24, 'inc_pct': 3.95, 'bjp_votes': 10, 'bjp_pct': 1.65, 'sada_votes': 56, 'sada_pct': 9.23, 'winner_party': 'SAD', 'margin': 90, 'winner_candidate': 'Anil Joshi'}","{'turnout_diff': 187, 'turnout_pct': 44.52, 'sad_shift': 98, 'sad_swing': 2.57, 'aap_shift': 110, 'aap_swing': 12.04, 'inc_shift': -106, 'inc_swing': -27.0, 'bjp_shift': 3, 'bjp_swing': -0.02}",Akali Bastion: Strategic Penetration & Demolition Zone,ਅਕਾਲੀ ਦਲ ਦਾ ਪ੍ਰਭਾਵਿਤ ਖੇਤਰ: ਵਿਸ਼ੇਸ਼ ਘੇਰਾਬੰਦੀ ਜ਼ੋਨ,SAD retained lead here by +90 votes (46.6% share). Target moderate Panthic and farming families in Marrari Kalan (Part 2) disillusioned with traditional leadership. Appoint dedicated block coordinators and highlight direct government procurement and village development works.,ਅਕਾਲੀ ਦਲ ਨੇ ਇੱਥੇ +90 ਵੋਟਾਂ (46.6%) ਨਾਲ ਲੀਡ ਬਣਾਈ ਹੈ। ਮਰਾਰੀ ਕਲਾਂ (ਭਾਗ 2) ਵਿੱਚ ਰਵਾਇਤੀ ਲੀਡਰਸ਼ਿਪ ਤੋਂ ਨਿਰਾਸ਼ ਕਿਸਾਨ ਅਤੇ ਪੰਥਕ ਪਰਿਵਾਰਾਂ ਨਾਲ ਸੰਵਾਦ ਕਰੋ। ਪਿੰਡਾਂ ਵਿੱਚ ਪੰਜਾਬ ਸਰਕਾਰ ਦੇ ਵਿਕਾਸ ਕਾਰਜਾਂ ਅਤੇ ਨਿਰਪੱਖ ਭਰਤੀਆਂ ਦੇ ਸੁਨੇਹੇ ਨਾਲ ਸੰਨ੍ਹ ਲਗਾਓ।,"{'booth_no': '167', 'village_en': 'Marrari Kalan (Part 2)', 'village_pa': 'ਮਰਾਰੀ ਕਲਾਂ (ਭਾਗ 2)', 'zone_en': 'Akali Bastion: Strategic Penetration & Demolition Zone', 'zone_pa': 'ਅਕਾਲੀ ਦਲ ਦਾ ਪ੍ਰਭਾਵਿਤ ਖੇਤਰ: ਵਿਸ਼ੇਸ਼ ਘੇਰਾਬੰਦੀ ਜ਼ੋਨ', 'action_en': 'SAD retained lead here by +90 votes (46.6% share). Target moderate Panthic and farming families in Marrari Kalan (Part 2) disillusioned with traditional leadership. Appoint dedicated block coordinators and highlight direct government procurement and village development works.', 'action_pa': 'ਅਕਾਲੀ ਦਲ ਨੇ ਇੱਥੇ +90 ਵੋਟਾਂ (46.6%) ਨਾਲ ਲੀਡ ਬਣਾਈ ਹੈ। ਮਰਾਰੀ ਕਲਾਂ (ਭਾਗ 2) ਵਿੱਚ ਰਵਾਇਤੀ ਲੀਡਰਸ਼ਿਪ ਤੋਂ ਨਿਰਾਸ਼ ਕਿਸਾਨ ਅਤੇ ਪੰਥਕ ਪਰਿਵਾਰਾਂ ਨਾਲ ਸੰਵਾਦ ਕਰੋ। ਪਿੰਡਾਂ ਵਿੱਚ ਪੰਜਾਬ ਸਰਕਾਰ ਦੇ ਵਿਕਾਸ ਕਾਰਜਾਂ ਅਤੇ ਨਿਰਪੱਖ ਭਰਤੀਆਂ ਦੇ ਸੁਨੇਹੇ ਨਾਲ ਸੰਨ੍ਹ ਲਗਾਓ।', 'action_steps_en': ['Days 1-30: Map the top 30 influential non-committed Panthic families in Marrari Kalan (Part 2).', 'Days 31-60: Deploy senior constituency leaders for direct home visits to address local disgruntlement.', ""Days 61-90: Neutralize SAD's +90 vote cushion by winning over agricultural youth.""], 'action_steps_pa': ['ਦਿਨ 1-30: ਮਰਾਰੀ ਕਲਾਂ (ਭਾਗ 2) ਦੇ 30 ਨਿਰਪੱਖ ਅਤੇ ਪ੍ਰਭਾਵਸ਼ਾਲੀ ਪਰਿਵਾਰਾਂ ਦੀ ਸ਼ਨਾਖਤ ਕਰੋ।', 'ਦਿਨ 31-60: ਸੀਨੀਅਰ ਲੀਡਰਸ਼ਿਪ ਰਾਹੀਂ ਘਰ-ਘਰ ਜਾ ਕੇ ਸਰਕਾਰ ਦੀਆਂ ਨਿਰਪੱਖ ਨੀਤੀਆਂ ਸਾਂਝੀਆਂ ਕਰੋ।', 'ਦਿਨ 61-90: ਨੌਜਵਾਨ ਵਰਗ ਨੂੰ ਸਰਕਾਰੀ ਨੌਕਰੀਆਂ ਅਤੇ ਖੇਡ ਕਿੱਟਾਂ ਰਾਹੀਂ ਪਾਰਟੀ ਨਾਲ ਜੋੜ ਕੇ ਲੀਡ ਘਟਾਓ।'], 'action_steps': ['ਦਿਨ 1-30: ਮਰਾਰੀ ਕਲਾਂ (ਭਾਗ 2) ਦੇ 30 ਨਿਰਪੱਖ ਅਤੇ ਪ੍ਰਭਾਵਸ਼ਾਲੀ ਪਰਿਵਾਰਾਂ ਦੀ ਸ਼ਨਾਖਤ ਕਰੋ।', 'ਦਿਨ 31-60: ਸੀਨੀਅਰ ਲੀਡਰਸ਼ਿਪ ਰਾਹੀਂ ਘਰ-ਘਰ ਜਾ ਕੇ ਸਰਕਾਰ ਦੀਆਂ ਨਿਰਪੱਖ ਨੀਤੀਆਂ ਸਾਂਝੀਆਂ ਕਰੋ।', 'ਦਿਨ 61-90: ਨੌਜਵਾਨ ਵਰਗ ਨੂੰ ਸਰਕਾਰੀ ਨੌਕਰੀਆਂ ਅਤੇ ਖੇਡ ਕਿੱਟਾਂ ਰਾਹੀਂ ਪਾਰਟੀ ਨਾਲ ਜੋੜ ਕੇ ਲੀਡ ਘਟਾਓ।']}"
172,168,Marrari Khurd (Part 2),ਮਰਾਰੀ ਖੁਰਦ (ਭਾਗ 2),ਮਰਾਰੀ ਖੁਰਦ (ਭਾਗ 2),Marrari Khurd (Part 2),ਮਰਾਰੀ ਖੁਰਦ (ਭਾਗ 2),SAD,SAD,67,25,SAD Retained,SAD Retained,AAP Deficit,ਆਪ ਘਾਟ,INC Deficit,"{'AAP': 'LOST_BOTH', 'SAD': 'WON_BOTH', 'INC': 'LOST_BOTH', 'BJP': 'WEAK'}",False,"{'is_flip': False, 'status_label': 'SAD Retained', 'turnout_diff': -173, 'turnout_pct': -26.33, 'sad_swing': -1.81, 'aap_swing': 3.21, 'inc_swing': -2.5, 'bjp_swing': 0.22}",657,484,-173,-26.33,278,196,-82,42.31,40.5,-1.81,211,171,-40,32.12,35.33,3.21,125,80,-45,19.03,16.53,-2.5,4,4,0,0.61,0.83,0.22,15,3.1,"{'total': 657, 'sad': 278, 'aap': 211, 'inc': 125, 'bjp': 4, 'sad_votes': 278, 'sad_pct': 42.31, 'aap_votes': 211, 'aap_pct': 32.12, 'inc_votes': 125, 'inc_pct': 19.03, 'bjp_votes': 4, 'bjp_pct': 0.61, 'winner_party': 'SAD', 'margin': 67, 'winner_candidate': 'Ganieve Kaur Majithia'}","{'total': 484, 'sad': 196, 'aap': 171, 'inc': 80, 'bjp': 4, 'sada': 15, 'bsp': 0, 'others': 15, 'sad_votes': 196, 'sad_pct': 40.5, 'aap_votes': 171, 'aap_pct': 35.33, 'inc_votes': 80, 'inc_pct': 16.53, 'bjp_votes': 4, 'bjp_pct': 0.83, 'sada_votes': 15, 'sada_pct': 3.1, 'winner_party': 'SAD', 'margin': 25, 'winner_candidate': 'Anil Joshi'}","{'turnout_diff': -173, 'turnout_pct': -26.33, 'sad_shift': -82, 'sad_swing': -1.81, 'aap_shift': -40, 'aap_swing': 3.21, 'inc_shift': -45, 'inc_swing': -2.5, 'bjp_shift': 0, 'bjp_swing': 0.22}",Akali Bastion: Strategic Penetration & Demolition Zone,ਅਕਾਲੀ ਦਲ ਦਾ ਪ੍ਰਭਾਵਿਤ ਖੇਤਰ: ਵਿਸ਼ੇਸ਼ ਘੇਰਾਬੰਦੀ ਜ਼ੋਨ,SAD retained lead here by +25 votes (40.5% share). Target moderate Panthic and farming families in Marrari Khurd (Part 2) disillusioned with traditional leadership. Appoint dedicated block coordinators and highlight direct government procurement and village development works.,ਅਕਾਲੀ ਦਲ ਨੇ ਇੱਥੇ +25 ਵੋਟਾਂ (40.5%) ਨਾਲ ਲੀਡ ਬਣਾਈ ਹੈ। ਮਰਾਰੀ ਖੁਰਦ (ਭਾਗ 2) ਵਿੱਚ ਰਵਾਇਤੀ ਲੀਡਰਸ਼ਿਪ ਤੋਂ ਨਿਰਾਸ਼ ਕਿਸਾਨ ਅਤੇ ਪੰਥਕ ਪਰਿਵਾਰਾਂ ਨਾਲ ਸੰਵਾਦ ਕਰੋ। ਪਿੰਡਾਂ ਵਿੱਚ ਪੰਜਾਬ ਸਰਕਾਰ ਦੇ ਵਿਕਾਸ ਕਾਰਜਾਂ ਅਤੇ ਨਿਰਪੱਖ ਭਰਤੀਆਂ ਦੇ ਸੁਨੇਹੇ ਨਾਲ ਸੰਨ੍ਹ ਲਗਾਓ।,"{'booth_no': '168', 'village_en': 'Marrari Khurd (Part 2)', 'village_pa': 'ਮਰਾਰੀ ਖੁਰਦ (ਭਾਗ 2)', 'zone_en': 'Akali Bastion: Strategic Penetration & Demolition Zone', 'zone_pa': 'ਅਕਾਲੀ ਦਲ ਦਾ ਪ੍ਰਭਾਵਿਤ ਖੇਤਰ: ਵਿਸ਼ੇਸ਼ ਘੇਰਾਬੰਦੀ ਜ਼ੋਨ', 'action_en': 'SAD retained lead here by +25 votes (40.5% share). Target moderate Panthic and farming families in Marrari Khurd (Part 2) disillusioned with traditional leadership. Appoint dedicated block coordinators and highlight direct government procurement and village development works.', 'action_pa': 'ਅਕਾਲੀ ਦਲ ਨੇ ਇੱਥੇ +25 ਵੋਟਾਂ (40.5%) ਨਾਲ ਲੀਡ ਬਣਾਈ ਹੈ। ਮਰਾਰੀ ਖੁਰਦ (ਭਾਗ 2) ਵਿੱਚ ਰਵਾਇਤੀ ਲੀਡਰਸ਼ਿਪ ਤੋਂ ਨਿਰਾਸ਼ ਕਿਸਾਨ ਅਤੇ ਪੰਥਕ ਪਰਿਵਾਰਾਂ ਨਾਲ ਸੰਵਾਦ ਕਰੋ। ਪਿੰਡਾਂ ਵਿੱਚ ਪੰਜਾਬ ਸਰਕਾਰ ਦੇ ਵਿਕਾਸ ਕਾਰਜਾਂ ਅਤੇ ਨਿਰਪੱਖ ਭਰਤੀਆਂ ਦੇ ਸੁਨੇਹੇ ਨਾਲ ਸੰਨ੍ਹ ਲਗਾਓ।', 'action_steps_en': ['Days 1-30: Map the top 30 influential non-committed Panthic families in Marrari Khurd (Part 2).', 'Days 31-60: Deploy senior constituency leaders for direct home visits to address local disgruntlement.', ""Days 61-90: Neutralize SAD's +25 vote cushion by winning over agricultural youth.""], 'action_steps_pa': ['ਦਿਨ 1-30: ਮਰਾਰੀ ਖੁਰਦ (ਭਾਗ 2) ਦੇ 30 ਨਿਰਪੱਖ ਅਤੇ ਪ੍ਰਭਾਵਸ਼ਾਲੀ ਪਰਿਵਾਰਾਂ ਦੀ ਸ਼ਨਾਖਤ ਕਰੋ।', 'ਦਿਨ 31-60: ਸੀਨੀਅਰ ਲੀਡਰਸ਼ਿਪ ਰਾਹੀਂ ਘਰ-ਘਰ ਜਾ ਕੇ ਸਰਕਾਰ ਦੀਆਂ ਨਿਰਪੱਖ ਨੀਤੀਆਂ ਸਾਂਝੀਆਂ ਕਰੋ।', 'ਦਿਨ 61-90: ਨੌਜਵਾਨ ਵਰਗ ਨੂੰ ਸਰਕਾਰੀ ਨੌਕਰੀਆਂ ਅਤੇ ਖੇਡ ਕਿੱਟਾਂ ਰਾਹੀਂ ਪਾਰਟੀ ਨਾਲ ਜੋੜ ਕੇ ਲੀਡ ਘਟਾਓ।'], 'action_steps': ['ਦਿਨ 1-30: ਮਰਾਰੀ ਖੁਰਦ (ਭਾਗ 2) ਦੇ 30 ਨਿਰਪੱਖ ਅਤੇ ਪ੍ਰਭਾਵਸ਼ਾਲੀ ਪਰਿਵਾਰਾਂ ਦੀ ਸ਼ਨਾਖਤ ਕਰੋ।', 'ਦਿਨ 31-60: ਸੀਨੀਅਰ ਲੀਡਰਸ਼ਿਪ ਰਾਹੀਂ ਘਰ-ਘਰ ਜਾ ਕੇ ਸਰਕਾਰ ਦੀਆਂ ਨਿਰਪੱਖ ਨੀਤੀਆਂ ਸਾਂਝੀਆਂ ਕਰੋ।', 'ਦਿਨ 61-90: ਨੌਜਵਾਨ ਵਰਗ ਨੂੰ ਸਰਕਾਰੀ ਨੌਕਰੀਆਂ ਅਤੇ ਖੇਡ ਕਿੱਟਾਂ ਰਾਹੀਂ ਪਾਰਟੀ ਨਾਲ ਜੋੜ ਕੇ ਲੀਡ ਘਟਾਓ।']}"
173,169,Mehdipur (Part 2),ਮਹਿਦੀਪੁਰ (ਭਾਗ 2),ਮਹਿਦੀਪੁਰ (ਭਾਗ 2),Mehdipur (Part 2),ਮਹਿਦੀਪੁਰ (ਭਾਗ 2),SAD,SAD,103,115,SAD Retained,SAD Retained,AAP Deficit,ਆਪ ਘਾਟ,INC Deficit,"{'AAP': 'LOST_BOTH', 'SAD': 'WON_BOTH', 'INC': 'LOST_BOTH', 'BJP': 'WEAK'}",False,"{'is_flip': False, 'status_label': 'SAD Retained', 'turnout_diff': 185, 'turnout_pct': 45.23, 'sad_swing': -4.86, 'aap_swing': 0.79, 'inc_swing': 3.89, 'bjp_swing': 0.03}",409,594,185,45.23,201,263,62,49.14,44.28,-4.86,98,147,49,23.96,24.75,0.79,86,148,62,21.03,24.92,3.89,4,6,2,0.98,1.01,0.03,7,1.18,"{'total': 409, 'sad': 201, 'aap': 98, 'inc': 86, 'bjp': 4, 'sad_votes': 201, 'sad_pct': 49.14, 'aap_votes': 98, 'aap_pct': 23.96, 'inc_votes': 86, 'inc_pct': 21.03, 'bjp_votes': 4, 'bjp_pct': 0.98, 'winner_party': 'SAD', 'margin': 103, 'winner_candidate': 'Ganieve Kaur Majithia'}","{'total': 594, 'sad': 263, 'aap': 147, 'inc': 148, 'bjp': 6, 'sada': 7, 'bsp': 1, 'others': 19, 'sad_votes': 263, 'sad_pct': 44.28, 'aap_votes': 147, 'aap_pct': 24.75, 'inc_votes': 148, 'inc_pct': 24.92, 'bjp_votes': 6, 'bjp_pct': 1.01, 'sada_votes': 7, 'sada_pct': 1.18, 'winner_party': 'SAD', 'margin': 115, 'winner_candidate': 'Anil Joshi'}","{'turnout_diff': 185, 'turnout_pct': 45.23, 'sad_shift': 62, 'sad_swing': -4.86, 'aap_shift': 49, 'aap_swing': 0.79, 'inc_shift': 62, 'inc_swing': 3.89, 'bjp_shift': 2, 'bjp_swing': 0.03}",Akali Bastion: Strategic Penetration & Demolition Zone,ਅਕਾਲੀ ਦਲ ਦਾ ਪ੍ਰਭਾਵਿਤ ਖੇਤਰ: ਵਿਸ਼ੇਸ਼ ਘੇਰਾਬੰਦੀ ਜ਼ੋਨ,SAD retained lead here by +115 votes (44.3% share). Target moderate Panthic and farming families in Mehdipur (Part 2) disillusioned with traditional leadership. Appoint dedicated block coordinators and highlight direct government procurement and village development works.,ਅਕਾਲੀ ਦਲ ਨੇ ਇੱਥੇ +115 ਵੋਟਾਂ (44.3%) ਨਾਲ ਲੀਡ ਬਣਾਈ ਹੈ। ਮਹਿਦੀਪੁਰ (ਭਾਗ 2) ਵਿੱਚ ਰਵਾਇਤੀ ਲੀਡਰਸ਼ਿਪ ਤੋਂ ਨਿਰਾਸ਼ ਕਿਸਾਨ ਅਤੇ ਪੰਥਕ ਪਰਿਵਾਰਾਂ ਨਾਲ ਸੰਵਾਦ ਕਰੋ। ਪਿੰਡਾਂ ਵਿੱਚ ਪੰਜਾਬ ਸਰਕਾਰ ਦੇ ਵਿਕਾਸ ਕਾਰਜਾਂ ਅਤੇ ਨਿਰਪੱਖ ਭਰਤੀਆਂ ਦੇ ਸੁਨੇਹੇ ਨਾਲ ਸੰਨ੍ਹ ਲਗਾਓ।,"{'booth_no': '169', 'village_en': 'Mehdipur (Part 2)', 'village_pa': 'ਮਹਿਦੀਪੁਰ (ਭਾਗ 2)', 'zone_en': 'Akali Bastion: Strategic Penetration & Demolition Zone', 'zone_pa': 'ਅਕਾਲੀ ਦਲ ਦਾ ਪ੍ਰਭਾਵਿਤ ਖੇਤਰ: ਵਿਸ਼ੇਸ਼ ਘੇਰਾਬੰਦੀ ਜ਼ੋਨ', 'action_en': 'SAD retained lead here by +115 votes (44.3% share). Target moderate Panthic and farming families in Mehdipur (Part 2) disillusioned with traditional leadership. Appoint dedicated block coordinators and highlight direct government procurement and village development works.', 'action_pa': 'ਅਕਾਲੀ ਦਲ ਨੇ ਇੱਥੇ +115 ਵੋਟਾਂ (44.3%) ਨਾਲ ਲੀਡ ਬਣਾਈ ਹੈ। ਮਹਿਦੀਪੁਰ (ਭਾਗ 2) ਵਿੱਚ ਰਵਾਇਤੀ ਲੀਡਰਸ਼ਿਪ ਤੋਂ ਨਿਰਾਸ਼ ਕਿਸਾਨ ਅਤੇ ਪੰਥਕ ਪਰਿਵਾਰਾਂ ਨਾਲ ਸੰਵਾਦ ਕਰੋ। ਪਿੰਡਾਂ ਵਿੱਚ ਪੰਜਾਬ ਸਰਕਾਰ ਦੇ ਵਿਕਾਸ ਕਾਰਜਾਂ ਅਤੇ ਨਿਰਪੱਖ ਭਰਤੀਆਂ ਦੇ ਸੁਨੇਹੇ ਨਾਲ ਸੰਨ੍ਹ ਲਗਾਓ।', 'action_steps_en': ['Days 1-30: Map the top 30 influential non-committed Panthic families in Mehdipur (Part 2).', 'Days 31-60: Deploy senior constituency leaders for direct home visits to address local disgruntlement.', ""Days 61-90: Neutralize SAD's +115 vote cushion by winning over agricultural youth.""], 'action_steps_pa': ['ਦਿਨ 1-30: ਮਹਿਦੀਪੁਰ (ਭਾਗ 2) ਦੇ 30 ਨਿਰਪੱਖ ਅਤੇ ਪ੍ਰਭਾਵਸ਼ਾਲੀ ਪਰਿਵਾਰਾਂ ਦੀ ਸ਼ਨਾਖਤ ਕਰੋ।', 'ਦਿਨ 31-60: ਸੀਨੀਅਰ ਲੀਡਰਸ਼ਿਪ ਰਾਹੀਂ ਘਰ-ਘਰ ਜਾ ਕੇ ਸਰਕਾਰ ਦੀਆਂ ਨਿਰਪੱਖ ਨੀਤੀਆਂ ਸਾਂਝੀਆਂ ਕਰੋ।', 'ਦਿਨ 61-90: ਨੌਜਵਾਨ ਵਰਗ ਨੂੰ ਸਰਕਾਰੀ ਨੌਕਰੀਆਂ ਅਤੇ ਖੇਡ ਕਿੱਟਾਂ ਰਾਹੀਂ ਪਾਰਟੀ ਨਾਲ ਜੋੜ ਕੇ ਲੀਡ ਘਟਾਓ।'], 'action_steps': ['ਦਿਨ 1-30: ਮਹਿਦੀਪੁਰ (ਭਾਗ 2) ਦੇ 30 ਨਿਰਪੱਖ ਅਤੇ ਪ੍ਰਭਾਵਸ਼ਾਲੀ ਪਰਿਵਾਰਾਂ ਦੀ ਸ਼ਨਾਖਤ ਕਰੋ।', 'ਦਿਨ 31-60: ਸੀਨੀਅਰ ਲੀਡਰਸ਼ਿਪ ਰਾਹੀਂ ਘਰ-ਘਰ ਜਾ ਕੇ ਸਰਕਾਰ ਦੀਆਂ ਨਿਰਪੱਖ ਨੀਤੀਆਂ ਸਾਂਝੀਆਂ ਕਰੋ।', 'ਦਿਨ 61-90: ਨੌਜਵਾਨ ਵਰਗ ਨੂੰ ਸਰਕਾਰੀ ਨੌਕਰੀਆਂ ਅਤੇ ਖੇਡ ਕਿੱਟਾਂ ਰਾਹੀਂ ਪਾਰਟੀ ਨਾਲ ਜੋੜ ਕੇ ਲੀਡ ਘਟਾਓ।']}"
174,170,Mian Pandher (Part 2),ਮੀਆਂ ਪੰਧੇਰ (ਭਾਗ 2),ਮੀਆਂ ਪੰਧੇਰ (ਭਾਗ 2),Mian Pandher (Part 2),ਮੀਆਂ ਪੰਧੇਰ (ਭਾਗ 2),SAD,SAD,118,68,SAD Retained,SAD Retained,AAP Deficit,ਆਪ ਘਾਟ,INC Deficit,"{'AAP': 'LOST_BOTH', 'SAD': 'WON_BOTH', 'INC': 'LOST_BOTH', 'BJP': 'WEAK'}",False,"{'is_flip': False, 'status_label': 'SAD Retained', 'turnout_diff': -32, 'turnout_pct': -4.8, 'sad_swing': -7.99, 'aap_swing': 4.54, 'inc_swing': -5.57, 'bjp_swing': 4.94}",667,635,-32,-4.8,298,233,-65,44.68,36.69,-7.99,143,165,22,21.44,25.98,4.54,180,136,-44,26.99,21.42,-5.57,8,39,31,1.2,6.14,4.94,25,3.94,"{'total': 667, 'sad': 298, 'aap': 143, 'inc': 180, 'bjp': 8, 'sad_votes': 298, 'sad_pct': 44.68, 'aap_votes': 143, 'aap_pct': 21.44, 'inc_votes': 180, 'inc_pct': 26.99, 'bjp_votes': 8, 'bjp_pct': 1.2, 'winner_party': 'SAD', 'margin': 118, 'winner_candidate': 'Ganieve Kaur Majithia'}","{'total': 635, 'sad': 233, 'aap': 165, 'inc': 136, 'bjp': 39, 'sada': 25, 'bsp': 1, 'others': 33, 'sad_votes': 233, 'sad_pct': 36.69, 'aap_votes': 165, 'aap_pct': 25.98, 'inc_votes': 136, 'inc_pct': 21.42, 'bjp_votes': 39, 'bjp_pct': 6.14, 'sada_votes': 25, 'sada_pct': 3.94, 'winner_party': 'SAD', 'margin': 68, 'winner_candidate': 'Anil Joshi'}","{'turnout_diff': -32, 'turnout_pct': -4.8, 'sad_shift': -65, 'sad_swing': -7.99, 'aap_shift': 22, 'aap_swing': 4.54, 'inc_shift': -44, 'inc_swing': -5.57, 'bjp_shift': 31, 'bjp_swing': 4.94}",Akali Bastion: Strategic Penetration & Demolition Zone,ਅਕਾਲੀ ਦਲ ਦਾ ਪ੍ਰਭਾਵਿਤ ਖੇਤਰ: ਵਿਸ਼ੇਸ਼ ਘੇਰਾਬੰਦੀ ਜ਼ੋਨ,SAD retained lead here by +68 votes (36.7% share). Target moderate Panthic and farming families in Mian Pandher (Part 2) disillusioned with traditional leadership. Appoint dedicated block coordinators and highlight direct government procurement and village development works.,ਅਕਾਲੀ ਦਲ ਨੇ ਇੱਥੇ +68 ਵੋਟਾਂ (36.7%) ਨਾਲ ਲੀਡ ਬਣਾਈ ਹੈ। ਮੀਆਂ ਪੰਧੇਰ (ਭਾਗ 2) ਵਿੱਚ ਰਵਾਇਤੀ ਲੀਡਰਸ਼ਿਪ ਤੋਂ ਨਿਰਾਸ਼ ਕਿਸਾਨ ਅਤੇ ਪੰਥਕ ਪਰਿਵਾਰਾਂ ਨਾਲ ਸੰਵਾਦ ਕਰੋ। ਪਿੰਡਾਂ ਵਿੱਚ ਪੰਜਾਬ ਸਰਕਾਰ ਦੇ ਵਿਕਾਸ ਕਾਰਜਾਂ ਅਤੇ ਨਿਰਪੱਖ ਭਰਤੀਆਂ ਦੇ ਸੁਨੇਹੇ ਨਾਲ ਸੰਨ੍ਹ ਲਗਾਓ।,"{'booth_no': '170', 'village_en': 'Mian Pandher (Part 2)', 'village_pa': 'ਮੀਆਂ ਪੰਧੇਰ (ਭਾਗ 2)', 'zone_en': 'Akali Bastion: Strategic Penetration & Demolition Zone', 'zone_pa': 'ਅਕਾਲੀ ਦਲ ਦਾ ਪ੍ਰਭਾਵਿਤ ਖੇਤਰ: ਵਿਸ਼ੇਸ਼ ਘੇਰਾਬੰਦੀ ਜ਼ੋਨ', 'action_en': 'SAD retained lead here by +68 votes (36.7% share). Target moderate Panthic and farming families in Mian Pandher (Part 2) disillusioned with traditional leadership. Appoint dedicated block coordinators and highlight direct government procurement and village development works.', 'action_pa': 'ਅਕਾਲੀ ਦਲ ਨੇ ਇੱਥੇ +68 ਵੋਟਾਂ (36.7%) ਨਾਲ ਲੀਡ ਬਣਾਈ ਹੈ। ਮੀਆਂ ਪੰਧੇਰ (ਭਾਗ 2) ਵਿੱਚ ਰਵਾਇਤੀ ਲੀਡਰਸ਼ਿਪ ਤੋਂ ਨਿਰਾਸ਼ ਕਿਸਾਨ ਅਤੇ ਪੰਥਕ ਪਰਿਵਾਰਾਂ ਨਾਲ ਸੰਵਾਦ ਕਰੋ। ਪਿੰਡਾਂ ਵਿੱਚ ਪੰਜਾਬ ਸਰਕਾਰ ਦੇ ਵਿਕਾਸ ਕਾਰਜਾਂ ਅਤੇ ਨਿਰਪੱਖ ਭਰਤੀਆਂ ਦੇ ਸੁਨੇਹੇ ਨਾਲ ਸੰਨ੍ਹ ਲਗਾਓ।', 'action_steps_en': ['Days 1-30: Map the top 30 influential non-committed Panthic families in Mian Pandher (Part 2).', 'Days 31-60: Deploy senior constituency leaders for direct home visits to address local disgruntlement.', ""Days 61-90: Neutralize SAD's +68 vote cushion by winning over agricultural youth.""], 'action_steps_pa': ['ਦਿਨ 1-30: ਮੀਆਂ ਪੰਧੇਰ (ਭਾਗ 2) ਦੇ 30 ਨਿਰਪੱਖ ਅਤੇ ਪ੍ਰਭਾਵਸ਼ਾਲੀ ਪਰਿਵਾਰਾਂ ਦੀ ਸ਼ਨਾਖਤ ਕਰੋ।', 'ਦਿਨ 31-60: ਸੀਨੀਅਰ ਲੀਡਰਸ਼ਿਪ ਰਾਹੀਂ ਘਰ-ਘਰ ਜਾ ਕੇ ਸਰਕਾਰ ਦੀਆਂ ਨਿਰਪੱਖ ਨੀਤੀਆਂ ਸਾਂਝੀਆਂ ਕਰੋ।', 'ਦਿਨ 61-90: ਨੌਜਵਾਨ ਵਰਗ ਨੂੰ ਸਰਕਾਰੀ ਨੌਕਰੀਆਂ ਅਤੇ ਖੇਡ ਕਿੱਟਾਂ ਰਾਹੀਂ ਪਾਰਟੀ ਨਾਲ ਜੋੜ ਕੇ ਲੀਡ ਘਟਾਓ।'], 'action_steps': ['ਦਿਨ 1-30: ਮੀਆਂ ਪੰਧੇਰ (ਭਾਗ 2) ਦੇ 30 ਨਿਰਪੱਖ ਅਤੇ ਪ੍ਰਭਾਵਸ਼ਾਲੀ ਪਰਿਵਾਰਾਂ ਦੀ ਸ਼ਨਾਖਤ ਕਰੋ।', 'ਦਿਨ 31-60: ਸੀਨੀਅਰ ਲੀਡਰਸ਼ਿਪ ਰਾਹੀਂ ਘਰ-ਘਰ ਜਾ ਕੇ ਸਰਕਾਰ ਦੀਆਂ ਨਿਰਪੱਖ ਨੀਤੀਆਂ ਸਾਂਝੀਆਂ ਕਰੋ।', 'ਦਿਨ 61-90: ਨੌਜਵਾਨ ਵਰਗ ਨੂੰ ਸਰਕਾਰੀ ਨੌਕਰੀਆਂ ਅਤੇ ਖੇਡ ਕਿੱਟਾਂ ਰਾਹੀਂ ਪਾਰਟੀ ਨਾਲ ਜੋੜ ਕੇ ਲੀਡ ਘਟਾਓ।']}"
175,171,Mukandpura (Part 2),ਮੁਕੰਦਪੁਰਾ (ਭਾਗ 2),ਮੁਕੰਦਪੁਰਾ (ਭਾਗ 2),Mukandpura (Part 2),ਮੁਕੰਦਪੁਰਾ (ਭਾਗ 2),SAD,SAD,130,26,SAD Retained,SAD Retained,AAP Deficit,ਆਪ ਘਾਟ,INC Deficit,"{'AAP': 'LOST_BOTH', 'SAD': 'WON_BOTH', 'INC': 'LOST_BOTH', 'BJP': 'WEAK'}",False,"{'is_flip': False, 'status_label': 'SAD Retained', 'turnout_diff': -231, 'turnout_pct': -32.13, 'sad_swing': -11.79, 'aap_swing': 1.33, 'inc_swing': 0.96, 'bjp_swing': 5.37}",719,488,-231,-32.13,322,161,-161,44.78,32.99,-11.79,154,111,-43,21.42,22.75,1.33,192,135,-57,26.7,27.66,0.96,10,33,23,1.39,6.76,5.37,19,3.89,"{'total': 719, 'sad': 322, 'aap': 154, 'inc': 192, 'bjp': 10, 'sad_votes': 322, 'sad_pct': 44.78, 'aap_votes': 154, 'aap_pct': 21.42, 'inc_votes': 192, 'inc_pct': 26.7, 'bjp_votes': 10, 'bjp_pct': 1.39, 'winner_party': 'SAD', 'margin': 130, 'winner_candidate': 'Ganieve Kaur Majithia'}","{'total': 488, 'sad': 161, 'aap': 111, 'inc': 135, 'bjp': 33, 'sada': 19, 'bsp': 3, 'others': 26, 'sad_votes': 161, 'sad_pct': 32.99, 'aap_votes': 111, 'aap_pct': 22.75, 'inc_votes': 135, 'inc_pct': 27.66, 'bjp_votes': 33, 'bjp_pct': 6.76, 'sada_votes': 19, 'sada_pct': 3.89, 'winner_party': 'SAD', 'margin': 26, 'winner_candidate': 'Anil Joshi'}","{'turnout_diff': -231, 'turnout_pct': -32.13, 'sad_shift': -161, 'sad_swing': -11.79, 'aap_shift': -43, 'aap_swing': 1.33, 'inc_shift': -57, 'inc_swing': 0.96, 'bjp_shift': 23, 'bjp_swing': 5.37}",Akali Bastion: Strategic Penetration & Demolition Zone,ਅਕਾਲੀ ਦਲ ਦਾ ਪ੍ਰਭਾਵਿਤ ਖੇਤਰ: ਵਿਸ਼ੇਸ਼ ਘੇਰਾਬੰਦੀ ਜ਼ੋਨ,SAD retained lead here by +26 votes (33.0% share). Target moderate Panthic and farming families in Mukandpura (Part 2) disillusioned with traditional leadership. Appoint dedicated block coordinators and highlight direct government procurement and village development works.,ਅਕਾਲੀ ਦਲ ਨੇ ਇੱਥੇ +26 ਵੋਟਾਂ (33.0%) ਨਾਲ ਲੀਡ ਬਣਾਈ ਹੈ। ਮੁਕੰਦਪੁਰਾ (ਭਾਗ 2) ਵਿੱਚ ਰਵਾਇਤੀ ਲੀਡਰਸ਼ਿਪ ਤੋਂ ਨਿਰਾਸ਼ ਕਿਸਾਨ ਅਤੇ ਪੰਥਕ ਪਰਿਵਾਰਾਂ ਨਾਲ ਸੰਵਾਦ ਕਰੋ। ਪਿੰਡਾਂ ਵਿੱਚ ਪੰਜਾਬ ਸਰਕਾਰ ਦੇ ਵਿਕਾਸ ਕਾਰਜਾਂ ਅਤੇ ਨਿਰਪੱਖ ਭਰਤੀਆਂ ਦੇ ਸੁਨੇਹੇ ਨਾਲ ਸੰਨ੍ਹ ਲਗਾਓ।,"{'booth_no': '171', 'village_en': 'Mukandpura (Part 2)', 'village_pa': 'ਮੁਕੰਦਪੁਰਾ (ਭਾਗ 2)', 'zone_en': 'Akali Bastion: Strategic Penetration & Demolition Zone', 'zone_pa': 'ਅਕਾਲੀ ਦਲ ਦਾ ਪ੍ਰਭਾਵਿਤ ਖੇਤਰ: ਵਿਸ਼ੇਸ਼ ਘੇਰਾਬੰਦੀ ਜ਼ੋਨ', 'action_en': 'SAD retained lead here by +26 votes (33.0% share). Target moderate Panthic and farming families in Mukandpura (Part 2) disillusioned with traditional leadership. Appoint dedicated block coordinators and highlight direct government procurement and village development works.', 'action_pa': 'ਅਕਾਲੀ ਦਲ ਨੇ ਇੱਥੇ +26 ਵੋਟਾਂ (33.0%) ਨਾਲ ਲੀਡ ਬਣਾਈ ਹੈ। ਮੁਕੰਦਪੁਰਾ (ਭਾਗ 2) ਵਿੱਚ ਰਵਾਇਤੀ ਲੀਡਰਸ਼ਿਪ ਤੋਂ ਨਿਰਾਸ਼ ਕਿਸਾਨ ਅਤੇ ਪੰਥਕ ਪਰਿਵਾਰਾਂ ਨਾਲ ਸੰਵਾਦ ਕਰੋ। ਪਿੰਡਾਂ ਵਿੱਚ ਪੰਜਾਬ ਸਰਕਾਰ ਦੇ ਵਿਕਾਸ ਕਾਰਜਾਂ ਅਤੇ ਨਿਰਪੱਖ ਭਰਤੀਆਂ ਦੇ ਸੁਨੇਹੇ ਨਾਲ ਸੰਨ੍ਹ ਲਗਾਓ।', 'action_steps_en': ['Days 1-30: Map the top 30 influential non-committed Panthic families in Mukandpura (Part 2).', 'Days 31-60: Deploy senior constituency leaders for direct home visits to address local disgruntlement.', ""Days 61-90: Neutralize SAD's +26 vote cushion by winning over agricultural youth.""], 'action_steps_pa': ['ਦਿਨ 1-30: ਮੁਕੰਦਪੁਰਾ (ਭਾਗ 2) ਦੇ 30 ਨਿਰਪੱਖ ਅਤੇ ਪ੍ਰਭਾਵਸ਼ਾਲੀ ਪਰਿਵਾਰਾਂ ਦੀ ਸ਼ਨਾਖਤ ਕਰੋ।', 'ਦਿਨ 31-60: ਸੀਨੀਅਰ ਲੀਡਰਸ਼ਿਪ ਰਾਹੀਂ ਘਰ-ਘਰ ਜਾ ਕੇ ਸਰਕਾਰ ਦੀਆਂ ਨਿਰਪੱਖ ਨੀਤੀਆਂ ਸਾਂਝੀਆਂ ਕਰੋ।', 'ਦਿਨ 61-90: ਨੌਜਵਾਨ ਵਰਗ ਨੂੰ ਸਰਕਾਰੀ ਨੌਕਰੀਆਂ ਅਤੇ ਖੇਡ ਕਿੱਟਾਂ ਰਾਹੀਂ ਪਾਰਟੀ ਨਾਲ ਜੋੜ ਕੇ ਲੀਡ ਘਟਾਓ।'], 'action_steps': ['ਦਿਨ 1-30: ਮੁਕੰਦਪੁਰਾ (ਭਾਗ 2) ਦੇ 30 ਨਿਰਪੱਖ ਅਤੇ ਪ੍ਰਭਾਵਸ਼ਾਲੀ ਪਰਿਵਾਰਾਂ ਦੀ ਸ਼ਨਾਖਤ ਕਰੋ।', 'ਦਿਨ 31-60: ਸੀਨੀਅਰ ਲੀਡਰਸ਼ਿਪ ਰਾਹੀਂ ਘਰ-ਘਰ ਜਾ ਕੇ ਸਰਕਾਰ ਦੀਆਂ ਨਿਰਪੱਖ ਨੀਤੀਆਂ ਸਾਂਝੀਆਂ ਕਰੋ।', 'ਦਿਨ 61-90: ਨੌਜਵਾਨ ਵਰਗ ਨੂੰ ਸਰਕਾਰੀ ਨੌਕਰੀਆਂ ਅਤੇ ਖੇਡ ਕਿੱਟਾਂ ਰਾਹੀਂ ਪਾਰਟੀ ਨਾਲ ਜੋੜ ਕੇ ਲੀਡ ਘਟਾਓ।']}"
176,172,Nag Kalan (Part 2),ਨਾਗ ਕਲਾਂ (ਭਾਗ 2),ਨਾਗ ਕਲਾਂ (ਭਾਗ 2),Nag Kalan (Part 2),ਨਾਗ ਕਲਾਂ (ਭਾਗ 2),SAD,SAD,118,20,SAD Retained,SAD Retained,AAP Deficit,ਆਪ ਘਾਟ,INC Deficit,"{'AAP': 'LOST_BOTH', 'SAD': 'WON_BOTH', 'INC': 'LOST_BOTH', 'BJP': 'WEAK'}",False,"{'is_flip': False, 'status_label': 'SAD Retained', 'turnout_diff': -272, 'turnout_pct': -45.95, 'sad_swing': -4.53, 'aap_swing': 9.15, 'inc_swing': 5.44, 'bjp_swing': -0.87}",592,320,-272,-45.95,284,139,-145,47.97,43.44,-4.53,166,119,-47,28.04,37.19,9.15,64,52,-12,10.81,16.25,5.44,7,1,-6,1.18,0.31,-0.87,4,1.25,"{'total': 592, 'sad': 284, 'aap': 166, 'inc': 64, 'bjp': 7, 'sad_votes': 284, 'sad_pct': 47.97, 'aap_votes': 166, 'aap_pct': 28.04, 'inc_votes': 64, 'inc_pct': 10.81, 'bjp_votes': 7, 'bjp_pct': 1.18, 'winner_party': 'SAD', 'margin': 118, 'winner_candidate': 'Ganieve Kaur Majithia'}","{'total': 320, 'sad': 139, 'aap': 119, 'inc': 52, 'bjp': 1, 'sada': 4, 'bsp': 0, 'others': 4, 'sad_votes': 139, 'sad_pct': 43.44, 'aap_votes': 119, 'aap_pct': 37.19, 'inc_votes': 52, 'inc_pct': 16.25, 'bjp_votes': 1, 'bjp_pct': 0.31, 'sada_votes': 4, 'sada_pct': 1.25, 'winner_party': 'SAD', 'margin': 20, 'winner_candidate': 'Anil Joshi'}","{'turnout_diff': -272, 'turnout_pct': -45.95, 'sad_shift': -145, 'sad_swing': -4.53, 'aap_shift': -47, 'aap_swing': 9.15, 'inc_shift': -12, 'inc_swing': 5.44, 'bjp_shift': -6, 'bjp_swing': -0.87}",Akali Bastion: Strategic Penetration & Demolition Zone,ਅਕਾਲੀ ਦਲ ਦਾ ਪ੍ਰਭਾਵਿਤ ਖੇਤਰ: ਵਿਸ਼ੇਸ਼ ਘੇਰਾਬੰਦੀ ਜ਼ੋਨ,SAD retained lead here by +20 votes (43.4% share). Target moderate Panthic and farming families in Nag Kalan (Part 2) disillusioned with traditional leadership. Appoint dedicated block coordinators and highlight direct government procurement and village development works.,ਅਕਾਲੀ ਦਲ ਨੇ ਇੱਥੇ +20 ਵੋਟਾਂ (43.4%) ਨਾਲ ਲੀਡ ਬਣਾਈ ਹੈ। ਨਾਗ ਕਲਾਂ (ਭਾਗ 2) ਵਿੱਚ ਰਵਾਇਤੀ ਲੀਡਰਸ਼ਿਪ ਤੋਂ ਨਿਰਾਸ਼ ਕਿਸਾਨ ਅਤੇ ਪੰਥਕ ਪਰਿਵਾਰਾਂ ਨਾਲ ਸੰਵਾਦ ਕਰੋ। ਪਿੰਡਾਂ ਵਿੱਚ ਪੰਜਾਬ ਸਰਕਾਰ ਦੇ ਵਿਕਾਸ ਕਾਰਜਾਂ ਅਤੇ ਨਿਰਪੱਖ ਭਰਤੀਆਂ ਦੇ ਸੁਨੇਹੇ ਨਾਲ ਸੰਨ੍ਹ ਲਗਾਓ।,"{'booth_no': '172', 'village_en': 'Nag Kalan (Part 2)', 'village_pa': 'ਨਾਗ ਕਲਾਂ (ਭਾਗ 2)', 'zone_en': 'Akali Bastion: Strategic Penetration & Demolition Zone', 'zone_pa': 'ਅਕਾਲੀ ਦਲ ਦਾ ਪ੍ਰਭਾਵਿਤ ਖੇਤਰ: ਵਿਸ਼ੇਸ਼ ਘੇਰਾਬੰਦੀ ਜ਼ੋਨ', 'action_en': 'SAD retained lead here by +20 votes (43.4% share). Target moderate Panthic and farming families in Nag Kalan (Part 2) disillusioned with traditional leadership. Appoint dedicated block coordinators and highlight direct government procurement and village development works.', 'action_pa': 'ਅਕਾਲੀ ਦਲ ਨੇ ਇੱਥੇ +20 ਵੋਟਾਂ (43.4%) ਨਾਲ ਲੀਡ ਬਣਾਈ ਹੈ। ਨਾਗ ਕਲਾਂ (ਭਾਗ 2) ਵਿੱਚ ਰਵਾਇਤੀ ਲੀਡਰਸ਼ਿਪ ਤੋਂ ਨਿਰਾਸ਼ ਕਿਸਾਨ ਅਤੇ ਪੰਥਕ ਪਰਿਵਾਰਾਂ ਨਾਲ ਸੰਵਾਦ ਕਰੋ। ਪਿੰਡਾਂ ਵਿੱਚ ਪੰਜਾਬ ਸਰਕਾਰ ਦੇ ਵਿਕਾਸ ਕਾਰਜਾਂ ਅਤੇ ਨਿਰਪੱਖ ਭਰਤੀਆਂ ਦੇ ਸੁਨੇਹੇ ਨਾਲ ਸੰਨ੍ਹ ਲਗਾਓ।', 'action_steps_en': ['Days 1-30: Map the top 30 influential non-committed Panthic families in Nag Kalan (Part 2).', 'Days 31-60: Deploy senior constituency leaders for direct home visits to address local disgruntlement.', ""Days 61-90: Neutralize SAD's +20 vote cushion by winning over agricultural youth.""], 'action_steps_pa': ['ਦਿਨ 1-30: ਨਾਗ ਕਲਾਂ (ਭਾਗ 2) ਦੇ 30 ਨਿਰਪੱਖ ਅਤੇ ਪ੍ਰਭਾਵਸ਼ਾਲੀ ਪਰਿਵਾਰਾਂ ਦੀ ਸ਼ਨਾਖਤ ਕਰੋ।', 'ਦਿਨ 31-60: ਸੀਨੀਅਰ ਲੀਡਰਸ਼ਿਪ ਰਾਹੀਂ ਘਰ-ਘਰ ਜਾ ਕੇ ਸਰਕਾਰ ਦੀਆਂ ਨਿਰਪੱਖ ਨੀਤੀਆਂ ਸਾਂਝੀਆਂ ਕਰੋ।', 'ਦਿਨ 61-90: ਨੌਜਵਾਨ ਵਰਗ ਨੂੰ ਸਰਕਾਰੀ ਨੌਕਰੀਆਂ ਅਤੇ ਖੇਡ ਕਿੱਟਾਂ ਰਾਹੀਂ ਪਾਰਟੀ ਨਾਲ ਜੋੜ ਕੇ ਲੀਡ ਘਟਾਓ।'], 'action_steps': ['ਦਿਨ 1-30: ਨਾਗ ਕਲਾਂ (ਭਾਗ 2) ਦੇ 30 ਨਿਰਪੱਖ ਅਤੇ ਪ੍ਰਭਾਵਸ਼ਾਲੀ ਪਰਿਵਾਰਾਂ ਦੀ ਸ਼ਨਾਖਤ ਕਰੋ।', 'ਦਿਨ 31-60: ਸੀਨੀਅਰ ਲੀਡਰਸ਼ਿਪ ਰਾਹੀਂ ਘਰ-ਘਰ ਜਾ ਕੇ ਸਰਕਾਰ ਦੀਆਂ ਨਿਰਪੱਖ ਨੀਤੀਆਂ ਸਾਂਝੀਆਂ ਕਰੋ।', 'ਦਿਨ 61-90: ਨੌਜਵਾਨ ਵਰਗ ਨੂੰ ਸਰਕਾਰੀ ਨੌਕਰੀਆਂ ਅਤੇ ਖੇਡ ਕਿੱਟਾਂ ਰਾਹੀਂ ਪਾਰਟੀ ਨਾਲ ਜੋੜ ਕੇ ਲੀਡ ਘਟਾਓ।']}"
177,173,Nag Khurd (Part 2),ਨਾਗ ਖੁਰਦ (ਭਾਗ 2),ਨਾਗ ਖੁਰਦ (ਭਾਗ 2),Nag Khurd (Part 2),ਨਾਗ ਖੁਰਦ (ਭਾਗ 2),INC,SAD,15,180,INC → SAD,INC → SAD,AAP Deficit,ਆਪ ਘਾਟ,INC Loss,"{'AAP': 'LOST_BOTH', 'SAD': 'GAINED', 'INC': 'LOST_24', 'BJP': 'WEAK'}",True,"{'is_flip': True, 'status_label': 'INC → SAD', 'turnout_diff': 196, 'turnout_pct': 38.58, 'sad_swing': 24.13, 'aap_swing': 4.28, 'inc_swing': -32.38, 'bjp_swing': 0.87}",508,704,196,38.58,161,393,232,31.69,55.82,24.13,132,213,81,25.98,30.26,4.28,176,16,-160,34.65,2.27,-32.38,5,13,8,0.98,1.85,0.87,45,6.39,"{'total': 508, 'sad': 161, 'aap': 132, 'inc': 176, 'bjp': 5, 'sad_votes': 161, 'sad_pct': 31.69, 'aap_votes': 132, 'aap_pct': 25.98, 'inc_votes': 176, 'inc_pct': 34.65, 'bjp_votes': 5, 'bjp_pct': 0.98, 'winner_party': 'INC', 'margin': 15, 'winner_candidate': 'Jagwinder Pal Singh (Jagga)'}","{'total': 704, 'sad': 393, 'aap': 213, 'inc': 16, 'bjp': 13, 'sada': 45, 'bsp': 0, 'others': 20, 'sad_votes': 393, 'sad_pct': 55.82, 'aap_votes': 213, 'aap_pct': 30.26, 'inc_votes': 16, 'inc_pct': 2.27, 'bjp_votes': 13, 'bjp_pct': 1.85, 'sada_votes': 45, 'sada_pct': 6.39, 'winner_party': 'SAD', 'margin': 180, 'winner_candidate': 'Anil Joshi'}","{'turnout_diff': 196, 'turnout_pct': 38.58, 'sad_shift': 232, 'sad_swing': 24.13, 'aap_shift': 81, 'aap_swing': 4.28, 'inc_shift': -160, 'inc_swing': -32.38, 'bjp_shift': 8, 'bjp_swing': 0.87}",Akali Bastion: Strategic Penetration & Demolition Zone,ਅਕਾਲੀ ਦਲ ਦਾ ਪ੍ਰਭਾਵਿਤ ਖੇਤਰ: ਵਿਸ਼ੇਸ਼ ਘੇਰਾਬੰਦੀ ਜ਼ੋਨ,SAD retained lead here by +180 votes (55.8% share). Target moderate Panthic and farming families in Nag Khurd (Part 2) disillusioned with traditional leadership. Appoint dedicated block coordinators and highlight direct government procurement and village development works.,ਅਕਾਲੀ ਦਲ ਨੇ ਇੱਥੇ +180 ਵੋਟਾਂ (55.8%) ਨਾਲ ਲੀਡ ਬਣਾਈ ਹੈ। ਨਾਗ ਖੁਰਦ (ਭਾਗ 2) ਵਿੱਚ ਰਵਾਇਤੀ ਲੀਡਰਸ਼ਿਪ ਤੋਂ ਨਿਰਾਸ਼ ਕਿਸਾਨ ਅਤੇ ਪੰਥਕ ਪਰਿਵਾਰਾਂ ਨਾਲ ਸੰਵਾਦ ਕਰੋ। ਪਿੰਡਾਂ ਵਿੱਚ ਪੰਜਾਬ ਸਰਕਾਰ ਦੇ ਵਿਕਾਸ ਕਾਰਜਾਂ ਅਤੇ ਨਿਰਪੱਖ ਭਰਤੀਆਂ ਦੇ ਸੁਨੇਹੇ ਨਾਲ ਸੰਨ੍ਹ ਲਗਾਓ।,"{'booth_no': '173', 'village_en': 'Nag Khurd (Part 2)', 'village_pa': 'ਨਾਗ ਖੁਰਦ (ਭਾਗ 2)', 'zone_en': 'Akali Bastion: Strategic Penetration & Demolition Zone', 'zone_pa': 'ਅਕਾਲੀ ਦਲ ਦਾ ਪ੍ਰਭਾਵਿਤ ਖੇਤਰ: ਵਿਸ਼ੇਸ਼ ਘੇਰਾਬੰਦੀ ਜ਼ੋਨ', 'action_en': 'SAD retained lead here by +180 votes (55.8% share). Target moderate Panthic and farming families in Nag Khurd (Part 2) disillusioned with traditional leadership. Appoint dedicated block coordinators and highlight direct government procurement and village development works.', 'action_pa': 'ਅਕਾਲੀ ਦਲ ਨੇ ਇੱਥੇ +180 ਵੋਟਾਂ (55.8%) ਨਾਲ ਲੀਡ ਬਣਾਈ ਹੈ। ਨਾਗ ਖੁਰਦ (ਭਾਗ 2) ਵਿੱਚ ਰਵਾਇਤੀ ਲੀਡਰਸ਼ਿਪ ਤੋਂ ਨਿਰਾਸ਼ ਕਿਸਾਨ ਅਤੇ ਪੰਥਕ ਪਰਿਵਾਰਾਂ ਨਾਲ ਸੰਵਾਦ ਕਰੋ। ਪਿੰਡਾਂ ਵਿੱਚ ਪੰਜਾਬ ਸਰਕਾਰ ਦੇ ਵਿਕਾਸ ਕਾਰਜਾਂ ਅਤੇ ਨਿਰਪੱਖ ਭਰਤੀਆਂ ਦੇ ਸੁਨੇਹੇ ਨਾਲ ਸੰਨ੍ਹ ਲਗਾਓ।', 'action_steps_en': ['Days 1-30: Map the top 30 influential non-committed Panthic families in Nag Khurd (Part 2).', 'Days 31-60: Deploy senior constituency leaders for direct home visits to address local disgruntlement.', ""Days 61-90: Neutralize SAD's +180 vote cushion by winning over agricultural youth.""], 'action_steps_pa': ['ਦਿਨ 1-30: ਨਾਗ ਖੁਰਦ (ਭਾਗ 2) ਦੇ 30 ਨਿਰਪੱਖ ਅਤੇ ਪ੍ਰਭਾਵਸ਼ਾਲੀ ਪਰਿਵਾਰਾਂ ਦੀ ਸ਼ਨਾਖਤ ਕਰੋ।', 'ਦਿਨ 31-60: ਸੀਨੀਅਰ ਲੀਡਰਸ਼ਿਪ ਰਾਹੀਂ ਘਰ-ਘਰ ਜਾ ਕੇ ਸਰਕਾਰ ਦੀਆਂ ਨਿਰਪੱਖ ਨੀਤੀਆਂ ਸਾਂਝੀਆਂ ਕਰੋ।', 'ਦਿਨ 61-90: ਨੌਜਵਾਨ ਵਰਗ ਨੂੰ ਸਰਕਾਰੀ ਨੌਕਰੀਆਂ ਅਤੇ ਖੇਡ ਕਿੱਟਾਂ ਰਾਹੀਂ ਪਾਰਟੀ ਨਾਲ ਜੋੜ ਕੇ ਲੀਡ ਘਟਾਓ।'], 'action_steps': ['ਦਿਨ 1-30: ਨਾਗ ਖੁਰਦ (ਭਾਗ 2) ਦੇ 30 ਨਿਰਪੱਖ ਅਤੇ ਪ੍ਰਭਾਵਸ਼ਾਲੀ ਪਰਿਵਾਰਾਂ ਦੀ ਸ਼ਨਾਖਤ ਕਰੋ।', 'ਦਿਨ 31-60: ਸੀਨੀਅਰ ਲੀਡਰਸ਼ਿਪ ਰਾਹੀਂ ਘਰ-ਘਰ ਜਾ ਕੇ ਸਰਕਾਰ ਦੀਆਂ ਨਿਰਪੱਖ ਨੀਤੀਆਂ ਸਾਂਝੀਆਂ ਕਰੋ।', 'ਦਿਨ 61-90: ਨੌਜਵਾਨ ਵਰਗ ਨੂੰ ਸਰਕਾਰੀ ਨੌਕਰੀਆਂ ਅਤੇ ਖੇਡ ਕਿੱਟਾਂ ਰਾਹੀਂ ਪਾਰਟੀ ਨਾਲ ਜੋੜ ਕੇ ਲੀਡ ਘਟਾਓ।']}"
178,174,Nangal Pannuwan (Part 2),ਨੰਗਲ ਪੰਨੂਆਂ (ਭਾਗ 2),ਨੰਗਲ ਪੰਨੂਆਂ (ਭਾਗ 2),Nangal Pannuwan (Part 2),ਨੰਗਲ ਪੰਨੂਆਂ (ਭਾਗ 2),SAD,AAP,11,59,SAD → AAP,SAD → AAP,AAP Gain,ਆਪ ਲਾਭ,INC Deficit,"{'AAP': 'GAINED', 'SAD': 'LOST_24', 'INC': 'WEAK', 'BJP': 'WEAK'}",True,"{'is_flip': True, 'status_label': 'SAD → AAP', 'turnout_diff': 58, 'turnout_pct': 11.58, 'sad_swing': -0.42, 'aap_swing': 12.34, 'inc_swing': -14.18, 'bjp_swing': -0.48}",501,559,58,11.58,184,203,19,36.73,36.31,-0.42,173,262,89,34.53,46.87,12.34,115,49,-66,22.95,8.77,-14.18,6,4,-2,1.2,0.72,-0.48,24,4.29,"{'total': 501, 'sad': 184, 'aap': 173, 'inc': 115, 'bjp': 6, 'sad_votes': 184, 'sad_pct': 36.73, 'aap_votes': 173, 'aap_pct': 34.53, 'inc_votes': 115, 'inc_pct': 22.95, 'bjp_votes': 6, 'bjp_pct': 1.2, 'winner_party': 'SAD', 'margin': 11, 'winner_candidate': 'Ganieve Kaur Majithia'}","{'total': 559, 'sad': 203, 'aap': 262, 'inc': 49, 'bjp': 4, 'sada': 24, 'bsp': 1, 'others': 15, 'sad_votes': 203, 'sad_pct': 36.31, 'aap_votes': 262, 'aap_pct': 46.87, 'inc_votes': 49, 'inc_pct': 8.77, 'bjp_votes': 4, 'bjp_pct': 0.72, 'sada_votes': 24, 'sada_pct': 4.29, 'winner_party': 'AAP', 'margin': 59, 'winner_candidate': 'Kuldeep Singh Dhaliwal'}","{'turnout_diff': 58, 'turnout_pct': 11.58, 'sad_shift': 19, 'sad_swing': -0.42, 'aap_shift': 89, 'aap_swing': 12.34, 'inc_shift': -66, 'inc_swing': -14.18, 'bjp_shift': -2, 'bjp_swing': -0.48}",Historic Breakthrough: AAP Flipped Stronghold,ਇਤਿਹਾਸਕ ਪ੍ਰਾਪਤੀ: ਅਕਾਲੀ ਗੜ੍ਹ ਵਿੱਚ ਆਪ ਦੀ ਜਿੱਤ ਜ਼ੋਨ,"Major breakthrough in Nangal Pannuwan (Part 2) previously held by SAD. Formally induct local village swing leaders and youth volunteers who backed AAP in 2024. Resolve local village infrastructure, canal tail issues, and cement +59 lead.","ਨੰਗਲ ਪੰਨੂਆਂ (ਭਾਗ 2) ਵਿੱਚ ਵੱਡੀ ਇਤਿਹਾਸਕ ਸਫ਼ਲਤਾ, ਜਿੱਥੇ SAD ਦਾ ਪੁਰਾਣਾ ਦਬਦਬਾ ਟੁੱਟਿਆ। 2024 ਵਿੱਚ ਆਪ ਨਾਲ ਜੁੜੇ ਨੌਜਵਾਨਾਂ ਅਤੇ ਪੰਚਾਇਤੀ ਆਗੂਆਂ ਨੂੰ ਜਥੇਬੰਦਕ ਜ਼ਿੰਮੇਵਾਰੀਆਂ ਦਿਓ ਅਤੇ +59 ਵੋਟਾਂ ਦੀ ਲੀਡ ਨੂੰ ਸਥਾਈ ਵੋਟ ਬੈਂਕ ਵਿੱਚ ਬਦਲੋ।","{'booth_no': '174', 'village_en': 'Nangal Pannuwan (Part 2)', 'village_pa': 'ਨੰਗਲ ਪੰਨੂਆਂ (ਭਾਗ 2)', 'zone_en': 'Historic Breakthrough: AAP Flipped Stronghold', 'zone_pa': 'ਇਤਿਹਾਸਕ ਪ੍ਰਾਪਤੀ: ਅਕਾਲੀ ਗੜ੍ਹ ਵਿੱਚ ਆਪ ਦੀ ਜਿੱਤ ਜ਼ੋਨ', 'action_en': 'Major breakthrough in Nangal Pannuwan (Part 2) previously held by SAD. Formally induct local village swing leaders and youth volunteers who backed AAP in 2024. Resolve local village infrastructure, canal tail issues, and cement +59 lead.', 'action_pa': 'ਨੰਗਲ ਪੰਨੂਆਂ (ਭਾਗ 2) ਵਿੱਚ ਵੱਡੀ ਇਤਿਹਾਸਕ ਸਫ਼ਲਤਾ, ਜਿੱਥੇ SAD ਦਾ ਪੁਰਾਣਾ ਦਬਦਬਾ ਟੁੱਟਿਆ। 2024 ਵਿੱਚ ਆਪ ਨਾਲ ਜੁੜੇ ਨੌਜਵਾਨਾਂ ਅਤੇ ਪੰਚਾਇਤੀ ਆਗੂਆਂ ਨੂੰ ਜਥੇਬੰਦਕ ਜ਼ਿੰਮੇਵਾਰੀਆਂ ਦਿਓ ਅਤੇ +59 ਵੋਟਾਂ ਦੀ ਲੀਡ ਨੂੰ ਸਥਾਈ ਵੋਟ ਬੈਂਕ ਵਿੱਚ ਬਦਲੋ।', 'action_steps_en': ['Days 1-30: Onboard dynamic swing workers who crossed over from SAD into the formal AAP booth structure.', 'Days 31-60: Prioritize village link road and street light repairs in Nangal Pannuwan (Part 2) through rural development grants.', 'Days 61-90: Convert current +59 vote lead into permanent party loyalty before 2027.'], 'action_steps_pa': ['ਦਿਨ 1-30: SAD ਛੱਡ ਕੇ ਆਪ ਵਿੱਚ ਸ਼ਾਮਲ ਹੋਏ ਆਗੂਆਂ ਨੂੰ ਬੂਥ ਕਮੇਟੀ ਵਿੱਚ ਅਹਿਮ ਜ਼ਿੰਮੇਵਾਰੀਆਂ ਦਿਓ।', ""ਦਿਨ 31-60: ਨੰਗਲ ਪੰਨੂਆਂ (ਭਾਗ 2) ਵਿੱਚ ਪਿੰਡ ਦੀਆਂ ਫਿਰਨੀਆਂ, ਗਲੀਆਂ ਅਤੇ ਲਿੰਕ ਸੜਕਾਂ ਦੇ ਕੰਮ ਤਰਜੀਹ 'ਤੇ ਕਰਵਾਓ।"", 'ਦਿਨ 61-90: +59 ਵੋਟਾਂ ਦੀ ਲੀਡ ਨੂੰ ਪੱਕੇ ਵੋਟ ਬੈਂਕ ਵਿੱਚ ਤਬਦੀਲ ਕਰੋ।'], 'action_steps': ['ਦਿਨ 1-30: SAD ਛੱਡ ਕੇ ਆਪ ਵਿੱਚ ਸ਼ਾਮਲ ਹੋਏ ਆਗੂਆਂ ਨੂੰ ਬੂਥ ਕਮੇਟੀ ਵਿੱਚ ਅਹਿਮ ਜ਼ਿੰਮੇਵਾਰੀਆਂ ਦਿਓ।', ""ਦਿਨ 31-60: ਨੰਗਲ ਪੰਨੂਆਂ (ਭਾਗ 2) ਵਿੱਚ ਪਿੰਡ ਦੀਆਂ ਫਿਰਨੀਆਂ, ਗਲੀਆਂ ਅਤੇ ਲਿੰਕ ਸੜਕਾਂ ਦੇ ਕੰਮ ਤਰਜੀਹ 'ਤੇ ਕਰਵਾਓ।"", 'ਦਿਨ 61-90: +59 ਵੋਟਾਂ ਦੀ ਲੀਡ ਨੂੰ ਪੱਕੇ ਵੋਟ ਬੈਂਕ ਵਿੱਚ ਤਬਦੀਲ ਕਰੋ।']}"
179,175,Pakhar Pura (Part 2),ਪੱਖਰ ਪੁਰਾ (ਭਾਗ 2),ਪੱਖਰ ਪੁਰਾ (ਭਾਗ 2),Pakhar Pura (Part 2),ਪੱਖਰ ਪੁਰਾ (ਭਾਗ 2),SAD,SAD,26,212,SAD Retained,SAD Retained,AAP Deficit,ਆਪ ਘਾਟ,INC Deficit,"{'AAP': 'LOST_BOTH', 'SAD': 'WON_BOTH', 'INC': 'WEAK', 'BJP': 'WEAK'}",False,"{'is_flip': False, 'status_label': 'SAD Retained', 'turnout_diff': 445, 'turnout_pct': 112.37, 'sad_swing': 7.8, 'aap_swing': -10.84, 'inc_swing': 2.08, 'bjp_swing': 0.46}",396,841,445,112.37,173,433,260,43.69,51.49,7.8,147,221,74,37.12,26.28,-10.84,45,113,68,11.36,13.44,2.08,1,6,5,0.25,0.71,0.46,56,6.66,"{'total': 396, 'sad': 173, 'aap': 147, 'inc': 45, 'bjp': 1, 'sad_votes': 173, 'sad_pct': 43.69, 'aap_votes': 147, 'aap_pct': 37.12, 'inc_votes': 45, 'inc_pct': 11.36, 'bjp_votes': 1, 'bjp_pct': 0.25, 'winner_party': 'SAD', 'margin': 26, 'winner_candidate': 'Ganieve Kaur Majithia'}","{'total': 841, 'sad': 433, 'aap': 221, 'inc': 113, 'bjp': 6, 'sada': 56, 'bsp': 0, 'others': 11, 'sad_votes': 433, 'sad_pct': 51.49, 'aap_votes': 221, 'aap_pct': 26.28, 'inc_votes': 113, 'inc_pct': 13.44, 'bjp_votes': 6, 'bjp_pct': 0.71, 'sada_votes': 56, 'sada_pct': 6.66, 'winner_party': 'SAD', 'margin': 212, 'winner_candidate': 'Anil Joshi'}","{'turnout_diff': 445, 'turnout_pct': 112.37, 'sad_shift': 260, 'sad_swing': 7.8, 'aap_shift': 74, 'aap_swing': -10.84, 'inc_shift': 68, 'inc_swing': 2.08, 'bjp_shift': 5, 'bjp_swing': 0.46}",Akali Bastion: Strategic Penetration & Demolition Zone,ਅਕਾਲੀ ਦਲ ਦਾ ਪ੍ਰਭਾਵਿਤ ਖੇਤਰ: ਵਿਸ਼ੇਸ਼ ਘੇਰਾਬੰਦੀ ਜ਼ੋਨ,SAD retained lead here by +212 votes (51.5% share). Target moderate Panthic and farming families in Pakhar Pura (Part 2) disillusioned with traditional leadership. Appoint dedicated block coordinators and highlight direct government procurement and village development works.,ਅਕਾਲੀ ਦਲ ਨੇ ਇੱਥੇ +212 ਵੋਟਾਂ (51.5%) ਨਾਲ ਲੀਡ ਬਣਾਈ ਹੈ। ਪੱਖਰ ਪੁਰਾ (ਭਾਗ 2) ਵਿੱਚ ਰਵਾਇਤੀ ਲੀਡਰਸ਼ਿਪ ਤੋਂ ਨਿਰਾਸ਼ ਕਿਸਾਨ ਅਤੇ ਪੰਥਕ ਪਰਿਵਾਰਾਂ ਨਾਲ ਸੰਵਾਦ ਕਰੋ। ਪਿੰਡਾਂ ਵਿੱਚ ਪੰਜਾਬ ਸਰਕਾਰ ਦੇ ਵਿਕਾਸ ਕਾਰਜਾਂ ਅਤੇ ਨਿਰਪੱਖ ਭਰਤੀਆਂ ਦੇ ਸੁਨੇਹੇ ਨਾਲ ਸੰਨ੍ਹ ਲਗਾਓ।,"{'booth_no': '175', 'village_en': 'Pakhar Pura (Part 2)', 'village_pa': 'ਪੱਖਰ ਪੁਰਾ (ਭਾਗ 2)', 'zone_en': 'Akali Bastion: Strategic Penetration & Demolition Zone', 'zone_pa': 'ਅਕਾਲੀ ਦਲ ਦਾ ਪ੍ਰਭਾਵਿਤ ਖੇਤਰ: ਵਿਸ਼ੇਸ਼ ਘੇਰਾਬੰਦੀ ਜ਼ੋਨ', 'action_en': 'SAD retained lead here by +212 votes (51.5% share). Target moderate Panthic and farming families in Pakhar Pura (Part 2) disillusioned with traditional leadership. Appoint dedicated block coordinators and highlight direct government procurement and village development works.', 'action_pa': 'ਅਕਾਲੀ ਦਲ ਨੇ ਇੱਥੇ +212 ਵੋਟਾਂ (51.5%) ਨਾਲ ਲੀਡ ਬਣਾਈ ਹੈ। ਪੱਖਰ ਪੁਰਾ (ਭਾਗ 2) ਵਿੱਚ ਰਵਾਇਤੀ ਲੀਡਰਸ਼ਿਪ ਤੋਂ ਨਿਰਾਸ਼ ਕਿਸਾਨ ਅਤੇ ਪੰਥਕ ਪਰਿਵਾਰਾਂ ਨਾਲ ਸੰਵਾਦ ਕਰੋ। ਪਿੰਡਾਂ ਵਿੱਚ ਪੰਜਾਬ ਸਰਕਾਰ ਦੇ ਵਿਕਾਸ ਕਾਰਜਾਂ ਅਤੇ ਨਿਰਪੱਖ ਭਰਤੀਆਂ ਦੇ ਸੁਨੇਹੇ ਨਾਲ ਸੰਨ੍ਹ ਲਗਾਓ।', 'action_steps_en': ['Days 1-30: Map the top 30 influential non-committed Panthic families in Pakhar Pura (Part 2).', 'Days 31-60: Deploy senior constituency leaders for direct home visits to address local disgruntlement.', ""Days 61-90: Neutralize SAD's +212 vote cushion by winning over agricultural youth.""], 'action_steps_pa': ['ਦਿਨ 1-30: ਪੱਖਰ ਪੁਰਾ (ਭਾਗ 2) ਦੇ 30 ਨਿਰਪੱਖ ਅਤੇ ਪ੍ਰਭਾਵਸ਼ਾਲੀ ਪਰਿਵਾਰਾਂ ਦੀ ਸ਼ਨਾਖਤ ਕਰੋ।', 'ਦਿਨ 31-60: ਸੀਨੀਅਰ ਲੀਡਰਸ਼ਿਪ ਰਾਹੀਂ ਘਰ-ਘਰ ਜਾ ਕੇ ਸਰਕਾਰ ਦੀਆਂ ਨਿਰਪੱਖ ਨੀਤੀਆਂ ਸਾਂਝੀਆਂ ਕਰੋ।', 'ਦਿਨ 61-90: ਨੌਜਵਾਨ ਵਰਗ ਨੂੰ ਸਰਕਾਰੀ ਨੌਕਰੀਆਂ ਅਤੇ ਖੇਡ ਕਿੱਟਾਂ ਰਾਹੀਂ ਪਾਰਟੀ ਨਾਲ ਜੋੜ ਕੇ ਲੀਡ ਘਟਾਓ।'], 'action_steps': ['ਦਿਨ 1-30: ਪੱਖਰ ਪੁਰਾ (ਭਾਗ 2) ਦੇ 30 ਨਿਰਪੱਖ ਅਤੇ ਪ੍ਰਭਾਵਸ਼ਾਲੀ ਪਰਿਵਾਰਾਂ ਦੀ ਸ਼ਨਾਖਤ ਕਰੋ।', 'ਦਿਨ 31-60: ਸੀਨੀਅਰ ਲੀਡਰਸ਼ਿਪ ਰਾਹੀਂ ਘਰ-ਘਰ ਜਾ ਕੇ ਸਰਕਾਰ ਦੀਆਂ ਨਿਰਪੱਖ ਨੀਤੀਆਂ ਸਾਂਝੀਆਂ ਕਰੋ।', 'ਦਿਨ 61-90: ਨੌਜਵਾਨ ਵਰਗ ਨੂੰ ਸਰਕਾਰੀ ਨੌਕਰੀਆਂ ਅਤੇ ਖੇਡ ਕਿੱਟਾਂ ਰਾਹੀਂ ਪਾਰਟੀ ਨਾਲ ਜੋੜ ਕੇ ਲੀਡ ਘਟਾਓ।']}"
180,176,Pandher (Part 2),ਪੰਧੇਰ (ਭਾਗ 2),ਪੰਧੇਰ (ਭਾਗ 2),Pandher (Part 2),ਪੰਧੇਰ (ਭਾਗ 2),AAP,SAD,8,109,AAP → SAD,AAP → SAD,AAP Loss,ਆਪ ਨੁਕਸਾਨ,INC Deficit,"{'AAP': 'LOST_24', 'SAD': 'GAINED', 'INC': 'WEAK', 'BJP': 'WEAK'}",True,"{'is_flip': True, 'status_label': 'AAP → SAD', 'turnout_diff': 64, 'turnout_pct': 12.7, 'sad_swing': 6.69, 'aap_swing': -14.09, 'inc_swing': 1.26, 'bjp_swing': 5.76}",504,568,64,12.7,189,251,62,37.5,44.19,6.69,197,142,-55,39.09,25.0,-14.09,38,50,12,7.54,8.8,1.26,2,35,33,0.4,6.16,5.76,36,6.34,"{'total': 504, 'sad': 189, 'aap': 197, 'inc': 38, 'bjp': 2, 'sad_votes': 189, 'sad_pct': 37.5, 'aap_votes': 197, 'aap_pct': 39.09, 'inc_votes': 38, 'inc_pct': 7.54, 'bjp_votes': 2, 'bjp_pct': 0.4, 'winner_party': 'AAP', 'margin': 8, 'winner_candidate': 'Sukhjinder Raj Singh (Lalli)'}","{'total': 568, 'sad': 251, 'aap': 142, 'inc': 50, 'bjp': 35, 'sada': 36, 'bsp': 0, 'others': 52, 'sad_votes': 251, 'sad_pct': 44.19, 'aap_votes': 142, 'aap_pct': 25.0, 'inc_votes': 50, 'inc_pct': 8.8, 'bjp_votes': 35, 'bjp_pct': 6.16, 'sada_votes': 36, 'sada_pct': 6.34, 'winner_party': 'SAD', 'margin': 109, 'winner_candidate': 'Anil Joshi'}","{'turnout_diff': 64, 'turnout_pct': 12.7, 'sad_shift': 62, 'sad_swing': 6.69, 'aap_shift': -55, 'aap_swing': -14.09, 'inc_shift': 12, 'inc_swing': 1.26, 'bjp_shift': 33, 'bjp_swing': 5.76}",Akali Bastion: Strategic Penetration & Demolition Zone,ਅਕਾਲੀ ਦਲ ਦਾ ਪ੍ਰਭਾਵਿਤ ਖੇਤਰ: ਵਿਸ਼ੇਸ਼ ਘੇਰਾਬੰਦੀ ਜ਼ੋਨ,SAD retained lead here by +109 votes (44.2% share). Target moderate Panthic and farming families in Pandher (Part 2) disillusioned with traditional leadership. Appoint dedicated block coordinators and highlight direct government procurement and village development works.,ਅਕਾਲੀ ਦਲ ਨੇ ਇੱਥੇ +109 ਵੋਟਾਂ (44.2%) ਨਾਲ ਲੀਡ ਬਣਾਈ ਹੈ। ਪੰਧੇਰ (ਭਾਗ 2) ਵਿੱਚ ਰਵਾਇਤੀ ਲੀਡਰਸ਼ਿਪ ਤੋਂ ਨਿਰਾਸ਼ ਕਿਸਾਨ ਅਤੇ ਪੰਥਕ ਪਰਿਵਾਰਾਂ ਨਾਲ ਸੰਵਾਦ ਕਰੋ। ਪਿੰਡਾਂ ਵਿੱਚ ਪੰਜਾਬ ਸਰਕਾਰ ਦੇ ਵਿਕਾਸ ਕਾਰਜਾਂ ਅਤੇ ਨਿਰਪੱਖ ਭਰਤੀਆਂ ਦੇ ਸੁਨੇਹੇ ਨਾਲ ਸੰਨ੍ਹ ਲਗਾਓ।,"{'booth_no': '176', 'village_en': 'Pandher (Part 2)', 'village_pa': 'ਪੰਧੇਰ (ਭਾਗ 2)', 'zone_en': 'Akali Bastion: Strategic Penetration & Demolition Zone', 'zone_pa': 'ਅਕਾਲੀ ਦਲ ਦਾ ਪ੍ਰਭਾਵਿਤ ਖੇਤਰ: ਵਿਸ਼ੇਸ਼ ਘੇਰਾਬੰਦੀ ਜ਼ੋਨ', 'action_en': 'SAD retained lead here by +109 votes (44.2% share). Target moderate Panthic and farming families in Pandher (Part 2) disillusioned with traditional leadership. Appoint dedicated block coordinators and highlight direct government procurement and village development works.', 'action_pa': 'ਅਕਾਲੀ ਦਲ ਨੇ ਇੱਥੇ +109 ਵੋਟਾਂ (44.2%) ਨਾਲ ਲੀਡ ਬਣਾਈ ਹੈ। ਪੰਧੇਰ (ਭਾਗ 2) ਵਿੱਚ ਰਵਾਇਤੀ ਲੀਡਰਸ਼ਿਪ ਤੋਂ ਨਿਰਾਸ਼ ਕਿਸਾਨ ਅਤੇ ਪੰਥਕ ਪਰਿਵਾਰਾਂ ਨਾਲ ਸੰਵਾਦ ਕਰੋ। ਪਿੰਡਾਂ ਵਿੱਚ ਪੰਜਾਬ ਸਰਕਾਰ ਦੇ ਵਿਕਾਸ ਕਾਰਜਾਂ ਅਤੇ ਨਿਰਪੱਖ ਭਰਤੀਆਂ ਦੇ ਸੁਨੇਹੇ ਨਾਲ ਸੰਨ੍ਹ ਲਗਾਓ।', 'action_steps_en': ['Days 1-30: Map the top 30 influential non-committed Panthic families in Pandher (Part 2).', 'Days 31-60: Deploy senior constituency leaders for direct home visits to address local disgruntlement.', ""Days 61-90: Neutralize SAD's +109 vote cushion by winning over agricultural youth.""], 'action_steps_pa': ['ਦਿਨ 1-30: ਪੰਧੇਰ (ਭਾਗ 2) ਦੇ 30 ਨਿਰਪੱਖ ਅਤੇ ਪ੍ਰਭਾਵਸ਼ਾਲੀ ਪਰਿਵਾਰਾਂ ਦੀ ਸ਼ਨਾਖਤ ਕਰੋ।', 'ਦਿਨ 31-60: ਸੀਨੀਅਰ ਲੀਡਰਸ਼ਿਪ ਰਾਹੀਂ ਘਰ-ਘਰ ਜਾ ਕੇ ਸਰਕਾਰ ਦੀਆਂ ਨਿਰਪੱਖ ਨੀਤੀਆਂ ਸਾਂਝੀਆਂ ਕਰੋ।', 'ਦਿਨ 61-90: ਨੌਜਵਾਨ ਵਰਗ ਨੂੰ ਸਰਕਾਰੀ ਨੌਕਰੀਆਂ ਅਤੇ ਖੇਡ ਕਿੱਟਾਂ ਰਾਹੀਂ ਪਾਰਟੀ ਨਾਲ ਜੋੜ ਕੇ ਲੀਡ ਘਟਾਓ।'], 'action_steps': ['ਦਿਨ 1-30: ਪੰਧੇਰ (ਭਾਗ 2) ਦੇ 30 ਨਿਰਪੱਖ ਅਤੇ ਪ੍ਰਭਾਵਸ਼ਾਲੀ ਪਰਿਵਾਰਾਂ ਦੀ ਸ਼ਨਾਖਤ ਕਰੋ।', 'ਦਿਨ 31-60: ਸੀਨੀਅਰ ਲੀਡਰਸ਼ਿਪ ਰਾਹੀਂ ਘਰ-ਘਰ ਜਾ ਕੇ ਸਰਕਾਰ ਦੀਆਂ ਨਿਰਪੱਖ ਨੀਤੀਆਂ ਸਾਂਝੀਆਂ ਕਰੋ।', 'ਦਿਨ 61-90: ਨੌਜਵਾਨ ਵਰਗ ਨੂੰ ਸਰਕਾਰੀ ਨੌਕਰੀਆਂ ਅਤੇ ਖੇਡ ਕਿੱਟਾਂ ਰਾਹੀਂ ਪਾਰਟੀ ਨਾਲ ਜੋੜ ਕੇ ਲੀਡ ਘਟਾਓ।']}"
181,177,Rakhnag (Part 2),ਰੱਖਨਾਗ (ਭਾਗ 2),ਰੱਖਨਾਗ (ਭਾਗ 2),Rakhnag (Part 2),ਰੱਖਨਾਗ (ਭਾਗ 2),SAD,AAP,149,55,SAD → AAP,SAD → AAP,AAP Gain,ਆਪ ਲਾਭ,INC Deficit,"{'AAP': 'GAINED', 'SAD': 'LOST_24', 'INC': 'WEAK', 'BJP': 'WEAK'}",True,"{'is_flip': True, 'status_label': 'SAD → AAP', 'turnout_diff': -25, 'turnout_pct': -4.38, 'sad_swing': -16.52, 'aap_swing': 21.23, 'inc_swing': -10.02, 'bjp_swing': 7.16}",571,546,-25,-4.38,270,168,-102,47.29,30.77,-16.52,112,223,111,19.61,40.84,21.23,121,61,-60,21.19,11.17,-10.02,2,41,39,0.35,7.51,7.16,26,4.76,"{'total': 571, 'sad': 270, 'aap': 112, 'inc': 121, 'bjp': 2, 'sad_votes': 270, 'sad_pct': 47.29, 'aap_votes': 112, 'aap_pct': 19.61, 'inc_votes': 121, 'inc_pct': 21.19, 'bjp_votes': 2, 'bjp_pct': 0.35, 'winner_party': 'SAD', 'margin': 149, 'winner_candidate': 'Ganieve Kaur Majithia'}","{'total': 546, 'sad': 168, 'aap': 223, 'inc': 61, 'bjp': 41, 'sada': 26, 'bsp': 2, 'others': 22, 'sad_votes': 168, 'sad_pct': 30.77, 'aap_votes': 223, 'aap_pct': 40.84, 'inc_votes': 61, 'inc_pct': 11.17, 'bjp_votes': 41, 'bjp_pct': 7.51, 'sada_votes': 26, 'sada_pct': 4.76, 'winner_party': 'AAP', 'margin': 55, 'winner_candidate': 'Kuldeep Singh Dhaliwal'}","{'turnout_diff': -25, 'turnout_pct': -4.38, 'sad_shift': -102, 'sad_swing': -16.52, 'aap_shift': 111, 'aap_swing': 21.23, 'inc_shift': -60, 'inc_swing': -10.02, 'bjp_shift': 39, 'bjp_swing': 7.16}",Historic Breakthrough: AAP Flipped Stronghold,ਇਤਿਹਾਸਕ ਪ੍ਰਾਪਤੀ: ਅਕਾਲੀ ਗੜ੍ਹ ਵਿੱਚ ਆਪ ਦੀ ਜਿੱਤ ਜ਼ੋਨ,"Major breakthrough in Rakhnag (Part 2) previously held by SAD. Formally induct local village swing leaders and youth volunteers who backed AAP in 2024. Resolve local village infrastructure, canal tail issues, and cement +55 lead.","ਰੱਖਨਾਗ (ਭਾਗ 2) ਵਿੱਚ ਵੱਡੀ ਇਤਿਹਾਸਕ ਸਫ਼ਲਤਾ, ਜਿੱਥੇ SAD ਦਾ ਪੁਰਾਣਾ ਦਬਦਬਾ ਟੁੱਟਿਆ। 2024 ਵਿੱਚ ਆਪ ਨਾਲ ਜੁੜੇ ਨੌਜਵਾਨਾਂ ਅਤੇ ਪੰਚਾਇਤੀ ਆਗੂਆਂ ਨੂੰ ਜਥੇਬੰਦਕ ਜ਼ਿੰਮੇਵਾਰੀਆਂ ਦਿਓ ਅਤੇ +55 ਵੋਟਾਂ ਦੀ ਲੀਡ ਨੂੰ ਸਥਾਈ ਵੋਟ ਬੈਂਕ ਵਿੱਚ ਬਦਲੋ।","{'booth_no': '177', 'village_en': 'Rakhnag (Part 2)', 'village_pa': 'ਰੱਖਨਾਗ (ਭਾਗ 2)', 'zone_en': 'Historic Breakthrough: AAP Flipped Stronghold', 'zone_pa': 'ਇਤਿਹਾਸਕ ਪ੍ਰਾਪਤੀ: ਅਕਾਲੀ ਗੜ੍ਹ ਵਿੱਚ ਆਪ ਦੀ ਜਿੱਤ ਜ਼ੋਨ', 'action_en': 'Major breakthrough in Rakhnag (Part 2) previously held by SAD. Formally induct local village swing leaders and youth volunteers who backed AAP in 2024. Resolve local village infrastructure, canal tail issues, and cement +55 lead.', 'action_pa': 'ਰੱਖਨਾਗ (ਭਾਗ 2) ਵਿੱਚ ਵੱਡੀ ਇਤਿਹਾਸਕ ਸਫ਼ਲਤਾ, ਜਿੱਥੇ SAD ਦਾ ਪੁਰਾਣਾ ਦਬਦਬਾ ਟੁੱਟਿਆ। 2024 ਵਿੱਚ ਆਪ ਨਾਲ ਜੁੜੇ ਨੌਜਵਾਨਾਂ ਅਤੇ ਪੰਚਾਇਤੀ ਆਗੂਆਂ ਨੂੰ ਜਥੇਬੰਦਕ ਜ਼ਿੰਮੇਵਾਰੀਆਂ ਦਿਓ ਅਤੇ +55 ਵੋਟਾਂ ਦੀ ਲੀਡ ਨੂੰ ਸਥਾਈ ਵੋਟ ਬੈਂਕ ਵਿੱਚ ਬਦਲੋ।', 'action_steps_en': ['Days 1-30: Onboard dynamic swing workers who crossed over from SAD into the formal AAP booth structure.', 'Days 31-60: Prioritize village link road and street light repairs in Rakhnag (Part 2) through rural development grants.', 'Days 61-90: Convert current +55 vote lead into permanent party loyalty before 2027.'], 'action_steps_pa': ['ਦਿਨ 1-30: SAD ਛੱਡ ਕੇ ਆਪ ਵਿੱਚ ਸ਼ਾਮਲ ਹੋਏ ਆਗੂਆਂ ਨੂੰ ਬੂਥ ਕਮੇਟੀ ਵਿੱਚ ਅਹਿਮ ਜ਼ਿੰਮੇਵਾਰੀਆਂ ਦਿਓ।', ""ਦਿਨ 31-60: ਰੱਖਨਾਗ (ਭਾਗ 2) ਵਿੱਚ ਪਿੰਡ ਦੀਆਂ ਫਿਰਨੀਆਂ, ਗਲੀਆਂ ਅਤੇ ਲਿੰਕ ਸੜਕਾਂ ਦੇ ਕੰਮ ਤਰਜੀਹ 'ਤੇ ਕਰਵਾਓ।"", 'ਦਿਨ 61-90: +55 ਵੋਟਾਂ ਦੀ ਲੀਡ ਨੂੰ ਪੱਕੇ ਵੋਟ ਬੈਂਕ ਵਿੱਚ ਤਬਦੀਲ ਕਰੋ।'], 'action_steps': ['ਦਿਨ 1-30: SAD ਛੱਡ ਕੇ ਆਪ ਵਿੱਚ ਸ਼ਾਮਲ ਹੋਏ ਆਗੂਆਂ ਨੂੰ ਬੂਥ ਕਮੇਟੀ ਵਿੱਚ ਅਹਿਮ ਜ਼ਿੰਮੇਵਾਰੀਆਂ ਦਿਓ।', ""ਦਿਨ 31-60: ਰੱਖਨਾਗ (ਭਾਗ 2) ਵਿੱਚ ਪਿੰਡ ਦੀਆਂ ਫਿਰਨੀਆਂ, ਗਲੀਆਂ ਅਤੇ ਲਿੰਕ ਸੜਕਾਂ ਦੇ ਕੰਮ ਤਰਜੀਹ 'ਤੇ ਕਰਵਾਓ।"", 'ਦਿਨ 61-90: +55 ਵੋਟਾਂ ਦੀ ਲੀਡ ਨੂੰ ਪੱਕੇ ਵੋਟ ਬੈਂਕ ਵਿੱਚ ਤਬਦੀਲ ਕਰੋ।']}"
182,178,Ramana Chak (Part 2),ਰਮਾਣਾ ਚੱਕ (ਭਾਗ 2),ਰਮਾਣਾ ਚੱਕ (ਭਾਗ 2),Ramana Chak (Part 2),ਰਮਾਣਾ ਚੱਕ (ਭਾਗ 2),SAD,SAD,25,3,SAD Retained,SAD Retained,AAP Deficit,ਆਪ ਘਾਟ,INC Deficit,"{'AAP': 'LOST_BOTH', 'SAD': 'WON_BOTH', 'INC': 'WEAK', 'BJP': 'WEAK'}",False,"{'is_flip': False, 'status_label': 'SAD Retained', 'turnout_diff': -402, 'turnout_pct': -64.73, 'sad_swing': 3.6, 'aap_swing': 6.26, 'inc_swing': -13.52, 'bjp_swing': 0.27}",621,219,-402,-64.73,230,89,-141,37.04,40.64,3.6,205,86,-119,33.01,39.27,6.26,135,18,-117,21.74,8.22,-13.52,4,2,-2,0.64,0.91,0.27,14,6.39,"{'total': 621, 'sad': 230, 'aap': 205, 'inc': 135, 'bjp': 4, 'sad_votes': 230, 'sad_pct': 37.04, 'aap_votes': 205, 'aap_pct': 33.01, 'inc_votes': 135, 'inc_pct': 21.74, 'bjp_votes': 4, 'bjp_pct': 0.64, 'winner_party': 'SAD', 'margin': 25, 'winner_candidate': 'Ganieve Kaur Majithia'}","{'total': 219, 'sad': 89, 'aap': 86, 'inc': 18, 'bjp': 2, 'sada': 14, 'bsp': 0, 'others': 10, 'sad_votes': 89, 'sad_pct': 40.64, 'aap_votes': 86, 'aap_pct': 39.27, 'inc_votes': 18, 'inc_pct': 8.22, 'bjp_votes': 2, 'bjp_pct': 0.91, 'sada_votes': 14, 'sada_pct': 6.39, 'winner_party': 'SAD', 'margin': 3, 'winner_candidate': 'Anil Joshi'}","{'turnout_diff': -402, 'turnout_pct': -64.73, 'sad_shift': -141, 'sad_swing': 3.6, 'aap_shift': -119, 'aap_swing': 6.26, 'inc_shift': -117, 'inc_swing': -13.52, 'bjp_shift': -2, 'bjp_swing': 0.27}",Akali Bastion: Strategic Penetration & Demolition Zone,ਅਕਾਲੀ ਦਲ ਦਾ ਪ੍ਰਭਾਵਿਤ ਖੇਤਰ: ਵਿਸ਼ੇਸ਼ ਘੇਰਾਬੰਦੀ ਜ਼ੋਨ,SAD retained lead here by +3 votes (40.6% share). Target moderate Panthic and farming families in Ramana Chak (Part 2) disillusioned with traditional leadership. Appoint dedicated block coordinators and highlight direct government procurement and village development works.,ਅਕਾਲੀ ਦਲ ਨੇ ਇੱਥੇ +3 ਵੋਟਾਂ (40.6%) ਨਾਲ ਲੀਡ ਬਣਾਈ ਹੈ। ਰਮਾਣਾ ਚੱਕ (ਭਾਗ 2) ਵਿੱਚ ਰਵਾਇਤੀ ਲੀਡਰਸ਼ਿਪ ਤੋਂ ਨਿਰਾਸ਼ ਕਿਸਾਨ ਅਤੇ ਪੰਥਕ ਪਰਿਵਾਰਾਂ ਨਾਲ ਸੰਵਾਦ ਕਰੋ। ਪਿੰਡਾਂ ਵਿੱਚ ਪੰਜਾਬ ਸਰਕਾਰ ਦੇ ਵਿਕਾਸ ਕਾਰਜਾਂ ਅਤੇ ਨਿਰਪੱਖ ਭਰਤੀਆਂ ਦੇ ਸੁਨੇਹੇ ਨਾਲ ਸੰਨ੍ਹ ਲਗਾਓ।,"{'booth_no': '178', 'village_en': 'Ramana Chak (Part 2)', 'village_pa': 'ਰਮਾਣਾ ਚੱਕ (ਭਾਗ 2)', 'zone_en': 'Akali Bastion: Strategic Penetration & Demolition Zone', 'zone_pa': 'ਅਕਾਲੀ ਦਲ ਦਾ ਪ੍ਰਭਾਵਿਤ ਖੇਤਰ: ਵਿਸ਼ੇਸ਼ ਘੇਰਾਬੰਦੀ ਜ਼ੋਨ', 'action_en': 'SAD retained lead here by +3 votes (40.6% share). Target moderate Panthic and farming families in Ramana Chak (Part 2) disillusioned with traditional leadership. Appoint dedicated block coordinators and highlight direct government procurement and village development works.', 'action_pa': 'ਅਕਾਲੀ ਦਲ ਨੇ ਇੱਥੇ +3 ਵੋਟਾਂ (40.6%) ਨਾਲ ਲੀਡ ਬਣਾਈ ਹੈ। ਰਮਾਣਾ ਚੱਕ (ਭਾਗ 2) ਵਿੱਚ ਰਵਾਇਤੀ ਲੀਡਰਸ਼ਿਪ ਤੋਂ ਨਿਰਾਸ਼ ਕਿਸਾਨ ਅਤੇ ਪੰਥਕ ਪਰਿਵਾਰਾਂ ਨਾਲ ਸੰਵਾਦ ਕਰੋ। ਪਿੰਡਾਂ ਵਿੱਚ ਪੰਜਾਬ ਸਰਕਾਰ ਦੇ ਵਿਕਾਸ ਕਾਰਜਾਂ ਅਤੇ ਨਿਰਪੱਖ ਭਰਤੀਆਂ ਦੇ ਸੁਨੇਹੇ ਨਾਲ ਸੰਨ੍ਹ ਲਗਾਓ।', 'action_steps_en': ['Days 1-30: Map the top 30 influential non-committed Panthic families in Ramana Chak (Part 2).', 'Days 31-60: Deploy senior constituency leaders for direct home visits to address local disgruntlement.', ""Days 61-90: Neutralize SAD's +3 vote cushion by winning over agricultural youth.""], 'action_steps_pa': ['ਦਿਨ 1-30: ਰਮਾਣਾ ਚੱਕ (ਭਾਗ 2) ਦੇ 30 ਨਿਰਪੱਖ ਅਤੇ ਪ੍ਰਭਾਵਸ਼ਾਲੀ ਪਰਿਵਾਰਾਂ ਦੀ ਸ਼ਨਾਖਤ ਕਰੋ।', 'ਦਿਨ 31-60: ਸੀਨੀਅਰ ਲੀਡਰਸ਼ਿਪ ਰਾਹੀਂ ਘਰ-ਘਰ ਜਾ ਕੇ ਸਰਕਾਰ ਦੀਆਂ ਨਿਰਪੱਖ ਨੀਤੀਆਂ ਸਾਂਝੀਆਂ ਕਰੋ।', 'ਦਿਨ 61-90: ਨੌਜਵਾਨ ਵਰਗ ਨੂੰ ਸਰਕਾਰੀ ਨੌਕਰੀਆਂ ਅਤੇ ਖੇਡ ਕਿੱਟਾਂ ਰਾਹੀਂ ਪਾਰਟੀ ਨਾਲ ਜੋੜ ਕੇ ਲੀਡ ਘਟਾਓ।'], 'action_steps': ['ਦਿਨ 1-30: ਰਮਾਣਾ ਚੱਕ (ਭਾਗ 2) ਦੇ 30 ਨਿਰਪੱਖ ਅਤੇ ਪ੍ਰਭਾਵਸ਼ਾਲੀ ਪਰਿਵਾਰਾਂ ਦੀ ਸ਼ਨਾਖਤ ਕਰੋ।', 'ਦਿਨ 31-60: ਸੀਨੀਅਰ ਲੀਡਰਸ਼ਿਪ ਰਾਹੀਂ ਘਰ-ਘਰ ਜਾ ਕੇ ਸਰਕਾਰ ਦੀਆਂ ਨਿਰਪੱਖ ਨੀਤੀਆਂ ਸਾਂਝੀਆਂ ਕਰੋ।', 'ਦਿਨ 61-90: ਨੌਜਵਾਨ ਵਰਗ ਨੂੰ ਸਰਕਾਰੀ ਨੌਕਰੀਆਂ ਅਤੇ ਖੇਡ ਕਿੱਟਾਂ ਰਾਹੀਂ ਪਾਰਟੀ ਨਾਲ ਜੋੜ ਕੇ ਲੀਡ ਘਟਾਓ।']}"
183,179,Ram Diwali Hinduan (Part 2),ਰਾਮ ਦਿਵਾਲੀ ਹਿੰਦੂਆਂ (ਭਾਗ 2),ਰਾਮ ਦਿਵਾਲੀ ਹਿੰਦੂਆਂ (ਭਾਗ 2),Ram Diwali Hinduan (Part 2),ਰਾਮ ਦਿਵਾਲੀ ਹਿੰਦੂਆਂ (ਭਾਗ 2),AAP,SAD,8,108,AAP → SAD,AAP → SAD,AAP Loss,ਆਪ ਨੁਕਸਾਨ,INC Deficit,"{'AAP': 'LOST_24', 'SAD': 'GAINED', 'INC': 'WEAK', 'BJP': 'WEAK'}",True,"{'is_flip': True, 'status_label': 'AAP → SAD', 'turnout_diff': -77, 'turnout_pct': -9.52, 'sad_swing': 15.22, 'aap_swing': -0.53, 'inc_swing': -17.4, 'bjp_swing': 1.04}",809,732,-77,-9.52,256,343,87,31.64,46.86,15.22,264,235,-29,32.63,32.1,-0.53,206,59,-147,25.46,8.06,-17.4,6,13,7,0.74,1.78,1.04,18,2.46,"{'total': 809, 'sad': 256, 'aap': 264, 'inc': 206, 'bjp': 6, 'sad_votes': 256, 'sad_pct': 31.64, 'aap_votes': 264, 'aap_pct': 32.63, 'inc_votes': 206, 'inc_pct': 25.46, 'bjp_votes': 6, 'bjp_pct': 0.74, 'winner_party': 'AAP', 'margin': 8, 'winner_candidate': 'Sukhjinder Raj Singh (Lalli)'}","{'total': 732, 'sad': 343, 'aap': 235, 'inc': 59, 'bjp': 13, 'sada': 18, 'bsp': 2, 'others': 57, 'sad_votes': 343, 'sad_pct': 46.86, 'aap_votes': 235, 'aap_pct': 32.1, 'inc_votes': 59, 'inc_pct': 8.06, 'bjp_votes': 13, 'bjp_pct': 1.78, 'sada_votes': 18, 'sada_pct': 2.46, 'winner_party': 'SAD', 'margin': 108, 'winner_candidate': 'Anil Joshi'}","{'turnout_diff': -77, 'turnout_pct': -9.52, 'sad_shift': 87, 'sad_swing': 15.22, 'aap_shift': -29, 'aap_swing': -0.53, 'inc_shift': -147, 'inc_swing': -17.4, 'bjp_shift': 7, 'bjp_swing': 1.04}",Akali Bastion: Strategic Penetration & Demolition Zone,ਅਕਾਲੀ ਦਲ ਦਾ ਪ੍ਰਭਾਵਿਤ ਖੇਤਰ: ਵਿਸ਼ੇਸ਼ ਘੇਰਾਬੰਦੀ ਜ਼ੋਨ,SAD retained lead here by +108 votes (46.9% share). Target moderate Panthic and farming families in Ram Diwali Hinduan (Part 2) disillusioned with traditional leadership. Appoint dedicated block coordinators and highlight direct government procurement and village development works.,ਅਕਾਲੀ ਦਲ ਨੇ ਇੱਥੇ +108 ਵੋਟਾਂ (46.9%) ਨਾਲ ਲੀਡ ਬਣਾਈ ਹੈ। ਰਾਮ ਦਿਵਾਲੀ ਹਿੰਦੂਆਂ (ਭਾਗ 2) ਵਿੱਚ ਰਵਾਇਤੀ ਲੀਡਰਸ਼ਿਪ ਤੋਂ ਨਿਰਾਸ਼ ਕਿਸਾਨ ਅਤੇ ਪੰਥਕ ਪਰਿਵਾਰਾਂ ਨਾਲ ਸੰਵਾਦ ਕਰੋ। ਪਿੰਡਾਂ ਵਿੱਚ ਪੰਜਾਬ ਸਰਕਾਰ ਦੇ ਵਿਕਾਸ ਕਾਰਜਾਂ ਅਤੇ ਨਿਰਪੱਖ ਭਰਤੀਆਂ ਦੇ ਸੁਨੇਹੇ ਨਾਲ ਸੰਨ੍ਹ ਲਗਾਓ।,"{'booth_no': '179', 'village_en': 'Ram Diwali Hinduan (Part 2)', 'village_pa': 'ਰਾਮ ਦਿਵਾਲੀ ਹਿੰਦੂਆਂ (ਭਾਗ 2)', 'zone_en': 'Akali Bastion: Strategic Penetration & Demolition Zone', 'zone_pa': 'ਅਕਾਲੀ ਦਲ ਦਾ ਪ੍ਰਭਾਵਿਤ ਖੇਤਰ: ਵਿਸ਼ੇਸ਼ ਘੇਰਾਬੰਦੀ ਜ਼ੋਨ', 'action_en': 'SAD retained lead here by +108 votes (46.9% share). Target moderate Panthic and farming families in Ram Diwali Hinduan (Part 2) disillusioned with traditional leadership. Appoint dedicated block coordinators and highlight direct government procurement and village development works.', 'action_pa': 'ਅਕਾਲੀ ਦਲ ਨੇ ਇੱਥੇ +108 ਵੋਟਾਂ (46.9%) ਨਾਲ ਲੀਡ ਬਣਾਈ ਹੈ। ਰਾਮ ਦਿਵਾਲੀ ਹਿੰਦੂਆਂ (ਭਾਗ 2) ਵਿੱਚ ਰਵਾਇਤੀ ਲੀਡਰਸ਼ਿਪ ਤੋਂ ਨਿਰਾਸ਼ ਕਿਸਾਨ ਅਤੇ ਪੰਥਕ ਪਰਿਵਾਰਾਂ ਨਾਲ ਸੰਵਾਦ ਕਰੋ। ਪਿੰਡਾਂ ਵਿੱਚ ਪੰਜਾਬ ਸਰਕਾਰ ਦੇ ਵਿਕਾਸ ਕਾਰਜਾਂ ਅਤੇ ਨਿਰਪੱਖ ਭਰਤੀਆਂ ਦੇ ਸੁਨੇਹੇ ਨਾਲ ਸੰਨ੍ਹ ਲਗਾਓ।', 'action_steps_en': ['Days 1-30: Map the top 30 influential non-committed Panthic families in Ram Diwali Hinduan (Part 2).', 'Days 31-60: Deploy senior constituency leaders for direct home visits to address local disgruntlement.', ""Days 61-90: Neutralize SAD's +108 vote cushion by winning over agricultural youth.""], 'action_steps_pa': ['ਦਿਨ 1-30: ਰਾਮ ਦਿਵਾਲੀ ਹਿੰਦੂਆਂ (ਭਾਗ 2) ਦੇ 30 ਨਿਰਪੱਖ ਅਤੇ ਪ੍ਰਭਾਵਸ਼ਾਲੀ ਪਰਿਵਾਰਾਂ ਦੀ ਸ਼ਨਾਖਤ ਕਰੋ।', 'ਦਿਨ 31-60: ਸੀਨੀਅਰ ਲੀਡਰਸ਼ਿਪ ਰਾਹੀਂ ਘਰ-ਘਰ ਜਾ ਕੇ ਸਰਕਾਰ ਦੀਆਂ ਨਿਰਪੱਖ ਨੀਤੀਆਂ ਸਾਂਝੀਆਂ ਕਰੋ।', 'ਦਿਨ 61-90: ਨੌਜਵਾਨ ਵਰਗ ਨੂੰ ਸਰਕਾਰੀ ਨੌਕਰੀਆਂ ਅਤੇ ਖੇਡ ਕਿੱਟਾਂ ਰਾਹੀਂ ਪਾਰਟੀ ਨਾਲ ਜੋੜ ਕੇ ਲੀਡ ਘਟਾਓ।'], 'action_steps': ['ਦਿਨ 1-30: ਰਾਮ ਦਿਵਾਲੀ ਹਿੰਦੂਆਂ (ਭਾਗ 2) ਦੇ 30 ਨਿਰਪੱਖ ਅਤੇ ਪ੍ਰਭਾਵਸ਼ਾਲੀ ਪਰਿਵਾਰਾਂ ਦੀ ਸ਼ਨਾਖਤ ਕਰੋ।', 'ਦਿਨ 31-60: ਸੀਨੀਅਰ ਲੀਡਰਸ਼ਿਪ ਰਾਹੀਂ ਘਰ-ਘਰ ਜਾ ਕੇ ਸਰਕਾਰ ਦੀਆਂ ਨਿਰਪੱਖ ਨੀਤੀਆਂ ਸਾਂਝੀਆਂ ਕਰੋ।', 'ਦਿਨ 61-90: ਨੌਜਵਾਨ ਵਰਗ ਨੂੰ ਸਰਕਾਰੀ ਨੌਕਰੀਆਂ ਅਤੇ ਖੇਡ ਕਿੱਟਾਂ ਰਾਹੀਂ ਪਾਰਟੀ ਨਾਲ ਜੋੜ ਕੇ ਲੀਡ ਘਟਾਓ।']}"
184,180,Ram Diwali Musalmana (Part 2),ਰਾਮ ਦਿਵਾਲੀ ਮੁਸਲਮਾਨਾਂ (ਭਾਗ 2),ਰਾਮ ਦਿਵਾਲੀ ਮੁਸਲਮਾਨਾਂ (ਭਾਗ 2),Ram Diwali Musalmana (Part 2),ਰਾਮ ਦਿਵਾਲੀ ਮੁਸਲਮਾਨਾਂ (ਭਾਗ 2),SAD,SAD,63,128,SAD Retained,SAD Retained,AAP Deficit,ਆਪ ਘਾਟ,INC Deficit,"{'AAP': 'WEAK', 'SAD': 'WON_BOTH', 'INC': 'LOST_BOTH', 'BJP': 'WEAK'}",False,"{'is_flip': False, 'status_label': 'SAD Retained', 'turnout_diff': 12, 'turnout_pct': 4.05, 'sad_swing': 5.54, 'aap_swing': -25.78, 'inc_swing': 17.36, 'bjp_swing': 0.97}",296,308,12,4.05,171,195,24,57.77,63.31,5.54,108,33,-75,36.49,10.71,-25.78,13,67,54,4.39,21.75,17.36,0,3,3,0.0,0.97,0.97,2,0.65,"{'total': 296, 'sad': 171, 'aap': 108, 'inc': 13, 'bjp': 0, 'sad_votes': 171, 'sad_pct': 57.77, 'aap_votes': 108, 'aap_pct': 36.49, 'inc_votes': 13, 'inc_pct': 4.39, 'bjp_votes': 0, 'bjp_pct': 0.0, 'winner_party': 'SAD', 'margin': 63, 'winner_candidate': 'Ganieve Kaur Majithia'}","{'total': 308, 'sad': 195, 'aap': 33, 'inc': 67, 'bjp': 3, 'sada': 2, 'bsp': 0, 'others': 6, 'sad_votes': 195, 'sad_pct': 63.31, 'aap_votes': 33, 'aap_pct': 10.71, 'inc_votes': 67, 'inc_pct': 21.75, 'bjp_votes': 3, 'bjp_pct': 0.97, 'sada_votes': 2, 'sada_pct': 0.65, 'winner_party': 'SAD', 'margin': 128, 'winner_candidate': 'Anil Joshi'}","{'turnout_diff': 12, 'turnout_pct': 4.05, 'sad_shift': 24, 'sad_swing': 5.54, 'aap_shift': -75, 'aap_swing': -25.78, 'inc_shift': 54, 'inc_swing': 17.36, 'bjp_shift': 3, 'bjp_swing': 0.97}",Akali Bastion: Strategic Penetration & Demolition Zone,ਅਕਾਲੀ ਦਲ ਦਾ ਪ੍ਰਭਾਵਿਤ ਖੇਤਰ: ਵਿਸ਼ੇਸ਼ ਘੇਰਾਬੰਦੀ ਜ਼ੋਨ,SAD retained lead here by +128 votes (63.3% share). Target moderate Panthic and farming families in Ram Diwali Musalmana (Part 2) disillusioned with traditional leadership. Appoint dedicated block coordinators and highlight direct government procurement and village development works.,ਅਕਾਲੀ ਦਲ ਨੇ ਇੱਥੇ +128 ਵੋਟਾਂ (63.3%) ਨਾਲ ਲੀਡ ਬਣਾਈ ਹੈ। ਰਾਮ ਦਿਵਾਲੀ ਮੁਸਲਮਾਨਾਂ (ਭਾਗ 2) ਵਿੱਚ ਰਵਾਇਤੀ ਲੀਡਰਸ਼ਿਪ ਤੋਂ ਨਿਰਾਸ਼ ਕਿਸਾਨ ਅਤੇ ਪੰਥਕ ਪਰਿਵਾਰਾਂ ਨਾਲ ਸੰਵਾਦ ਕਰੋ। ਪਿੰਡਾਂ ਵਿੱਚ ਪੰਜਾਬ ਸਰਕਾਰ ਦੇ ਵਿਕਾਸ ਕਾਰਜਾਂ ਅਤੇ ਨਿਰਪੱਖ ਭਰਤੀਆਂ ਦੇ ਸੁਨੇਹੇ ਨਾਲ ਸੰਨ੍ਹ ਲਗਾਓ।,"{'booth_no': '180', 'village_en': 'Ram Diwali Musalmana (Part 2)', 'village_pa': 'ਰਾਮ ਦਿਵਾਲੀ ਮੁਸਲਮਾਨਾਂ (ਭਾਗ 2)', 'zone_en': 'Akali Bastion: Strategic Penetration & Demolition Zone', 'zone_pa': 'ਅਕਾਲੀ ਦਲ ਦਾ ਪ੍ਰਭਾਵਿਤ ਖੇਤਰ: ਵਿਸ਼ੇਸ਼ ਘੇਰਾਬੰਦੀ ਜ਼ੋਨ', 'action_en': 'SAD retained lead here by +128 votes (63.3% share). Target moderate Panthic and farming families in Ram Diwali Musalmana (Part 2) disillusioned with traditional leadership. Appoint dedicated block coordinators and highlight direct government procurement and village development works.', 'action_pa': 'ਅਕਾਲੀ ਦਲ ਨੇ ਇੱਥੇ +128 ਵੋਟਾਂ (63.3%) ਨਾਲ ਲੀਡ ਬਣਾਈ ਹੈ। ਰਾਮ ਦਿਵਾਲੀ ਮੁਸਲਮਾਨਾਂ (ਭਾਗ 2) ਵਿੱਚ ਰਵਾਇਤੀ ਲੀਡਰਸ਼ਿਪ ਤੋਂ ਨਿਰਾਸ਼ ਕਿਸਾਨ ਅਤੇ ਪੰਥਕ ਪਰਿਵਾਰਾਂ ਨਾਲ ਸੰਵਾਦ ਕਰੋ। ਪਿੰਡਾਂ ਵਿੱਚ ਪੰਜਾਬ ਸਰਕਾਰ ਦੇ ਵਿਕਾਸ ਕਾਰਜਾਂ ਅਤੇ ਨਿਰਪੱਖ ਭਰਤੀਆਂ ਦੇ ਸੁਨੇਹੇ ਨਾਲ ਸੰਨ੍ਹ ਲਗਾਓ।', 'action_steps_en': ['Days 1-30: Map the top 30 influential non-committed Panthic families in Ram Diwali Musalmana (Part 2).', 'Days 31-60: Deploy senior constituency leaders for direct home visits to address local disgruntlement.', ""Days 61-90: Neutralize SAD's +128 vote cushion by winning over agricultural youth.""], 'action_steps_pa': ['ਦਿਨ 1-30: ਰਾਮ ਦਿਵਾਲੀ ਮੁਸਲਮਾਨਾਂ (ਭਾਗ 2) ਦੇ 30 ਨਿਰਪੱਖ ਅਤੇ ਪ੍ਰਭਾਵਸ਼ਾਲੀ ਪਰਿਵਾਰਾਂ ਦੀ ਸ਼ਨਾਖਤ ਕਰੋ।', 'ਦਿਨ 31-60: ਸੀਨੀਅਰ ਲੀਡਰਸ਼ਿਪ ਰਾਹੀਂ ਘਰ-ਘਰ ਜਾ ਕੇ ਸਰਕਾਰ ਦੀਆਂ ਨਿਰਪੱਖ ਨੀਤੀਆਂ ਸਾਂਝੀਆਂ ਕਰੋ।', 'ਦਿਨ 61-90: ਨੌਜਵਾਨ ਵਰਗ ਨੂੰ ਸਰਕਾਰੀ ਨੌਕਰੀਆਂ ਅਤੇ ਖੇਡ ਕਿੱਟਾਂ ਰਾਹੀਂ ਪਾਰਟੀ ਨਾਲ ਜੋੜ ਕੇ ਲੀਡ ਘਟਾਓ।'], 'action_steps': ['ਦਿਨ 1-30: ਰਾਮ ਦਿਵਾਲੀ ਮੁਸਲਮਾਨਾਂ (ਭਾਗ 2) ਦੇ 30 ਨਿਰਪੱਖ ਅਤੇ ਪ੍ਰਭਾਵਸ਼ਾਲੀ ਪਰਿਵਾਰਾਂ ਦੀ ਸ਼ਨਾਖਤ ਕਰੋ।', 'ਦਿਨ 31-60: ਸੀਨੀਅਰ ਲੀਡਰਸ਼ਿਪ ਰਾਹੀਂ ਘਰ-ਘਰ ਜਾ ਕੇ ਸਰਕਾਰ ਦੀਆਂ ਨਿਰਪੱਖ ਨੀਤੀਆਂ ਸਾਂਝੀਆਂ ਕਰੋ।', 'ਦਿਨ 61-90: ਨੌਜਵਾਨ ਵਰਗ ਨੂੰ ਸਰਕਾਰੀ ਨੌਕਰੀਆਂ ਅਤੇ ਖੇਡ ਕਿੱਟਾਂ ਰਾਹੀਂ ਪਾਰਟੀ ਨਾਲ ਜੋੜ ਕੇ ਲੀਡ ਘਟਾਓ।']}"
185,181,Sahjada (Part 2),ਸਹਿਜਾਦਾ (ਭਾਗ 2),ਸਹਿਜਾਦਾ (ਭਾਗ 2),Sahjada (Part 2),ਸਹਿਜਾਦਾ (ਭਾਗ 2),SAD,SAD,194,108,SAD Retained,SAD Retained,AAP Deficit,ਆਪ ਘਾਟ,INC Deficit,"{'AAP': 'WEAK', 'SAD': 'WON_BOTH', 'INC': 'LOST_BOTH', 'BJP': 'WEAK'}",False,"{'is_flip': False, 'status_label': 'SAD Retained', 'turnout_diff': -172, 'turnout_pct': -20.57, 'sad_swing': -6.54, 'aap_swing': -10.45, 'inc_swing': 6.63, 'bjp_swing': 5.91}",836,664,-172,-20.57,416,287,-129,49.76,43.22,-6.54,222,107,-115,26.56,16.11,-10.45,170,179,9,20.33,26.96,6.63,6,44,38,0.72,6.63,5.91,12,1.81,"{'total': 836, 'sad': 416, 'aap': 222, 'inc': 170, 'bjp': 6, 'sad_votes': 416, 'sad_pct': 49.76, 'aap_votes': 222, 'aap_pct': 26.56, 'inc_votes': 170, 'inc_pct': 20.33, 'bjp_votes': 6, 'bjp_pct': 0.72, 'winner_party': 'SAD', 'margin': 194, 'winner_candidate': 'Ganieve Kaur Majithia'}","{'total': 664, 'sad': 287, 'aap': 107, 'inc': 179, 'bjp': 44, 'sada': 12, 'bsp': 1, 'others': 34, 'sad_votes': 287, 'sad_pct': 43.22, 'aap_votes': 107, 'aap_pct': 16.11, 'inc_votes': 179, 'inc_pct': 26.96, 'bjp_votes': 44, 'bjp_pct': 6.63, 'sada_votes': 12, 'sada_pct': 1.81, 'winner_party': 'SAD', 'margin': 108, 'winner_candidate': 'Anil Joshi'}","{'turnout_diff': -172, 'turnout_pct': -20.57, 'sad_shift': -129, 'sad_swing': -6.54, 'aap_shift': -115, 'aap_swing': -10.45, 'inc_shift': 9, 'inc_swing': 6.63, 'bjp_shift': 38, 'bjp_swing': 5.91}",Akali Bastion: Strategic Penetration & Demolition Zone,ਅਕਾਲੀ ਦਲ ਦਾ ਪ੍ਰਭਾਵਿਤ ਖੇਤਰ: ਵਿਸ਼ੇਸ਼ ਘੇਰਾਬੰਦੀ ਜ਼ੋਨ,SAD retained lead here by +108 votes (43.2% share). Target moderate Panthic and farming families in Sahjada (Part 2) disillusioned with traditional leadership. Appoint dedicated block coordinators and highlight direct government procurement and village development works.,ਅਕਾਲੀ ਦਲ ਨੇ ਇੱਥੇ +108 ਵੋਟਾਂ (43.2%) ਨਾਲ ਲੀਡ ਬਣਾਈ ਹੈ। ਸਹਿਜਾਦਾ (ਭਾਗ 2) ਵਿੱਚ ਰਵਾਇਤੀ ਲੀਡਰਸ਼ਿਪ ਤੋਂ ਨਿਰਾਸ਼ ਕਿਸਾਨ ਅਤੇ ਪੰਥਕ ਪਰਿਵਾਰਾਂ ਨਾਲ ਸੰਵਾਦ ਕਰੋ। ਪਿੰਡਾਂ ਵਿੱਚ ਪੰਜਾਬ ਸਰਕਾਰ ਦੇ ਵਿਕਾਸ ਕਾਰਜਾਂ ਅਤੇ ਨਿਰਪੱਖ ਭਰਤੀਆਂ ਦੇ ਸੁਨੇਹੇ ਨਾਲ ਸੰਨ੍ਹ ਲਗਾਓ।,"{'booth_no': '181', 'village_en': 'Sahjada (Part 2)', 'village_pa': 'ਸਹਿਜਾਦਾ (ਭਾਗ 2)', 'zone_en': 'Akali Bastion: Strategic Penetration & Demolition Zone', 'zone_pa': 'ਅਕਾਲੀ ਦਲ ਦਾ ਪ੍ਰਭਾਵਿਤ ਖੇਤਰ: ਵਿਸ਼ੇਸ਼ ਘੇਰਾਬੰਦੀ ਜ਼ੋਨ', 'action_en': 'SAD retained lead here by +108 votes (43.2% share). Target moderate Panthic and farming families in Sahjada (Part 2) disillusioned with traditional leadership. Appoint dedicated block coordinators and highlight direct government procurement and village development works.', 'action_pa': 'ਅਕਾਲੀ ਦਲ ਨੇ ਇੱਥੇ +108 ਵੋਟਾਂ (43.2%) ਨਾਲ ਲੀਡ ਬਣਾਈ ਹੈ। ਸਹਿਜਾਦਾ (ਭਾਗ 2) ਵਿੱਚ ਰਵਾਇਤੀ ਲੀਡਰਸ਼ਿਪ ਤੋਂ ਨਿਰਾਸ਼ ਕਿਸਾਨ ਅਤੇ ਪੰਥਕ ਪਰਿਵਾਰਾਂ ਨਾਲ ਸੰਵਾਦ ਕਰੋ। ਪਿੰਡਾਂ ਵਿੱਚ ਪੰਜਾਬ ਸਰਕਾਰ ਦੇ ਵਿਕਾਸ ਕਾਰਜਾਂ ਅਤੇ ਨਿਰਪੱਖ ਭਰਤੀਆਂ ਦੇ ਸੁਨੇਹੇ ਨਾਲ ਸੰਨ੍ਹ ਲਗਾਓ।', 'action_steps_en': ['Days 1-30: Map the top 30 influential non-committed Panthic families in Sahjada (Part 2).', 'Days 31-60: Deploy senior constituency leaders for direct home visits to address local disgruntlement.', ""Days 61-90: Neutralize SAD's +108 vote cushion by winning over agricultural youth.""], 'action_steps_pa': ['ਦਿਨ 1-30: ਸਹਿਜਾਦਾ (ਭਾਗ 2) ਦੇ 30 ਨਿਰਪੱਖ ਅਤੇ ਪ੍ਰਭਾਵਸ਼ਾਲੀ ਪਰਿਵਾਰਾਂ ਦੀ ਸ਼ਨਾਖਤ ਕਰੋ।', 'ਦਿਨ 31-60: ਸੀਨੀਅਰ ਲੀਡਰਸ਼ਿਪ ਰਾਹੀਂ ਘਰ-ਘਰ ਜਾ ਕੇ ਸਰਕਾਰ ਦੀਆਂ ਨਿਰਪੱਖ ਨੀਤੀਆਂ ਸਾਂਝੀਆਂ ਕਰੋ।', 'ਦਿਨ 61-90: ਨੌਜਵਾਨ ਵਰਗ ਨੂੰ ਸਰਕਾਰੀ ਨੌਕਰੀਆਂ ਅਤੇ ਖੇਡ ਕਿੱਟਾਂ ਰਾਹੀਂ ਪਾਰਟੀ ਨਾਲ ਜੋੜ ਕੇ ਲੀਡ ਘਟਾਓ।'], 'action_steps': ['ਦਿਨ 1-30: ਸਹਿਜਾਦਾ (ਭਾਗ 2) ਦੇ 30 ਨਿਰਪੱਖ ਅਤੇ ਪ੍ਰਭਾਵਸ਼ਾਲੀ ਪਰਿਵਾਰਾਂ ਦੀ ਸ਼ਨਾਖਤ ਕਰੋ।', 'ਦਿਨ 31-60: ਸੀਨੀਅਰ ਲੀਡਰਸ਼ਿਪ ਰਾਹੀਂ ਘਰ-ਘਰ ਜਾ ਕੇ ਸਰਕਾਰ ਦੀਆਂ ਨਿਰਪੱਖ ਨੀਤੀਆਂ ਸਾਂਝੀਆਂ ਕਰੋ।', 'ਦਿਨ 61-90: ਨੌਜਵਾਨ ਵਰਗ ਨੂੰ ਸਰਕਾਰੀ ਨੌਕਰੀਆਂ ਅਤੇ ਖੇਡ ਕਿੱਟਾਂ ਰਾਹੀਂ ਪਾਰਟੀ ਨਾਲ ਜੋੜ ਕੇ ਲੀਡ ਘਟਾਓ।']}"
186,182,Sahoora (Part 2),ਸਹੂਰਾ (ਭਾਗ 2),ਸਹੂਰਾ (ਭਾਗ 2),Sahoora (Part 2),ਸਹੂਰਾ (ਭਾਗ 2),SAD,SAD,139,164,SAD Retained,SAD Retained,AAP Deficit,ਆਪ ਘਾਟ,INC Deficit,"{'AAP': 'WEAK', 'SAD': 'WON_BOTH', 'INC': 'LOST_BOTH', 'BJP': 'WEAK'}",False,"{'is_flip': False, 'status_label': 'SAD Retained', 'turnout_diff': -5, 'turnout_pct': -0.78, 'sad_swing': -3.27, 'aap_swing': -7.42, 'inc_swing': -9.46, 'bjp_swing': 4.12}",637,632,-5,-0.78,299,276,-23,46.94,43.67,-3.27,147,99,-48,23.08,15.66,-7.42,160,99,-61,25.12,15.66,-9.46,6,32,26,0.94,5.06,4.12,112,17.72,"{'total': 637, 'sad': 299, 'aap': 147, 'inc': 160, 'bjp': 6, 'sad_votes': 299, 'sad_pct': 46.94, 'aap_votes': 147, 'aap_pct': 23.08, 'inc_votes': 160, 'inc_pct': 25.12, 'bjp_votes': 6, 'bjp_pct': 0.94, 'winner_party': 'SAD', 'margin': 139, 'winner_candidate': 'Ganieve Kaur Majithia'}","{'total': 632, 'sad': 276, 'aap': 99, 'inc': 99, 'bjp': 32, 'sada': 112, 'bsp': 2, 'others': 10, 'sad_votes': 276, 'sad_pct': 43.67, 'aap_votes': 99, 'aap_pct': 15.66, 'inc_votes': 99, 'inc_pct': 15.66, 'bjp_votes': 32, 'bjp_pct': 5.06, 'sada_votes': 112, 'sada_pct': 17.72, 'winner_party': 'SAD', 'margin': 164, 'winner_candidate': 'Anil Joshi'}","{'turnout_diff': -5, 'turnout_pct': -0.78, 'sad_shift': -23, 'sad_swing': -3.27, 'aap_shift': -48, 'aap_swing': -7.42, 'inc_shift': -61, 'inc_swing': -9.46, 'bjp_shift': 26, 'bjp_swing': 4.12}",Akali Bastion: Strategic Penetration & Demolition Zone,ਅਕਾਲੀ ਦਲ ਦਾ ਪ੍ਰਭਾਵਿਤ ਖੇਤਰ: ਵਿਸ਼ੇਸ਼ ਘੇਰਾਬੰਦੀ ਜ਼ੋਨ,SAD retained lead here by +164 votes (43.7% share). Target moderate Panthic and farming families in Sahoora (Part 2) disillusioned with traditional leadership. Appoint dedicated block coordinators and highlight direct government procurement and village development works.,ਅਕਾਲੀ ਦਲ ਨੇ ਇੱਥੇ +164 ਵੋਟਾਂ (43.7%) ਨਾਲ ਲੀਡ ਬਣਾਈ ਹੈ। ਸਹੂਰਾ (ਭਾਗ 2) ਵਿੱਚ ਰਵਾਇਤੀ ਲੀਡਰਸ਼ਿਪ ਤੋਂ ਨਿਰਾਸ਼ ਕਿਸਾਨ ਅਤੇ ਪੰਥਕ ਪਰਿਵਾਰਾਂ ਨਾਲ ਸੰਵਾਦ ਕਰੋ। ਪਿੰਡਾਂ ਵਿੱਚ ਪੰਜਾਬ ਸਰਕਾਰ ਦੇ ਵਿਕਾਸ ਕਾਰਜਾਂ ਅਤੇ ਨਿਰਪੱਖ ਭਰਤੀਆਂ ਦੇ ਸੁਨੇਹੇ ਨਾਲ ਸੰਨ੍ਹ ਲਗਾਓ।,"{'booth_no': '182', 'village_en': 'Sahoora (Part 2)', 'village_pa': 'ਸਹੂਰਾ (ਭਾਗ 2)', 'zone_en': 'Akali Bastion: Strategic Penetration & Demolition Zone', 'zone_pa': 'ਅਕਾਲੀ ਦਲ ਦਾ ਪ੍ਰਭਾਵਿਤ ਖੇਤਰ: ਵਿਸ਼ੇਸ਼ ਘੇਰਾਬੰਦੀ ਜ਼ੋਨ', 'action_en': 'SAD retained lead here by +164 votes (43.7% share). Target moderate Panthic and farming families in Sahoora (Part 2) disillusioned with traditional leadership. Appoint dedicated block coordinators and highlight direct government procurement and village development works.', 'action_pa': 'ਅਕਾਲੀ ਦਲ ਨੇ ਇੱਥੇ +164 ਵੋਟਾਂ (43.7%) ਨਾਲ ਲੀਡ ਬਣਾਈ ਹੈ। ਸਹੂਰਾ (ਭਾਗ 2) ਵਿੱਚ ਰਵਾਇਤੀ ਲੀਡਰਸ਼ਿਪ ਤੋਂ ਨਿਰਾਸ਼ ਕਿਸਾਨ ਅਤੇ ਪੰਥਕ ਪਰਿਵਾਰਾਂ ਨਾਲ ਸੰਵਾਦ ਕਰੋ। ਪਿੰਡਾਂ ਵਿੱਚ ਪੰਜਾਬ ਸਰਕਾਰ ਦੇ ਵਿਕਾਸ ਕਾਰਜਾਂ ਅਤੇ ਨਿਰਪੱਖ ਭਰਤੀਆਂ ਦੇ ਸੁਨੇਹੇ ਨਾਲ ਸੰਨ੍ਹ ਲਗਾਓ।', 'action_steps_en': ['Days 1-30: Map the top 30 influential non-committed Panthic families in Sahoora (Part 2).', 'Days 31-60: Deploy senior constituency leaders for direct home visits to address local disgruntlement.', ""Days 61-90: Neutralize SAD's +164 vote cushion by winning over agricultural youth.""], 'action_steps_pa': ['ਦਿਨ 1-30: ਸਹੂਰਾ (ਭਾਗ 2) ਦੇ 30 ਨਿਰਪੱਖ ਅਤੇ ਪ੍ਰਭਾਵਸ਼ਾਲੀ ਪਰਿਵਾਰਾਂ ਦੀ ਸ਼ਨਾਖਤ ਕਰੋ।', 'ਦਿਨ 31-60: ਸੀਨੀਅਰ ਲੀਡਰਸ਼ਿਪ ਰਾਹੀਂ ਘਰ-ਘਰ ਜਾ ਕੇ ਸਰਕਾਰ ਦੀਆਂ ਨਿਰਪੱਖ ਨੀਤੀਆਂ ਸਾਂਝੀਆਂ ਕਰੋ।', 'ਦਿਨ 61-90: ਨੌਜਵਾਨ ਵਰਗ ਨੂੰ ਸਰਕਾਰੀ ਨੌਕਰੀਆਂ ਅਤੇ ਖੇਡ ਕਿੱਟਾਂ ਰਾਹੀਂ ਪਾਰਟੀ ਨਾਲ ਜੋੜ ਕੇ ਲੀਡ ਘਟਾਓ।'], 'action_steps': ['ਦਿਨ 1-30: ਸਹੂਰਾ (ਭਾਗ 2) ਦੇ 30 ਨਿਰਪੱਖ ਅਤੇ ਪ੍ਰਭਾਵਸ਼ਾਲੀ ਪਰਿਵਾਰਾਂ ਦੀ ਸ਼ਨਾਖਤ ਕਰੋ।', 'ਦਿਨ 31-60: ਸੀਨੀਅਰ ਲੀਡਰਸ਼ਿਪ ਰਾਹੀਂ ਘਰ-ਘਰ ਜਾ ਕੇ ਸਰਕਾਰ ਦੀਆਂ ਨਿਰਪੱਖ ਨੀਤੀਆਂ ਸਾਂਝੀਆਂ ਕਰੋ।', 'ਦਿਨ 61-90: ਨੌਜਵਾਨ ਵਰਗ ਨੂੰ ਸਰਕਾਰੀ ਨੌਕਰੀਆਂ ਅਤੇ ਖੇਡ ਕਿੱਟਾਂ ਰਾਹੀਂ ਪਾਰਟੀ ਨਾਲ ਜੋੜ ਕੇ ਲੀਡ ਘਟਾਓ।']}"
187,183,Sanghatpura (Part 2),ਸੰਘਤਪੁਰਾ (ਭਾਗ 2),ਸੰਘਤਪੁਰਾ (ਭਾਗ 2),Sanghatpura (Part 2),ਸੰਘਤਪੁਰਾ (ਭਾਗ 2),SAD,AAP,216,87,SAD → AAP,SAD → AAP,AAP Gain,ਆਪ ਲਾਭ,INC Deficit,"{'AAP': 'GAINED', 'SAD': 'LOST_24', 'INC': 'WEAK', 'BJP': 'WEAK'}",True,"{'is_flip': True, 'status_label': 'SAD → AAP', 'turnout_diff': -496, 'turnout_pct': -62.86, 'sad_swing': -26.98, 'aap_swing': 30.09, 'inc_swing': -9.36, 'bjp_swing': 0.95}",789,293,-496,-62.86,431,81,-350,54.63,27.65,-26.98,215,168,-47,27.25,57.34,30.09,90,6,-84,11.41,2.05,-9.36,6,5,-1,0.76,1.71,0.95,18,6.14,"{'total': 789, 'sad': 431, 'aap': 215, 'inc': 90, 'bjp': 6, 'sad_votes': 431, 'sad_pct': 54.63, 'aap_votes': 215, 'aap_pct': 27.25, 'inc_votes': 90, 'inc_pct': 11.41, 'bjp_votes': 6, 'bjp_pct': 0.76, 'winner_party': 'SAD', 'margin': 216, 'winner_candidate': 'Ganieve Kaur Majithia'}","{'total': 293, 'sad': 81, 'aap': 168, 'inc': 6, 'bjp': 5, 'sada': 18, 'bsp': 0, 'others': 13, 'sad_votes': 81, 'sad_pct': 27.65, 'aap_votes': 168, 'aap_pct': 57.34, 'inc_votes': 6, 'inc_pct': 2.05, 'bjp_votes': 5, 'bjp_pct': 1.71, 'sada_votes': 18, 'sada_pct': 6.14, 'winner_party': 'AAP', 'margin': 87, 'winner_candidate': 'Kuldeep Singh Dhaliwal'}","{'turnout_diff': -496, 'turnout_pct': -62.86, 'sad_shift': -350, 'sad_swing': -26.98, 'aap_shift': -47, 'aap_swing': 30.09, 'inc_shift': -84, 'inc_swing': -9.36, 'bjp_shift': -1, 'bjp_swing': 0.95}",Historic Breakthrough: AAP Flipped Stronghold,ਇਤਿਹਾਸਕ ਪ੍ਰਾਪਤੀ: ਅਕਾਲੀ ਗੜ੍ਹ ਵਿੱਚ ਆਪ ਦੀ ਜਿੱਤ ਜ਼ੋਨ,"Major breakthrough in Sanghatpura (Part 2) previously held by SAD. Formally induct local village swing leaders and youth volunteers who backed AAP in 2024. Resolve local village infrastructure, canal tail issues, and cement +87 lead.","ਸੰਘਤਪੁਰਾ (ਭਾਗ 2) ਵਿੱਚ ਵੱਡੀ ਇਤਿਹਾਸਕ ਸਫ਼ਲਤਾ, ਜਿੱਥੇ SAD ਦਾ ਪੁਰਾਣਾ ਦਬਦਬਾ ਟੁੱਟਿਆ। 2024 ਵਿੱਚ ਆਪ ਨਾਲ ਜੁੜੇ ਨੌਜਵਾਨਾਂ ਅਤੇ ਪੰਚਾਇਤੀ ਆਗੂਆਂ ਨੂੰ ਜਥੇਬੰਦਕ ਜ਼ਿੰਮੇਵਾਰੀਆਂ ਦਿਓ ਅਤੇ +87 ਵੋਟਾਂ ਦੀ ਲੀਡ ਨੂੰ ਸਥਾਈ ਵੋਟ ਬੈਂਕ ਵਿੱਚ ਬਦਲੋ।","{'booth_no': '183', 'village_en': 'Sanghatpura (Part 2)', 'village_pa': 'ਸੰਘਤਪੁਰਾ (ਭਾਗ 2)', 'zone_en': 'Historic Breakthrough: AAP Flipped Stronghold', 'zone_pa': 'ਇਤਿਹਾਸਕ ਪ੍ਰਾਪਤੀ: ਅਕਾਲੀ ਗੜ੍ਹ ਵਿੱਚ ਆਪ ਦੀ ਜਿੱਤ ਜ਼ੋਨ', 'action_en': 'Major breakthrough in Sanghatpura (Part 2) previously held by SAD. Formally induct local village swing leaders and youth volunteers who backed AAP in 2024. Resolve local village infrastructure, canal tail issues, and cement +87 lead.', 'action_pa': 'ਸੰਘਤਪੁਰਾ (ਭਾਗ 2) ਵਿੱਚ ਵੱਡੀ ਇਤਿਹਾਸਕ ਸਫ਼ਲਤਾ, ਜਿੱਥੇ SAD ਦਾ ਪੁਰਾਣਾ ਦਬਦਬਾ ਟੁੱਟਿਆ। 2024 ਵਿੱਚ ਆਪ ਨਾਲ ਜੁੜੇ ਨੌਜਵਾਨਾਂ ਅਤੇ ਪੰਚਾਇਤੀ ਆਗੂਆਂ ਨੂੰ ਜਥੇਬੰਦਕ ਜ਼ਿੰਮੇਵਾਰੀਆਂ ਦਿਓ ਅਤੇ +87 ਵੋਟਾਂ ਦੀ ਲੀਡ ਨੂੰ ਸਥਾਈ ਵੋਟ ਬੈਂਕ ਵਿੱਚ ਬਦਲੋ।', 'action_steps_en': ['Days 1-30: Onboard dynamic swing workers who crossed over from SAD into the formal AAP booth structure.', 'Days 31-60: Prioritize village link road and street light repairs in Sanghatpura (Part 2) through rural development grants.', 'Days 61-90: Convert current +87 vote lead into permanent party loyalty before 2027.'], 'action_steps_pa': ['ਦਿਨ 1-30: SAD ਛੱਡ ਕੇ ਆਪ ਵਿੱਚ ਸ਼ਾਮਲ ਹੋਏ ਆਗੂਆਂ ਨੂੰ ਬੂਥ ਕਮੇਟੀ ਵਿੱਚ ਅਹਿਮ ਜ਼ਿੰਮੇਵਾਰੀਆਂ ਦਿਓ।', ""ਦਿਨ 31-60: ਸੰਘਤਪੁਰਾ (ਭਾਗ 2) ਵਿੱਚ ਪਿੰਡ ਦੀਆਂ ਫਿਰਨੀਆਂ, ਗਲੀਆਂ ਅਤੇ ਲਿੰਕ ਸੜਕਾਂ ਦੇ ਕੰਮ ਤਰਜੀਹ 'ਤੇ ਕਰਵਾਓ।"", 'ਦਿਨ 61-90: +87 ਵੋਟਾਂ ਦੀ ਲੀਡ ਨੂੰ ਪੱਕੇ ਵੋਟ ਬੈਂਕ ਵਿੱਚ ਤਬਦੀਲ ਕਰੋ।'], 'action_steps': ['ਦਿਨ 1-30: SAD ਛੱਡ ਕੇ ਆਪ ਵਿੱਚ ਸ਼ਾਮਲ ਹੋਏ ਆਗੂਆਂ ਨੂੰ ਬੂਥ ਕਮੇਟੀ ਵਿੱਚ ਅਹਿਮ ਜ਼ਿੰਮੇਵਾਰੀਆਂ ਦਿਓ।', ""ਦਿਨ 31-60: ਸੰਘਤਪੁਰਾ (ਭਾਗ 2) ਵਿੱਚ ਪਿੰਡ ਦੀਆਂ ਫਿਰਨੀਆਂ, ਗਲੀਆਂ ਅਤੇ ਲਿੰਕ ਸੜਕਾਂ ਦੇ ਕੰਮ ਤਰਜੀਹ 'ਤੇ ਕਰਵਾਓ।"", 'ਦਿਨ 61-90: +87 ਵੋਟਾਂ ਦੀ ਲੀਡ ਨੂੰ ਪੱਕੇ ਵੋਟ ਬੈਂਕ ਵਿੱਚ ਤਬਦੀਲ ਕਰੋ।']}"
